연월일시,pm10,pm2.5,오존,이산화질소,일산화탄소,아황산가스
2022-02-28:24,33,18,0.023,0.035,0.4,0.004
2022-02-28:23,44,27,0.009,0.055,0.8,0.004
2022-02-28:22,53,30,0.003,0.071,1.4,0.004
2022-02-28:21,58,33,0.003,0.069,1.1,0.005
2022-02-28:20,45,23,0.006,0.063,0.9,0.004
2022-02-28:19,45,24,0.013,0.052,0.6,0.004
2022-02-28:18,46,23,0.021,0.045,0.7,0.004
2022-02-28:17,46,21,0.031,0.035,0.6,0.005
2022-02-28:16,44,20,0.033,0.033,0.5,0.005
2022-02-28:15,42,22,0.034,0.031,0.5,0.004
2022-02-28:14,41,19,0.033,0.03,0.5,0.004
2022-02-28:13,42,18,0.031,0.03,0.6,0.005
2022-02-28:12,44,19,0.032,0.027,0.5,0.004
2022-02-28:11,43,21,0.026,0.031,0.6,0.004
2022-02-28:10,39,17,0.018,0.036,0.6,0.004
2022-02-28:09,43,20,0.01,0.044,0.6,0.002
2022-02-28:08,36,17,0.007,0.044,0.5,0.003
2022-02-28:07,35,17,0.01,0.04,0.5,0.003
2022-02-28:06,34,12,0.028,0.023,0.4,0.003
2022-02-28:05,35,13,0.035,0.015,0.4,0.003
2022-02-28:04,32,13,0.035,0.016,0.4,0.002
2022-02-28:03,34,12,0.036,0.015,0.4,0.002
2022-02-28:02,32,14,0.032,0.02,0.4,0.003
2022-02-28:01,32,13,0.03,0.023,0.4,0.002
2022-02-27:24,32,13,0.031,0.023,0.4,0.003
2022-02-27:23,33,15,0.029,0.026,0.4,0.003
2022-02-27:22,32,13,0.029,0.026,0.4,0.003
2022-02-27:21,35,14,0.034,0.025,0.5,0.003
2022-02-27:20,32,13,0.036,0.025,0.5,0.003
2022-02-27:19,34,13,0.041,0.019,0.4,0.003
2022-02-27:18,35,15,0.046,0.016,0.4,0.003
2022-02-27:17,38,17,0.046,0.014,0.4,0.003
2022-02-27:16,40,15,0.047,0.014,0.4,0.003
2022-02-27:15,38,16,0.046,0.013,0.4,0.004
2022-02-27:14,39,13,0.046,0.013,0.4,0.003
2022-02-27:13,44,15,0.043,0.013,0.3,0.004
2022-02-27:12,45,20,0.039,0.017,0.4,0.004
2022-02-27:11,53,31,0.031,0.021,0.5,0.003
2022-02-27:10,54,34,0.024,0.027,0.5,0.004
2022-02-27:09,45,29,0.016,0.033,0.6,0.003
2022-02-27:08,50,33,0.017,0.03,0.6,0.003
2022-02-27:07,55,37,0.024,0.024,0.5,0.003
2022-02-27:06,55,41,0.026,0.022,0.6,0.002
2022-02-27:05,58,45,0.033,0.017,0.5,0.003
2022-02-27:04,58,44,0.034,0.016,0.5,0.003
2022-02-27:03,57,46,0.035,0.017,0.5,0.003
2022-02-27:02,59,45,0.037,0.015,0.6,0.002
2022-02-27:01,63,50,0.036,0.015,0.6,0.002
2022-02-26:24,66,58,0.037,0.015,0.6,0.003
2022-02-26:23,66,56,0.041,0.014,0.6,0.003
2022-02-26:22,84,68,0.045,0.013,0.6,0.002
2022-02-26:21,80,57,0.043,0.017,0.6,0.003
2022-02-26:20,55,35,0.051,0.018,0.6,0.002
2022-02-26:19,46,29,0.053,0.018,0.5,0.003
2022-02-26:18,44,24,0.055,0.016,0.4,0.003
2022-02-26:17,46,22,0.055,0.015,0.4,0.003
2022-02-26:16,48,25,0.053,0.016,0.4,0.003
2022-02-26:15,53,30,0.053,0.017,0.4,0.003
2022-02-26:14,53,30,0.053,0.017,0.4,0.004
2022-02-26:13,56,35,0.049,0.019,0.5,0.004
2022-02-26:12,57,40,0.047,0.019,0.5,0.003
2022-02-26:11,60,41,0.046,0.02,0.5,0.003
2022-02-26:10,71,55,0.044,0.021,0.5,0.003
2022-02-26:09,75,61,0.036,0.027,0.6,0.003
2022-02-26:08,68,54,0.043,0.021,0.5,0.003
2022-02-26:07,71,53,0.05,0.016,0.5,0.003
2022-02-26:06,75,57,0.055,0.013,0.5,0.003
2022-02-26:05,75,59,0.05,0.016,0.6,0.004
2022-02-26:04,82,63,0.05,0.015,0.6,0.003
2022-02-26:03,86,62,0.052,0.016,0.6,0.003
2022-02-26:02,86,62,0.054,0.015,0.6,0.003
2022-02-26:01,89,62,0.053,0.017,0.6,0.003
2022-02-25:24,89,65,0.051,0.019,0.5,0.003
2022-02-25:23,87,66,0.05,0.022,0.6,0.003
2022-02-25:22,91,66,0.048,0.025,0.6,0.003
2022-02-25:21,94,68,0.047,0.027,0.6,0.003
2022-02-25:20,95,70,0.043,0.029,0.7,0.003
2022-02-25:19,94,72,0.042,0.031,0.7,0.003
2022-02-25:18,96,74,0.044,0.031,0.6,0.003
2022-02-25:17,97,76,0.048,0.026,0.6,0.004
2022-02-25:16,95,68,0.052,0.021,0.6,0.004
2022-02-25:15,97,69,0.045,0.025,0.6,0.004
2022-02-25:14,95,68,0.046,0.025,0.6,0.004
2022-02-25:13,80,62,0.025,0.042,0.7,0.005
2022-02-25:12,71,57,0.012,0.051,0.8,0.005
2022-02-25:11,69,56,0.007,0.059,1,0.004
2022-02-25:10,58,49,0.005,0.057,1,0.004
2022-02-25:09,50,42,0.003,0.059,0.9,0.003
2022-02-25:08,46,39,0.002,0.057,0.9,0.003
2022-02-25:07,45,38,0.002,0.059,0.9,0.003
2022-02-25:06,43,36,0.002,0.056,0.9,0.003
2022-02-25:05,43,36,0.002,0.052,0.9,0.003
2022-02-25:04,42,33,0.002,0.055,0.8,0.003
2022-02-25:03,41,33,0.002,0.059,0.9,0.003
2022-02-25:02,36,29,0.002,0.061,0.9,0.003
2022-02-25:01,36,29,0.002,0.061,0.8,0.002
2022-02-24:24,33,26,0.002,0.062,0.9,0.003
2022-02-24:23,31,24,0.002,0.061,0.8,0.003
2022-02-24:22,31,23,0.005,0.055,0.8,0.003
2022-02-24:21,31,24,0.012,0.046,0.7,0.003
2022-02-24:20,30,23,0.02,0.04,0.6,0.003
2022-02-24:19,33,21,0.032,0.025,0.5,0.003
2022-02-24:18,33,22,0.041,0.017,0.4,0.003
2022-02-24:17,32,19,0.043,0.014,0.4,0.004
2022-02-24:16,40,22,0.044,0.013,0.4,0.003
2022-02-24:15,41,27,0.042,0.015,0.4,0.004
2022-02-24:14,35,23,0.042,0.015,0.4,0.004
2022-02-24:13,34,21,0.038,0.015,0.5,0.003
2022-02-24:12,27,17,0.039,0.014,0.4,0.004
2022-02-24:11,24,17,0.033,0.019,0.5,0.003
2022-02-24:10,22,12,0.032,0.018,0.5,0.003
2022-02-24:09,27,15,0.017,0.034,0.6,0.003
2022-02-24:08,22,15,0.01,0.041,0.6,0.003
2022-02-24:07,23,15,0.021,0.028,0.5,0.003
2022-02-24:06,21,14,0.026,0.022,0.4,0.003
2022-02-24:05,23,12,0.034,0.014,0.4,0.003
2022-02-24:04,23,14,0.035,0.011,0.4,0.003
2022-02-24:03,24,13,0.036,0.01,0.4,0.003
2022-02-24:02,25,14,0.031,0.013,0.4,0.003
2022-02-24:01,25,13,0.032,0.012,0.4,0.003
2022-02-23:24,22,12,0.032,0.013,0.4,0.003
2022-02-23:23,22,9,0.033,0.012,0.4,0.003
2022-02-23:22,20,10,0.034,0.013,0.4,0.003
2022-02-23:21,25,12,0.035,0.012,0.4,0.002
2022-02-23:20,27,13,0.032,0.016,0.4,0.002
2022-02-23:19,29,16,0.035,0.014,0.4,0.003
2022-02-23:18,30,19,0.039,0.013,0.4,0.003
2022-02-23:17,30,14,0.041,0.01,0.4,0.003
2022-02-23:16,26,15,0.041,0.009,0.4,0.003
2022-02-23:15,28,18,0.04,0.011,0.4,0.003
2022-02-23:14,26,15,0.038,0.012,0.4,0.003
2022-02-23:13,27,16,0.035,0.012,0.4,0.003
2022-02-23:12,27,16,0.032,0.015,0.4,0.003
2022-02-23:11,30,17,0.028,0.018,0.4,0.003
2022-02-23:10,23,14,0.026,0.018,0.5,0.004
2022-02-23:09,25,14,0.021,0.022,0.5,0.003
2022-02-23:08,27,17,0.019,0.021,0.5,0.003
2022-02-23:07,23,16,0.023,0.019,0.5,0.003
2022-02-23:06,23,15,0.027,0.016,0.5,0.003
2022-02-23:05,25,16,0.03,0.012,0.5,0.003
2022-02-23:04,22,13,0.031,0.013,0.4,0.003
2022-02-23:03,26,15,0.031,0.013,0.4,0.003
2022-02-23:02,24,13,0.032,0.012,0.4,0.003
2022-02-23:01,31,14,0.032,0.012,0.4,0.003
2022-02-22:24,27,13,0.036,0.01,0.4,0.003
2022-02-22:23,29,14,0.035,0.011,0.4,0.003
2022-02-22:22,26,12,0.035,0.01,0.4,0.003
2022-02-22:21,28,14,0.037,0.011,0.4,0.003
2022-02-22:20,33,15,0.035,0.012,0.4,0.003
2022-02-22:19,36,17,0.034,0.015,0.4,0.003
2022-02-22:18,35,19,0.035,0.015,0.4,0.002
2022-02-22:17,37,21,0.038,0.012,0.4,0.003
2022-02-22:16,36,19,0.039,0.012,0.4,0.003
2022-02-22:15,37,19,0.039,0.011,0.4,0.003
2022-02-22:14,35,19,0.037,0.01,0.4,0.003
2022-02-22:13,32,16,0.037,0.011,0.4,0.003
2022-02-22:12,27,13,0.035,0.012,0.4,0.003
2022-02-22:11,25,13,0.032,0.015,0.4,0.004
2022-02-22:10,24,10,0.033,0.013,0.4,0.003
2022-02-22:09,26,15,0.027,0.018,0.4,0.003
2022-02-22:08,26,16,0.023,0.021,0.4,0.003
2022-02-22:07,26,17,0.026,0.016,0.4,0.002
2022-02-22:06,26,19,0.03,0.012,0.4,0.003
2022-02-22:05,29,20,0.033,0.01,0.4,0.003
2022-02-22:04,26,21,0.034,0.01,0.4,0.003
2022-02-22:03,29,20,0.036,0.01,0.4,0.003
2022-02-22:02,28,22,0.034,0.012,0.4,0.003
2022-02-22:01,29,22,0.035,0.012,0.5,0.002
2022-02-21:24,26,20,0.037,0.011,0.4,0.003
2022-02-21:23,29,21,0.037,0.01,0.5,0.003
2022-02-21:22,25,18,0.035,0.012,0.5,0.003
2022-02-21:21,32,18,0.037,0.012,0.4,0.003
2022-02-21:20,29,19,0.033,0.016,0.4,0.003
2022-02-21:19,33,20,0.033,0.017,0.5,0.003
2022-02-21:18,33,18,0.038,0.015,0.4,0.003
2022-02-21:17,35,17,0.038,0.014,0.4,0.003
2022-02-21:16,39,17,0.038,0.013,0.4,0.003
2022-02-21:15,40,19,0.038,0.013,0.4,0.003
2022-02-21:14,30,18,0.031,0.02,0.5,0.003
2022-02-21:13,33,22,0.023,0.027,0.6,0.003
2022-02-21:12,31,18,0.022,0.029,0.6,0.004
2022-02-21:11,30,20,0.017,0.033,0.6,0.004
2022-02-21:10,26,16,0.013,0.039,0.6,0.003
2022-02-21:09,26,18,0.004,0.056,0.8,0.004
2022-02-21:08,22,16,0.002,0.055,0.7,0.003
2022-02-21:07,21,15,0.003,0.048,0.6,0.003
2022-02-21:06,19,13,0.018,0.03,0.5,0.002
2022-02-21:05,21,14,0.022,0.025,0.4,0.003
2022-02-21:04,18,12,0.029,0.017,0.4,0.002
2022-02-21:03,18,14,0.036,0.01,0.4,0.003
2022-02-21:02,20,14,0.034,0.011,0.4,0.003
2022-02-21:01,23,14,0.032,0.014,0.4,0.003
2022-02-20:24,22,14,0.032,0.014,0.4,0.003
2022-02-20:23,22,14,0.033,0.013,0.4,0.003
2022-02-20:22,21,12,0.037,0.011,0.4,0.003
2022-02-20:21,23,11,0.039,0.011,0.4,0.003
2022-02-20:20,23,12,0.038,0.012,0.4,0.003
2022-02-20:19,29,16,0.038,0.012,0.4,0.003
2022-02-20:18,32,16,0.04,0.01,0.4,0.003
2022-02-20:17,35,13,0.043,0.007,0.3,0.003
2022-02-20:16,32,15,0.044,0.006,0.4,0.003
2022-02-20:15,28,16,0.042,0.006,0.3,0.002
2022-02-20:14,25,12,0.041,0.005,0.3,0.003
2022-02-20:13,27,13,0.04,0.006,0.3,0.003
2022-02-20:12,25,16,0.039,0.006,0.3,0.002
2022-02-20:11,32,20,0.037,0.006,0.4,0.003
2022-02-20:10,29,20,0.034,0.008,0.4,0.003
2022-02-20:09,36,22,0.031,0.009,0.4,0.003
2022-02-20:08,35,24,0.031,0.01,0.4,0.003
2022-02-20:07,39,21,0.031,0.008,0.4,0.003
2022-02-20:06,35,21,0.032,0.007,0.4,0.003
2022-02-20:05,42,20,0.033,0.007,0.4,0.003
2022-02-20:04,49,18,0.035,0.006,0.4,0.003
2022-02-20:03,35,16,0.035,0.006,0.4,0.002
2022-02-20:02,26,17,0.035,0.008,0.4,0.003
2022-02-20:01,28,17,0.033,0.011,0.4,0.003
2022-02-19:24,27,15,0.034,0.01,0.4,0.003
2022-02-19:23,26,13,0.036,0.009,0.4,0.002
2022-02-19:22,30,14,0.038,0.007,0.3,0.003
2022-02-19:21,46,24,0.037,0.009,0.4,0.002
2022-02-19:20,38,25,0.035,0.013,0.5,0.003
2022-02-19:19,40,29,0.035,0.015,0.5,0.003
2022-02-19:18,44,32,0.034,0.017,0.5,0.003
2022-02-19:17,44,34,0.039,0.013,0.5,0.003
2022-02-19:16,36,27,0.041,0.011,0.4,0.004
2022-02-19:15,38,30,0.041,0.011,0.4,0.003
2022-02-19:14,38,29,0.035,0.014,0.4,0.003
2022-02-19:13,36,26,0.03,0.019,0.5,0.003
2022-02-19:12,38,28,0.023,0.024,0.5,0.003
2022-02-19:11,41,31,0.022,0.026,0.5,0.003
2022-02-19:10,37,30,0.017,0.031,0.6,0.003
2022-02-19:09,43,37,0.014,0.034,0.6,0.003
2022-02-19:08,45,39,0.012,0.032,0.6,0.003
2022-02-19:07,47,41,0.006,0.04,0.6,0.003
2022-02-19:06,43,37,0.018,0.026,0.6,0.003
2022-02-19:05,46,38,0.015,0.028,0.6,0.003
2022-02-19:04,42,36,0.009,0.036,0.6,0.003
2022-02-19:03,42,37,0.013,0.032,0.6,0.003
2022-02-19:02,42,35,0.018,0.024,0.6,0.003
2022-02-19:01,44,42,0.01,0.035,0.6,0.004
2022-02-18:24,46,38,0.003,0.049,0.7,0.003
2022-02-18:23,47,35,0.002,0.054,0.8,0.004
2022-02-18:22,42,31,0.003,0.054,0.7,0.004
2022-02-18:21,46,38,0.004,0.056,0.7,0.004
2022-02-18:20,54,38,0.003,0.058,0.6,0.004
2022-02-18:19,70,47,0.003,0.062,0.7,0.004
2022-02-18:18,,,,,,
2022-02-18:17,,,,,,
2022-02-18:16,,,,,,
2022-02-18:15,43,32,0.019,0.037,0.6,0.003
2022-02-18:14,42,30,0.019,0.036,0.6,0.003
2022-02-18:13,44,31,0.019,0.033,0.6,0.004
2022-02-18:12,42,32,0.016,0.036,0.6,0.004
2022-02-18:11,40,33,0.014,0.036,0.7,0.004
2022-02-18:10,38,29,0.009,0.041,0.7,0.004
2022-02-18:09,39,34,0.005,0.048,0.8,0.004
2022-02-18:08,39,34,0.002,0.051,1,0.003
2022-02-18:07,37,35,0.002,0.05,0.9,0.004
2022-02-18:06,36,32,0.002,0.048,0.8,0.003
2022-02-18:05,37,31,0.002,0.045,0.8,0.003
2022-02-18:04,34,29,0.004,0.046,0.7,0.004
2022-02-18:03,37,29,0.002,0.052,0.8,0.003
2022-02-18:02,33,27,0.002,0.052,0.7,0.003
2022-02-18:01,33,29,0.01,0.043,0.6,0.003
2022-02-17:24,31,25,0.007,0.045,0.6,0.003
2022-02-17:23,33,27,0.018,0.031,0.6,0.003
2022-02-17:22,33,27,0.023,0.025,0.5,0.003
2022-02-17:21,37,30,0.02,0.03,0.6,0.004
2022-02-17:20,36,28,0.018,0.031,0.6,0.003
2022-02-17:19,38,31,0.022,0.028,0.5,0.004
2022-02-17:18,41,32,0.024,0.026,0.5,0.003
2022-02-17:17,44,30,0.027,0.025,0.5,0.003
2022-02-17:16,32,25,0.029,0.02,0.5,0.003
2022-02-17:15,35,27,0.031,0.017,0.5,0.003
2022-02-17:14,34,25,0.03,0.016,0.5,0.003
2022-02-17:13,28,24,0.031,0.013,0.4,0.004
2022-02-17:12,30,22,0.029,0.014,0.4,0.003
2022-02-17:11,26,20,0.028,0.013,0.4,0.004
2022-02-17:10,23,16,0.026,0.014,0.4,0.003
2022-02-17:09,27,20,0.024,0.015,0.4,0.003
2022-02-17:08,24,18,0.024,0.015,0.4,0.003
2022-02-17:07,24,20,0.025,0.015,0.4,0.003
2022-02-17:06,22,15,0.025,0.015,0.4,0.003
2022-02-17:05,22,19,0.03,0.011,0.4,0.003
2022-02-17:04,24,17,0.032,0.009,0.4,0.003
2022-02-17:03,25,20,0.032,0.009,0.4,0.003
2022-02-17:02,23,17,0.034,0.011,0.4,0.003
2022-02-17:01,23,17,0.033,0.01,0.4,0.003
2022-02-16:24,22,16,0.033,0.011,0.4,0.003
2022-02-16:23,22,16,0.033,0.012,0.4,0.003
2022-02-16:22,22,13,0.034,0.01,0.4,0.003
2022-02-16:21,21,11,0.035,0.011,0.4,0.003
2022-02-16:20,22,14,0.033,0.012,0.4,0.003
2022-02-16:19,25,14,0.032,0.016,0.4,0.003
2022-02-16:18,27,14,0.034,0.013,0.4,0.003
2022-02-16:17,38,22,0.036,0.012,0.4,0.003
2022-02-16:16,35,24,0.037,0.012,0.4,0.003
2022-02-16:15,31,22,0.038,0.01,0.4,0.003
2022-02-16:14,31,24,0.037,0.01,0.4,0.003
2022-02-16:13,31,26,0.035,0.011,0.4,0.003
2022-02-16:12,31,24,0.033,0.013,0.5,0.003
2022-02-16:11,33,27,0.031,0.013,0.5,0.003
2022-02-16:10,31,25,0.027,0.015,0.5,0.003
2022-02-16:09,31,27,0.026,0.015,0.5,0.003
2022-02-16:08,32,28,0.025,0.017,0.5,0.003
2022-02-16:07,31,26,0.024,0.018,0.5,0.003
2022-02-16:06,29,25,0.029,0.013,0.5,0.003
2022-02-16:05,25,25,0.031,0.012,0.5,0.002
2022-02-16:04,25,22,0.035,0.01,0.4,0.003
2022-02-16:03,26,22,0.035,0.012,0.4,0.003
2022-02-16:02,24,21,0.036,0.011,0.4,0.003
2022-02-16:01,29,22,0.037,0.011,0.4,0.002
2022-02-15:24,24,19,0.037,0.01,0.4,0.003
2022-02-15:23,24,15,0.035,0.012,0.4,0.003
2022-02-15:22,18,12,0.034,0.013,0.4,0.003
2022-02-15:21,22,11,0.034,0.015,0.4,0.003
2022-02-15:20,22,14,0.034,0.014,0.4,0.003
2022-02-15:19,25,14,0.034,0.015,0.4,0.003
2022-02-15:18,28,16,0.032,0.018,0.4,0.003
2022-02-15:17,31,18,0.032,0.018,0.4,0.003
2022-02-15:16,33,22,0.035,0.014,0.4,0.003
2022-02-15:15,35,24,0.036,0.014,0.4,0.003
2022-02-15:14,38,27,0.035,0.015,0.5,0.003
2022-02-15:13,41,27,0.033,0.015,0.5,0.003
2022-02-15:12,40,28,0.03,0.017,0.5,0.003
2022-02-15:11,43,29,0.028,0.017,0.4,0.003
2022-02-15:10,40,28,0.026,0.019,0.5,0.003
2022-02-15:09,41,31,0.026,0.018,0.5,0.002
2022-02-15:08,37,29,0.026,0.018,0.5,0.002
2022-02-15:07,41,34,0.028,0.017,0.4,0.003
2022-02-15:06,42,36,0.032,0.012,0.4,0.003
2022-02-15:05,47,41,0.036,0.01,0.4,0.002
2022-02-15:04,45,40,0.038,0.01,0.5,0.002
2022-02-15:03,44,40,0.04,0.009,0.5,0.003
2022-02-15:02,44,40,0.041,0.01,0.5,0.003
2022-02-15:01,56,51,0.041,0.009,0.5,0.003
2022-02-14:24,54,48,0.037,0.012,0.6,0.003
2022-02-14:23,56,49,0.036,0.012,0.6,0.002
2022-02-14:22,53,45,0.033,0.016,0.6,0.003
2022-02-14:21,58,49,0.034,0.016,0.6,0.003
2022-02-14:20,46,42,0.032,0.019,0.7,0.003
2022-02-14:19,39,36,0.033,0.021,0.7,0.003
2022-02-14:18,60,51,0.035,0.026,0.7,0.003
2022-02-14:17,73,52,0.039,0.026,0.7,0.003
2022-02-14:16,89,64,0.036,0.028,0.6,0.003
2022-02-14:15,93,73,0.048,0.026,0.7,0.004
2022-02-14:14,68,52,0.034,0.036,0.7,0.004
2022-02-14:13,43,33,0.017,0.046,0.7,0.004
2022-02-14:12,34,24,0.01,0.048,0.8,0.004
2022-02-14:11,27,18,0.007,0.05,0.8,0.004
2022-02-14:10,19,14,0.007,0.046,0.7,0.003
2022-02-14:09,22,18,0.004,0.051,0.8,0.004
2022-02-14:08,20,18,0.003,0.053,0.8,0.003
2022-02-14:07,18,16,0.003,0.049,0.7,0.003
2022-02-14:06,15,13,0.007,0.042,0.6,0.003
2022-02-14:05,20,16,0.009,0.038,0.6,0.003
2022-02-14:04,18,14,0.017,0.03,0.6,0.003
2022-02-14:03,20,16,0.021,0.027,0.6,0.003
2022-02-14:02,23,18,0.021,0.029,0.6,0.004
2022-02-14:01,26,17,0.023,0.029,0.5,0.003
2022-02-13:24,28,21,0.024,0.029,0.5,0.003
2022-02-13:23,33,26,0.031,0.022,0.5,0.004
2022-02-13:22,38,29,0.028,0.03,0.5,0.003
2022-02-13:21,43,34,0.034,0.026,0.5,0.003
2022-02-13:20,46,36,0.034,0.028,0.5,0.004
2022-02-13:19,54,43,0.038,0.023,0.5,0.004
2022-02-13:18,54,42,0.046,0.018,0.5,0.004
2022-02-13:17,52,38,0.051,0.016,0.5,0.004
2022-02-13:16,63,49,0.045,0.018,0.5,0.004
2022-02-13:15,57,42,0.035,0.027,0.6,0.004
2022-02-13:14,51,38,0.043,0.019,0.5,0.004
2022-02-13:13,57,44,0.044,0.019,0.5,0.004
2022-02-13:12,64,51,0.036,0.024,0.6,0.004
2022-02-13:11,69,53,0.027,0.029,0.7,0.004
2022-02-13:10,63,48,0.015,0.037,0.9,0.004
2022-02-13:09,59,48,0.008,0.044,0.8,0.004
2022-02-13:08,57,46,0.009,0.043,0.8,0.004
2022-02-13:07,55,46,0.005,0.047,0.8,0.004
2022-02-13:06,53,43,0.006,0.045,0.8,0.004
2022-02-13:05,54,43,0.006,0.047,0.8,0.003
2022-02-13:04,51,41,0.006,0.048,0.8,0.003
2022-02-13:03,53,40,0.005,0.051,0.8,0.004
2022-02-13:02,52,38,0.003,0.056,0.9,0.004
2022-02-13:01,51,36,0.003,0.058,0.9,0.004
2022-02-12:24,49,36,0.004,0.055,0.9,0.004
2022-02-12:23,52,38,0.003,0.058,1.1,0.004
2022-02-12:22,49,36,0.007,0.052,1,0.004
2022-02-12:21,54,39,0.004,0.058,0.9,0.004
2022-02-12:20,48,35,0.013,0.049,0.9,0.004
2022-02-12:19,42,33,0.034,0.029,0.6,0.003
2022-02-12:18,51,39,0.045,0.018,0.5,0.004
2022-02-12:17,56,44,0.048,0.017,0.5,0.004
2022-02-12:16,55,40,0.048,0.017,0.5,0.004
2022-02-12:15,67,54,0.048,0.017,0.5,0.004
2022-02-12:14,88,74,0.037,0.031,0.7,0.004
2022-02-12:13,96,81,0.035,0.035,0.8,0.004
2022-02-12:12,97,81,0.032,0.035,0.8,0.004
2022-02-12:11,108,86,0.03,0.034,0.9,0.004
2022-02-12:10,108,91,0.025,0.04,0.9,0.004
2022-02-12:09,115,95,0.017,0.045,0.9,0.003
2022-02-12:08,110,93,0.013,0.05,0.9,0.003
2022-02-12:07,112,97,0.016,0.046,0.9,0.003
2022-02-12:06,118,103,0.011,0.049,0.9,0.003
2022-02-12:05,118,107,0.026,0.033,0.9,0.003
2022-02-12:04,105,97,0.025,0.038,0.9,0.004
2022-02-12:03,112,97,0.024,0.043,0.9,0.004
2022-02-12:02,110,97,0.032,0.036,0.9,0.003
2022-02-12:01,103,94,0.02,0.048,0.9,0.003
2022-02-11:24,99,84,0.022,0.048,0.8,0.004
2022-02-11:23,106,95,0.021,0.047,0.8,0.004
2022-02-11:22,91,81,0.024,0.046,0.9,0.003
2022-02-11:21,95,77,0.043,0.03,0.8,0.005
2022-02-11:20,85,72,0.033,0.043,0.8,0.004
2022-02-11:19,95,81,0.038,0.041,0.8,0.004
2022-02-11:18,97,79,0.046,0.035,0.7,0.005
2022-02-11:17,95,73,0.045,0.039,0.7,0.005
2022-02-11:16,79,62,0.05,0.029,0.6,0.005
2022-02-11:15,92,75,0.046,0.031,0.7,0.005
2022-02-11:14,94,76,0.04,0.038,0.7,0.005
2022-02-11:13,102,83,0.019,0.062,1,0.006
2022-02-11:12,94,77,0.01,0.068,1.2,0.005
2022-02-11:11,88,69,0.008,0.064,1.2,0.005
2022-02-11:10,73,59,0.007,0.058,1.1,0.004
2022-02-11:09,70,62,0.004,0.062,1.1,0.004
2022-02-11:08,63,54,0.003,0.066,1.2,0.004
2022-02-11:07,63,53,0.002,0.064,1.1,0.004
2022-02-11:06,59,50,0.002,0.064,1.2,0.003
2022-02-11:05,61,52,0.002,0.065,1.1,0.004
2022-02-11:04,63,54,0.002,0.063,1.1,0.003
2022-02-11:03,71,60,0.002,0.063,1,0.003
2022-02-11:02,66,56,0.003,0.058,1,0.003
2022-02-11:01,61,47,0.011,0.048,0.8,0.003
2022-02-10:24,55,43,0.018,0.04,0.8,0.003
2022-02-10:23,53,43,0.022,0.038,0.7,0.003
2022-02-10:22,51,39,0.025,0.036,0.7,0.003
2022-02-10:21,55,41,0.023,0.038,0.7,0.003
2022-02-10:20,52,38,0.025,0.039,0.8,0.004
2022-02-10:19,48,36,0.034,0.029,0.6,0.004
2022-02-10:18,51,36,0.042,0.023,0.6,0.004
2022-02-10:17,53,30,0.048,0.016,0.6,0.004
2022-02-10:16,40,28,0.048,0.015,0.5,0.005
2022-02-10:15,33,29,0.047,0.014,0.5,0.004
2022-02-10:14,45,33,0.039,0.024,0.6,0.004
2022-02-10:13,49,36,0.037,0.026,0.6,0.004
2022-02-10:12,50,36,0.04,0.021,0.6,0.005
2022-02-10:11,54,47,0.019,0.045,0.9,0.005
2022-02-10:10,45,35,0.006,0.063,1.2,0.004
2022-02-10:09,47,35,0.004,0.059,1.2,0.004
2022-02-10:08,41,31,0.002,0.058,1.1,0.003
2022-02-10:07,36,29,0.003,0.051,0.9,0.003
2022-02-10:06,36,29,0.003,0.05,0.8,0.003
2022-02-10:05,37,29,0.015,0.035,0.7,0.003
2022-02-10:04,37,29,0.009,0.045,0.7,0.003
2022-02-10:03,36,30,0.003,0.053,0.8,0.003
2022-02-10:02,35,28,0.015,0.04,0.7,0.003
2022-02-10:01,36,30,0.015,0.04,0.7,0.003
2022-02-09:24,39,30,0.019,0.035,0.6,0.003
2022-02-09:23,39,28,0.027,0.027,0.5,0.003
2022-02-09:22,38,28,0.027,0.029,0.5,0.003
2022-02-09:21,42,29,0.026,0.033,0.6,0.003
2022-02-09:20,37,26,0.017,0.042,0.6,0.004
2022-02-09:19,41,30,0.009,0.051,0.6,0.004
2022-02-09:18,39,25,0.013,0.047,0.6,0.004
2022-02-09:17,37,24,0.019,0.041,0.6,0.004
2022-02-09:16,35,24,0.023,0.037,0.6,0.004
2022-02-09:15,28,23,0.027,0.033,0.6,0.004
2022-02-09:14,30,21,0.032,0.026,0.5,0.003
2022-02-09:13,45,32,0.024,0.034,0.6,0.004
2022-02-09:12,43,31,0.016,0.048,0.8,0.004
2022-02-09:11,44,32,0.011,0.046,0.8,0.004
2022-02-09:10,34,27,0.007,0.05,0.8,0.004
2022-02-09:09,35,26,0.004,0.053,0.9,0.003
2022-02-09:08,32,26,0.002,0.054,0.9,0.004
2022-02-09:07,29,26,0.002,0.054,0.9,0.004
2022-02-09:06,29,24,0.002,0.054,0.9,0.004
2022-02-09:05,33,24,0.002,0.054,0.8,0.003
2022-02-09:04,31,23,0.002,0.056,0.8,0.003
2022-02-09:03,30,23,0.002,0.057,0.9,0.003
2022-02-09:02,27,21,0.002,0.06,0.8,0.003
2022-02-09:01,26,20,0.002,0.06,0.9,0.003
2022-02-08:24,20,17,0.005,0.054,0.8,0.003
2022-02-08:23,22,18,0.029,0.024,0.5,0.002
2022-02-08:22,25,20,0.031,0.022,0.5,0.003
2022-02-08:21,31,22,0.028,0.028,0.5,0.004
2022-02-08:20,32,21,0.031,0.022,0.5,0.003
2022-02-08:19,28,18,0.029,0.026,0.5,0.004
2022-02-08:18,29,18,0.033,0.021,0.5,0.004
2022-02-08:17,28,16,0.039,0.015,0.4,0.003
2022-02-08:16,23,17,0.039,0.015,0.4,0.003
2022-02-08:15,26,18,0.038,0.016,0.4,0.003
2022-02-08:14,28,20,0.034,0.019,0.4,0.003
2022-02-08:13,28,17,0.032,0.02,0.5,0.004
2022-02-08:12,28,20,0.028,0.024,0.5,0.004
2022-02-08:11,41,29,0.01,0.051,0.9,0.004
2022-02-08:10,39,27,0.004,0.059,1,0.004
2022-02-08:09,33,24,0.003,0.057,1,0.004
2022-02-08:08,29,22,0.002,0.059,1,0.004
2022-02-08:07,29,23,0.002,0.058,1,0.003
2022-02-08:06,26,20,0.002,0.055,0.9,0.004
2022-02-08:05,25,21,0.002,0.052,0.8,0.003
2022-02-08:04,25,20,0.003,0.05,0.7,0.003
2022-02-08:03,27,22,0.006,0.044,0.7,0.003
2022-02-08:02,26,19,0.011,0.038,0.6,0.003
2022-02-08:01,28,17,0.016,0.033,0.6,0.003
2022-02-07:24,26,18,0.016,0.033,0.6,0.003
2022-02-07:23,26,16,0.021,0.028,0.5,0.003
2022-02-07:22,25,16,0.023,0.027,0.5,0.003
2022-02-07:21,31,21,0.025,0.025,0.5,0.003
2022-02-07:20,36,24,0.023,0.027,0.6,0.004
2022-02-07:19,37,23,0.024,0.026,0.6,0.003
2022-02-07:18,,,0.026,0.021,0.5,0.003
2022-02-07:17,,,,,,
2022-02-07:16,,,,,,
2022-02-07:15,34,19,0.035,0.017,0.4,0.004
2022-02-07:14,35,20,0.019,0.036,0.6,0.004
2022-02-07:13,38,22,0.015,0.04,0.7,0.004
2022-02-07:12,38,24,0.01,0.047,0.8,0.004
2022-02-07:11,37,24,0.009,0.047,0.8,0.004
2022-02-07:10,28,18,0.007,0.048,0.8,0.004
2022-02-07:09,26,19,0.004,0.057,0.9,0.004
2022-02-07:08,22,17,0.003,0.055,0.8,0.003
2022-02-07:07,23,15,0.005,0.047,0.6,0.003
2022-02-07:06,19,14,0.016,0.031,0.6,0.003
2022-02-07:05,22,16,0.022,0.025,0.5,0.003
2022-02-07:04,19,13,0.025,0.022,0.5,0.003
2022-02-07:03,20,12,0.025,0.021,0.5,0.003
2022-02-07:02,21,15,0.028,0.019,0.5,0.003
2022-02-07:01,23,15,0.031,0.016,0.4,0.003
2022-02-06:24,18,12,0.036,0.012,0.4,0.003
2022-02-06:23,19,12,0.038,0.008,0.4,0.003
2022-02-06:22,18,10,0.037,0.01,0.4,0.003
2022-02-06:21,22,11,0.034,0.015,0.4,0.003
2022-02-06:20,18,9,0.036,0.013,0.4,0.003
2022-02-06:19,20,11,0.038,0.012,0.4,0.003
2022-02-06:18,28,15,0.041,0.01,0.4,0.003
2022-02-06:17,28,14,0.043,0.01,0.4,0.003
2022-02-06:16,27,12,0.043,0.008,0.4,0.003
2022-02-06:15,24,10,0.042,0.007,0.4,0.003
2022-02-06:14,22,11,0.042,0.007,0.3,0.003
2022-02-06:13,26,10,0.041,0.009,0.3,0.003
2022-02-06:12,26,11,0.036,0.012,0.4,0.003
2022-02-06:11,27,18,0.028,0.022,0.5,0.003
2022-02-06:10,22,15,0.009,0.048,0.9,0.004
2022-02-06:09,22,14,0.005,0.048,0.8,0.003
2022-02-06:08,19,13,0.005,0.043,0.8,0.002
2022-02-06:07,20,12,0.018,0.026,0.6,0.003
2022-02-06:06,17,12,0.018,0.027,0.5,0.002
2022-02-06:05,18,13,0.025,0.019,0.5,0.003
2022-02-06:04,20,15,0.027,0.017,0.5,0.003
2022-02-06:03,20,16,0.026,0.019,0.5,0.003
2022-02-06:02,17,11,0.024,0.021,0.5,0.002
2022-02-06:01,20,12,0.025,0.021,0.5,0.002
2022-02-05:24,17,10,0.029,0.017,0.4,0.003
2022-02-05:23,22,11,0.033,0.012,0.4,0.002
2022-02-05:22,18,10,0.032,0.013,0.4,0.002
2022-02-05:21,17,12,0.034,0.011,0.4,0.003
2022-02-05:20,20,9,0.032,0.013,0.4,0.003
2022-02-05:19,25,11,0.036,0.01,0.4,0.003
2022-02-05:18,28,13,0.039,0.009,0.4,0.003
2022-02-05:17,31,9,0.04,0.008,0.4,0.003
2022-02-05:16,41,13,0.04,0.008,0.4,0.003
2022-02-05:15,43,13,0.039,0.008,0.4,0.003
2022-02-05:14,42,10,0.038,0.009,0.4,0.003
2022-02-05:13,45,13,0.037,0.009,0.4,0.003
2022-02-05:12,46,12,0.034,0.01,0.4,0.003
2022-02-05:11,39,10,0.032,0.012,0.4,0.003
2022-02-05:10,26,6,0.028,0.016,0.4,0.003
2022-02-05:09,25,13,0.026,0.016,0.4,0.003
2022-02-05:08,24,13,0.024,0.019,0.4,0.003
2022-02-05:07,22,14,0.026,0.016,0.4,0.003
2022-02-05:06,23,15,0.028,0.013,0.4,0.003
2022-02-05:05,23,14,0.03,0.012,0.4,0.003
2022-02-05:04,19,13,0.032,0.009,0.4,0.003
2022-02-05:03,22,13,0.033,0.011,0.4,0.003
2022-02-05:02,18,12,0.029,0.015,0.4,0.003
2022-02-05:01,22,13,0.034,0.011,0.4,0.003
2022-02-04:24,19,13,0.034,0.012,0.4,0.003
2022-02-04:23,21,12,0.034,0.012,0.4,0.003
2022-02-04:22,21,13,0.037,0.009,0.4,0.003
2022-02-04:21,19,9,0.036,0.009,0.4,0.003
2022-02-04:20,22,12,0.035,0.014,0.4,0.003
2022-02-04:19,28,13,0.034,0.015,0.4,0.003
2022-02-04:18,26,14,0.037,0.014,0.4,0.003
2022-02-04:17,27,16,0.036,0.014,0.4,0.003
2022-02-04:16,24,15,0.036,0.015,0.4,0.003
2022-02-04:15,23,13,0.039,0.011,0.4,0.003
2022-02-04:14,19,10,0.039,0.012,0.4,0.003
2022-02-04:13,18,9,0.037,0.013,0.4,0.003
2022-02-04:12,18,11,0.035,0.014,0.4,0.003
2022-02-04:11,21,14,0.027,0.022,0.4,0.003
2022-02-04:10,18,12,0.03,0.02,0.4,0.003
2022-02-04:09,20,14,0.023,0.028,0.5,0.003
2022-02-04:08,20,14,0.017,0.033,0.5,0.003
2022-02-04:07,20,15,0.017,0.033,0.5,0.002
2022-02-04:06,19,13,0.025,0.024,0.5,0.003
2022-02-04:05,22,15,0.032,0.017,0.5,0.003
2022-02-04:04,20,13,0.037,0.012,0.4,0.003
2022-02-04:03,19,13,0.039,0.012,0.4,0.003
2022-02-04:02,19,14,0.039,0.011,0.4,0.003
2022-02-04:01,23,18,0.039,0.011,0.4,0.003
2022-02-03:24,21,17,0.037,0.014,0.4,0.003
2022-02-03:23,19,16,0.038,0.014,0.4,0.003
2022-02-03:22,21,14,0.037,0.016,0.4,0.002
2022-02-03:21,21,15,0.031,0.022,0.5,0.003
2022-02-03:20,22,13,0.036,0.017,0.5,0.003
2022-02-03:19,24,12,0.035,0.017,0.4,0.004
2022-02-03:18,23,16,0.038,0.014,0.4,0.003
2022-02-03:17,25,14,0.04,0.014,0.4,0.003
2022-02-03:16,25,18,0.04,0.013,0.4,0.004
2022-02-03:15,23,19,0.041,0.011,0.4,0.004
2022-02-03:14,23,15,0.039,0.013,0.4,0.003
2022-02-03:13,27,22,0.034,0.016,0.5,0.003
2022-02-03:12,22,18,0.029,0.022,0.5,0.004
2022-02-03:11,24,17,0.034,0.016,0.5,0.003
2022-02-03:10,18,13,0.029,0.022,0.5,0.003
2022-02-03:09,20,14,0.01,0.041,0.7,0.002
2022-02-03:08,18,15,0.005,0.046,0.7,0.003
2022-02-03:07,18,13,0.01,0.039,0.5,0.002
2022-02-03:06,19,15,0.024,0.024,0.6,0.003
2022-02-03:05,19,14,0.036,0.011,0.4,0.003
2022-02-03:04,17,13,0.039,0.009,0.4,0.003
2022-02-03:03,19,13,0.032,0.015,0.4,0.003
2022-02-03:02,19,14,0.016,0.034,0.5,0.003
2022-02-03:01,18,15,0.011,0.038,0.6,0.003
2022-02-02:24,17,13,0.016,0.034,0.5,0.003
2022-02-02:23,18,14,0.021,0.03,0.5,0.003
2022-02-02:22,20,15,0.021,0.029,0.5,0.003
2022-02-02:21,21,17,0.027,0.023,0.5,0.003
2022-02-02:20,16,13,0.033,0.017,0.4,0.003
2022-02-02:19,15,10,0.038,0.012,0.4,0.003
2022-02-02:18,16,12,0.041,0.009,0.3,0.003
2022-02-02:17,20,,0.042,0.008,0.3,0.003
2022-02-02:16,16,13,0.042,0.008,0.4,0.003
2022-02-02:15,22,15,0.041,0.009,0.4,0.003
2022-02-02:14,22,16,0.039,0.01,0.4,0.003
2022-02-02:13,20,16,0.038,0.009,0.4,0.003
2022-02-02:12,23,19,0.038,0.008,0.4,0.003
2022-02-02:11,27,20,0.037,0.008,0.4,0.003
2022-02-02:10,33,28,0.032,0.013,0.5,0.003
2022-02-02:09,36,31,0.027,0.02,0.5,0.002
2022-02-02:08,32,26,0.028,0.019,0.5,0.003
2022-02-02:07,36,30,0.034,0.013,0.5,0.003
2022-02-02:06,39,32,0.03,0.016,0.5,0.003
2022-02-02:05,38,34,0.034,0.012,0.5,0.003
2022-02-02:04,51,46,0.036,0.011,0.5,0.003
2022-02-02:03,63,56,0.034,0.011,0.6,0.003
2022-02-02:02,66,59,0.031,0.014,0.6,0.003
2022-02-02:01,68,61,0.026,0.019,0.7,0.002
2022-02-01:24,66,58,0.026,0.02,0.7,0.003
2022-02-01:23,67,63,0.028,0.019,0.7,0.003
2022-02-01:22,67,64,0.031,0.017,0.7,0.003
2022-02-01:21,68,62,0.034,0.017,0.7,0.003
2022-02-01:20,58,55,0.036,0.018,0.7,0.003
2022-02-01:19,58,55,0.04,0.016,0.7,0.003
2022-02-01:18,58,54,0.045,0.012,0.7,0.003
2022-02-01:17,57,53,0.044,0.012,0.7,0.003
2022-02-01:16,54,52,0.045,0.01,0.7,0.003
2022-02-01:15,55,53,0.043,0.011,0.7,0.003
2022-02-01:14,58,55,0.04,0.011,0.7,0.003
2022-02-01:13,57,52,0.038,0.011,0.7,0.003
2022-02-01:12,47,42,0.035,0.011,0.6,0.003
2022-02-01:11,41,33,0.034,0.012,0.6,0.003
2022-02-01:10,28,23,0.031,0.014,0.5,0.003
2022-02-01:09,25,20,0.029,0.014,0.5,0.003
2022-02-01:08,20,16,0.032,0.011,0.4,0.002
2022-02-01:07,19,11,0.032,0.012,0.4,0.003
2022-02-01:06,15,10,0.032,0.012,0.4,0.003
2022-02-01:05,23,10,0.036,0.009,0.3,0.002
2022-02-01:04,25,10,0.038,0.009,0.3,0.003
2022-02-01:03,26,14,0.035,0.012,0.4,0.002
2022-02-01:02,32,22,0.037,0.009,0.4,0.003
2022-02-01:01,32,29,0.035,0.014,0.6,0.003
2022-01-31:24,29,24,0.028,0.021,0.5,0.003
2022-01-31:23,28,22,0.033,0.017,0.4,0.003
2022-01-31:22,29,21,0.035,0.019,0.5,0.003
2022-01-31:21,27,22,0.025,0.032,0.6,0.004
2022-01-31:20,28,21,0.03,0.026,0.6,0.004
2022-01-31:19,31,22,0.036,0.019,0.5,0.003
2022-01-31:18,31,23,0.04,0.016,0.5,0.004
2022-01-31:17,35,26,0.042,0.013,0.5,0.004
2022-01-31:16,38,29,0.041,0.014,0.5,0.004
2022-01-31:15,37,27,0.036,0.02,0.5,0.004
2022-01-31:14,38,27,0.035,0.019,0.5,0.004
2022-01-31:13,38,28,0.025,0.028,0.6,0.004
2022-01-31:12,37,29,0.016,0.036,0.7,0.004
2022-01-31:11,38,31,0.013,0.038,0.8,0.004
2022-01-31:10,29,19,0.009,0.042,0.9,0.004
2022-01-31:09,26,20,0.006,0.046,0.8,0.003
2022-01-31:08,24,18,0.006,0.039,0.7,0.003
2022-01-31:07,27,17,0.014,0.029,0.6,0.003
2022-01-31:06,25,16,0.026,0.016,0.5,0.003
2022-01-31:05,25,17,0.022,0.021,0.5,0.003
2022-01-31:04,25,16,0.02,0.023,0.5,0.004
2022-01-31:03,26,17,0.023,0.02,0.5,0.003
2022-01-31:02,27,16,0.028,0.014,0.5,0.003
2022-01-31:01,30,18,0.026,0.018,0.5,0.003
2022-01-30:24,26,14,0.029,0.015,0.4,0.003
2022-01-30:23,30,17,0.031,0.013,0.4,0.004
2022-01-30:22,31,18,0.034,0.012,0.4,0.004
2022-01-30:21,29,19,0.034,0.014,0.5,0.004
2022-01-30:20,25,14,0.028,0.02,0.5,0.004
2022-01-30:19,29,15,0.03,0.019,0.5,0.003
2022-01-30:18,31,19,0.036,0.014,0.4,0.004
2022-01-30:17,29,16,0.042,0.01,0.4,0.003
2022-01-30:16,27,19,0.041,0.01,0.4,0.003
2022-01-30:15,28,19,0.041,0.008,0.4,0.004
2022-01-30:14,31,21,0.036,0.013,0.5,0.004
2022-01-30:13,34,22,0.028,0.021,0.6,0.004
2022-01-30:12,35,23,0.027,0.02,0.6,0.004
2022-01-30:11,33,25,0.024,0.022,0.6,0.005
2022-01-30:10,31,19,0.018,0.029,0.7,0.004
2022-01-30:09,37,26,0.012,0.033,0.7,0.004
2022-01-30:08,35,23,0.008,0.036,0.7,0.003
2022-01-30:07,34,21,0.018,0.024,0.6,0.003
2022-01-30:06,32,21,0.019,0.023,0.6,0.003
2022-01-30:05,34,22,0.014,0.029,0.7,0.003
2022-01-30:04,30,21,0.017,0.026,0.7,0.003
2022-01-30:03,32,24,0.024,0.019,0.6,0.003
2022-01-30:02,33,22,0.028,0.015,0.6,0.003
2022-01-30:01,38,24,0.03,0.014,0.5,0.004
2022-01-29:24,35,22,0.029,0.015,0.5,0.004
2022-01-29:23,29,19,0.032,0.014,0.5,0.004
2022-01-29:22,30,19,0.028,0.02,0.5,0.004
2022-01-29:21,34,22,0.025,0.025,0.5,0.003
2022-01-29:20,30,17,0.03,0.019,0.5,0.004
2022-01-29:19,29,17,0.034,0.016,0.5,0.003
2022-01-29:18,28,15,0.036,0.014,0.4,0.004
2022-01-29:17,24,11,0.04,0.01,0.4,0.003
2022-01-29:16,24,13,0.041,0.008,0.3,0.003
2022-01-29:15,31,15,0.038,0.009,0.4,0.003
2022-01-29:14,26,16,0.036,0.011,0.4,0.004
2022-01-29:13,31,21,0.034,0.011,0.5,0.004
2022-01-29:12,29,19,0.03,0.014,0.5,0.005
2022-01-29:11,31,18,0.03,0.012,0.5,0.005
2022-01-29:10,24,14,0.029,0.011,0.5,0.004
2022-01-29:09,30,23,0.026,0.014,0.5,0.003
2022-01-29:08,30,22,0.025,0.015,0.5,0.004
2022-01-29:07,30,22,0.02,0.02,0.5,0.003
2022-01-29:06,29,21,0.02,0.021,0.5,0.003
2022-01-29:05,29,18,0.025,0.017,0.5,0.003
2022-01-29:04,28,18,0.03,0.011,0.4,0.003
2022-01-29:03,28,18,0.027,0.013,0.5,0.003
2022-01-29:02,27,17,0.03,0.011,0.4,0.003
2022-01-29:01,26,17,0.031,0.012,0.4,0.003
2022-01-28:24,21,13,0.032,0.012,0.4,0.003
2022-01-28:23,22,13,0.033,0.013,0.4,0.003
2022-01-28:22,25,16,0.035,0.012,0.4,0.003
2022-01-28:21,33,23,0.029,0.019,0.5,0.003
2022-01-28:20,35,24,0.021,0.028,0.5,0.003
2022-01-28:19,36,24,0.023,0.028,0.6,0.003
2022-01-28:18,36,24,0.034,0.018,0.5,0.003
2022-01-28:17,34,23,0.035,0.018,0.5,0.004
2022-01-28:16,37,25,0.037,0.015,0.5,0.004
2022-01-28:15,40,29,0.033,0.017,0.5,0.004
2022-01-28:14,37,25,0.032,0.018,0.5,0.004
2022-01-28:13,37,27,0.029,0.02,0.5,0.005
2022-01-28:12,34,22,0.029,0.018,0.5,0.004
2022-01-28:11,33,20,0.023,0.022,0.6,0.004
2022-01-28:10,28,15,0.019,0.025,0.6,0.004
2022-01-28:09,29,19,0.018,0.025,0.5,0.003
2022-01-28:08,29,18,0.018,0.024,0.5,0.003
2022-01-28:07,27,17,0.025,0.018,0.5,0.003
2022-01-28:06,27,16,0.029,0.013,0.4,0.003
2022-01-28:05,28,16,0.033,0.01,0.4,0.003
2022-01-28:04,31,19,0.034,0.01,0.4,0.003
2022-01-28:03,39,27,0.036,0.01,0.4,0.004
2022-01-28:02,39,28,0.032,0.013,0.5,0.004
2022-01-28:01,52,40,0.03,0.017,0.5,0.003
2022-01-27:24,57,45,0.029,0.019,0.6,0.003
2022-01-27:23,60,45,0.03,0.019,0.6,0.004
2022-01-27:22,60,44,0.028,0.023,0.6,0.004
2022-01-27:21,56,45,0.024,0.029,0.7,0.004
2022-01-27:20,61,46,0.023,0.034,0.7,0.004
2022-01-27:19,67,50,0.026,0.032,0.7,0.004
2022-01-27:18,65,47,0.033,0.025,0.7,0.004
2022-01-27:17,54,38,0.036,0.021,0.6,0.004
2022-01-27:16,51,39,0.038,0.02,0.5,0.004
2022-01-27:15,58,45,0.035,0.022,0.6,0.004
2022-01-27:14,69,53,0.032,0.023,0.7,0.004
2022-01-27:13,73,56,0.028,0.027,0.7,0.005
2022-01-27:12,74,58,0.019,0.036,0.9,0.005
2022-01-27:11,70,54,0.021,0.034,0.8,0.004
2022-01-27:10,60,46,0.013,0.041,0.9,0.004
2022-01-27:09,61,49,0.008,0.041,0.8,0.004
2022-01-27:08,56,44,0.009,0.037,0.7,0.003
2022-01-27:07,53,42,0.01,0.034,0.7,0.003
2022-01-27:06,52,42,0.015,0.029,0.7,0.003
2022-01-27:05,48,39,0.023,0.02,0.6,0.003
2022-01-27:04,48,39,0.022,0.021,0.6,0.003
2022-01-27:03,48,38,0.025,0.019,0.6,0.003
2022-01-27:02,49,35,0.024,0.02,0.6,0.003
2022-01-27:01,51,38,0.025,0.021,0.6,0.003
2022-01-26:24,45,34,0.024,0.023,0.6,0.004
2022-01-26:23,46,35,0.028,0.019,0.5,0.004
2022-01-26:22,53,42,0.021,0.029,0.6,0.004
2022-01-26:21,60,47,0.02,0.035,0.7,0.004
2022-01-26:20,60,46,0.023,0.034,0.7,0.004
2022-01-26:19,53,38,0.029,0.029,0.8,0.003
2022-01-26:18,53,40,0.033,0.024,0.6,0.004
2022-01-26:17,63,46,0.037,0.024,0.7,0.005
2022-01-26:16,64,52,0.04,0.023,0.7,0.005
2022-01-26:15,60,49,0.039,0.025,0.6,0.005
2022-01-26:14,57,47,0.036,0.024,0.7,0.004
2022-01-26:13,56,46,0.034,0.024,0.7,0.004
2022-01-26:12,53,44,0.038,0.018,0.7,0.005
2022-01-26:11,53,46,0.025,0.027,0.8,0.005
2022-01-26:10,58,45,0.009,0.043,0.9,0.003
2022-01-26:09,63,49,0.006,0.043,1,0.003
2022-01-26:08,64,49,0.003,0.045,1,0.003
2022-01-26:07,67,55,0.003,0.04,0.9,0.003
2022-01-26:06,65,53,0.008,0.033,0.9,0.003
2022-01-26:05,68,55,0.013,0.027,0.8,0.003
2022-01-26:04,68,52,0.02,0.021,0.8,0.003
2022-01-26:03,64,48,0.025,0.017,0.7,0.004
2022-01-26:02,54,43,0.018,0.025,0.7,0.003
2022-01-26:01,52,41,0.023,0.023,0.6,0.003
2022-01-25:24,48,39,0.029,0.02,0.6,0.003
2022-01-25:23,49,40,0.026,0.023,0.7,0.003
2022-01-25:22,51,39,0.024,0.025,0.7,0.003
2022-01-25:21,58,43,0.022,0.029,0.7,0.003
2022-01-25:20,51,38,0.024,0.029,0.7,0.003
2022-01-25:19,42,33,0.026,0.029,0.7,0.003
2022-01-25:18,40,31,0.018,0.034,0.6,0.004
2022-01-25:17,40,32,0.003,0.048,0.7,0.004
2022-01-25:16,37,27,0.003,0.046,0.7,0.004
2022-01-25:15,33,21,0.006,0.042,0.6,0.003
2022-01-25:14,27,18,0.005,0.042,0.6,0.004
2022-01-25:13,26,18,0.004,0.042,0.6,0.003
2022-01-25:12,25,16,0.004,0.043,0.5,0.003
2022-01-25:11,23,17,0.004,0.044,0.5,0.003
2022-01-25:10,21,15,0.004,0.042,0.5,0.003
2022-01-25:09,18,14,0.008,0.036,0.5,0.003
2022-01-25:08,14,11,0.011,0.034,0.4,0.003
2022-01-25:07,14,11,0.017,0.027,0.4,0.003
2022-01-25:06,14,9,0.023,0.021,0.4,0.003
2022-01-25:05,15,11,0.029,0.016,0.3,0.003
2022-01-25:04,14,10,0.033,0.014,0.3,0.003
2022-01-25:03,14,10,0.028,0.02,0.4,0.003
2022-01-25:02,14,10,0.023,0.025,0.4,0.004
2022-01-25:01,17,12,0.021,0.031,0.4,0.003
2022-01-24:24,14,10,0.026,0.025,0.4,0.003
2022-01-24:23,14,11,0.021,0.03,0.5,0.003
2022-01-24:22,15,10,0.02,0.033,0.4,0.003
2022-01-24:21,17,11,0.024,0.029,0.4,0.003
2022-01-24:20,19,14,0.022,0.034,0.5,0.004
2022-01-24:19,22,16,0.02,0.038,0.6,0.004
2022-01-24:18,17,12,0.028,0.03,0.5,0.004
2022-01-24:17,19,14,0.035,0.02,0.4,0.004
2022-01-24:16,20,13,0.034,0.02,0.4,0.004
2022-01-24:15,20,16,0.034,0.019,0.4,0.004
2022-01-24:14,20,12,0.036,0.017,0.4,0.004
2022-01-24:13,25,13,0.037,0.015,0.4,0.004
2022-01-24:12,21,12,0.037,0.015,0.4,0.004
2022-01-24:11,20,9,0.031,0.02,0.4,0.004
2022-01-24:10,13,6,0.019,0.034,0.5,0.004
2022-01-24:09,12,10,0.007,0.05,0.6,0.003
2022-01-24:08,11,10,0.006,0.051,0.6,0.003
2022-01-24:07,13,11,0.013,0.038,0.5,0.003
2022-01-24:06,17,14,0.016,0.036,0.6,0.003
2022-01-24:05,21,19,0.011,0.044,0.7,0.003
2022-01-24:04,28,24,0.014,0.04,0.7,0.004
2022-01-24:03,36,31,0.013,0.042,0.8,0.004
2022-01-24:02,44,37,0.016,0.039,0.8,0.004
2022-01-24:01,57,47,0.013,0.044,0.8,0.004
2022-01-23:24,65,55,0.008,0.051,1,0.004
2022-01-23:23,75,62,0.017,0.042,0.9,0.004
2022-01-23:22,79,63,0.006,0.058,1.1,0.003
2022-01-23:21,88,74,0.018,0.042,1,0.004
2022-01-23:20,83,68,0.029,0.031,0.9,0.004
2022-01-23:19,79,65,0.034,0.028,0.9,0.004
2022-01-23:18,80,65,0.038,0.026,0.8,0.004
2022-01-23:17,74,60,0.037,0.028,0.8,0.005
2022-01-23:16,72,61,0.035,0.029,0.8,0.005
2022-01-23:15,63,58,0.039,0.024,0.8,0.005
2022-01-23:14,63,54,0.037,0.022,0.7,0.005
2022-01-23:13,57,51,0.026,0.029,0.8,0.005
2022-01-23:12,58,49,0.014,0.041,0.8,0.005
2022-01-23:11,57,47,0.008,0.051,1,0.004
2022-01-23:10,51,42,0.008,0.046,0.9,0.004
2022-01-23:09,51,42,0.01,0.04,0.7,0.004
2022-01-23:08,49,39,0.007,0.042,0.7,0.004
2022-01-23:07,49,40,0.01,0.038,0.7,0.004
2022-01-23:06,47,38,0.009,0.041,0.7,0.004
2022-01-23:05,45,42,0.008,0.044,0.8,0.005
2022-01-23:04,43,39,0.006,0.049,0.7,0.004
2022-01-23:03,41,36,0.013,0.038,0.7,0.005
2022-01-23:02,40,34,0.012,0.041,0.6,0.004
2022-01-23:01,42,34,0.01,0.044,0.6,0.005
2022-01-22:24,45,40,0.005,0.052,0.7,0.004
2022-01-22:23,56,46,0.002,0.061,1,0.005
2022-01-22:22,54,44,0.002,0.06,1,0.005
2022-01-22:21,56,44,0.002,0.061,0.9,0.005
2022-01-22:20,53,43,0.003,0.058,0.8,0.005
2022-01-22:19,70,57,0.004,0.058,0.8,0.006
2022-01-22:18,70,59,0.003,0.067,0.9,0.006
2022-01-22:17,66,61,0.008,0.062,0.8,0.005
2022-01-22:16,61,52,0.012,0.055,0.8,0.005
2022-01-22:15,60,51,0.01,0.054,0.9,0.006
2022-01-22:14,49,39,0.012,0.05,0.9,0.005
2022-01-22:13,43,35,0.011,0.045,0.8,0.005
2022-01-22:12,43,33,0.009,0.045,0.8,0.004
2022-01-22:11,47,37,0.006,0.049,0.8,0.005
2022-01-22:10,43,37,0.004,0.054,1,0.004
2022-01-22:09,44,39,0.003,0.056,1,0.004
2022-01-22:08,40,36,0.002,0.055,1,0.004
2022-01-22:07,44,37,0.002,0.054,1,0.004
2022-01-22:06,42,37,0.002,0.055,1.1,0.005
2022-01-22:05,44,37,0.002,0.057,1.1,0.004
2022-01-22:04,41,35,0.002,0.061,1.2,0.005
2022-01-22:03,44,34,0.002,0.063,1.3,0.005
2022-01-22:02,41,32,0.002,0.067,1.2,0.005
2022-01-22:01,42,36,0.002,0.069,1.2,0.004
2022-01-21:24,40,32,0.002,0.072,1.3,0.005
2022-01-21:23,43,36,0.002,0.068,1.2,0.005
2022-01-21:22,44,35,0.002,0.072,1.4,0.005
2022-01-21:21,47,39,0.002,0.062,1.2,0.004
2022-01-21:20,45,36,0.002,0.064,1.4,0.005
2022-01-21:19,40,31,0.003,0.061,1,0.004
2022-01-21:18,40,30,0.009,0.049,0.7,0.004
2022-01-21:17,36,23,0.018,0.04,0.5,0.003
2022-01-21:16,29,24,0.024,0.03,0.5,0.004
2022-01-21:15,28,23,0.026,0.028,0.5,0.004
2022-01-21:14,27,22,0.025,0.027,0.5,0.004
2022-01-21:13,34,28,0.02,0.03,0.6,0.004
2022-01-21:12,36,27,0.015,0.036,0.6,0.004
2022-01-21:11,38,29,0.01,0.043,0.7,0.004
2022-01-21:10,33,26,0.01,0.041,0.8,0.003
2022-01-21:09,38,32,0.003,0.056,1,0.004
2022-01-21:08,39,33,0.002,0.053,0.9,0.003
2022-01-21:07,34,32,0.002,0.049,0.8,0.003
2022-01-21:06,34,29,0.003,0.047,0.8,0.003
2022-01-21:05,33,25,0.003,0.046,0.7,0.003
2022-01-21:04,32,26,0.004,0.047,0.7,0.004
2022-01-21:03,32,24,0.013,0.039,0.7,0.003
2022-01-21:02,27,22,0.012,0.04,0.6,0.003
2022-01-21:01,29,24,0.008,0.047,0.7,0.003
2022-01-20:24,27,24,0.005,0.05,0.7,0.003
2022-01-20:23,28,25,0.003,0.054,0.8,0.004
2022-01-20:22,28,25,0.01,0.043,0.8,0.004
2022-01-20:21,36,31,0.021,0.03,0.6,0.003
2022-01-20:20,34,29,0.022,0.028,0.6,0.003
2022-01-20:19,29,28,0.022,0.029,0.6,0.004
2022-01-20:18,36,31,0.022,0.031,0.6,0.004
2022-01-20:17,41,30,0.022,0.031,0.6,0.004
2022-01-20:16,43,37,0.017,0.036,0.6,0.004
2022-01-20:15,38,32,0.014,0.041,0.7,0.004
2022-01-20:14,29,23,0.023,0.028,0.6,0.004
2022-01-20:13,37,31,0.022,0.028,0.6,0.004
2022-01-20:12,43,34,0.017,0.033,0.7,0.004
2022-01-20:11,52,41,0.012,0.039,0.8,0.004
2022-01-20:10,45,38,0.007,0.045,1,0.004
2022-01-20:09,50,41,0.004,0.047,0.9,0.003
2022-01-20:08,45,37,0.003,0.045,0.8,0.003
2022-01-20:07,45,33,0.007,0.038,0.7,0.003
2022-01-20:06,39,31,0.008,0.037,0.7,0.003
2022-01-20:05,40,30,0.01,0.035,0.7,0.003
2022-01-20:04,39,32,0.011,0.032,0.7,0.003
2022-01-20:03,40,34,0.02,0.023,0.7,0.003
2022-01-20:02,43,36,0.023,0.021,0.6,0.003
2022-01-20:01,45,38,0.025,0.019,0.6,0.003
2022-01-19:24,45,41,0.025,0.021,0.6,0.003
2022-01-19:23,52,45,0.027,0.017,0.6,0.003
2022-01-19:22,56,47,0.027,0.02,0.6,0.003
2022-01-19:21,61,49,0.03,0.017,0.6,0.003
2022-01-19:20,56,47,0.029,0.02,0.7,0.003
2022-01-19:19,42,36,0.03,0.02,0.7,0.003
2022-01-19:18,48,41,0.013,0.037,0.7,0.004
2022-01-19:17,58,50,0.005,0.049,0.8,0.003
2022-01-19:16,52,45,0.004,0.052,0.9,0.004
2022-01-19:15,54,45,0.005,0.052,0.8,0.004
2022-01-19:14,51,40,0.005,0.051,0.8,0.003
2022-01-19:13,46,34,0.004,0.049,0.8,0.004
2022-01-19:12,43,32,0.005,0.05,0.8,0.004
2022-01-19:11,42,30,0.003,0.056,0.9,0.004
2022-01-19:10,44,33,0.003,0.055,1,0.005
2022-01-19:09,44,34,0.002,0.055,1,0.004
2022-01-19:08,39,31,0.002,0.05,0.8,0.004
2022-01-19:07,38,30,0.003,0.044,0.7,0.004
2022-01-19:06,38,29,0.004,0.042,0.7,0.004
2022-01-19:05,38,30,0.002,0.053,0.9,0.004
2022-01-19:04,32,25,0.003,0.049,0.8,0.004
2022-01-19:03,32,24,0.016,0.027,0.6,0.003
2022-01-19:02,31,23,0.024,0.019,0.5,0.003
2022-01-19:01,36,26,0.019,0.025,0.5,0.003
2022-01-18:24,38,29,0.008,0.039,0.6,0.003
2022-01-18:23,41,31,0.004,0.044,0.6,0.003
2022-01-18:22,41,31,0.003,0.047,0.7,0.004
2022-01-18:21,43,31,0.007,0.042,0.6,0.003
2022-01-18:20,39,26,0.01,0.039,0.7,0.004
2022-01-18:19,39,25,0.019,0.029,0.6,0.003
2022-01-18:18,41,25,0.023,0.024,0.5,0.004
2022-01-18:17,36,21,0.025,0.022,0.5,0.003
2022-01-18:16,35,24,0.027,0.02,0.5,0.003
2022-01-18:15,34,25,0.028,0.019,0.5,0.004
2022-01-18:14,29,19,0.027,0.017,0.5,0.004
2022-01-18:13,35,21,0.025,0.018,0.5,0.003
2022-01-18:12,33,21,0.022,0.02,0.6,0.004
2022-01-18:11,34,23,0.024,0.017,0.5,0.004
2022-01-18:10,31,19,0.017,0.022,0.6,0.004
2022-01-18:09,34,21,0.01,0.028,0.6,0.004
2022-01-18:08,35,21,0.012,0.024,0.5,0.004
2022-01-18:07,35,20,0.015,0.021,0.5,0.004
2022-01-18:06,33,18,0.014,0.023,0.5,0.004
2022-01-18:05,39,20,0.022,0.014,0.5,0.004
2022-01-18:04,35,19,0.025,0.012,0.5,0.003
2022-01-18:03,36,18,0.029,0.009,0.5,0.004
2022-01-18:02,34,17,0.028,0.01,0.5,0.004
2022-01-18:01,36,23,0.026,0.013,0.5,0.004
2022-01-17:24,33,20,0.025,0.015,0.5,0.004
2022-01-17:23,35,20,0.026,0.015,0.5,0.004
2022-01-17:22,31,18,0.028,0.014,0.5,0.004
2022-01-17:21,28,14,0.029,0.014,0.5,0.003
2022-01-17:20,24,18,0.028,0.017,0.5,0.003
2022-01-17:19,24,19,0.025,0.018,0.5,0.004
2022-01-17:18,24,18,0.02,0.025,0.5,0.003
2022-01-17:17,25,16,0.018,0.027,0.5,0.003
2022-01-17:16,27,16,0.019,0.028,0.5,0.003
2022-01-17:15,,,0.022,0.022,0.4,0.004
2022-01-17:14,,,,,,
2022-01-17:13,,,,,,
2022-01-17:12,26,15,0.018,0.028,0.5,0.004
2022-01-17:11,24,13,0.018,0.027,0.5,0.004
2022-01-17:10,23,12,0.012,0.034,0.6,0.003
2022-01-17:09,26,17,0.003,0.05,0.9,0.003
2022-01-17:08,22,13,0.002,0.045,0.7,0.004
2022-01-17:07,17,11,0.009,0.032,0.6,0.003
2022-01-17:06,25,15,0.021,0.018,0.5,0.003
2022-01-17:05,20,14,0.027,0.012,0.4,0.003
2022-01-17:04,20,12,0.027,0.012,0.4,0.003
2022-01-17:03,21,12,0.025,0.014,0.4,0.003
2022-01-17:02,21,12,0.026,0.013,0.4,0.003
2022-01-17:01,22,11,0.029,0.011,0.4,0.003
2022-01-16:24,19,11,0.03,0.011,0.4,0.003
2022-01-16:23,18,11,0.029,0.011,0.4,0.003
2022-01-16:22,17,9,0.028,0.014,0.4,0.003
2022-01-16:21,20,9,0.028,0.015,0.4,0.003
2022-01-16:20,27,11,0.027,0.017,0.4,0.003
2022-01-16:19,30,13,0.025,0.019,0.4,0.003
2022-01-16:18,30,14,0.029,0.016,0.4,0.003
2022-01-16:17,35,14,0.032,0.014,0.4,0.004
2022-01-16:16,32,17,0.033,0.013,0.4,0.003
2022-01-16:15,31,18,0.035,0.01,0.4,0.003
2022-01-16:14,36,23,0.034,0.01,0.4,0.003
2022-01-16:13,41,26,0.031,0.011,0.4,0.003
2022-01-16:12,45,32,0.027,0.013,0.5,0.003
2022-01-16:11,47,35,0.024,0.013,0.5,0.004
2022-01-16:10,55,37,0.02,0.012,0.6,0.003
2022-01-16:09,75,62,0.014,0.018,0.7,0.003
2022-01-16:08,81,63,0.01,0.023,0.8,0.003
2022-01-16:07,72,55,0.01,0.025,0.7,0.003
2022-01-16:06,68,51,0.009,0.027,0.6,0.003
2022-01-16:05,62,45,0.016,0.021,0.5,0.003
2022-01-16:04,48,34,0.011,0.032,0.6,0.004
2022-01-16:03,46,33,0.006,0.039,0.7,0.004
2022-01-16:02,42,33,0.002,0.059,1.2,0.004
2022-01-16:01,45,33,0.002,0.062,1.2,0.004
2022-01-15:24,44,32,0.002,0.061,1.1,0.005
2022-01-15:23,49,37,0.002,0.062,1.1,0.005
2022-01-15:22,43,32,0.002,0.057,1,0.005
2022-01-15:21,43,30,0.002,0.054,0.9,0.005
2022-01-15:20,42,30,0.002,0.053,0.8,0.004
2022-01-15:19,49,34,0.002,0.054,0.8,0.005
2022-01-15:18,51,34,0.002,0.053,0.8,0.004
2022-01-15:17,54,34,0.003,0.052,0.8,0.004
2022-01-15:16,50,33,0.004,0.052,0.8,0.005
2022-01-15:15,54,37,0.004,0.051,0.8,0.005
2022-01-15:14,48,34,0.005,0.05,0.8,0.004
2022-01-15:13,53,38,0.006,0.047,0.8,0.005
2022-01-15:12,47,29,0.007,0.048,0.8,0.005
2022-01-15:11,49,31,0.005,0.05,0.9,0.005
2022-01-15:10,38,25,0.005,0.045,0.8,0.004
2022-01-15:09,37,24,0.003,0.047,0.8,0.004
2022-01-15:08,36,26,0.002,0.046,0.7,0.004
2022-01-15:07,38,31,0.002,0.045,0.7,0.004
2022-01-15:06,38,27,0.002,0.049,0.9,0.004
2022-01-15:05,42,26,0.002,0.051,0.9,0.004
2022-01-15:04,37,26,0.002,0.053,0.9,0.004
2022-01-15:03,38,26,0.002,0.051,0.8,0.004
2022-01-15:02,40,24,0.002,0.052,0.8,0.004
2022-01-15:01,35,24,0.003,0.053,0.9,0.004
2022-01-14:24,34,22,0.01,0.035,0.5,0.003
2022-01-14:23,37,26,0.012,0.033,0.5,0.004
2022-01-14:22,42,26,0.005,0.042,0.6,0.004
2022-01-14:21,43,26,0.002,0.049,0.6,0.004
2022-01-14:20,43,26,0.003,0.05,0.8,0.004
2022-01-14:19,43,26,0.002,0.049,0.8,0.004
2022-01-14:18,38,25,0.006,0.043,0.6,0.004
2022-01-14:17,43,22,0.013,0.034,0.5,0.004
2022-01-14:16,26,15,0.016,0.029,0.5,0.004
2022-01-14:15,36,24,0.018,0.027,0.5,0.004
2022-01-14:14,30,18,0.014,0.03,0.6,0.005
2022-01-14:13,38,23,0.012,0.035,0.7,0.005
2022-01-14:12,32,18,0.013,0.032,0.7,0.004
2022-01-14:11,24,13,0.015,0.024,0.6,0.004
2022-01-14:10,18,8,0.016,0.02,0.5,0.004
2022-01-14:09,29,13,0.008,0.028,0.6,0.004
2022-01-14:08,24,13,0.007,0.028,0.5,0.004
2022-01-14:07,22,11,0.006,0.029,0.5,0.004
2022-01-14:06,25,14,0.011,0.025,0.5,0.004
2022-01-14:05,20,13,0.019,0.015,0.5,0.003
2022-01-14:04,24,13,0.022,0.014,0.4,0.004
2022-01-14:03,24,15,0.023,0.012,0.4,0.004
2022-01-14:02,25,14,0.021,0.015,0.4,0.003
2022-01-14:01,28,15,0.021,0.015,0.4,0.003
2022-01-13:24,23,12,0.02,0.017,0.4,0.003
2022-01-13:23,26,14,0.022,0.015,0.4,0.003
2022-01-13:22,30,16,0.021,0.016,0.5,0.004
2022-01-13:21,29,13,0.023,0.015,0.4,0.003
2022-01-13:20,39,16,0.022,0.016,0.5,0.004
2022-01-13:19,46,13,0.024,0.015,0.5,0.003
2022-01-13:18,44,12,0.025,0.015,0.4,0.004
2022-01-13:17,43,10,0.027,0.013,0.4,0.003
2022-01-13:16,42,11,0.029,0.012,0.4,0.003
2022-01-13:15,45,10,0.029,0.012,0.4,0.004
2022-01-13:14,48,13,0.029,0.011,0.4,0.004
2022-01-13:13,52,20,0.027,0.012,0.5,0.004
2022-01-13:12,46,20,0.025,0.014,0.6,0.004
2022-01-13:11,33,20,0.023,0.016,0.5,0.004
2022-01-13:10,31,18,0.017,0.021,0.5,0.004
2022-01-13:09,29,23,0.018,0.02,0.5,0.004
2022-01-13:08,32,22,0.015,0.023,0.5,0.003
2022-01-13:07,24,17,0.022,0.018,0.5,0.004
2022-01-13:06,19,14,0.024,0.016,0.4,0.003
2022-01-13:05,20,14,0.028,0.013,0.4,0.004
2022-01-13:04,15,11,0.029,0.011,0.4,0.003
2022-01-13:03,22,12,0.029,0.011,0.4,0.003
2022-01-13:02,19,13,0.029,0.012,0.4,0.003
2022-01-13:01,21,14,0.026,0.015,0.4,0.004
2022-01-12:24,25,17,0.02,0.022,0.5,0.003
2022-01-12:23,24,20,0.017,0.026,0.5,0.003
2022-01-12:22,24,17,0.02,0.023,0.5,0.003
2022-01-12:21,26,18,0.019,0.025,0.5,0.003
2022-01-12:20,30,21,0.017,0.028,0.5,0.003
2022-01-12:19,41,29,0.018,0.028,0.5,0.003
2022-01-12:18,42,30,0.022,0.023,0.6,0.003
2022-01-12:17,30,19,0.027,0.018,0.5,0.003
2022-01-12:16,28,20,0.029,0.016,0.5,0.004
2022-01-12:15,25,17,0.028,0.016,0.5,0.003
2022-01-12:14,20,12,0.025,0.016,0.5,0.003
2022-01-12:13,36,24,0.024,0.016,0.5,0.003
2022-01-12:12,26,17,0.019,0.019,0.5,0.004
2022-01-12:11,21,15,0.02,0.016,0.4,0.004
2022-01-12:10,22,13,0.019,0.017,0.4,0.004
2022-01-12:09,30,18,0.011,0.025,0.5,0.004
2022-01-12:08,31,21,0.009,0.026,0.5,0.004
2022-01-12:07,30,19,0.013,0.021,0.4,0.003
2022-01-12:06,25,18,0.01,0.026,0.4,0.003
2022-01-12:05,28,21,0.019,0.014,0.4,0.003
2022-01-12:04,26,17,0.021,0.013,0.4,0.003
2022-01-12:03,26,17,0.022,0.013,0.4,0.003
2022-01-12:02,24,17,0.021,0.014,0.4,0.003
2022-01-12:01,29,21,0.024,0.013,0.4,0.003
2022-01-11:24,28,20,0.023,0.014,0.4,0.003
2022-01-11:23,31,20,0.022,0.015,0.4,0.003
2022-01-11:22,27,18,0.023,0.014,0.5,0.003
2022-01-11:21,28,17,0.024,0.015,0.4,0.003
2022-01-11:20,26,16,0.024,0.016,0.4,0.003
2022-01-11:19,23,14,0.023,0.018,0.4,0.003
2022-01-11:18,24,15,0.021,0.019,0.5,0.003
2022-01-11:17,23,12,0.026,0.015,0.4,0.003
2022-01-11:16,23,16,0.028,0.014,0.4,0.003
2022-01-11:15,27,16,0.029,0.013,0.4,0.003
2022-01-11:14,24,13,0.027,0.013,0.4,0.003
2022-01-11:13,28,18,0.026,0.013,0.4,0.004
2022-01-11:12,28,16,0.024,0.013,0.4,0.003
2022-01-11:11,27,15,0.019,0.017,0.4,0.003
2022-01-11:10,26,17,0.019,0.016,0.4,0.003
2022-01-11:09,29,19,0.018,0.017,0.5,0.003
2022-01-11:08,34,23,0.017,0.019,0.4,0.003
2022-01-11:07,36,24,0.019,0.017,0.4,0.003
2022-01-11:06,36,25,0.023,0.013,0.4,0.003
2022-01-11:05,39,27,0.026,0.012,0.4,0.003
2022-01-11:04,45,37,0.027,0.011,0.5,0.003
2022-01-11:03,49,41,0.029,0.011,0.6,0.003
2022-01-11:02,46,40,0.033,0.01,0.6,0.003
2022-01-11:01,45,38,0.026,0.018,0.7,0.004
2022-01-10:24,42,33,0.013,0.036,0.6,0.003
2022-01-10:23,34,28,0.03,0.021,0.5,0.004
2022-01-10:22,32,24,0.032,0.021,0.5,0.004
2022-01-10:21,26,20,0.031,0.021,0.5,0.003
2022-01-10:20,62,51,0.027,0.027,0.5,0.004
2022-01-10:19,93,79,0.006,0.052,0.9,0.004
2022-01-10:18,86,71,0.007,0.054,0.9,0.004
2022-01-10:17,68,54,0.01,0.051,0.8,0.004
2022-01-10:16,54,43,0.017,0.039,0.6,0.004
2022-01-10:15,90,75,0.015,0.049,0.8,0.004
2022-01-10:14,106,96,0.01,0.061,1.1,0.005
2022-01-10:13,124,109,0.009,0.061,1.3,0.005
2022-01-10:12,123,106,0.009,0.055,1.3,0.005
2022-01-10:11,120,104,0.007,0.049,1.2,0.005
2022-01-10:10,103,93,0.004,0.053,1.3,0.004
2022-01-10:09,107,92,0.003,0.056,1.4,0.004
2022-01-10:08,98,86,0.002,0.053,1.2,0.004
2022-01-10:07,100,89,0.002,0.051,1.2,0.003
2022-01-10:06,94,83,0.002,0.05,1.2,0.003
2022-01-10:05,97,87,0.002,0.054,1.2,0.003
2022-01-10:04,94,80,0.002,0.058,1.3,0.004
2022-01-10:03,98,85,0.002,0.06,1.3,0.004
2022-01-10:02,90,79,0.002,0.059,1.3,0.004
2022-01-10:01,87,81,0.002,0.057,1.2,0.004
2022-01-09:24,88,76,0.002,0.058,1.3,0.003
2022-01-09:23,88,79,0.008,0.047,1.2,0.003
2022-01-09:22,82,74,0.008,0.048,1.1,0.003
2022-01-09:21,84,77,0.02,0.035,0.9,0.003
2022-01-09:20,88,76,0.03,0.025,0.8,0.003
2022-01-09:19,90,78,0.028,0.029,0.8,0.004
2022-01-09:18,97,84,0.034,0.025,0.8,0.004
2022-01-09:17,112,97,0.033,0.026,0.8,0.004
2022-01-09:16,110,99,0.028,0.029,0.9,0.005
2022-01-09:15,120,107,0.028,0.027,0.9,0.004
2022-01-09:14,128,113,0.022,0.029,1,0.004
2022-01-09:13,123,107,0.021,0.028,1,0.004
2022-01-09:12,122,106,0.028,0.019,0.9,0.004
2022-01-09:11,140,121,0.01,0.032,1.1,0.004
2022-01-09:10,134,119,0.005,0.034,1.1,0.003
2022-01-09:09,138,115,0.004,0.033,1.1,0.003
2022-01-09:08,133,111,0.009,0.027,1,0.003
2022-01-09:07,134,115,0.013,0.023,1,0.003
2022-01-09:06,128,109,0.021,0.015,0.9,0.003
2022-01-09:05,139,121,0.021,0.016,0.9,0.003
2022-01-09:04,133,113,0.021,0.018,0.9,0.003
2022-01-09:03,140,120,0.026,0.015,0.8,0.003
2022-01-09:02,139,113,0.028,0.016,0.8,0.004
2022-01-09:01,128,104,0.025,0.024,0.8,0.004
2022-01-08:24,120,98,0.012,0.04,0.9,0.004
2022-01-08:23,111,91,0.007,0.045,0.9,0.004
2022-01-08:22,106,88,0.008,0.043,0.9,0.004
2022-01-08:21,101,84,0.011,0.041,0.8,0.003
2022-01-08:20,90,72,0.013,0.04,0.8,0.004
2022-01-08:19,67,51,0.01,0.045,0.8,0.003
2022-01-08:18,45,32,0.018,0.034,0.6,0.004
2022-01-08:17,50,33,0.017,0.035,0.6,0.004
2022-01-08:16,55,39,0.01,0.045,0.7,0.004
2022-01-08:15,58,44,0.006,0.055,0.8,0.005
2022-01-08:14,52,41,0.005,0.056,0.9,0.005
2022-01-08:13,62,50,0.006,0.06,1,0.006
2022-01-08:12,63,49,0.005,0.064,1.1,0.005
2022-01-08:11,58,47,0.004,0.064,1.1,0.005
2022-01-08:10,48,37,0.003,0.062,1.1,0.005
2022-01-08:09,49,38,0.003,0.057,1,0.005
2022-01-08:08,41,32,0.002,0.055,1,0.004
2022-01-08:07,43,33,0.002,0.055,1,0.004
2022-01-08:06,43,34,0.002,0.057,1.1,0.005
2022-01-08:05,46,37,0.002,0.062,1.2,0.005
2022-01-08:04,43,31,0.002,0.064,1.2,0.005
2022-01-08:03,44,32,0.002,0.066,1.2,0.005
2022-01-08:02,41,30,0.002,0.066,1.2,0.005
2022-01-08:01,41,29,0.002,0.065,1.2,0.005
2022-01-07:24,39,29,0.002,0.061,1.1,0.005
2022-01-07:23,39,27,0.004,0.051,0.9,0.004
2022-01-07:22,36,28,0.009,0.043,0.7,0.004
2022-01-07:21,42,29,0.009,0.044,0.7,0.004
2022-01-07:20,53,35,0.011,0.045,0.6,0.005
2022-01-07:19,49,35,0.011,0.049,0.7,0.004
2022-01-07:18,44,29,0.021,0.038,0.6,0.004
2022-01-07:17,43,28,0.026,0.03,0.5,0.004
2022-01-07:16,43,33,0.021,0.035,0.6,0.004
2022-01-07:15,48,34,0.023,0.032,0.6,0.005
2022-01-07:14,,,,,,
2022-01-07:13,,,,,,
2022-01-07:12,,,,,,
2022-01-07:11,,,,,,
2022-01-07:10,,,,,,
2022-01-07:09,,,,,,
2022-01-07:08,,,,,,
2022-01-07:07,,,,,,
2022-01-07:06,60,50,0.004,0.046,1,0.005
2022-01-07:05,63,51,0.011,0.038,0.9,0.005
2022-01-07:04,62,49,0.013,0.035,0.9,0.005
2022-01-07:03,61,48,0.013,0.036,0.9,0.005
2022-01-07:02,54,40,0.004,0.049,1,0.005
2022-01-07:01,54,42,0.002,0.049,1.1,0.004
2022-01-06:24,54,40,0.004,0.043,0.9,0.004
2022-01-06:23,55,41,0.011,0.037,0.8,0.004
2022-01-06:22,51,37,0.02,0.027,0.7,0.005
2022-01-06:21,53,33,0.016,0.032,0.7,0.004
2022-01-06:20,49,32,0.009,0.044,0.7,0.004
2022-01-06:19,47,29,0.013,0.039,0.8,0.004
2022-01-06:18,44,29,0.025,0.026,0.6,0.004
2022-01-06:17,49,30,0.029,0.023,0.6,0.004
2022-01-06:16,44,31,0.032,0.018,0.5,0.005
2022-01-06:15,48,35,0.033,0.018,0.5,0.005
2022-01-06:14,53,39,0.027,0.025,0.6,0.005
2022-01-06:13,49,38,0.02,0.029,0.7,0.006
2022-01-06:12,52,39,0.017,0.031,0.7,0.005
2022-01-06:11,50,39,0.011,0.039,0.9,0.005
2022-01-06:10,46,36,0.006,0.041,1,0.005
2022-01-06:09,46,37,0.003,0.042,0.9,0.004
2022-01-06:08,40,34,0.002,0.041,0.8,0.003
2022-01-06:07,40,34,0.002,0.041,0.8,0.003
2022-01-06:06,40,35,0.002,0.042,0.8,0.003
2022-01-06:05,45,40,0.002,0.043,0.9,0.003
2022-01-06:04,44,36,0.002,0.048,0.9,0.004
2022-01-06:03,46,38,0.002,0.043,0.9,0.004
2022-01-06:02,47,37,0.002,0.044,0.9,0.004
2022-01-06:01,52,45,0.002,0.048,0.9,0.004
2022-01-05:24,52,39,0.002,0.048,0.9,0.004
2022-01-05:23,57,38,0.002,0.047,0.9,0.005
2022-01-05:22,56,40,0.002,0.049,0.9,0.004
2022-01-05:21,61,51,0.002,0.052,1.1,0.005
2022-01-05:20,64,47,0.002,0.056,1.2,0.005
2022-01-05:19,63,46,0.002,0.055,1.2,0.005
2022-01-05:18,48,35,0.003,0.05,0.9,0.004
2022-01-05:17,47,36,0.005,0.046,0.7,0.004
2022-01-05:16,44,33,0.009,0.043,0.7,0.004
2022-01-05:15,43,31,0.012,0.036,0.7,0.004
2022-01-05:14,42,30,0.013,0.034,0.6,0.004
2022-01-05:13,48,37,0.01,0.039,0.8,0.004
2022-01-05:12,47,34,0.007,0.044,0.9,0.005
2022-01-05:11,48,36,0.007,0.041,0.9,0.005
2022-01-05:10,44,30,0.005,0.045,1,0.005
2022-01-05:09,45,32,0.003,0.046,0.8,0.004
2022-01-05:08,43,31,0.002,0.043,0.8,0.004
2022-01-05:07,43,31,0.004,0.04,0.7,0.004
2022-01-05:06,40,29,0.011,0.031,0.6,0.004
2022-01-05:05,39,28,0.012,0.029,0.6,0.004
2022-01-05:04,40,29,0.011,0.031,0.6,0.004
2022-01-05:03,42,27,0.01,0.033,0.7,0.004
2022-01-05:02,35,23,0.014,0.03,0.6,0.005
2022-01-05:01,38,23,0.01,0.034,0.6,0.004
2022-01-04:24,33,21,0.02,0.025,0.6,0.004
2022-01-04:23,35,20,0.012,0.032,0.6,0.004
2022-01-04:22,33,18,0.008,0.032,0.6,0.004
2022-01-04:21,28,14,0.015,0.025,0.5,0.003
2022-01-04:20,28,16,0.018,0.024,0.5,0.004
2022-01-04:19,29,18,0.015,0.031,0.5,0.004
2022-01-04:18,31,19,0.019,0.025,0.5,0.004
2022-01-04:17,37,20,0.024,0.021,0.5,0.004
2022-01-04:16,40,27,0.026,0.02,0.5,0.004
2022-01-04:15,46,31,0.026,0.019,0.6,0.004
2022-01-04:14,47,33,0.024,0.021,0.6,0.005
2022-01-04:13,44,32,0.023,0.019,0.6,0.004
2022-01-04:12,40,28,0.021,0.02,0.6,0.004
2022-01-04:11,38,26,0.02,0.019,0.6,0.004
2022-01-04:10,37,26,0.014,0.023,0.6,0.004
2022-01-04:09,37,30,0.009,0.028,0.6,0.004
2022-01-04:08,35,25,0.014,0.023,0.6,0.003
2022-01-04:07,33,24,0.016,0.02,0.5,0.003
2022-01-04:06,29,21,0.018,0.017,0.5,0.003
2022-01-04:05,31,23,0.02,0.015,0.5,0.003
2022-01-04:04,30,21,0.016,0.02,0.4,0.003
2022-01-04:03,28,20,0.012,0.025,0.5,0.003
2022-01-04:02,25,16,0.01,0.03,0.5,0.003
2022-01-04:01,25,18,0.002,0.043,0.5,0.003
2022-01-03:24,21,14,0.002,0.043,0.5,0.003
2022-01-03:23,21,15,0.003,0.041,0.5,0.004
2022-01-03:22,19,13,0.005,0.039,0.5,0.004
2022-01-03:21,20,16,0.004,0.043,0.6,0.003
2022-01-03:20,22,15,0.007,0.039,0.6,0.004
2022-01-03:19,27,15,0.006,0.039,0.5,0.004
2022-01-03:18,,,0.004,0.043,0.5,0.004
2022-01-03:17,,,,,,
2022-01-03:16,,,,,,
2022-01-03:15,32,20,0.015,0.036,0.5,0.004
2022-01-03:14,28,15,0.016,0.034,0.5,0.004
2022-01-03:13,33,18,0.012,0.039,0.7,0.003
2022-01-03:12,32,21,0.008,0.045,0.7,0.004
2022-01-03:11,37,23,0.005,0.051,0.9,0.004
2022-01-03:10,25,13,0.005,0.049,0.9,0.004
2022-01-03:09,28,14,0.003,0.047,0.8,0.003
2022-01-03:08,21,14,0.003,0.046,0.7,0.003
2022-01-03:07,22,13,0.005,0.039,0.5,0.003
2022-01-03:06,18,13,0.008,0.036,0.6,0.003
2022-01-03:05,23,16,0.01,0.03,0.6,0.003
2022-01-03:04,20,14,0.013,0.026,0.6,0.003
2022-01-03:03,22,15,0.016,0.024,0.5,0.003
2022-01-03:02,22,15,0.018,0.023,0.5,0.003
2022-01-03:01,22,17,0.017,0.025,0.5,0.003
2022-01-02:24,25,18,0.018,0.025,0.5,0.003
2022-01-02:23,27,18,0.016,0.027,0.5,0.003
2022-01-02:22,27,19,0.023,0.021,0.5,0.003
2022-01-02:21,26,18,0.028,0.017,0.5,0.003
2022-01-02:20,24,15,0.025,0.02,0.5,0.003
2022-01-02:19,25,17,0.03,0.017,0.4,0.003
2022-01-02:18,31,24,0.032,0.017,0.4,0.003
2022-01-02:17,33,24,0.035,0.014,0.4,0.004
2022-01-02:16,34,27,0.036,0.013,0.5,0.004
2022-01-02:15,43,33,0.037,0.012,0.5,0.004
2022-01-02:14,55,43,0.031,0.014,0.5,0.004
2022-01-02:13,58,46,0.027,0.016,0.6,0.004
2022-01-02:12,56,45,0.022,0.017,0.6,0.003
2022-01-02:11,42,30,0.012,0.031,0.6,0.003
2022-01-02:10,34,24,0.006,0.039,0.6,0.003
2022-01-02:09,35,22,0.003,0.042,0.6,0.003
2022-01-02:08,33,22,0.002,0.042,0.6,0.003
2022-01-02:07,33,26,0.004,0.041,0.5,0.003
2022-01-02:06,32,23,0.005,0.037,0.5,0.004
2022-01-02:05,33,25,0.005,0.039,0.5,0.003
2022-01-02:04,33,24,0.002,0.046,0.6,0.004
2022-01-02:03,35,26,0.002,0.052,0.8,0.004
2022-01-02:02,34,23,0.002,0.052,0.8,0.004
2022-01-02:01,38,24,0.002,0.052,0.8,0.004
2022-01-01:24,42,26,0.002,0.064,1.2,0.005
2022-01-01:23,41,29,0.002,0.066,1.2,0.005
2022-01-01:22,38,23,0.002,0.06,1,0.004
2022-01-01:21,36,20,0.002,0.053,0.8,0.004
2022-01-01:20,34,19,0.002,0.05,0.7,0.004
2022-01-01:19,35,22,0.002,0.052,0.7,0.004
2022-01-01:18,34,21,0.005,0.046,0.6,0.004
2022-01-01:17,36,20,0.012,0.039,0.5,0.004
2022-01-01:16,29,18,0.017,0.032,0.5,0.004
2022-01-01:15,29,18,0.02,0.03,0.5,0.004
2022-01-01:14,27,15,0.02,0.027,0.5,0.004
2022-01-01:13,28,17,0.02,0.028,0.5,0.004
2022-01-01:12,22,10,0.021,0.025,0.5,0.004
2022-01-01:11,22,10,0.024,0.02,0.4,0.004
2022-01-01:10,22,10,0.019,0.024,0.5,0.004
2022-01-01:09,26,12,0.006,0.038,0.6,0.003
2022-01-01:08,27,16,0.002,0.042,0.6,0.003
2022-01-01:07,24,14,0.002,0.044,0.6,0.003
2022-01-01:06,19,11,0.002,0.045,0.6,0.003
2022-01-01:05,24,11,0.005,0.04,0.5,0.003
2022-01-01:04,19,10,0.016,0.027,0.5,0.003
2022-01-01:03,20,9,0.014,0.028,0.5,0.003
2022-01-01:02,20,9,0.022,0.02,0.4,0.003
2022-01-01:01,23,12,0.026,0.016,0.4,0.003
2022-04-30:24,53,34,0.043,0.013,0.7,0.002
2022-04-30:23,54,35,0.046,0.013,0.6,0.003
2022-04-30:22,46,28,0.05,0.012,0.6,0.003
2022-04-30:21,44,26,0.048,0.013,0.5,0.003
2022-04-30:20,32,19,0.051,0.013,0.5,0.002
2022-04-30:19,21,12,0.052,0.009,0.4,0.003
2022-04-30:18,13,7,0.049,0.012,0.4,0.003
2022-04-30:17,17,8,0.052,0.01,0.3,0.002
2022-04-30:16,17,9,0.054,0.008,0.3,0.003
2022-04-30:15,18,11,0.053,0.011,0.3,0.003
2022-04-30:14,16,8,0.053,0.01,0.3,0.003
2022-04-30:13,18,11,0.045,0.013,0.4,0.003
2022-04-30:12,12,6,0.04,0.013,0.4,0.002
2022-04-30:11,8,2,0.034,0.016,0.3,0.003
2022-04-30:10,6,1,0.028,0.018,0.3,0.002
2022-04-30:09,8,2,0.027,0.019,0.3,0.003
2022-04-30:08,5,2,0.03,0.017,0.3,0.002
2022-04-30:07,4,4,0.031,0.015,0.3,0.003
2022-04-30:06,3,1,0.034,0.012,0.3,0.003
2022-04-30:05,3,1,0.036,0.01,0.3,0.002
2022-04-30:04,3,1,0.039,0.008,0.3,0.002
2022-04-30:03,3,1,0.04,0.008,0.3,0.002
2022-04-30:02,3,1,0.039,0.008,0.3,0.002
2022-04-30:01,4,1,0.038,0.01,0.3,0.002
2022-04-29:24,3,1,0.041,0.008,0.3,0.002
2022-04-29:23,5,2,0.039,0.009,0.3,0.003
2022-04-29:22,6,3,0.04,0.009,0.3,0.002
2022-04-29:21,9,3,0.04,0.01,0.4,0.002
2022-04-29:20,10,7,0.039,0.012,0.4,0.003
2022-04-29:19,7,4,0.037,0.012,0.4,0.002
2022-04-29:18,7,2,0.041,0.01,0.3,0.003
2022-04-29:17,7,1,0.041,0.01,0.3,0.002
2022-04-29:16,5,1,0.043,0.009,0.3,0.002
2022-04-29:15,5,1,0.043,0.01,0.3,0.003
2022-04-29:14,6,2,0.044,0.009,0.3,0.003
2022-04-29:13,6,1,0.044,0.01,0.3,0.003
2022-04-29:12,4,1,0.044,0.01,0.3,0.003
2022-04-29:11,5,1,0.044,0.009,0.3,0.002
2022-04-29:10,4,1,0.039,0.012,0.3,0.002
2022-04-29:09,3,3,0.036,0.012,0.3,0.003
2022-04-29:08,4,2,0.033,0.014,0.3,0.002
2022-04-29:07,8,4,0.037,0.011,0.3,0.002
2022-04-29:06,11,6,0.04,0.007,0.3,0.002
2022-04-29:05,14,8,0.042,0.006,0.3,0.002
2022-04-29:04,11,5,0.042,0.005,0.3,0.002
2022-04-29:03,13,4,0.041,0.006,0.3,0.002
2022-04-29:02,16,5,0.044,0.006,0.3,0.002
2022-04-29:01,18,8,0.046,0.006,0.3,0.002
2022-04-28:24,23,5,0.048,0.006,0.3,0.003
2022-04-28:23,32,8,0.048,0.006,0.3,0.002
2022-04-28:22,42,10,0.043,0.009,0.3,0.002
2022-04-28:21,58,18,0.041,0.012,0.4,0.002
2022-04-28:20,66,21,0.046,0.023,0.5,0.003
2022-04-28:19,72,21,0.052,0.022,0.5,0.004
2022-04-28:18,78,21,0.057,0.025,0.5,0.003
2022-04-28:17,96,24,0.059,0.025,0.5,0.004
2022-04-28:16,74,18,0.066,0.022,0.4,0.003
2022-04-28:15,75,20,0.072,0.016,0.4,0.003
2022-04-28:14,77,16,0.063,0.018,0.4,0.003
2022-04-28:13,87,15,0.054,0.018,0.4,0.004
2022-04-28:12,95,17,0.045,0.02,0.4,0.005
2022-04-28:11,99,18,0.028,0.029,0.5,0.003
2022-04-28:10,93,16,0.022,0.029,0.5,0.004
2022-04-28:09,79,18,0.016,0.03,0.5,0.003
2022-04-28:08,52,12,0.013,0.03,0.5,0.003
2022-04-28:07,56,14,0.012,0.029,0.4,0.003
2022-04-28:06,53,13,0.019,0.023,0.4,0.003
2022-04-28:05,55,14,0.025,0.016,0.4,0.003
2022-04-28:04,57,13,0.02,0.02,0.4,0.003
2022-04-28:03,59,15,0.016,0.024,0.5,0.002
2022-04-28:02,64,14,0.017,0.025,0.5,0.003
2022-04-28:01,76,15,0.02,0.023,0.4,0.003
2022-04-27:24,82,16,0.026,0.023,0.4,0.003
2022-04-27:23,94,18,0.026,0.025,0.4,0.003
2022-04-27:22,105,18,0.02,0.032,0.5,0.004
2022-04-27:21,115,19,0.028,0.026,0.4,0.003
2022-04-27:20,132,23,0.035,0.022,0.4,0.003
2022-04-27:19,148,23,0.041,0.018,0.4,0.003
2022-04-27:18,151,20,0.047,0.015,0.4,0.003
2022-04-27:17,161,21,0.057,0.013,0.3,0.003
2022-04-27:16,155,19,0.06,0.014,0.3,0.002
2022-04-27:15,138,17,0.049,0.015,0.3,0.003
2022-04-27:14,146,18,0.042,0.017,0.4,0.002
2022-04-27:13,157,20,0.042,0.016,0.4,0.003
2022-04-27:12,163,19,0.042,0.012,0.3,0.003
2022-04-27:11,187,20,0.039,0.013,0.3,0.002
2022-04-27:10,209,20,0.039,0.01,0.3,0.003
2022-04-27:09,214,20,0.038,0.009,0.3,0.003
2022-04-27:08,206,19,0.037,0.01,0.3,0.002
2022-04-27:07,179,20,0.036,0.011,0.3,0.002
2022-04-27:06,153,17,0.04,0.009,0.3,0.003
2022-04-27:05,139,17,0.043,0.007,0.3,0.002
2022-04-27:04,125,15,0.045,0.007,0.3,0.002
2022-04-27:03,100,16,0.047,0.006,0.3,0.002
2022-04-27:02,76,15,0.049,0.006,0.3,0.003
2022-04-27:01,67,13,0.051,0.006,0.3,0.002
2022-04-26:24,49,16,0.05,0.006,0.4,0.003
2022-04-26:23,43,15,0.05,0.006,0.4,0.003
2022-04-26:22,39,16,0.047,0.008,0.3,0.003
2022-04-26:21,42,15,0.045,0.012,0.4,0.002
2022-04-26:20,50,17,0.052,0.008,0.3,0.002
2022-04-26:19,67,23,0.051,0.008,0.3,0.003
2022-04-26:18,61,23,0.054,0.009,0.4,0.003
2022-04-26:17,59,29,0.06,0.009,0.4,0.003
2022-04-26:16,61,25,0.062,0.009,0.4,0.003
2022-04-26:15,55,24,0.064,0.01,0.4,0.003
2022-04-26:14,45,22,0.067,0.009,0.4,0.003
2022-04-26:13,32,13,0.063,0.008,0.4,0.003
2022-04-26:12,29,16,0.06,0.01,0.4,0.003
2022-04-26:11,27,18,0.051,0.012,0.4,0.003
2022-04-26:10,22,11,0.047,0.013,0.4,0.002
2022-04-26:09,23,13,0.042,0.014,0.4,0.003
2022-04-26:08,23,14,0.037,0.017,0.4,0.003
2022-04-26:07,26,19,0.033,0.017,0.4,0.003
2022-04-26:06,27,17,0.039,0.011,0.3,0.002
2022-04-26:05,31,18,0.042,0.009,0.3,0.002
2022-04-26:04,34,24,0.047,0.007,0.3,0.002
2022-04-26:03,50,34,0.036,0.013,0.5,0.003
2022-04-26:02,56,36,0.032,0.018,0.6,0.002
2022-04-26:01,56,36,0.032,0.024,0.6,0.003
2022-04-25:24,61,39,0.02,0.043,0.7,0.003
2022-04-25:23,58,40,0.005,0.06,0.9,0.003
2022-04-25:22,58,39,0.022,0.042,0.8,0.003
2022-04-25:21,58,39,0.028,0.039,0.8,0.003
2022-04-25:20,58,39,0.032,0.037,0.8,0.003
2022-04-25:19,56,34,0.05,0.027,0.8,0.003
2022-04-25:18,52,32,0.058,0.023,0.7,0.003
2022-04-25:17,46,30,0.063,0.02,0.7,0.003
2022-04-25:16,44,28,0.068,0.016,0.6,0.003
2022-04-25:15,45,29,0.068,0.016,0.6,0.003
2022-04-25:14,39,26,0.064,0.014,0.6,0.003
2022-04-25:13,38,27,0.051,0.019,0.6,0.003
2022-04-25:12,35,23,0.037,0.025,0.6,0.003
2022-04-25:11,39,24,0.031,0.025,0.6,0.003
2022-04-25:10,33,22,0.025,0.027,0.6,0.002
2022-04-25:09,33,23,0.026,0.023,0.6,0.003
2022-04-25:08,35,22,0.025,0.02,0.6,0.002
2022-04-25:07,71,48,0.032,0.016,0.6,0.003
2022-04-25:06,52,33,0.041,0.01,0.5,0.002
2022-04-25:05,38,26,0.043,0.008,0.5,0.002
2022-04-25:04,39,25,0.042,0.01,0.5,0.003
2022-04-25:03,40,24,0.045,0.009,0.6,0.002
2022-04-25:02,35,24,0.054,0.008,0.6,0.002
2022-04-25:01,33,22,0.059,0.007,0.6,0.002
2022-04-24:24,28,21,0.061,0.008,0.6,0.002
2022-04-24:23,33,24,0.059,0.008,0.5,0.002
2022-04-24:22,33,22,0.06,0.01,0.5,0.003
2022-04-24:21,36,23,0.057,0.012,0.5,0.002
2022-04-24:20,42,26,0.05,0.017,0.5,0.003
2022-04-24:19,49,30,0.062,0.013,0.5,0.004
2022-04-24:18,56,31,0.077,0.012,0.4,0.004
2022-04-24:17,58,30,0.086,0.01,0.4,0.003
2022-04-24:16,59,33,0.098,0.01,0.4,0.003
2022-04-24:15,56,34,0.091,0.008,0.4,0.003
2022-04-24:14,52,32,0.087,0.008,0.4,0.003
2022-04-24:13,51,34,0.079,0.009,0.4,0.003
2022-04-24:12,47,30,0.07,0.011,0.5,0.003
2022-04-24:11,45,29,0.062,0.011,0.4,0.003
2022-04-24:10,47,26,0.047,0.014,0.5,0.003
2022-04-24:09,45,25,0.044,0.015,0.5,0.003
2022-04-24:08,43,24,0.046,0.013,0.5,0.002
2022-04-24:07,44,27,0.051,0.011,0.5,0.003
2022-04-24:06,42,27,0.059,0.008,0.4,0.003
2022-04-24:05,45,27,0.062,0.008,0.4,0.003
2022-04-24:04,50,31,0.06,0.013,0.5,0.004
2022-04-24:03,54,29,0.057,0.019,0.5,0.004
2022-04-24:02,60,35,0.054,0.021,0.5,0.004
2022-04-24:01,82,52,0.046,0.031,0.6,0.004
2022-04-23:24,69,43,0.021,0.055,0.8,0.004
2022-04-23:23,64,42,0.018,0.055,0.8,0.005
2022-04-23:22,57,36,0.03,0.045,0.7,0.006
2022-04-23:21,56,37,0.038,0.039,0.6,0.005
2022-04-23:20,38,25,0.037,0.04,0.7,0.003
2022-04-23:19,31,20,0.059,0.02,0.4,0.003
2022-04-23:18,31,19,0.066,0.014,0.4,0.003
2022-04-23:17,29,21,0.068,0.014,0.4,0.003
2022-04-23:16,33,20,0.066,0.012,0.4,0.003
2022-04-23:15,34,23,0.063,0.013,0.4,0.003
2022-04-23:14,40,24,0.054,0.017,0.4,0.003
2022-04-23:13,49,31,0.052,0.016,0.5,0.003
2022-04-23:12,47,28,0.05,0.014,0.4,0.003
2022-04-23:11,61,38,0.045,0.019,0.5,0.004
2022-04-23:10,61,38,0.037,0.022,0.5,0.003
2022-04-23:09,57,36,0.031,0.023,0.5,0.003
2022-04-23:08,50,33,0.023,0.027,0.5,0.002
2022-04-23:07,50,36,0.023,0.025,0.6,0.002
2022-04-23:06,56,37,0.024,0.021,0.5,0.003
2022-04-23:05,60,41,0.037,0.014,0.5,0.002
2022-04-23:04,53,35,0.045,0.012,0.5,0.003
2022-04-23:03,55,39,0.05,0.011,0.5,0.002
2022-04-23:02,51,36,0.049,0.013,0.5,0.002
2022-04-23:01,54,37,0.051,0.012,0.4,0.002
2022-04-22:24,68,39,0.051,0.013,0.4,0.003
2022-04-22:23,76,41,0.052,0.013,0.4,0.002
2022-04-22:22,90,42,0.054,0.014,0.5,0.002
2022-04-22:21,108,50,0.048,0.018,0.5,0.003
2022-04-22:20,90,46,0.049,0.018,0.5,0.002
2022-04-22:19,76,45,0.057,0.016,0.5,0.003
2022-04-22:18,76,38,0.06,0.016,0.5,0.003
2022-04-22:17,75,40,0.06,0.016,0.5,0.003
2022-04-22:16,74,38,0.063,0.014,0.5,0.003
2022-04-22:15,71,37,0.061,0.017,0.5,0.002
2022-04-22:14,61,32,0.063,0.015,0.5,0.003
2022-04-22:13,46,25,0.063,0.017,0.4,0.003
2022-04-22:12,40,21,0.059,0.019,0.4,0.003
2022-04-22:11,40,20,0.058,0.019,0.4,0.003
2022-04-22:10,32,19,0.056,0.02,0.5,0.004
2022-04-22:09,27,19,0.055,0.02,0.5,0.003
2022-04-22:08,26,16,0.056,0.016,0.4,0.003
2022-04-22:07,26,17,0.058,0.014,0.4,0.004
2022-04-22:06,21,11,0.061,0.01,0.5,0.004
2022-04-22:05,21,12,0.062,0.008,0.4,0.003
2022-04-22:04,25,14,0.062,0.009,0.4,0.003
2022-04-22:03,27,14,0.063,0.009,0.4,0.004
2022-04-22:02,27,16,0.061,0.011,0.4,0.004
2022-04-22:01,34,18,0.059,0.013,0.5,0.004
2022-04-21:24,30,17,0.056,0.016,0.7,0.005
2022-04-21:23,30,16,0.058,0.015,0.7,0.004
2022-04-21:22,30,17,0.061,0.015,0.6,0.005
2022-04-21:21,34,20,0.064,0.013,0.4,0.003
2022-04-21:20,39,24,0.064,0.014,0.4,0.003
2022-04-21:19,40,23,0.068,0.016,0.4,0.003
2022-04-21:18,47,21,0.074,0.014,0.4,0.003
2022-04-21:17,46,19,0.07,0.016,0.4,0.003
2022-04-21:16,42,18,0.071,0.015,0.4,0.003
2022-04-21:15,47,20,0.073,0.017,0.4,0.003
2022-04-21:14,49,24,0.075,0.016,0.5,0.004
2022-04-21:13,45,25,0.07,0.018,0.5,0.004
2022-04-21:12,39,20,0.061,0.021,0.5,0.004
2022-04-21:11,56,33,0.049,0.037,0.6,0.004
2022-04-21:10,65,40,0.048,0.04,0.6,0.005
2022-04-21:09,65,44,0.036,0.047,0.7,0.005
2022-04-21:08,61,41,0.031,0.045,0.7,0.004
2022-04-21:07,60,41,0.023,0.049,0.7,0.003
2022-04-21:06,57,40,0.03,0.036,0.6,0.004
2022-04-21:05,57,41,0.034,0.035,0.6,0.004
2022-04-21:04,55,39,0.028,0.042,0.6,0.004
2022-04-21:03,57,42,0.042,0.028,0.6,0.004
2022-04-21:02,58,39,0.045,0.03,0.6,0.005
2022-04-21:01,59,40,0.049,0.031,0.6,0.005
2022-04-20:24,64,42,0.052,0.031,0.6,0.005
2022-04-20:23,71,46,0.059,0.03,0.6,0.004
2022-04-20:22,70,44,0.065,0.027,0.6,0.004
2022-04-20:21,76,45,0.07,0.027,0.6,0.005
2022-04-20:20,61,40,0.078,0.025,0.6,0.005
2022-04-20:19,50,30,0.076,0.021,0.5,0.004
2022-04-20:18,48,27,0.077,0.021,0.5,0.004
2022-04-20:17,50,27,0.082,0.019,0.4,0.005
2022-04-20:16,62,34,0.087,0.017,0.5,0.004
2022-04-20:15,,,0.093,0.021,0.5,0.005
2022-04-20:14,,,,,,
2022-04-20:13,,,,,,
2022-04-20:12,53,33,0.076,0.026,0.5,0.005
2022-04-20:11,60,35,0.075,0.025,0.6,0.005
2022-04-20:10,60,37,0.06,0.032,0.6,0.005
2022-04-20:09,70,48,0.049,0.035,0.6,0.004
2022-04-20:08,76,52,0.025,0.047,0.7,0.004
2022-04-20:07,77,58,0.019,0.049,0.7,0.003
2022-04-20:06,79,61,0.044,0.028,0.6,0.003
2022-04-20:05,91,69,0.044,0.024,0.6,0.004
2022-04-20:04,91,69,0.044,0.027,0.6,0.004
2022-04-20:03,91,67,0.049,0.025,0.7,0.004
2022-04-20:02,93,68,0.056,0.023,0.6,0.004
2022-04-20:01,89,64,0.052,0.03,0.7,0.004
2022-04-19:24,79,54,0.05,0.033,0.6,0.004
2022-04-19:23,78,52,0.054,0.031,0.6,0.004
2022-04-19:22,76,51,0.052,0.034,0.6,0.004
2022-04-19:21,70,46,0.056,0.033,0.6,0.004
2022-04-19:20,63,44,0.065,0.027,0.6,0.004
2022-04-19:19,62,39,0.074,0.023,0.6,0.003
2022-04-19:18,57,32,0.073,0.022,0.5,0.004
2022-04-19:17,56,31,0.079,0.017,0.5,0.004
2022-04-19:16,60,35,0.079,0.018,0.5,0.005
2022-04-19:15,68,44,0.088,0.022,0.6,0.005
2022-04-19:14,70,42,0.092,0.021,0.5,0.005
2022-04-19:13,73,43,0.072,0.024,0.5,0.004
2022-04-19:12,70,41,0.051,0.037,0.6,0.005
2022-04-19:11,75,47,0.046,0.041,0.6,0.005
2022-04-19:10,68,41,0.037,0.043,0.6,0.005
2022-04-19:09,65,38,0.023,0.048,0.6,0.004
2022-04-19:08,58,36,0.012,0.051,0.6,0.004
2022-04-19:07,62,38,0.013,0.047,0.6,0.003
2022-04-19:06,59,40,0.028,0.031,0.5,0.003
2022-04-19:05,59,37,0.036,0.024,0.5,0.003
2022-04-19:04,56,36,0.037,0.024,0.5,0.003
2022-04-19:03,58,36,0.039,0.024,0.5,0.003
2022-04-19:02,53,32,0.042,0.024,0.5,0.003
2022-04-19:01,54,31,0.041,0.027,0.5,0.003
2022-04-18:24,49,30,0.038,0.032,0.5,0.004
2022-04-18:23,52,30,0.046,0.028,0.5,0.003
2022-04-18:22,53,31,0.048,0.031,0.5,0.003
2022-04-18:21,57,33,0.049,0.031,0.6,0.003
2022-04-18:20,47,30,0.057,0.029,0.5,0.003
2022-04-18:19,45,20,0.07,0.021,0.5,0.003
2022-04-18:18,42,18,0.076,0.015,0.4,0.003
2022-04-18:17,44,22,0.069,0.018,0.4,0.004
2022-04-18:16,48,22,0.072,0.018,0.4,0.004
2022-04-18:15,55,29,0.08,0.019,0.4,0.004
2022-04-18:14,58,32,0.076,0.02,0.5,0.004
2022-04-18:13,65,40,0.067,0.024,0.5,0.005
2022-04-18:12,59,36,0.054,0.032,0.5,0.006
2022-04-18:11,57,33,0.047,0.034,0.5,0.006
2022-04-18:10,58,34,0.042,0.037,0.5,0.005
2022-04-18:09,61,39,0.034,0.039,0.5,0.005
2022-04-18:08,57,36,0.03,0.039,0.5,0.004
2022-04-18:07,58,36,0.034,0.034,0.5,0.004
2022-04-18:06,56,38,0.04,0.027,0.5,0.004
2022-04-18:05,55,38,0.056,0.016,0.5,0.004
2022-04-18:04,57,39,0.055,0.016,0.5,0.005
2022-04-18:03,61,40,0.051,0.018,0.5,0.004
2022-04-18:02,60,41,0.049,0.019,0.5,0.004
2022-04-18:01,62,40,0.048,0.023,0.5,0.003
2022-04-17:24,59,39,0.049,0.025,0.5,0.004
2022-04-17:23,58,35,0.049,0.027,0.5,0.004
2022-04-17:22,50,29,0.053,0.026,0.5,0.003
2022-04-17:21,52,30,0.053,0.026,0.6,0.004
2022-04-17:20,41,23,0.055,0.024,0.5,0.003
2022-04-17:19,39,21,0.064,0.018,0.4,0.003
2022-04-17:18,41,22,0.068,0.014,0.4,0.003
2022-04-17:17,44,22,0.068,0.015,0.4,0.003
2022-04-17:16,47,27,0.067,0.016,0.4,0.003
2022-04-17:15,50,35,0.083,0.015,0.5,0.004
2022-04-17:14,44,26,0.077,0.015,0.5,0.004
2022-04-17:13,41,25,0.061,0.016,0.5,0.004
2022-04-17:12,39,21,0.054,0.015,0.5,0.004
2022-04-17:11,42,24,0.049,0.015,0.5,0.004
2022-04-17:10,47,25,0.047,0.015,0.5,0.003
2022-04-17:09,53,30,0.041,0.016,0.5,0.004
2022-04-17:08,56,33,0.033,0.018,0.6,0.003
2022-04-17:07,60,36,0.03,0.019,0.6,0.003
2022-04-17:06,63,35,0.04,0.013,0.6,0.003
2022-04-17:05,63,35,0.035,0.015,0.6,0.003
2022-04-17:04,60,34,0.035,0.016,0.6,0.003
2022-04-17:03,61,34,0.04,0.015,0.6,0.003
2022-04-17:02,56,32,0.043,0.016,0.5,0.003
2022-04-17:01,58,33,0.042,0.02,0.6,0.003
2022-04-16:24,54,29,0.042,0.023,0.6,0.003
2022-04-16:23,50,25,0.045,0.023,0.5,0.003
2022-04-16:22,41,22,0.049,0.022,0.5,0.003
2022-04-16:21,40,21,0.051,0.02,0.4,0.003
2022-04-16:20,44,20,0.052,0.02,0.5,0.003
2022-04-16:19,46,16,0.053,0.016,0.4,0.004
2022-04-16:18,48,18,0.058,0.012,0.4,0.003
2022-04-16:17,46,19,0.06,0.009,0.4,0.003
2022-04-16:16,43,18,0.062,0.009,0.4,0.003
2022-04-16:15,41,17,0.06,0.007,0.3,0.003
2022-04-16:14,42,26,0.063,0.007,0.3,0.002
2022-04-16:13,44,29,0.06,0.01,0.4,0.003
2022-04-16:12,38,24,0.046,0.016,0.4,0.003
2022-04-16:11,32,22,0.038,0.022,0.4,0.003
2022-04-16:10,22,12,0.025,0.028,0.4,0.003
2022-04-16:09,18,7,0.019,0.029,0.4,0.003
2022-04-16:08,17,10,0.016,0.028,0.4,0.003
2022-04-16:07,16,12,0.015,0.028,0.4,0.003
2022-04-16:06,19,12,0.024,0.018,0.4,0.002
2022-04-16:05,17,15,0.027,0.016,0.4,0.002
2022-04-16:04,18,14,0.028,0.017,0.4,0.003
2022-04-16:03,20,12,0.032,0.016,0.4,0.002
2022-04-16:02,18,13,0.032,0.017,0.4,0.002
2022-04-16:01,20,15,0.038,0.014,0.4,0.002
2022-04-15:24,20,13,0.038,0.015,0.4,0.003
2022-04-15:23,20,11,0.039,0.014,0.4,0.002
2022-04-15:22,27,15,0.046,0.01,0.4,0.003
2022-04-15:21,34,20,0.049,0.013,0.4,0.003
2022-04-15:20,33,20,0.043,0.018,0.5,0.004
2022-04-15:19,31,17,0.046,0.014,0.4,0.003
2022-04-15:18,30,15,0.048,0.012,0.4,0.004
2022-04-15:17,28,17,0.051,0.011,0.3,0.003
2022-04-15:16,26,12,0.055,0.008,0.4,0.003
2022-04-15:15,25,10,0.055,0.009,0.4,0.003
2022-04-15:14,23,10,0.05,0.011,0.3,0.003
2022-04-15:13,22,7,0.04,0.015,0.4,0.003
2022-04-15:12,17,7,0.034,0.018,0.4,0.002
2022-04-15:11,13,3,0.034,0.016,0.3,0.002
2022-04-15:10,10,2,0.034,0.015,0.3,0.002
2022-04-15:09,8,1,0.034,0.014,0.3,0.002
2022-04-15:08,9,4,0.027,0.021,0.3,0.002
2022-04-15:07,10,8,0.026,0.021,0.3,0.002
2022-04-15:06,9,3,0.034,0.013,0.3,0.002
2022-04-15:05,8,4,0.04,0.008,0.3,0.002
2022-04-15:04,9,4,0.041,0.008,0.3,0.002
2022-04-15:03,10,3,0.04,0.008,0.3,0.002
2022-04-15:02,10,5,0.039,0.009,0.3,0.003
2022-04-15:01,8,5,0.04,0.009,0.3,0.003
2022-04-14:24,11,5,0.04,0.01,0.3,0.003
2022-04-14:23,11,8,0.036,0.012,0.3,0.002
2022-04-14:22,12,7,0.036,0.013,0.4,0.002
2022-04-14:21,14,7,0.036,0.014,0.4,0.003
2022-04-14:20,16,9,0.035,0.016,0.4,0.003
2022-04-14:19,14,9,0.036,0.015,0.4,0.003
2022-04-14:18,10,4,0.035,0.017,0.4,0.003
2022-04-14:17,13,8,0.035,0.017,0.3,0.004
2022-04-14:16,12,6,0.038,0.014,0.3,0.004
2022-04-14:15,13,4,0.037,0.015,0.3,0.003
2022-04-14:14,9,4,0.042,0.01,0.3,0.002
2022-04-14:13,12,3,0.04,0.011,0.3,0.003
2022-04-14:12,9,2,0.04,0.01,0.3,0.002
2022-04-14:11,8,4,0.037,0.012,0.3,0.002
2022-04-14:10,7,2,0.032,0.015,0.3,0.002
2022-04-14:09,9,4,0.034,0.012,0.3,0.002
2022-04-14:08,8,3,0.036,0.012,0.3,0.003
2022-04-14:07,8,3,0.036,0.012,0.3,0.002
2022-04-14:06,6,3,0.041,0.008,0.3,0.002
2022-04-14:05,7,3,0.042,0.006,0.3,0.002
2022-04-14:04,6,3,0.04,0.007,0.3,0.002
2022-04-14:03,6,2,0.04,0.007,0.3,0.002
2022-04-14:02,7,3,0.039,0.008,0.3,0.002
2022-04-14:01,8,4,0.04,0.007,0.3,0.002
2022-04-13:24,8,3,0.041,0.007,0.3,0.003
2022-04-13:23,10,5,0.04,0.008,0.3,0.003
2022-04-13:22,9,3,0.04,0.008,0.3,0.002
2022-04-13:21,12,8,0.037,0.009,0.3,0.003
2022-04-13:20,11,7,0.034,0.011,0.4,0.002
2022-04-13:19,10,5,0.034,0.012,0.4,0.002
2022-04-13:18,9,3,0.033,0.014,0.4,0.002
2022-04-13:17,9,1,0.028,0.019,0.4,0.002
2022-04-13:16,12,2,0.032,0.016,0.3,0.002
2022-04-13:15,18,1,0.035,0.013,0.3,0.002
2022-04-13:14,11,2,0.033,0.014,0.3,0.002
2022-04-13:13,6,1,0.029,0.014,0.4,0.002
2022-04-13:12,5,1,0.03,0.013,0.3,0.002
2022-04-13:11,6,1,0.029,0.013,0.3,0.002
2022-04-13:10,3,1,0.028,0.014,0.3,0.002
2022-04-13:09,3,1,0.023,0.015,0.4,0.003
2022-04-13:08,3,1,0.025,0.014,0.3,0.003
2022-04-13:07,3,2,0.024,0.012,0.3,0.003
2022-04-13:06,7,4,0.027,0.008,0.3,0.002
2022-04-13:05,23,17,0.026,0.008,0.3,0.002
2022-04-13:04,29,21,0.024,0.009,0.3,0.003
2022-04-13:03,36,27,0.025,0.011,0.3,0.003
2022-04-13:02,29,23,0.026,0.013,0.3,0.002
2022-04-13:01,31,20,0.028,0.014,0.3,0.003
2022-04-12:24,23,16,0.034,0.013,0.3,0.002
2022-04-12:23,18,13,0.027,0.015,0.3,0.002
2022-04-12:22,17,11,0.019,0.02,0.4,0.002
2022-04-12:21,17,10,0.024,0.016,0.3,0.003
2022-04-12:20,15,9,0.028,0.011,0.3,0.003
2022-04-12:19,26,18,0.027,0.013,0.3,0.003
2022-04-12:18,35,19,0.032,0.016,0.3,0.003
2022-04-12:17,36,17,0.048,0.014,0.4,0.003
2022-04-12:16,33,15,0.054,0.011,0.4,0.003
2022-04-12:15,31,18,0.056,0.011,0.3,0.003
2022-04-12:14,30,17,0.051,0.01,0.3,0.003
2022-04-12:13,30,21,0.046,0.011,0.3,0.003
2022-04-12:12,31,17,0.039,0.014,0.4,0.003
2022-04-12:11,29,16,0.037,0.011,0.4,0.003
2022-04-12:10,21,14,0.023,0.016,0.4,0.003
2022-04-12:09,19,11,0.021,0.017,0.4,0.003
2022-04-12:08,21,14,0.019,0.017,0.3,0.003
2022-04-12:07,23,15,0.023,0.012,0.3,0.003
2022-04-12:06,27,16,0.021,0.011,0.3,0.003
2022-04-12:05,27,14,0.022,0.011,0.3,0.002
2022-04-12:04,25,14,0.024,0.009,0.3,0.003
2022-04-12:03,24,10,0.026,0.008,0.3,0.003
2022-04-12:02,26,14,0.028,0.008,0.3,0.003
2022-04-12:01,30,14,0.017,0.018,0.3,0.003
2022-04-11:24,30,13,0.016,0.021,0.4,0.002
2022-04-11:23,38,15,0.017,0.02,0.4,0.003
2022-04-11:22,33,18,0.02,0.02,0.4,0.003
2022-04-11:21,42,20,0.023,0.021,0.4,0.003
2022-04-11:20,44,25,0.027,0.024,0.4,0.003
2022-04-11:19,40,23,0.04,0.021,0.4,0.003
2022-04-11:18,33,17,0.052,0.012,0.3,0.003
2022-04-11:17,37,18,0.056,0.012,0.3,0.003
2022-04-11:16,36,19,0.068,0.012,0.4,0.003
2022-04-11:15,39,21,0.07,0.012,0.4,0.003
2022-04-11:14,32,17,0.057,0.013,0.3,0.003
2022-04-11:13,34,15,0.046,0.013,0.3,0.003
2022-04-11:12,32,16,0.038,0.019,0.4,0.003
2022-04-11:11,37,19,0.033,0.025,0.5,0.003
2022-04-11:10,34,16,0.025,0.029,0.5,0.003
2022-04-11:09,31,16,0.02,0.031,0.5,0.003
2022-04-11:08,30,16,0.015,0.032,0.5,0.004
2022-04-11:07,33,18,0.012,0.032,0.5,0.003
2022-04-11:06,29,18,0.009,0.033,0.5,0.003
2022-04-11:05,30,16,0.017,0.026,0.5,0.003
2022-04-11:04,30,18,0.017,0.027,0.5,0.003
2022-04-11:03,32,18,0.012,0.033,0.5,0.003
2022-04-11:02,32,19,0.012,0.035,0.5,0.003
2022-04-11:01,32,19,0.019,0.031,0.5,0.003
2022-04-10:24,31,20,0.02,0.029,0.5,0.004
2022-04-10:23,34,20,0.027,0.023,0.5,0.004
2022-04-10:22,31,21,0.034,0.018,0.4,0.004
2022-04-10:21,29,20,0.038,0.016,0.4,0.004
2022-04-10:20,33,21,0.042,0.014,0.4,0.004
2022-04-10:19,32,20,0.055,0.014,0.4,0.004
2022-04-10:18,38,19,0.066,0.012,0.4,0.004
2022-04-10:17,44,20,0.077,0.011,0.4,0.004
2022-04-10:16,40,19,0.074,0.009,0.3,0.003
2022-04-10:15,42,20,0.076,0.007,0.3,0.003
2022-04-10:14,45,23,0.075,0.009,0.4,0.004
2022-04-10:13,45,20,0.075,0.008,0.4,0.004
2022-04-10:12,45,22,0.068,0.01,0.4,0.004
2022-04-10:11,42,24,0.058,0.014,0.5,0.004
2022-04-10:10,48,28,0.048,0.021,0.5,0.004
2022-04-10:09,45,26,0.033,0.031,0.6,0.003
2022-04-10:08,37,22,0.012,0.043,0.7,0.003
2022-04-10:07,39,21,0.011,0.04,0.6,0.003
2022-04-10:06,37,21,0.021,0.028,0.6,0.003
2022-04-10:05,39,22,0.033,0.021,0.5,0.003
2022-04-10:04,40,23,0.039,0.02,0.5,0.003
2022-04-10:03,52,25,0.046,0.02,0.5,0.003
2022-04-10:02,47,27,0.044,0.027,0.5,0.003
2022-04-10:01,52,28,0.052,0.023,0.5,0.004
2022-04-09:24,52,29,0.061,0.017,0.6,0.004
2022-04-09:23,55,32,0.073,0.01,0.5,0.004
2022-04-09:22,57,33,0.069,0.016,0.6,0.004
2022-04-09:21,57,32,0.074,0.013,0.6,0.004
2022-04-09:20,59,33,0.078,0.01,0.4,0.003
2022-04-09:19,60,33,0.076,0.01,0.4,0.003
2022-04-09:18,61,28,0.074,0.011,0.4,0.004
2022-04-09:17,59,26,0.077,0.008,0.4,0.003
2022-04-09:16,52,24,0.076,0.01,0.4,0.004
2022-04-09:15,50,24,0.075,0.01,0.4,0.003
2022-04-09:14,50,25,0.074,0.01,0.4,0.003
2022-04-09:13,53,26,0.073,0.009,0.4,0.004
2022-04-09:12,49,23,0.064,0.012,0.4,0.004
2022-04-09:11,45,19,0.052,0.02,0.4,0.004
2022-04-09:10,37,16,0.019,0.046,0.6,0.004
2022-04-09:09,47,21,0.01,0.052,0.7,0.003
2022-04-09:08,44,22,0.006,0.056,0.8,0.004
2022-04-09:07,44,22,0.006,0.055,0.7,0.003
2022-04-09:06,45,24,0.005,0.059,0.8,0.004
2022-04-09:05,46,24,0.004,0.06,0.9,0.003
2022-04-09:04,47,24,0.003,0.059,0.9,0.004
2022-04-09:03,49,27,0.004,0.061,0.9,0.004
2022-04-09:02,47,24,0.007,0.059,0.9,0.003
2022-04-09:01,53,25,0.005,0.065,0.9,0.004
2022-04-08:24,53,27,0.025,0.049,0.7,0.004
2022-04-08:23,55,29,0.022,0.05,0.7,0.004
2022-04-08:22,59,30,0.013,0.062,0.8,0.004
2022-04-08:21,59,31,0.031,0.044,0.8,0.005
2022-04-08:20,51,26,0.049,0.03,0.6,0.004
2022-04-08:19,51,20,0.063,0.022,0.5,0.004
2022-04-08:18,59,25,0.074,0.016,0.4,0.004
2022-04-08:17,62,28,0.077,0.016,0.4,0.004
2022-04-08:16,57,22,0.076,0.016,0.4,0.004
2022-04-08:15,51,21,0.07,0.018,0.4,0.004
2022-04-08:14,51,24,0.064,0.022,0.5,0.004
2022-04-08:13,52,24,0.049,0.027,0.6,0.006
2022-04-08:12,50,23,0.041,0.027,0.6,0.005
2022-04-08:11,48,19,0.03,0.033,0.5,0.004
2022-04-08:10,41,17,0.027,0.032,0.5,0.004
2022-04-08:09,38,14,0.02,0.035,0.5,0.004
2022-04-08:08,35,17,0.011,0.039,0.5,0.003
2022-04-08:07,37,19,0.017,0.031,0.4,0.002
2022-04-08:06,35,18,0.021,0.025,0.4,0.002
2022-04-08:05,32,17,0.027,0.022,0.4,0.003
2022-04-08:04,30,14,0.025,0.024,0.4,0.003
2022-04-08:03,32,14,0.031,0.02,0.4,0.002
2022-04-08:02,29,13,0.03,0.021,0.4,0.002
2022-04-08:01,29,13,0.028,0.025,0.4,0.002
2022-04-07:24,32,13,0.031,0.027,0.4,0.003
2022-04-07:23,35,13,0.041,0.019,0.4,0.003
2022-04-07:22,33,14,0.038,0.023,0.4,0.003
2022-04-07:21,38,14,0.039,0.022,0.4,0.003
2022-04-07:20,33,14,0.041,0.021,0.4,0.003
2022-04-07:19,27,11,0.041,0.02,0.4,0.003
2022-04-07:18,30,8,0.044,0.016,0.4,0.002
2022-04-07:17,36,10,0.049,0.014,0.3,0.003
2022-04-07:16,41,10,0.048,0.014,0.4,0.002
2022-04-07:15,38,11,0.052,0.01,0.3,0.003
2022-04-07:14,36,8,0.05,0.01,0.3,0.003
2022-04-07:13,41,10,0.049,0.01,0.3,0.003
2022-04-07:12,38,11,0.044,0.013,0.4,0.003
2022-04-07:11,32,10,0.036,0.017,0.4,0.002
2022-04-07:10,25,7,0.031,0.022,0.4,0.002
2022-04-07:09,30,10,0.031,0.02,0.4,0.003
2022-04-07:08,33,13,0.023,0.024,0.4,0.002
2022-04-07:07,34,14,0.024,0.022,0.4,0.002
2022-04-07:06,28,11,0.033,0.015,0.4,0.003
2022-04-07:05,23,9,0.043,0.008,0.3,0.003
2022-04-07:04,29,10,0.046,0.007,0.3,0.003
2022-04-07:03,30,11,0.042,0.009,0.3,0.003
2022-04-07:02,31,11,0.046,0.009,0.4,0.002
2022-04-07:01,53,16,0.034,0.018,0.4,0.003
2022-04-06:24,53,17,0.025,0.027,0.5,0.003
2022-04-06:23,51,17,0.023,0.029,0.5,0.003
2022-04-06:22,51,16,0.026,0.028,0.5,0.003
2022-04-06:21,52,20,0.032,0.023,0.5,0.003
2022-04-06:20,58,20,0.035,0.023,0.5,0.003
2022-04-06:19,59,18,0.04,0.02,0.4,0.003
2022-04-06:18,53,17,0.045,0.017,0.4,0.003
2022-04-06:17,53,18,0.049,0.016,0.4,0.004
2022-04-06:16,42,15,0.052,0.014,0.4,0.003
2022-04-06:15,38,11,0.054,0.012,0.4,0.002
2022-04-06:14,48,19,0.055,0.012,0.4,0.003
2022-04-06:13,55,27,0.052,0.015,0.4,0.003
2022-04-06:12,55,31,0.048,0.02,0.4,0.003
2022-04-06:11,47,28,0.053,0.015,0.4,0.003
2022-04-06:10,50,30,0.057,0.012,0.4,0.003
2022-04-06:09,52,35,0.052,0.015,0.4,0.003
2022-04-06:08,50,33,0.046,0.02,0.5,0.003
2022-04-06:07,45,30,0.047,0.019,0.5,0.002
2022-04-06:06,42,29,0.055,0.014,0.4,0.002
2022-04-06:05,43,32,0.057,0.012,0.4,0.003
2022-04-06:04,44,32,0.055,0.013,0.4,0.003
2022-04-06:03,47,33,0.057,0.012,0.4,0.003
2022-04-06:02,43,31,0.045,0.023,0.4,0.003
2022-04-06:01,42,29,0.037,0.03,0.5,0.004
2022-04-05:24,38,27,0.037,0.033,0.5,0.004
2022-04-05:23,34,25,0.04,0.031,0.5,0.003
2022-04-05:22,33,23,0.035,0.035,0.5,0.003
2022-04-05:21,36,24,0.036,0.033,0.5,0.003
2022-04-05:20,35,23,0.042,0.031,0.5,0.003
2022-04-05:19,36,23,0.049,0.024,0.5,0.003
2022-04-05:18,33,19,0.055,0.021,0.4,0.003
2022-04-05:17,36,21,0.06,0.019,0.4,0.003
2022-04-05:16,40,24,0.063,0.02,0.4,0.004
2022-04-05:15,47,35,0.078,0.02,0.4,0.004
2022-04-05:14,50,35,0.088,0.024,0.4,0.005
2022-04-05:13,54,33,0.075,0.024,0.5,0.004
2022-04-05:12,44,27,0.054,0.028,0.5,0.004
2022-04-05:11,45,28,0.046,0.034,0.5,0.005
2022-04-05:10,51,33,0.037,0.04,0.6,0.004
2022-04-05:09,61,42,0.012,0.059,0.7,0.004
2022-04-05:08,55,38,0.007,0.059,0.7,0.004
2022-04-05:07,51,39,0.007,0.06,0.7,0.004
2022-04-05:06,44,33,0.014,0.05,0.7,0.004
2022-04-05:05,41,30,0.03,0.035,0.6,0.005
2022-04-05:04,40,30,0.041,0.028,0.6,0.005
2022-04-05:03,40,31,0.051,0.021,0.5,0.005
2022-04-05:02,42,28,0.051,0.022,0.5,0.005
2022-04-05:01,43,29,0.053,0.022,0.5,0.004
2022-04-04:24,42,29,0.047,0.029,0.5,0.004
2022-04-04:23,39,28,0.054,0.024,0.5,0.005
2022-04-04:22,41,25,0.06,0.021,0.5,0.004
2022-04-04:21,44,26,0.059,0.022,0.5,0.004
2022-04-04:20,39,26,0.062,0.02,0.5,0.004
2022-04-04:19,41,29,0.06,0.015,0.4,0.004
2022-04-04:18,41,25,0.061,0.015,0.4,0.003
2022-04-04:17,45,29,0.064,0.015,0.4,0.004
2022-04-04:16,44,26,0.063,0.013,0.4,0.003
2022-04-04:15,,,0.052,0.015,0.4,0.004
2022-04-04:14,,,,,,
2022-04-04:13,,,,,,
2022-04-04:12,47,30,0.055,0.023,0.4,0.004
2022-04-04:11,79,54,0.038,0.04,0.6,0.005
2022-04-04:10,77,55,0.02,0.051,0.8,0.005
2022-04-04:09,73,55,0.01,0.052,0.8,0.004
2022-04-04:08,76,58,0.008,0.05,0.7,0.003
2022-04-04:07,80,65,0.005,0.048,0.7,0.003
2022-04-04:06,76,60,0.012,0.042,0.7,0.003
2022-04-04:05,74,58,0.02,0.035,0.6,0.004
2022-04-04:04,66,52,0.025,0.031,0.6,0.004
2022-04-04:03,59,46,0.031,0.029,0.6,0.005
2022-04-04:02,58,43,0.035,0.03,0.6,0.005
2022-04-04:01,58,42,0.043,0.025,0.5,0.006
2022-04-03:24,53,38,0.049,0.023,0.5,0.005
2022-04-03:23,51,37,0.057,0.019,0.5,0.005
2022-04-03:22,49,35,0.055,0.02,0.5,0.005
2022-04-03:21,52,36,0.056,0.02,0.5,0.005
2022-04-03:20,47,33,0.067,0.014,0.4,0.007
2022-04-03:19,37,25,0.065,0.013,0.4,0.006
2022-04-03:18,36,21,0.066,0.012,0.4,0.005
2022-04-03:17,36,22,0.068,0.01,0.4,0.004
2022-04-03:16,32,20,0.067,0.01,0.4,0.004
2022-04-03:15,37,29,0.065,0.013,0.4,0.004
2022-04-03:14,41,27,0.06,0.015,0.4,0.004
2022-04-03:13,50,36,0.05,0.023,0.5,0.004
2022-04-03:12,49,34,0.039,0.027,0.6,0.004
2022-04-03:11,50,33,0.035,0.027,0.6,0.004
2022-04-03:10,49,33,0.026,0.029,0.6,0.004
2022-04-03:09,41,31,0.019,0.032,0.6,0.004
2022-04-03:08,36,27,0.014,0.036,0.6,0.003
2022-04-03:07,38,30,0.01,0.038,0.6,0.003
2022-04-03:06,38,27,0.016,0.034,0.6,0.004
2022-04-03:05,48,35,0.016,0.032,0.6,0.003
2022-04-03:04,45,32,0.016,0.031,0.6,0.003
2022-04-03:03,42,30,0.018,0.032,0.6,0.004
2022-04-03:02,39,27,0.024,0.03,0.6,0.004
2022-04-03:01,40,27,0.03,0.026,0.6,0.005
2022-04-02:24,37,24,0.034,0.025,0.5,0.004
2022-04-02:23,40,28,0.035,0.026,0.5,0.005
2022-04-02:22,37,24,0.041,0.024,0.5,0.004
2022-04-02:21,36,24,0.05,0.017,0.5,0.004
2022-04-02:20,31,21,0.051,0.016,0.4,0.005
2022-04-02:19,30,21,0.056,0.013,0.4,0.005
2022-04-02:18,30,17,0.057,0.012,0.4,0.005
2022-04-02:17,36,22,0.058,0.012,0.4,0.004
2022-04-02:16,37,23,0.052,0.017,0.4,0.004
2022-04-02:15,39,24,0.049,0.02,0.4,0.004
2022-04-02:14,31,21,0.048,0.018,0.4,0.004
2022-04-02:13,28,20,0.045,0.016,0.4,0.004
2022-04-02:12,27,17,0.044,0.016,0.4,0.004
2022-04-02:11,31,18,0.038,0.019,0.4,0.004
2022-04-02:10,27,16,0.034,0.021,0.4,0.003
2022-04-02:09,25,15,0.029,0.024,0.4,0.003
2022-04-02:08,27,17,0.022,0.028,0.4,0.003
2022-04-02:07,29,17,0.019,0.03,0.4,0.003
2022-04-02:06,25,16,0.013,0.033,0.4,0.003
2022-04-02:05,21,14,0.014,0.031,0.5,0.003
2022-04-02:04,20,13,0.018,0.028,0.4,0.004
2022-04-02:03,20,15,0.022,0.025,0.5,0.003
2022-04-02:02,22,14,0.02,0.029,0.5,0.005
2022-04-02:01,22,15,0.025,0.027,0.4,0.007
2022-04-01:24,19,12,0.025,0.028,0.4,0.006
2022-04-01:23,20,14,0.03,0.024,0.4,0.005
2022-04-01:22,25,15,0.035,0.021,0.4,0.005
2022-04-01:21,29,19,0.038,0.02,0.4,0.005
2022-04-01:20,29,18,0.04,0.017,0.4,0.005
2022-04-01:19,22,12,0.04,0.016,0.4,0.003
2022-04-01:18,19,11,0.047,0.013,0.4,0.003
2022-04-01:17,25,12,0.049,0.012,0.3,0.004
2022-04-01:16,20,11,0.047,0.014,0.4,0.003
2022-04-01:15,16,11,0.042,0.013,0.3,0.003
2022-04-01:14,14,9,0.043,0.012,0.4,0.003
2022-04-01:13,13,12,0.043,0.012,0.4,0.003
2022-04-01:12,10,5,0.04,0.013,0.4,0.002
2022-04-01:11,11,3,0.039,0.012,0.4,0.003
2022-04-01:10,11,5,0.036,0.013,0.4,0.003
2022-04-01:09,9,6,0.024,0.021,0.4,0.003
2022-04-01:08,9,6,0.017,0.026,0.4,0.003
2022-04-01:07,12,11,0.012,0.028,0.4,0.002
2022-04-01:06,9,7,0.02,0.02,0.4,0.003
2022-04-01:05,6,5,0.025,0.017,0.4,0.002
2022-04-01:04,8,5,0.032,0.012,0.3,0.003
2022-04-01:03,10,7,0.031,0.016,0.4,0.003
2022-04-01:02,9,6,0.031,0.017,0.4,0.002
2022-04-01:01,11,7,0.032,0.019,0.4,0.003
2022-03-31:24,9,5,0.033,0.017,0.4,0.002
2022-03-31:23,11,5,0.036,0.015,0.3,0.003
2022-03-31:22,11,5,0.038,0.013,0.3,0.003
2022-03-31:21,10,7,0.032,0.018,0.4,0.002
2022-03-31:20,11,8,0.036,0.017,0.4,0.002
2022-03-31:19,10,9,0.044,0.01,0.4,0.002
2022-03-31:18,9,6,0.043,0.011,0.4,0.003
2022-03-31:17,10,5,0.045,0.01,0.4,0.003
2022-03-31:16,14,7,0.049,0.009,0.3,0.002
2022-03-31:15,16,10,0.05,0.011,0.3,0.003
2022-03-31:14,13,7,0.047,0.011,0.4,0.003
2022-03-31:13,10,4,0.045,0.011,0.4,0.003
2022-03-31:12,10,4,0.044,0.012,0.4,0.003
2022-03-31:11,15,4,0.042,0.013,0.4,0.003
2022-03-31:10,12,4,0.035,0.015,0.4,0.003
2022-03-31:09,12,6,0.027,0.023,0.4,0.003
2022-03-31:08,13,7,0.022,0.025,0.4,0.003
2022-03-31:07,16,10,0.024,0.018,0.4,0.003
2022-03-31:06,20,15,0.027,0.013,0.4,0.003
2022-03-31:05,29,22,0.027,0.009,0.4,0.003
2022-03-31:04,33,22,0.024,0.012,0.4,0.003
2022-03-31:03,45,26,0.023,0.014,0.4,0.003
2022-03-31:02,46,25,0.022,0.017,0.4,0.003
2022-03-31:01,57,29,0.021,0.019,0.4,0.003
2022-03-30:24,48,28,0.025,0.018,0.4,0.003
2022-03-30:23,44,30,0.029,0.017,0.4,0.003
2022-03-30:22,51,30,0.028,0.021,0.5,0.003
2022-03-30:21,49,31,0.025,0.026,0.5,0.003
2022-03-30:20,34,22,0.017,0.035,0.5,0.002
2022-03-30:19,29,18,0.016,0.043,0.6,0.003
2022-03-30:18,29,15,0.019,0.04,0.5,0.003
2022-03-30:17,26,13,0.024,0.038,0.5,0.003
2022-03-30:16,26,13,0.029,0.031,0.5,0.003
2022-03-30:15,30,15,0.033,0.027,0.5,0.002
2022-03-30:14,37,18,0.035,0.027,0.4,0.003
2022-03-30:13,42,19,0.033,0.03,0.5,0.004
2022-03-30:12,43,19,0.024,0.038,0.5,0.004
2022-03-30:11,45,18,0.016,0.042,0.6,0.004
2022-03-30:10,42,18,0.011,0.044,0.7,0.004
2022-03-30:09,36,16,0.007,0.046,0.7,0.004
2022-03-30:08,30,15,0.006,0.044,0.6,0.004
2022-03-30:07,31,16,0.005,0.042,0.6,0.003
2022-03-30:06,29,14,0.005,0.043,0.5,0.003
2022-03-30:05,32,16,0.009,0.04,0.5,0.003
2022-03-30:04,28,12,0.015,0.033,0.5,0.003
2022-03-30:03,27,11,0.014,0.035,0.5,0.003
2022-03-30:02,26,12,0.011,0.039,0.5,0.003
2022-03-30:01,32,15,0.023,0.028,0.5,0.004
2022-03-29:24,28,12,0.028,0.026,0.4,0.003
2022-03-29:23,30,14,0.035,0.02,0.4,0.003
2022-03-29:22,32,14,0.032,0.024,0.4,0.003
2022-03-29:21,37,17,0.033,0.025,0.4,0.004
2022-03-29:20,35,16,0.038,0.022,0.4,0.004
2022-03-29:19,37,19,0.047,0.019,0.4,0.004
2022-03-29:18,34,16,0.052,0.017,0.4,0.004
2022-03-29:17,30,12,0.055,0.015,0.4,0.004
2022-03-29:16,33,13,0.054,0.013,0.3,0.004
2022-03-29:15,35,20,0.055,0.014,0.3,0.003
2022-03-29:14,33,17,0.055,0.017,0.4,0.004
2022-03-29:13,33,14,0.051,0.017,0.4,0.004
2022-03-29:12,33,13,0.048,0.016,0.4,0.004
2022-03-29:11,46,23,0.036,0.028,0.4,0.004
2022-03-29:10,54,26,0.017,0.046,0.6,0.004
2022-03-29:09,50,24,0.009,0.05,0.7,0.004
2022-03-29:08,39,19,0.005,0.047,0.6,0.004
2022-03-29:07,37,19,0.003,0.049,0.6,0.003
2022-03-29:06,38,18,0.002,0.048,0.6,0.002
2022-03-29:05,37,18,0.002,0.047,0.6,0.003
2022-03-29:04,30,15,0.004,0.046,0.6,0.003
2022-03-29:03,28,16,0.013,0.035,0.5,0.002
2022-03-29:02,31,15,0.01,0.039,0.6,0.003
2022-03-29:01,34,17,0.005,0.046,0.6,0.002
2022-03-28:24,33,16,0.019,0.033,0.5,0.004
2022-03-28:23,36,16,0.024,0.029,0.5,0.003
2022-03-28:22,40,16,0.028,0.028,0.5,0.003
2022-03-28:21,46,20,0.032,0.027,0.4,0.006
2022-03-28:20,49,20,0.036,0.024,0.4,0.006
2022-03-28:19,47,22,0.044,0.019,0.4,0.003
2022-03-28:18,38,16,0.044,0.021,0.4,0.003
2022-03-28:17,31,15,0.039,0.024,0.4,0.004
2022-03-28:16,26,11,0.039,0.021,0.4,0.003
2022-03-28:15,24,11,0.039,0.018,0.4,0.003
2022-03-28:14,22,10,0.041,0.017,0.4,0.002
2022-03-28:13,28,14,0.039,0.018,0.4,0.003
2022-03-28:12,31,12,0.035,0.02,0.4,0.003
2022-03-28:11,34,12,0.033,0.022,0.4,0.003
2022-03-28:10,30,14,0.027,0.028,0.5,0.003
2022-03-28:09,27,12,0.015,0.04,0.6,0.002
2022-03-28:08,21,12,0.011,0.04,0.5,0.003
2022-03-28:07,20,14,0.007,0.041,0.5,0.003
2022-03-28:06,18,12,0.013,0.036,0.5,0.003
2022-03-28:05,19,13,0.018,0.027,0.5,0.003
2022-03-28:04,17,11,0.031,0.017,0.4,0.003
2022-03-28:03,19,11,0.04,0.011,0.4,0.003
2022-03-28:02,16,10,0.045,0.008,0.4,0.003
2022-03-28:01,17,9,0.041,0.011,0.4,0.003
2022-03-27:24,15,10,0.042,0.011,0.4,0.003
2022-03-27:23,15,11,0.042,0.01,0.4,0.003
2022-03-27:22,16,9,0.046,0.009,0.3,0.003
2022-03-27:21,17,10,0.046,0.009,0.4,0.003
2022-03-27:20,18,9,0.048,0.008,0.4,0.003
2022-03-27:19,17,7,0.049,0.007,0.3,0.003
2022-03-27:18,16,6,0.051,0.006,0.3,0.003
2022-03-27:17,16,5,0.05,0.005,0.3,0.003
2022-03-27:16,24,9,0.049,0.006,0.3,0.003
2022-03-27:15,40,18,0.05,0.007,0.3,0.003
2022-03-27:14,47,19,0.052,0.008,0.4,0.003
2022-03-27:13,39,12,0.047,0.009,0.4,0.004
2022-03-27:12,33,16,0.046,0.009,0.4,0.004
2022-03-27:11,37,17,0.038,0.017,0.4,0.004
2022-03-27:10,33,14,0.035,0.019,0.4,0.003
2022-03-27:09,28,14,0.038,0.015,0.4,0.003
2022-03-27:08,32,13,0.034,0.018,0.4,0.003
2022-03-27:07,32,14,0.033,0.018,0.4,0.003
2022-03-27:06,33,16,0.035,0.015,0.4,0.002
2022-03-27:05,36,15,0.033,0.016,0.4,0.003
2022-03-27:04,34,17,0.022,0.026,0.5,0.003
2022-03-27:03,41,16,0.021,0.027,0.6,0.003
2022-03-27:02,42,14,0.026,0.025,0.5,0.003
2022-03-27:01,,14,0.028,0.023,0.5,0.004
2022-03-26:24,29,13,0.027,0.025,0.5,0.002
2022-03-26:23,22,12,0.035,0.018,0.4,0.003
2022-03-26:22,18,10,0.04,0.013,0.4,0.003
2022-03-26:21,20,12,0.035,0.019,0.5,0.003
2022-03-26:20,19,13,0.033,0.024,0.5,0.003
2022-03-26:19,19,13,0.044,0.017,0.5,0.003
2022-03-26:18,13,9,0.05,0.013,0.5,0.003
2022-03-26:17,9,10,0.049,0.013,0.4,0.003
2022-03-26:16,6,3,0.045,0.014,0.4,0.003
2022-03-26:15,9,9,0.041,0.014,0.4,0.003
2022-03-26:14,5,3,0.036,0.012,0.4,0.003
2022-03-26:13,6,4,0.033,0.014,0.3,0.003
2022-03-26:12,3,1,0.028,0.019,0.4,0.003
2022-03-26:11,4,4,0.027,0.019,0.4,0.002
2022-03-26:10,4,3,0.028,0.018,0.4,0.003
2022-03-26:09,5,6,0.029,0.017,0.4,0.003
2022-03-26:08,3,2,0.033,0.013,0.4,0.003
2022-03-26:07,3,2,0.03,0.016,0.4,0.003
2022-03-26:06,3,2,0.031,0.019,0.4,0.003
2022-03-26:05,6,5,0.039,0.012,0.4,0.003
2022-03-26:04,6,5,0.04,0.011,0.4,0.003
2022-03-26:03,8,9,0.042,0.011,0.4,0.003
2022-03-26:02,15,12,0.042,0.012,0.4,0.003
2022-03-26:01,27,17,0.043,0.013,0.4,0.003
2022-03-25:24,33,22,0.043,0.014,0.4,0.003
2022-03-25:23,43,31,0.04,0.022,0.5,0.003
2022-03-25:22,52,34,0.045,0.021,0.5,0.003
2022-03-25:21,56,36,0.042,0.027,0.6,0.003
2022-03-25:20,64,40,0.038,0.034,0.6,0.004
2022-03-25:19,58,35,0.032,0.043,0.7,0.003
2022-03-25:18,62,37,0.033,0.038,0.7,0.004
2022-03-25:17,64,42,0.032,0.039,0.7,0.003
2022-03-25:16,58,37,0.039,0.033,0.6,0.004
2022-03-25:15,63,39,0.042,0.029,0.5,0.004
2022-03-25:14,62,42,0.042,0.032,0.5,0.004
2022-03-25:13,74,52,0.035,0.034,0.6,0.004
2022-03-25:12,85,56,0.019,0.046,0.6,0.004
2022-03-25:11,87,59,0.014,0.047,0.7,0.004
2022-03-25:10,77,54,0.016,0.04,0.6,0.003
2022-03-25:09,77,57,0.01,0.042,0.7,0.003
2022-03-25:08,77,56,0.006,0.044,0.7,0.003
2022-03-25:07,79,58,0.004,0.042,0.6,0.003
2022-03-25:06,77,57,0.005,0.043,0.7,0.003
2022-03-25:05,80,57,0.005,0.044,0.7,0.003
2022-03-25:04,77,55,0.003,0.049,0.7,0.003
2022-03-25:03,79,55,0.003,0.052,0.7,0.004
2022-03-25:02,74,53,0.003,0.056,0.7,0.003
2022-03-25:01,67,47,0.002,0.064,0.9,0.004
2022-03-24:24,63,44,0.004,0.062,0.8,0.004
2022-03-24:23,59,43,0.01,0.055,0.7,0.004
2022-03-24:22,58,39,0.016,0.051,0.7,0.004
2022-03-24:21,62,38,0.024,0.044,0.6,0.003
2022-03-24:20,65,43,0.031,0.041,0.6,0.004
2022-03-24:19,67,46,0.034,0.036,0.6,0.004
2022-03-24:18,66,45,0.037,0.03,0.5,0.003
2022-03-24:17,66,44,0.037,0.029,0.5,0.004
2022-03-24:16,60,38,0.038,0.029,0.5,0.004
2022-03-24:15,51,28,0.034,0.028,0.5,0.004
2022-03-24:14,46,27,0.024,0.036,0.6,0.004
2022-03-24:13,44,24,0.02,0.041,0.6,0.003
2022-03-24:12,42,25,0.015,0.043,0.6,0.004
2022-03-24:11,39,23,0.015,0.044,0.6,0.004
2022-03-24:10,37,21,0.016,0.041,0.5,0.003
2022-03-24:09,43,25,0.019,0.036,0.5,0.003
2022-03-24:08,38,24,0.013,0.039,0.5,0.003
2022-03-24:07,32,21,0.02,0.03,0.5,0.003
2022-03-24:06,27,17,0.027,0.025,0.5,0.003
2022-03-24:05,23,17,0.033,0.02,0.4,0.003
2022-03-24:04,24,15,0.04,0.014,0.4,0.003
2022-03-24:03,29,19,0.036,0.019,0.4,0.004
2022-03-24:02,29,20,0.036,0.021,0.4,0.004
2022-03-24:01,30,19,0.039,0.019,0.4,0.003
2022-03-23:24,26,16,0.041,0.019,0.4,0.003
2022-03-23:23,27,16,0.04,0.019,0.4,0.003
2022-03-23:22,28,18,0.035,0.024,0.4,0.003
2022-03-23:21,34,21,0.034,0.027,0.5,0.003
2022-03-23:20,35,23,0.037,0.025,0.5,0.003
2022-03-23:19,34,24,0.039,0.024,0.5,0.003
2022-03-23:18,35,21,0.041,0.022,0.4,0.003
2022-03-23:17,33,19,0.039,0.023,0.4,0.004
2022-03-23:16,28,16,0.041,0.019,0.4,0.003
2022-03-23:15,19,8,0.032,0.024,0.4,0.004
2022-03-23:14,14,6,0.034,0.021,0.4,0.003
2022-03-23:13,25,12,0.034,0.023,0.4,0.003
2022-03-23:12,44,24,0.024,0.035,0.5,0.004
2022-03-23:11,53,32,0.011,0.044,0.6,0.004
2022-03-23:10,47,31,0.01,0.041,0.6,0.003
2022-03-23:09,39,25,0.007,0.042,0.6,0.003
2022-03-23:08,38,26,0.009,0.041,0.5,0.002
2022-03-23:07,41,28,0.006,0.043,0.6,0.003
2022-03-23:06,38,26,0.011,0.037,0.5,0.003
2022-03-23:05,38,26,0.014,0.033,0.6,0.003
2022-03-23:04,40,27,0.024,0.025,0.6,0.002
2022-03-23:03,38,27,0.029,0.021,0.5,0.003
2022-03-23:02,36,25,0.036,0.017,0.5,0.003
2022-03-23:01,33,24,0.033,0.021,0.5,0.003
2022-03-22:24,32,22,0.037,0.016,0.5,0.003
2022-03-22:23,32,25,0.039,0.016,0.5,0.003
2022-03-22:22,38,26,0.037,0.022,0.5,0.003
2022-03-22:21,44,29,0.033,0.028,0.6,0.003
2022-03-22:20,46,32,0.042,0.021,0.6,0.003
2022-03-22:19,42,34,0.049,0.021,0.6,0.003
2022-03-22:18,35,28,0.057,0.015,0.5,0.003
2022-03-22:17,38,29,0.056,0.016,0.5,0.003
2022-03-22:16,35,27,0.057,0.014,0.5,0.003
2022-03-22:15,35,32,0.056,0.013,0.5,0.003
2022-03-22:14,31,25,0.055,0.012,0.5,0.003
2022-03-22:13,37,26,0.048,0.015,0.5,0.003
2022-03-22:12,34,25,0.043,0.019,0.5,0.003
2022-03-22:11,34,25,0.044,0.016,0.4,0.003
2022-03-22:10,36,23,0.036,0.025,0.5,0.003
2022-03-22:09,33,21,0.028,0.032,0.5,0.003
2022-03-22:08,32,23,0.018,0.041,0.6,0.003
2022-03-22:07,31,22,0.02,0.038,0.6,0.003
2022-03-22:06,30,22,0.025,0.031,0.5,0.003
2022-03-22:05,30,23,0.027,0.027,0.5,0.003
2022-03-22:04,31,24,0.035,0.017,0.5,0.003
2022-03-22:03,31,26,0.039,0.015,0.5,0.003
2022-03-22:02,28,22,0.039,0.016,0.5,0.003
2022-03-22:01,25,21,0.041,0.015,0.5,0.002
2022-03-21:24,24,17,0.044,0.013,0.4,0.003
2022-03-21:23,24,14,0.047,0.011,0.4,0.003
2022-03-21:22,19,13,0.045,0.011,0.4,0.003
2022-03-21:21,24,15,0.041,0.013,0.4,0.003
2022-03-21:20,25,16,0.036,0.02,0.4,0.003
2022-03-21:19,28,17,0.039,0.021,0.5,0.003
2022-03-21:18,34,19,0.04,0.02,0.4,0.003
2022-03-21:17,49,28,0.028,0.034,0.5,0.003
2022-03-21:16,35,22,0.028,0.033,0.5,0.004
2022-03-21:15,26,17,0.036,0.022,0.4,0.003
2022-03-21:14,29,17,0.036,0.022,0.4,0.003
2022-03-21:13,34,19,0.035,0.022,0.5,0.004
2022-03-21:12,32,21,0.028,0.028,0.5,0.003
2022-03-21:11,34,18,0.028,0.026,0.5,0.003
2022-03-21:10,32,19,0.024,0.029,0.5,0.003
2022-03-21:09,27,17,0.017,0.035,0.5,0.003
2022-03-21:08,26,17,0.012,0.04,0.5,0.003
2022-03-21:07,25,19,0.018,0.032,0.5,0.002
2022-03-21:06,21,16,0.027,0.021,0.5,0.002
2022-03-21:05,25,15,0.031,0.018,0.4,0.003
2022-03-21:04,21,16,0.035,0.014,0.4,0.002
2022-03-21:03,23,17,0.035,0.013,0.4,0.003
2022-03-21:02,21,16,0.038,0.011,0.4,0.003
2022-03-21:01,23,16,0.04,0.01,0.4,0.003
2022-03-20:24,18,12,0.043,0.009,0.4,0.003
2022-03-20:23,21,13,0.036,0.016,0.4,0.003
2022-03-20:22,22,14,0.034,0.022,0.4,0.003
2022-03-20:21,26,17,0.041,0.017,0.4,0.003
2022-03-20:20,21,15,0.044,0.015,0.4,0.002
2022-03-20:19,24,16,0.048,0.01,0.4,0.003
2022-03-20:18,19,14,0.048,0.009,0.4,0.003
2022-03-20:17,21,16,0.049,0.01,0.3,0.003
2022-03-20:16,18,12,0.048,0.009,0.3,0.003
2022-03-20:15,21,16,0.048,0.009,0.4,0.003
2022-03-20:14,20,15,0.045,0.011,0.4,0.003
2022-03-20:13,18,12,0.043,0.011,0.4,0.003
2022-03-20:12,14,11,0.041,0.011,0.4,0.003
2022-03-20:11,24,15,0.032,0.014,0.4,0.003
2022-03-20:10,32,26,0.018,0.021,0.5,0.003
2022-03-20:09,34,28,0.012,0.022,0.5,0.003
2022-03-20:08,26,22,0.01,0.024,0.5,0.003
2022-03-20:07,22,16,0.015,0.02,0.5,0.002
2022-03-20:06,19,15,0.019,0.016,0.4,0.003
2022-03-20:05,17,14,0.017,0.019,0.4,0.003
2022-03-20:04,9,7,0.025,0.015,0.4,0.002
2022-03-20:03,7,8,0.02,0.019,0.4,0.002
2022-03-20:02,4,2,0.021,0.018,0.4,0.002
2022-03-20:01,9,5,0.02,0.022,0.4,0.002
2022-03-19:24,6,4,0.015,0.028,0.5,0.003
2022-03-19:23,9,2,0.022,0.022,0.4,0.002
2022-03-19:22,7,5,0.022,0.021,0.4,0.002
2022-03-19:21,4,3,0.024,0.022,0.4,0.003
2022-03-19:20,4,3,0.029,0.017,0.4,0.003
2022-03-19:19,6,5,0.03,0.018,0.4,0.002
2022-03-19:18,3,2,0.036,0.012,0.4,0.002
2022-03-19:17,3,1,0.038,0.011,0.3,0.003
2022-03-19:16,3,1,0.037,0.01,0.3,0.003
2022-03-19:15,3,1,0.037,0.01,0.3,0.003
2022-03-19:14,3,1,0.034,0.013,0.4,0.002
2022-03-19:13,3,1,0.027,0.019,0.4,0.002
2022-03-19:12,3,1,0.022,0.024,0.4,0.003
2022-03-19:11,4,1,0.023,0.021,0.4,0.002
2022-03-19:10,3,1,0.022,0.024,0.4,0.002
2022-03-19:09,3,1,0.021,0.024,0.4,0.003
2022-03-19:08,3,1,0.024,0.021,0.3,0.002
2022-03-19:07,3,1,0.03,0.015,0.3,0.002
2022-03-19:06,3,1,0.035,0.01,0.3,0.002
2022-03-19:05,3,3,0.037,0.01,0.3,0.002
2022-03-19:04,4,3,0.039,0.008,0.3,0.003
2022-03-19:03,3,3,0.04,0.007,0.3,0.002
2022-03-19:02,3,1,0.04,0.008,0.3,0.003
2022-03-19:01,8,2,0.039,0.009,0.3,0.003
2022-03-18:24,4,2,0.037,0.01,0.3,0.002
2022-03-18:23,8,3,0.038,0.011,0.3,0.002
2022-03-18:22,6,3,0.036,0.011,0.3,0.003
2022-03-18:21,6,4,0.036,0.011,0.3,0.002
2022-03-18:20,6,3,0.037,0.01,0.3,0.002
2022-03-18:19,7,5,0.035,0.011,0.3,0.003
2022-03-18:18,8,3,0.034,0.013,0.3,0.003
2022-03-18:17,14,4,0.032,0.014,0.4,0.003
2022-03-18:16,15,5,0.03,0.014,0.4,0.002
2022-03-18:15,,,,,,
2022-03-18:14,,,,,,
2022-03-18:13,6,2,0.041,0.011,0.3,0.003
2022-03-18:12,6,1,0.038,0.013,0.4,0.002
2022-03-18:11,5,2,0.039,0.012,0.3,0.003
2022-03-18:10,3,1,0.036,0.015,0.4,0.003
2022-03-18:09,3,1,0.036,0.015,0.3,0.003
2022-03-18:08,3,1,0.037,0.012,0.3,0.002
2022-03-18:07,3,1,0.038,0.011,0.3,0.002
2022-03-18:06,3,1,0.04,0.009,0.3,0.002
2022-03-18:05,3,2,0.04,0.009,0.3,0.003
2022-03-18:04,3,1,0.039,0.008,0.3,0.002
2022-03-18:03,3,1,0.039,0.009,0.3,0.003
2022-03-18:02,3,1,0.04,0.008,0.3,0.002
2022-03-18:01,7,3,0.04,0.008,0.3,0.002
2022-03-17:24,6,2,0.038,0.009,0.3,0.002
2022-03-17:23,8,6,0.037,0.011,0.3,0.003
2022-03-17:22,7,3,0.035,0.012,0.4,0.002
2022-03-17:21,12,6,0.033,0.016,0.4,0.003
2022-03-17:20,26,14,0.03,0.019,0.5,0.003
2022-03-17:19,47,22,0.033,0.019,0.5,0.004
2022-03-17:18,62,26,0.032,0.027,0.6,0.003
2022-03-17:17,55,22,0.039,0.021,0.6,0.004
2022-03-17:16,46,20,0.041,0.016,0.5,0.003
2022-03-17:15,43,18,0.041,0.015,0.5,0.003
2022-03-17:14,38,16,0.042,0.014,0.5,0.003
2022-03-17:13,39,18,0.039,0.015,0.5,0.003
2022-03-17:12,46,22,0.028,0.022,0.5,0.003
2022-03-17:11,51,27,0.022,0.026,0.6,0.003
2022-03-17:10,48,28,0.019,0.027,0.6,0.003
2022-03-17:09,51,30,0.018,0.027,0.6,0.003
2022-03-17:08,52,32,0.021,0.024,0.6,0.003
2022-03-17:07,51,33,0.024,0.022,0.5,0.004
2022-03-17:06,48,31,0.027,0.022,0.5,0.004
2022-03-17:05,51,33,0.026,0.017,0.5,0.004
2022-03-17:04,57,34,0.025,0.017,0.6,0.003
2022-03-17:03,64,39,0.026,0.017,0.6,0.003
2022-03-17:02,64,38,0.028,0.018,0.7,0.003
2022-03-17:01,66,37,0.029,0.019,0.6,0.003
2022-03-16:24,62,32,0.033,0.018,0.6,0.003
2022-03-16:23,63,35,0.026,0.027,0.6,0.003
2022-03-16:22,58,29,0.031,0.025,0.6,0.003
2022-03-16:21,64,30,0.036,0.021,0.6,0.003
2022-03-16:20,64,31,0.038,0.022,0.6,0.003
2022-03-16:19,65,27,0.042,0.021,0.6,0.002
2022-03-16:18,66,25,0.047,0.018,0.5,0.003
2022-03-16:17,86,30,0.054,0.016,0.4,0.003
2022-03-16:16,105,32,0.055,0.021,0.5,0.003
2022-03-16:15,129,40,0.05,0.025,0.5,0.003
2022-03-16:14,90,42,0.04,0.033,0.6,0.004
2022-03-16:13,68,40,0.023,0.051,0.8,0.004
2022-03-16:12,76,52,0.019,0.049,0.8,0.005
2022-03-16:11,76,59,0.014,0.051,0.9,0.005
2022-03-16:10,76,61,0.012,0.047,0.9,0.004
2022-03-16:09,71,56,0.007,0.046,1,0.004
2022-03-16:08,50,41,0.004,0.047,0.9,0.003
2022-03-16:07,46,38,0.007,0.043,0.7,0.004
2022-03-16:06,63,52,0.008,0.041,0.8,0.003
2022-03-16:05,67,56,0.005,0.045,0.8,0.004
2022-03-16:04,60,48,0.005,0.047,0.8,0.003
2022-03-16:03,47,36,0.012,0.042,0.7,0.003
2022-03-16:02,43,34,0.023,0.034,0.6,0.004
2022-03-16:01,45,34,0.027,0.033,0.6,0.004
2022-03-15:24,56,44,0.031,0.034,0.6,0.004
2022-03-15:23,70,57,0.034,0.035,0.7,0.004
2022-03-15:22,85,67,0.035,0.042,0.8,0.005
2022-03-15:21,86,65,0.022,0.061,1,0.004
2022-03-15:20,78,57,0.03,0.052,1,0.004
2022-03-15:19,56,40,0.028,0.044,0.7,0.004
2022-03-15:18,52,33,0.03,0.038,0.6,0.003
2022-03-15:17,44,29,0.038,0.029,0.6,0.003
2022-03-15:16,36,24,0.035,0.026,0.6,0.003
2022-03-15:15,38,27,0.031,0.025,0.6,0.003
2022-03-15:14,44,25,0.025,0.027,0.6,0.003
2022-03-15:13,43,25,0.022,0.025,0.7,0.003
2022-03-15:12,37,26,0.02,0.026,0.7,0.003
2022-03-15:11,37,27,0.018,0.024,0.7,0.003
2022-03-15:10,37,27,0.012,0.027,0.7,0.003
2022-03-15:09,33,24,0.01,0.028,0.7,0.003
2022-03-15:08,27,22,0.007,0.029,0.7,0.003
2022-03-15:07,25,20,0.005,0.03,0.7,0.002
2022-03-15:06,23,18,0.009,0.026,0.7,0.002
2022-03-15:05,23,18,0.015,0.021,0.7,0.003
2022-03-15:04,21,18,0.02,0.018,0.7,0.003
2022-03-15:03,22,18,0.026,0.014,0.7,0.002
2022-03-15:02,21,18,0.028,0.014,0.7,0.003
2022-03-15:01,24,18,0.028,0.018,0.7,0.002
2022-03-14:24,27,23,0.03,0.02,0.7,0.003
2022-03-14:23,30,23,0.034,0.019,0.7,0.003
2022-03-14:22,29,23,0.037,0.02,0.7,0.003
2022-03-14:21,30,26,0.041,0.018,0.7,0.002
2022-03-14:20,26,20,0.04,0.021,0.6,0.003
2022-03-14:19,22,14,0.038,0.021,0.6,0.003
2022-03-14:18,14,11,0.039,0.021,0.6,0.003
2022-03-14:17,8,5,0.041,0.022,0.5,0.002
2022-03-14:16,4,2,0.04,0.026,0.5,0.003
2022-03-14:15,7,5,0.04,0.025,0.5,0.003
2022-03-14:14,13,10,0.033,0.023,0.5,0.003
2022-03-14:13,33,20,0.024,0.025,0.5,0.003
2022-03-14:12,26,11,0.01,0.033,0.6,0.003
2022-03-14:11,18,9,0.007,0.038,0.6,0.003
2022-03-14:10,13,6,0.009,0.037,0.5,0.003
2022-03-14:09,9,5,0.013,0.032,0.4,0.003
2022-03-14:08,6,3,0.016,0.026,0.4,0.003
2022-03-14:07,7,4,0.021,0.02,0.4,0.003
2022-03-14:06,7,4,0.019,0.019,0.4,0.002
2022-03-14:05,7,4,0.021,0.016,0.4,0.003
2022-03-14:04,6,3,0.025,0.013,0.4,0.003
2022-03-14:03,9,4,0.022,0.012,0.4,0.002
2022-03-14:02,9,5,0.017,0.019,0.4,0.003
2022-03-14:01,7,6,0.019,0.019,0.5,0.003
2022-03-13:24,9,6,0.018,0.021,0.5,0.003
2022-03-13:23,12,9,0.019,0.022,0.5,0.003
2022-03-13:22,9,6,0.019,0.022,0.4,0.003
2022-03-13:21,15,8,0.023,0.017,0.4,0.003
2022-03-13:20,18,14,0.021,0.022,0.5,0.003
2022-03-13:19,20,14,0.023,0.021,0.4,0.002
2022-03-13:18,21,15,0.021,0.021,0.4,0.003
2022-03-13:17,24,18,0.019,0.024,0.4,0.003
2022-03-13:16,21,17,0.022,0.022,0.4,0.003
2022-03-13:15,16,13,0.024,0.023,0.4,0.002
2022-03-13:14,12,9,0.021,0.024,0.4,0.003
2022-03-13:13,12,9,0.025,0.019,0.4,0.003
2022-03-13:12,11,8,0.021,0.022,0.4,0.003
2022-03-13:11,7,6,0.022,0.021,0.4,0.003
2022-03-13:10,9,7,0.024,0.017,0.3,0.003
2022-03-13:09,9,6,0.028,0.014,0.3,0.003
2022-03-13:08,8,6,0.028,0.015,0.3,0.003
2022-03-13:07,10,8,0.031,0.013,0.3,0.003
2022-03-13:06,7,5,0.034,0.01,0.3,0.003
2022-03-13:05,7,4,0.037,0.009,0.3,0.003
2022-03-13:04,3,1,0.039,0.008,0.3,0.002
2022-03-13:03,5,1,0.039,0.009,0.3,0.003
2022-03-13:02,3,2,0.04,0.009,0.3,0.003
2022-03-13:01,20,11,0.036,0.011,0.3,0.003
2022-03-12:24,24,11,0.039,0.011,0.3,0.003
2022-03-12:23,19,9,0.043,0.008,0.3,0.003
2022-03-12:22,14,9,0.038,0.009,0.3,0.003
2022-03-12:21,29,19,0.036,0.011,0.3,0.003
2022-03-12:20,50,17,0.038,0.01,0.3,0.003
2022-03-12:19,49,25,0.049,0.012,0.4,0.003
2022-03-12:18,55,29,0.051,0.021,0.4,0.004
2022-03-12:17,64,37,0.059,0.02,0.5,0.004
2022-03-12:16,60,34,0.067,0.017,0.4,0.003
2022-03-12:15,69,40,0.068,0.016,0.4,0.004
2022-03-12:14,86,48,0.059,0.023,0.5,0.004
2022-03-12:13,89,51,0.044,0.032,0.6,0.005
2022-03-12:12,76,40,0.035,0.036,0.6,0.004
2022-03-12:11,74,40,0.03,0.038,0.6,0.005
2022-03-12:10,80,43,0.02,0.047,0.7,0.004
2022-03-12:09,79,44,0.007,0.057,0.8,0.004
2022-03-12:08,72,42,0.01,0.05,0.7,0.003
2022-03-12:07,73,44,0.005,0.056,0.8,0.003
2022-03-12:06,69,41,0.007,0.054,0.8,0.003
2022-03-12:05,67,40,0.012,0.053,0.8,0.003
2022-03-12:04,66,39,0.01,0.054,0.8,0.003
2022-03-12:03,65,38,0.015,0.051,0.8,0.003
2022-03-12:02,65,38,0.031,0.04,0.7,0.003
2022-03-12:01,70,40,0.045,0.03,0.6,0.003
2022-03-11:24,69,39,0.046,0.03,0.6,0.004
2022-03-11:23,70,40,0.044,0.033,0.6,0.003
2022-03-11:22,82,47,0.047,0.031,0.6,0.003
2022-03-11:21,87,53,0.037,0.04,0.7,0.003
2022-03-11:20,86,50,0.05,0.034,0.6,0.003
2022-03-11:19,78,45,0.063,0.031,0.6,0.004
2022-03-11:18,65,33,0.074,0.022,0.5,0.004
2022-03-11:17,60,28,0.066,0.02,0.4,0.004
2022-03-11:16,53,24,0.061,0.021,0.4,0.004
2022-03-11:15,53,23,0.06,0.02,0.5,0.004
2022-03-11:14,60,32,0.056,0.027,0.5,0.004
2022-03-11:13,65,36,0.041,0.042,0.6,0.005
2022-03-11:12,72,39,0.028,0.052,0.7,0.005
2022-03-11:11,76,46,0.014,0.064,0.9,0.005
2022-03-11:10,78,45,0.005,0.068,1,0.004
2022-03-11:09,70,43,0.004,0.069,0.9,0.005
2022-03-11:08,62,37,0.005,0.062,0.7,0.004
2022-03-11:07,65,41,0.003,0.062,0.8,0.004
2022-03-11:06,65,42,0.005,0.062,0.7,0.004
2022-03-11:05,70,41,0.006,0.063,0.8,0.004
2022-03-11:04,67,40,0.01,0.059,0.7,0.004
2022-03-11:03,66,41,0.012,0.058,0.8,0.004
2022-03-11:02,62,36,0.013,0.062,0.8,0.004
2022-03-11:01,59,39,0.005,0.074,0.9,0.004
2022-03-10:24,63,36,0.004,0.072,0.9,0.004
2022-03-10:23,67,38,0.018,0.058,0.8,0.004
2022-03-10:22,68,37,0.022,0.058,0.7,0.005
2022-03-10:21,73,41,0.031,0.049,0.7,0.005
2022-03-10:20,67,35,0.04,0.042,0.6,0.005
2022-03-10:19,48,27,0.051,0.036,0.6,0.005
2022-03-10:18,34,19,0.05,0.028,0.4,0.004
2022-03-10:17,37,20,0.051,0.021,0.4,0.004
2022-03-10:16,33,16,0.049,0.021,0.4,0.003
2022-03-10:15,42,21,0.052,0.02,0.4,0.004
2022-03-10:14,44,22,0.048,0.027,0.4,0.004
2022-03-10:13,64,42,0.036,0.036,0.6,0.006
2022-03-10:12,77,50,0.024,0.05,0.7,0.005
2022-03-10:11,,73,0.023,0.05,0.7,0.005
2022-03-10:10,,73,0.015,0.051,0.8,0.004
2022-03-10:09,,74,0.009,0.049,0.8,0.003
2022-03-10:08,,66,0.004,0.055,0.9,0.003
2022-03-10:07,,61,0.003,0.053,0.8,0.003
2022-03-10:06,,58,0.003,0.056,0.7,0.003
2022-03-10:05,,53,0.003,0.056,0.8,0.003
2022-03-10:04,,52,0.002,0.059,0.8,0.003
2022-03-10:03,,52,0.004,0.056,0.8,0.003
2022-03-10:02,,48,0.008,0.05,0.8,0.003
2022-03-10:01,,48,0.007,0.054,0.9,0.003
2022-03-09:24,71,49,0.006,0.058,0.8,0.003
2022-03-09:23,69,49,0.025,0.039,0.6,0.003
2022-03-09:22,76,52,0.034,0.033,0.6,0.003
2022-03-09:21,78,51,0.038,0.035,0.6,0.004
2022-03-09:20,79,51,0.042,0.033,0.6,0.003
2022-03-09:19,81,52,0.048,0.03,0.6,0.004
2022-03-09:18,74,45,0.056,0.025,0.5,0.004
2022-03-09:17,74,48,0.058,0.024,0.5,0.004
2022-03-09:16,70,38,0.058,0.022,0.5,0.004
2022-03-09:15,66,37,0.054,0.023,0.5,0.004
2022-03-09:14,63,36,0.047,0.024,0.5,0.004
2022-03-09:13,67,38,0.036,0.031,0.6,0.004
2022-03-09:12,69,40,0.032,0.032,0.6,0.004
2022-03-09:11,69,46,0.021,0.04,0.6,0.004
2022-03-09:10,51,29,0.017,0.04,0.7,0.003
2022-03-09:09,42,25,0.023,0.028,0.5,0.003
2022-03-09:08,42,25,0.014,0.033,0.6,0.002
2022-03-09:07,54,37,0.015,0.032,0.6,0.003
2022-03-09:06,61,41,0.009,0.039,0.6,0.003
2022-03-09:05,59,41,0.007,0.043,0.7,0.003
2022-03-09:04,50,28,0.019,0.034,0.6,0.003
2022-03-09:03,48,27,0.035,0.02,0.5,0.002
2022-03-09:02,55,30,0.034,0.021,0.5,0.003
2022-03-09:01,60,34,0.018,0.036,0.7,0.003
2022-03-08:24,54,30,0.02,0.036,0.6,0.002
2022-03-08:23,57,32,0.038,0.021,0.5,0.003
2022-03-08:22,59,32,0.033,0.026,0.5,0.003
2022-03-08:21,61,31,0.026,0.035,0.5,0.003
2022-03-08:20,63,32,0.03,0.036,0.5,0.003
2022-03-08:19,64,32,0.042,0.027,0.5,0.004
2022-03-08:18,64,30,0.049,0.023,0.5,0.004
2022-03-08:17,66,32,0.052,0.027,0.5,0.005
2022-03-08:16,66,34,0.051,0.026,0.5,0.004
2022-03-08:15,73,38,0.048,0.027,0.5,0.004
2022-03-08:14,66,32,0.037,0.031,0.5,0.005
2022-03-08:13,63,27,0.033,0.032,0.5,0.004
2022-03-08:12,46,21,0.029,0.031,0.5,0.004
2022-03-08:11,41,20,0.016,0.045,0.6,0.004
2022-03-08:10,38,20,0.01,0.05,0.6,0.004
2022-03-08:09,39,20,0.005,0.052,0.7,0.004
2022-03-08:08,40,22,0.003,0.053,0.8,0.004
2022-03-08:07,39,23,0.003,0.052,0.7,0.004
2022-03-08:06,41,24,0.002,0.051,0.7,0.004
2022-03-08:05,36,18,0.002,0.054,0.6,0.004
2022-03-08:04,33,16,0.002,0.055,0.7,0.003
2022-03-08:03,32,17,0.002,0.055,0.7,0.003
2022-03-08:02,31,15,0.003,0.054,0.7,0.003
2022-03-08:01,36,18,0.003,0.052,0.7,0.004
2022-03-07:24,36,17,0.004,0.051,0.6,0.004
2022-03-07:23,40,17,0.007,0.048,0.6,0.003
2022-03-07:22,40,19,0.008,0.046,0.6,0.004
2022-03-07:21,40,20,0.013,0.042,0.5,0.003
2022-03-07:20,46,24,0.016,0.039,0.5,0.004
2022-03-07:19,50,25,0.014,0.044,0.5,0.004
2022-03-07:18,47,22,0.02,0.037,0.5,0.004
2022-03-07:17,55,30,0.019,0.04,0.5,0.004
2022-03-07:16,47,25,0.016,0.045,0.5,0.004
2022-03-07:15,38,18,0.025,0.032,0.4,0.004
2022-03-07:14,39,19,0.024,0.032,0.5,0.004
2022-03-07:13,41,21,0.024,0.031,0.5,0.004
2022-03-07:12,41,21,0.023,0.03,0.5,0.004
2022-03-07:11,42,18,0.018,0.034,0.6,0.003
2022-03-07:10,39,18,0.009,0.042,0.7,0.004
2022-03-07:09,38,18,0.006,0.044,0.7,0.003
2022-03-07:08,35,17,0.006,0.04,0.6,0.003
2022-03-07:07,36,18,0.008,0.039,0.5,0.003
2022-03-07:06,33,16,0.012,0.034,0.5,0.003
2022-03-07:05,32,16,0.015,0.031,0.5,0.003
2022-03-07:04,30,15,0.011,0.034,0.6,0.003
2022-03-07:03,30,18,0.017,0.028,0.6,0.002
2022-03-07:02,28,14,0.026,0.02,0.4,0.003
2022-03-07:01,27,12,0.02,0.027,0.5,0.003
2022-03-06:24,26,11,0.026,0.022,0.5,0.003
2022-03-06:23,24,10,0.035,0.014,0.4,0.002
2022-03-06:22,23,10,0.032,0.018,0.4,0.003
2022-03-06:21,26,9,0.03,0.022,0.4,0.003
2022-03-06:20,29,9,0.033,0.02,0.4,0.003
2022-03-06:19,39,11,0.036,0.019,0.4,0.003
2022-03-06:18,40,15,0.045,0.01,0.4,0.003
2022-03-06:17,39,8,0.046,0.007,0.3,0.003
2022-03-06:16,36,9,0.044,0.008,0.3,0.003
2022-03-06:15,38,11,0.045,0.005,0.3,0.003
2022-03-06:14,37,9,0.044,0.006,0.3,0.003
2022-03-06:13,46,11,0.042,0.005,0.3,0.003
2022-03-06:12,49,10,0.041,0.006,0.3,0.003
2022-03-06:11,54,12,0.039,0.006,0.3,0.003
2022-03-06:10,55,7,0.036,0.007,0.3,0.003
2022-03-06:09,54,7,0.029,0.012,0.4,0.003
2022-03-06:08,50,9,0.025,0.015,0.4,0.003
2022-03-06:07,50,10,0.029,0.011,0.4,0.003
2022-03-06:06,46,9,0.032,0.009,0.4,0.003
2022-03-06:05,46,9,0.035,0.006,0.3,0.003
2022-03-06:04,46,9,0.034,0.008,0.4,0.003
2022-03-06:03,45,9,0.033,0.01,0.4,0.003
2022-03-06:02,42,10,0.034,0.01,0.4,0.003
2022-03-06:01,39,10,0.035,0.011,0.4,0.002
2022-03-05:24,35,11,0.035,0.011,0.4,0.003
2022-03-05:23,33,12,0.034,0.012,0.4,0.003
2022-03-05:22,35,10,0.039,0.009,0.4,0.003
2022-03-05:21,33,9,0.041,0.007,0.4,0.003
2022-03-05:20,27,8,0.041,0.008,0.4,0.003
2022-03-05:19,34,9,0.042,0.008,0.3,0.003
2022-03-05:18,29,7,0.043,0.008,0.3,0.003
2022-03-05:17,43,6,0.044,0.007,0.3,0.003
2022-03-05:16,53,6,0.044,0.007,0.3,0.003
2022-03-05:15,35,7,0.044,0.006,0.3,0.003
2022-03-05:14,36,6,0.043,0.006,0.3,0.003
2022-03-05:13,70,9,0.043,0.007,0.3,0.003
2022-03-05:12,90,11,0.042,0.007,0.3,0.003
2022-03-05:11,121,13,0.04,0.008,0.3,0.003
2022-03-05:10,150,12,0.036,0.009,0.3,0.003
2022-03-05:09,188,16,0.035,0.011,0.3,0.003
2022-03-05:08,239,19,0.032,0.011,0.3,0.003
2022-03-05:07,182,16,0.028,0.012,0.4,0.003
2022-03-05:06,115,12,0.03,0.011,0.3,0.003
2022-03-05:05,100,14,0.034,0.01,0.3,0.003
2022-03-05:04,92,16,0.035,0.01,0.3,0.003
2022-03-05:03,106,32,0.036,0.01,0.4,0.003
2022-03-05:02,135,66,0.036,0.014,0.6,0.003
2022-03-05:01,158,81,0.028,0.022,0.9,0.003
2022-03-04:24,150,76,0.026,0.027,0.9,0.004
2022-03-04:23,124,56,0.037,0.025,0.7,0.003
2022-03-04:22,103,47,0.05,0.02,0.6,0.003
2022-03-04:21,87,40,0.056,0.018,0.6,0.003
2022-03-04:20,80,32,0.062,0.016,0.5,0.004
2022-03-04:19,80,29,0.063,0.017,0.5,0.004
2022-03-04:18,79,26,0.061,0.018,0.4,0.004
2022-03-04:17,92,29,0.06,0.016,0.4,0.004
2022-03-04:16,108,31,0.059,0.014,0.4,0.004
2022-03-04:15,102,36,0.054,0.015,0.5,0.004
2022-03-04:14,,,,,,
2022-03-04:13,,,,,,
2022-03-04:12,94,55,0.037,0.041,0.7,0.005
2022-03-04:11,90,54,0.025,0.047,0.7,0.004
2022-03-04:10,68,41,0.012,0.056,0.8,0.005
2022-03-04:09,59,35,0.005,0.061,0.9,0.004
2022-03-04:08,48,31,0.003,0.057,0.9,0.004
2022-03-04:07,46,30,0.002,0.054,0.8,0.003
2022-03-04:06,43,26,0.003,0.053,0.8,0.004
2022-03-04:05,44,28,0.003,0.056,0.8,0.004
2022-03-04:04,46,26,0.003,0.059,0.9,0.003
2022-03-04:03,53,32,0.003,0.064,1,0.004
2022-03-04:02,45,26,0.003,0.064,1,0.004
2022-03-04:01,46,26,0.003,0.063,0.9,0.004
2022-03-03:24,47,26,0.003,0.062,1,0.005
2022-03-03:23,48,26,0.003,0.062,0.9,0.004
2022-03-03:22,44,23,0.004,0.056,0.8,0.003
2022-03-03:21,43,20,0.014,0.047,0.6,0.003
2022-03-03:20,38,19,0.025,0.035,0.6,0.004
2022-03-03:19,45,21,0.038,0.025,0.5,0.004
2022-03-03:18,42,20,0.043,0.021,0.5,0.004
2022-03-03:17,46,18,0.047,0.017,0.4,0.004
2022-03-03:16,50,26,0.04,0.024,0.4,0.004
2022-03-03:15,46,28,0.032,0.036,0.5,0.004
2022-03-03:14,38,18,0.034,0.025,0.4,0.003
2022-03-03:13,42,16,0.033,0.025,0.5,0.003
2022-03-03:12,36,16,0.035,0.021,0.5,0.003
2022-03-03:11,43,25,0.036,0.018,0.4,0.004
2022-03-03:10,45,26,0.028,0.025,0.6,0.003
2022-03-03:09,52,30,0.018,0.034,0.7,0.003
2022-03-03:08,55,36,0.008,0.044,0.7,0.003
2022-03-03:07,55,37,0.011,0.041,0.6,0.003
2022-03-03:06,54,35,0.023,0.029,0.5,0.003
2022-03-03:05,53,35,0.029,0.024,0.5,0.003
2022-03-03:04,49,31,0.035,0.021,0.5,0.002
2022-03-03:03,48,30,0.038,0.019,0.5,0.003
2022-03-03:02,44,27,0.039,0.02,0.5,0.003
2022-03-03:01,46,28,0.036,0.024,0.5,0.003
2022-03-02:24,40,26,0.036,0.025,0.5,0.003
2022-03-02:23,43,27,0.033,0.029,0.5,0.003
2022-03-02:22,39,25,0.031,0.031,0.5,0.003
2022-03-02:21,36,20,0.032,0.032,0.5,0.003
2022-03-02:20,30,17,0.036,0.026,0.5,0.003
2022-03-02:19,28,17,0.036,0.024,0.5,0.004
2022-03-02:18,28,14,0.039,0.02,0.4,0.004
2022-03-02:17,34,12,0.04,0.019,0.4,0.004
2022-03-02:16,36,13,0.042,0.017,0.4,0.004
2022-03-02:15,33,17,0.041,0.016,0.4,0.004
2022-03-02:14,35,19,0.036,0.022,0.5,0.004
2022-03-02:13,33,16,0.029,0.028,0.5,0.004
2022-03-02:12,26,15,0.031,0.021,0.5,0.004
2022-03-02:11,29,19,0.025,0.025,0.5,0.004
2022-03-02:10,21,13,0.018,0.031,0.6,0.003
2022-03-02:09,18,10,0.014,0.034,0.6,0.003
2022-03-02:08,21,14,0.006,0.041,0.7,0.002
2022-03-02:07,19,14,0.008,0.037,0.6,0.002
2022-03-02:06,18,13,0.015,0.03,0.6,0.002
2022-03-02:05,18,13,0.029,0.015,0.4,0.003
2022-03-02:04,20,14,0.024,0.02,0.4,0.002
2022-03-02:03,22,17,0.029,0.015,0.4,0.002
2022-03-02:02,21,14,0.034,0.013,0.4,0.003
2022-03-02:01,20,11,0.034,0.012,0.4,0.002
2022-03-01:24,21,14,0.036,0.011,0.4,0.002
2022-03-01:23,25,20,0.037,0.011,0.4,0.003
2022-03-01:22,25,20,0.04,0.011,0.4,0.003
2022-03-01:21,34,27,0.038,0.015,0.5,0.002
2022-03-01:20,43,36,0.036,0.022,0.6,0.003
2022-03-01:19,45,37,0.045,0.016,0.5,0.003
2022-03-01:18,40,32,0.048,0.014,0.5,0.003
2022-03-01:17,41,29,0.049,0.013,0.4,0.003
2022-03-01:16,63,37,0.049,0.013,0.4,0.003
2022-03-01:15,73,36,0.041,0.015,0.4,0.003
2022-03-01:14,53,33,0.032,0.022,0.4,0.003
2022-03-01:13,39,25,0.029,0.028,0.4,0.003
2022-03-01:12,41,26,0.03,0.026,0.4,0.003
2022-03-01:11,45,29,0.01,0.041,0.6,0.003
2022-03-01:10,41,23,0.01,0.042,0.6,0.003
2022-03-01:09,43,21,0.016,0.033,0.5,0.003
2022-03-01:08,,16,0.028,0.021,0.4,0.003
2022-03-01:07,,19,0.022,0.028,0.5,0.003
2022-03-01:06,22,15,0.03,0.021,0.4,0.003
2022-03-01:05,20,17,0.038,0.016,0.4,0.003
2022-03-01:04,19,11,0.042,0.016,0.3,0.004
2022-03-01:03,20,12,0.041,0.016,0.3,0.004
2022-03-01:02,23,13,0.034,0.023,0.4,0.003
2022-03-01:01,28,17,0.031,0.028,0.4,0.004
2022-06-30:24,5,2,0.017,0.028,0.4,0.003
2022-06-30:23,6,3,0.028,0.02,0.4,0.002
2022-06-30:22,3,2,0.034,0.017,0.3,0.002
2022-06-30:21,5,4,0.04,0.015,0.3,0.003
2022-06-30:20,3,1,0.041,0.015,0.4,0.003
2022-06-30:19,3,1,0.046,0.011,0.3,0.003
2022-06-30:18,4,2,0.05,0.01,0.3,0.002
2022-06-30:17,4,5,0.049,0.011,0.3,0.002
2022-06-30:16,3,1,0.038,0.014,0.3,0.003
2022-06-30:15,5,4,0.037,0.014,0.3,0.003
2022-06-30:14,4,2,0.032,0.019,0.4,0.003
2022-06-30:13,3,3,0.027,0.024,0.4,0.002
2022-06-30:12,3,2,0.028,0.024,0.4,0.003
2022-06-30:11,6,1,0.021,0.03,0.4,0.002
2022-06-30:10,4,2,0.023,0.028,0.4,0.003
2022-06-30:09,4,1,0.025,0.026,0.4,0.002
2022-06-30:08,3,1,0.027,0.024,0.4,0.002
2022-06-30:07,3,2,0.034,0.017,0.3,0.003
2022-06-30:06,3,1,0.037,0.012,0.3,0.003
2022-06-30:05,3,3,0.038,0.01,0.3,0.003
2022-06-30:04,6,4,0.039,0.007,0.3,0.003
2022-06-30:03,4,4,0.037,0.006,0.3,0.003
2022-06-30:02,5,3,0.016,0.009,0.3,0.003
2022-06-30:01,8,2,0.012,0.014,0.4,0.003
2022-06-29:24,4,2,0.015,0.011,0.3,0.003
2022-06-29:23,5,3,0.017,0.008,0.3,0.003
2022-06-29:22,4,2,0.015,0.011,0.3,0.002
2022-06-29:21,8,6,0.017,0.01,0.3,0.002
2022-06-29:20,11,7,0.016,0.01,0.3,0.002
2022-06-29:19,19,11,0.013,0.012,0.3,0.003
2022-06-29:18,15,9,0.016,0.01,0.3,0.003
2022-06-29:17,16,7,0.016,0.009,0.3,0.003
2022-06-29:16,12,5,0.02,0.01,0.3,0.002
2022-06-29:15,13,4,0.023,0.011,0.3,0.003
2022-06-29:14,7,3,0.014,0.011,0.3,0.002
2022-06-29:13,15,8,0.013,0.011,0.3,0.003
2022-06-29:12,18,7,0.014,0.012,0.3,0.002
2022-06-29:11,19,10,0.013,0.011,0.3,0.003
2022-06-29:10,21,8,0.012,0.011,0.3,0.003
2022-06-29:09,21,10,0.014,0.009,0.2,0.003
2022-06-29:08,16,7,0.015,0.008,0.2,0.002
2022-06-29:07,13,5,0.017,0.006,0.2,0.002
2022-06-29:06,5,2,0.018,0.003,0.2,0.002
2022-06-29:05,8,5,0.017,0.003,0.2,0.002
2022-06-29:04,3,1,0.017,0.003,0.2,0.003
2022-06-29:03,8,2,0.012,0.004,0.2,0.002
2022-06-29:02,8,2,0.01,0.006,0.2,0.002
2022-06-29:01,11,5,0.011,0.005,0.2,0.003
2022-06-28:24,13,5,0.01,0.007,0.2,0.003
2022-06-28:23,10,7,0.012,0.006,0.2,0.003
2022-06-28:22,15,6,0.012,0.008,0.3,0.002
2022-06-28:21,17,8,0.013,0.008,0.3,0.003
2022-06-28:20,16,7,0.016,0.007,0.3,0.003
2022-06-28:19,17,8,0.016,0.007,0.2,0.003
2022-06-28:18,21,8,0.016,0.009,0.3,0.003
2022-06-28:17,22,9,0.017,0.007,0.2,0.002
2022-06-28:16,18,7,0.017,0.008,0.3,0.003
2022-06-28:15,22,12,0.014,0.008,0.3,0.003
2022-06-28:14,19,8,0.016,0.008,0.3,0.003
2022-06-28:13,18,8,0.016,0.009,0.3,0.003
2022-06-28:12,19,9,0.015,0.01,0.3,0.003
2022-06-28:11,16,6,0.015,0.007,0.3,0.003
2022-06-28:10,12,5,0.012,0.006,0.2,0.002
2022-06-28:09,11,3,0.011,0.006,0.2,0.003
2022-06-28:08,13,4,0.009,0.006,0.2,0.003
2022-06-28:07,12,5,0.009,0.005,0.3,0.003
2022-06-28:06,11,3,0.01,0.004,0.2,0.003
2022-06-28:05,14,5,0.01,0.003,0.2,0.003
2022-06-28:04,10,3,0.01,0.003,0.2,0.003
2022-06-28:03,10,4,0.01,0.004,0.2,0.002
2022-06-28:02,9,2,0.01,0.004,0.2,0.003
2022-06-28:01,9,4,0.01,0.006,0.2,0.002
2022-06-27:24,9,3,0.009,0.008,0.2,0.002
2022-06-27:23,8,2,0.01,0.007,0.2,0.003
2022-06-27:22,10,4,0.01,0.007,0.2,0.002
2022-06-27:21,10,4,0.011,0.006,0.2,0.003
2022-06-27:20,9,4,0.012,0.007,0.2,0.003
2022-06-27:19,13,6,0.01,0.011,0.3,0.003
2022-06-27:18,11,5,0.009,0.012,0.3,0.003
2022-06-27:17,14,7,0.008,0.013,0.3,0.003
2022-06-27:16,9,3,0.008,0.013,0.4,0.003
2022-06-27:15,12,8,0.011,0.01,0.3,0.003
2022-06-27:14,12,6,0.013,0.011,0.3,0.003
2022-06-27:13,15,7,0.01,0.014,0.3,0.003
2022-06-27:12,12,4,0.009,0.013,0.3,0.003
2022-06-27:11,10,5,0.007,0.014,0.3,0.003
2022-06-27:10,10,3,0.004,0.016,0.3,0.003
2022-06-27:09,8,4,0.003,0.016,0.3,0.002
2022-06-27:08,9,3,0.003,0.016,0.3,0.002
2022-06-27:07,8,4,0.002,0.014,0.3,0.003
2022-06-27:06,8,3,0.003,0.013,0.3,0.003
2022-06-27:05,10,4,0.004,0.011,0.3,0.002
2022-06-27:04,7,3,0.007,0.007,0.2,0.002
2022-06-27:03,10,5,0.008,0.007,0.3,0.003
2022-06-27:02,9,4,0.011,0.006,0.3,0.003
2022-06-27:01,10,4,0.015,0.005,0.2,0.002
2022-06-26:24,12,6,0.015,0.007,0.3,0.003
2022-06-26:23,15,7,0.013,0.011,0.4,0.003
2022-06-26:22,18,7,0.015,0.01,0.4,0.003
2022-06-26:21,20,9,0.019,0.01,0.3,0.003
2022-06-26:20,25,11,0.023,0.01,0.3,0.003
2022-06-26:19,30,15,0.024,0.012,0.4,0.003
2022-06-26:18,29,16,0.025,0.012,0.4,0.002
2022-06-26:17,25,14,0.026,0.012,0.3,0.002
2022-06-26:16,22,15,0.032,0.008,0.3,0.003
2022-06-26:15,26,16,0.032,0.011,0.3,0.003
2022-06-26:14,27,17,0.031,0.01,0.3,0.002
2022-06-26:13,26,15,0.031,0.009,0.3,0.002
2022-06-26:12,23,13,0.029,0.011,0.3,0.002
2022-06-26:11,23,12,0.025,0.011,0.3,0.002
2022-06-26:10,18,10,0.027,0.011,0.3,0.002
2022-06-26:09,17,11,0.03,0.01,0.3,0.003
2022-06-26:08,15,8,0.033,0.008,0.3,0.003
2022-06-26:07,16,8,0.035,0.008,0.3,0.003
2022-06-26:06,16,9,0.04,0.006,0.3,0.003
2022-06-26:05,18,12,0.044,0.005,0.3,0.003
2022-06-26:04,20,12,0.046,0.005,0.3,0.003
2022-06-26:03,30,15,0.041,0.006,0.4,0.003
2022-06-26:02,32,17,0.041,0.008,0.4,0.003
2022-06-26:01,33,19,0.041,0.009,0.4,0.003
2022-06-25:24,32,17,0.041,0.01,0.6,0.003
2022-06-25:23,31,16,0.042,0.011,0.6,0.003
2022-06-25:22,24,16,0.05,0.008,0.4,0.003
2022-06-25:21,25,19,0.055,0.009,0.4,0.003
2022-06-25:20,25,18,0.061,0.012,0.5,0.002
2022-06-25:19,30,22,0.063,0.01,0.4,0.003
2022-06-25:18,34,26,0.068,0.011,0.4,0.003
2022-06-25:17,39,31,0.069,0.013,0.4,0.003
2022-06-25:16,40,32,0.075,0.01,0.4,0.003
2022-06-25:15,45,38,0.081,0.01,0.5,0.003
2022-06-25:14,49,40,0.086,0.011,0.6,0.003
2022-06-25:13,52,42,0.091,0.009,0.6,0.003
2022-06-25:12,49,38,0.086,0.011,0.6,0.003
2022-06-25:11,56,38,0.069,0.015,0.6,0.003
2022-06-25:10,48,38,0.063,0.016,0.6,0.003
2022-06-25:09,46,41,0.062,0.012,0.6,0.003
2022-06-25:08,41,32,0.056,0.012,0.7,0.003
2022-06-25:07,47,35,0.054,0.011,0.6,0.003
2022-06-25:06,48,35,0.055,0.01,0.6,0.003
2022-06-25:05,47,36,0.056,0.008,0.6,0.003
2022-06-25:04,48,35,0.062,0.008,0.6,0.002
2022-06-25:03,55,37,0.074,0.006,0.6,0.003
2022-06-25:02,53,36,0.073,0.008,0.6,0.003
2022-06-25:01,52,37,0.074,0.008,0.6,0.003
2022-06-24:24,44,31,0.074,0.01,0.6,0.003
2022-06-24:23,43,31,0.066,0.01,0.5,0.003
2022-06-24:22,31,23,0.055,0.011,0.5,0.003
2022-06-24:21,22,15,0.047,0.012,0.4,0.003
2022-06-24:20,22,16,0.045,0.012,0.4,0.003
2022-06-24:19,24,17,0.046,0.015,0.4,0.003
2022-06-24:18,20,15,0.051,0.014,0.4,0.003
2022-06-24:17,23,19,0.049,0.014,0.5,0.003
2022-06-24:16,23,17,0.038,0.019,0.5,0.003
2022-06-24:15,25,19,0.04,0.017,0.4,0.003
2022-06-24:14,17,12,0.041,0.014,0.4,0.003
2022-06-24:13,22,18,0.036,0.016,0.5,0.003
2022-06-24:12,17,12,0.032,0.016,0.5,0.003
2022-06-24:11,14,8,0.029,0.014,0.4,0.003
2022-06-24:10,16,7,0.02,0.017,0.4,0.003
2022-06-24:09,15,9,0.012,0.023,0.5,0.003
2022-06-24:08,10,5,0.012,0.023,0.4,0.003
2022-06-24:07,10,8,0.021,0.015,0.4,0.002
2022-06-24:06,12,9,0.029,0.009,0.3,0.003
2022-06-24:05,18,13,0.037,0.008,0.4,0.003
2022-06-24:04,12,9,0.041,0.007,0.4,0.002
2022-06-24:03,5,5,0.046,0.006,0.3,0.003
2022-06-24:02,10,9,0.042,0.008,0.4,0.002
2022-06-24:01,18,17,0.042,0.009,0.3,0.003
2022-06-23:24,14,9,0.043,0.008,0.3,0.003
2022-06-23:23,8,9,0.043,0.008,0.3,0.003
2022-06-23:22,14,9,0.041,0.009,0.3,0.003
2022-06-23:21,11,10,0.042,0.01,0.4,0.002
2022-06-23:20,14,12,0.036,0.013,0.4,0.003
2022-06-23:19,16,15,0.031,0.018,0.5,0.003
2022-06-23:18,21,16,0.036,0.01,0.4,0.003
2022-06-23:17,27,20,0.031,0.014,0.4,0.003
2022-06-23:16,19,13,0.03,0.015,0.4,0.003
2022-06-23:15,16,16,0.025,0.016,0.4,0.003
2022-06-23:14,39,28,0.023,0.027,0.5,0.003
2022-06-23:13,40,28,0.027,0.031,0.5,0.003
2022-06-23:12,35,25,0.027,0.032,0.5,0.003
2022-06-23:11,36,26,0.02,0.039,0.6,0.003
2022-06-23:10,36,25,0.024,0.032,0.5,0.003
2022-06-23:09,34,25,0.027,0.028,0.5,0.004
2022-06-23:08,26,19,0.024,0.026,0.5,0.004
2022-06-23:07,24,20,0.017,0.023,0.5,0.004
2022-06-23:06,27,20,0.02,0.021,0.4,0.003
2022-06-23:05,31,24,0.011,0.029,0.5,0.003
2022-06-23:04,28,20,0.008,0.031,0.5,0.003
2022-06-23:03,29,21,0.015,0.029,0.5,0.003
2022-06-23:02,29,20,0.016,0.03,0.4,0.003
2022-06-23:01,28,21,0.014,0.032,0.5,0.002
2022-06-22:24,29,19,0.016,0.028,0.4,0.003
2022-06-22:23,32,20,0.022,0.025,0.4,0.003
2022-06-22:22,30,18,0.03,0.023,0.4,0.003
2022-06-22:21,32,21,0.04,0.019,0.4,0.003
2022-06-22:20,30,17,0.047,0.02,0.4,0.003
2022-06-22:19,35,22,0.057,0.02,0.4,0.004
2022-06-22:18,46,31,0.085,0.02,0.4,0.005
2022-06-22:17,44,29,0.086,0.021,0.4,0.004
2022-06-22:16,44,30,0.09,0.021,0.4,0.004
2022-06-22:15,39,25,0.097,0.023,0.4,0.003
2022-06-22:14,28,15,0.067,0.02,0.4,0.003
2022-06-22:13,29,18,0.045,0.023,0.4,0.003
2022-06-22:12,21,11,0.044,0.023,0.6,0.003
2022-06-22:11,18,11,0.034,0.02,0.6,0.003
2022-06-22:10,13,6,0.019,0.019,0.4,0.003
2022-06-22:09,13,10,0.018,0.018,0.3,0.003
2022-06-22:08,10,5,0.021,0.014,0.3,0.003
2022-06-22:07,12,7,0.023,0.012,0.2,0.003
2022-06-22:06,8,4,0.023,0.009,0.2,0.003
2022-06-22:05,7,4,0.023,0.009,0.2,0.003
2022-06-22:04,8,5,0.021,0.009,0.2,0.003
2022-06-22:03,16,7,0.014,0.014,0.3,0.003
2022-06-22:02,12,6,0.01,0.02,0.3,0.003
2022-06-22:01,14,7,0.012,0.017,0.3,0.003
2022-06-21:24,14,7,0.01,0.018,0.3,0.003
2022-06-21:23,16,7,0.008,0.021,0.3,0.003
2022-06-21:22,15,7,0.011,0.019,0.3,0.003
2022-06-21:21,16,7,0.015,0.017,0.3,0.003
2022-06-21:20,20,10,0.028,0.013,0.3,0.003
2022-06-21:19,23,12,0.042,0.015,0.3,0.002
2022-06-21:18,28,14,0.058,0.015,0.3,0.003
2022-06-21:17,40,25,0.078,0.015,0.3,0.003
2022-06-21:16,35,21,0.089,0.014,0.3,0.003
2022-06-21:15,27,15,0.086,0.014,0.4,0.003
2022-06-21:14,21,11,0.072,0.013,0.3,0.003
2022-06-21:13,25,11,0.06,0.016,0.4,0.003
2022-06-21:12,26,14,0.046,0.018,0.4,0.003
2022-06-21:11,27,15,0.041,0.019,0.4,0.003
2022-06-21:10,28,18,0.037,0.022,0.5,0.003
2022-06-21:09,29,19,0.032,0.02,0.5,0.003
2022-06-21:08,25,17,0.019,0.021,0.4,0.003
2022-06-21:07,28,18,0.011,0.023,0.5,0.003
2022-06-21:06,22,15,0.008,0.022,0.4,0.003
2022-06-21:05,21,15,0.012,0.017,0.4,0.003
2022-06-21:04,19,12,0.016,0.013,0.3,0.002
2022-06-21:03,21,14,0.017,0.013,0.4,0.002
2022-06-21:02,15,10,0.018,0.013,0.3,0.002
2022-06-21:01,16,11,0.021,0.014,0.3,0.002
2022-06-20:24,15,9,0.021,0.016,0.4,0.002
2022-06-20:23,18,9,0.026,0.012,0.3,0.002
2022-06-20:22,23,14,0.03,0.012,0.3,0.003
2022-06-20:21,36,25,0.049,0.015,0.4,0.002
2022-06-20:20,40,27,0.069,0.016,0.4,0.003
2022-06-20:19,40,26,0.084,0.014,0.4,0.003
2022-06-20:18,36,23,0.084,0.016,0.4,0.002
2022-06-20:17,36,21,0.077,0.014,0.4,0.003
2022-06-20:16,30,18,0.072,0.012,0.4,0.003
2022-06-20:15,27,17,0.061,0.012,0.4,0.003
2022-06-20:14,22,12,0.048,0.014,0.4,0.003
2022-06-20:13,20,11,0.044,0.014,0.4,0.003
2022-06-20:12,17,8,0.041,0.013,0.4,0.003
2022-06-20:11,22,14,0.033,0.011,0.4,0.003
2022-06-20:10,26,17,0.017,0.021,0.4,0.003
2022-06-20:09,25,16,0.012,0.023,0.5,0.003
2022-06-20:08,16,11,0.012,0.017,0.4,0.003
2022-06-20:07,18,12,0.012,0.015,0.4,0.003
2022-06-20:06,17,12,0.011,0.015,0.4,0.003
2022-06-20:05,20,15,0.011,0.015,0.4,0.002
2022-06-20:04,18,12,0.012,0.014,0.4,0.002
2022-06-20:03,24,16,0.011,0.016,0.4,0.003
2022-06-20:02,19,12,0.016,0.015,0.4,0.002
2022-06-20:01,19,10,0.02,0.015,0.4,0.003
2022-06-19:24,22,15,0.021,0.017,0.4,0.002
2022-06-19:23,33,19,0.029,0.015,0.4,0.003
2022-06-19:22,28,18,0.034,0.013,0.4,0.003
2022-06-19:21,36,19,0.037,0.014,0.4,0.003
2022-06-19:20,29,19,0.038,0.014,0.4,0.003
2022-06-19:19,30,19,0.039,0.013,0.4,0.003
2022-06-19:18,27,17,0.041,0.012,0.4,0.003
2022-06-19:17,36,25,0.04,0.011,0.4,0.003
2022-06-19:16,36,26,0.044,0.01,0.4,0.002
2022-06-19:15,33,21,0.04,0.01,0.4,0.002
2022-06-19:14,28,19,0.04,0.011,0.4,0.003
2022-06-19:13,27,16,0.04,0.008,0.4,0.003
2022-06-19:12,16,11,0.032,0.01,0.4,0.003
2022-06-19:11,15,13,0.03,0.011,0.3,0.002
2022-06-19:10,18,12,0.027,0.013,0.3,0.003
2022-06-19:09,20,11,0.026,0.013,0.4,0.002
2022-06-19:08,18,10,0.028,0.01,0.3,0.003
2022-06-19:07,22,12,0.026,0.011,0.3,0.003
2022-06-19:06,20,12,0.027,0.009,0.4,0.003
2022-06-19:05,24,12,0.031,0.006,0.3,0.003
2022-06-19:04,19,9,0.03,0.007,0.3,0.003
2022-06-19:03,17,7,0.026,0.01,0.3,0.003
2022-06-19:02,17,9,0.03,0.01,0.3,0.003
2022-06-19:01,21,10,0.031,0.009,0.3,0.003
2022-06-18:24,17,9,0.03,0.011,0.3,0.003
2022-06-18:23,17,10,0.033,0.011,0.3,0.003
2022-06-18:22,19,10,0.03,0.013,0.3,0.003
2022-06-18:21,21,11,0.028,0.014,0.3,0.003
2022-06-18:20,28,15,0.03,0.014,0.3,0.003
2022-06-18:19,37,17,0.03,0.016,0.4,0.003
2022-06-18:18,21,11,0.032,0.014,0.4,0.003
2022-06-18:17,21,13,0.034,0.012,0.3,0.003
2022-06-18:16,23,13,0.033,0.011,0.3,0.003
2022-06-18:15,29,18,0.031,0.018,0.4,0.003
2022-06-18:14,27,17,0.026,0.018,0.4,0.003
2022-06-18:13,33,21,0.029,0.016,0.5,0.003
2022-06-18:12,26,17,0.032,0.014,0.4,0.003
2022-06-18:11,26,15,0.029,0.013,0.4,0.003
2022-06-18:10,21,13,0.027,0.012,0.4,0.003
2022-06-18:09,22,13,0.024,0.013,0.4,0.003
2022-06-18:08,18,11,0.023,0.012,0.4,0.003
2022-06-18:07,19,12,0.014,0.017,0.4,0.003
2022-06-18:06,17,10,0.017,0.012,0.4,0.003
2022-06-18:05,18,10,0.017,0.013,0.4,0.003
2022-06-18:04,14,8,0.016,0.014,0.4,0.003
2022-06-18:03,19,10,0.016,0.015,0.4,0.003
2022-06-18:02,19,12,0.012,0.02,0.4,0.003
2022-06-18:01,24,16,0.013,0.02,0.4,0.003
2022-06-17:24,21,13,0.014,0.019,0.4,0.003
2022-06-17:23,30,18,0.018,0.018,0.4,0.003
2022-06-17:22,40,25,0.021,0.021,0.4,0.003
2022-06-17:21,46,30,0.025,0.021,0.5,0.003
2022-06-17:20,36,25,0.035,0.019,0.5,0.002
2022-06-17:19,39,27,0.044,0.019,0.4,0.003
2022-06-17:18,36,26,0.058,0.016,0.5,0.003
2022-06-17:17,41,30,0.064,0.018,0.4,0.003
2022-06-17:16,36,27,0.084,0.014,0.4,0.003
2022-06-17:15,40,28,0.085,0.016,0.5,0.003
2022-06-17:14,42,29,0.076,0.015,0.5,0.003
2022-06-17:13,,,0.065,0.017,0.5,0.003
2022-06-17:12,,,,,,
2022-06-17:11,,,,,,
2022-06-17:10,,19,0.046,0.019,0.4,0.003
2022-06-17:09,,19,0.018,0.029,0.5,0.003
2022-06-17:08,,14,0.008,0.026,0.5,0.003
2022-06-17:07,,11,0.007,0.023,0.5,0.003
2022-06-17:06,,13,0.005,0.023,0.4,0.003
2022-06-17:05,,14,0.007,0.022,0.4,0.003
2022-06-17:04,,14,0.004,0.027,0.5,0.003
2022-06-17:03,,16,0.006,0.028,0.5,0.003
2022-06-17:02,,13,0.009,0.029,0.5,0.003
2022-06-17:01,,17,0.013,0.028,0.5,0.003
2022-06-16:24,,11,0.008,0.036,0.5,0.003
2022-06-16:23,,10,0.025,0.021,0.4,0.003
2022-06-16:22,,9,0.025,0.022,0.4,0.003
2022-06-16:21,,18,0.027,0.023,0.4,0.003
2022-06-16:20,,18,0.036,0.024,0.4,0.003
2022-06-16:19,,13,0.043,0.018,0.4,0.002
2022-06-16:18,,10,0.046,0.015,0.4,0.003
2022-06-16:17,,9,0.046,0.014,0.3,0.003
2022-06-16:16,,9,0.044,0.015,0.4,0.003
2022-06-16:15,22,11,0.035,0.015,0.4,0.003
2022-06-16:14,24,12,0.03,0.02,0.4,0.003
2022-06-16:13,24,14,0.024,0.019,0.4,0.003
2022-06-16:12,16,5,0.024,0.014,0.4,0.002
2022-06-16:11,13,3,0.019,0.014,0.4,0.003
2022-06-16:10,13,3,0.015,0.015,0.4,0.003
2022-06-16:09,10,5,0.013,0.017,0.4,0.003
2022-06-16:08,6,1,0.015,0.01,0.3,0.003
2022-06-16:07,8,5,0.016,0.009,0.3,0.002
2022-06-16:06,6,4,0.018,0.008,0.3,0.002
2022-06-16:05,7,6,0.019,0.006,0.3,0.002
2022-06-16:04,7,5,0.02,0.005,0.3,0.002
2022-06-16:03,14,9,0.026,0.007,0.3,0.003
2022-06-16:02,17,10,0.029,0.01,0.4,0.002
2022-06-16:01,13,10,0.028,0.012,0.4,0.002
2022-06-15:24,13,10,0.035,0.012,0.4,0.003
2022-06-15:23,22,16,0.038,0.012,0.5,0.002
2022-06-15:22,25,16,0.037,0.013,0.5,0.003
2022-06-15:21,26,17,0.034,0.018,0.6,0.003
2022-06-15:20,19,11,0.007,0.031,0.6,0.003
2022-06-15:19,15,9,0.009,0.026,0.5,0.002
2022-06-15:18,12,6,0.012,0.023,0.5,0.003
2022-06-15:17,12,4,0.012,0.02,0.4,0.002
2022-06-15:16,7,2,0.014,0.018,0.4,0.003
2022-06-15:15,9,4,0.014,0.017,0.4,0.002
2022-06-15:14,3,1,0.017,0.013,0.3,0.002
2022-06-15:13,3,1,0.017,0.013,0.3,0.002
2022-06-15:12,4,2,0.018,0.013,0.3,0.002
2022-06-15:11,3,4,0.017,0.015,0.3,0.002
2022-06-15:10,3,1,0.019,0.013,0.3,0.002
2022-06-15:09,4,3,0.022,0.012,0.3,0.002
2022-06-15:08,4,2,0.022,0.012,0.2,0.002
2022-06-15:07,5,4,0.025,0.01,0.2,0.002
2022-06-15:06,4,3,0.026,0.007,0.2,0.002
2022-06-15:05,5,5,0.029,0.006,0.2,0.002
2022-06-15:04,6,4,0.03,0.005,0.2,0.002
2022-06-15:03,7,7,0.03,0.005,0.2,0.002
2022-06-15:02,6,3,0.031,0.005,0.2,0.002
2022-06-15:01,10,5,0.032,0.005,0.2,0.002
2022-06-14:24,11,5,0.033,0.005,0.2,0.003
2022-06-14:23,10,4,0.034,0.006,0.2,0.002
2022-06-14:22,8,3,0.035,0.006,0.2,0.002
2022-06-14:21,9,8,0.034,0.007,0.3,0.002
2022-06-14:20,12,6,0.033,0.006,0.3,0.002
2022-06-14:19,10,6,0.032,0.007,0.3,0.002
2022-06-14:18,10,4,0.032,0.008,0.3,0.002
2022-06-14:17,11,5,0.032,0.009,0.3,0.002
2022-06-14:16,9,4,0.034,0.008,0.3,0.002
2022-06-14:15,15,5,0.035,0.007,0.3,0.002
2022-06-14:14,15,7,0.037,0.007,0.3,0.002
2022-06-14:13,15,5,0.039,0.007,0.3,0.002
2022-06-14:12,13,5,0.039,0.007,0.3,0.002
2022-06-14:11,12,6,0.035,0.007,0.3,0.003
2022-06-14:10,13,3,0.034,0.006,0.3,0.002
2022-06-14:09,12,6,0.032,0.006,0.2,0.002
2022-06-14:08,7,2,0.029,0.008,0.2,0.003
2022-06-14:07,7,6,0.028,0.008,0.3,0.003
2022-06-14:06,8,4,0.031,0.006,0.2,0.002
2022-06-14:05,9,6,0.032,0.004,0.2,0.002
2022-06-14:04,12,6,0.031,0.006,0.2,0.002
2022-06-14:03,14,5,0.032,0.005,0.2,0.002
2022-06-14:02,10,5,0.032,0.006,0.2,0.002
2022-06-14:01,11,6,0.032,0.006,0.3,0.002
2022-06-13:24,11,5,0.032,0.007,0.3,0.003
2022-06-13:23,11,4,0.032,0.008,0.3,0.002
2022-06-13:22,12,7,0.034,0.007,0.3,0.003
2022-06-13:21,17,8,0.034,0.009,0.3,0.003
2022-06-13:20,18,11,0.035,0.009,0.3,0.002
2022-06-13:19,21,13,0.039,0.009,0.3,0.003
2022-06-13:18,16,10,0.038,0.01,0.4,0.003
2022-06-13:17,16,11,0.037,0.011,0.4,0.003
2022-06-13:16,23,17,0.036,0.01,0.4,0.003
2022-06-13:15,25,17,0.041,0.014,0.4,0.002
2022-06-13:14,27,20,0.045,0.013,0.4,0.003
2022-06-13:13,28,20,0.051,0.009,0.4,0.003
2022-06-13:12,27,18,0.046,0.013,0.4,0.002
2022-06-13:11,22,13,0.039,0.015,0.4,0.003
2022-06-13:10,18,11,0.034,0.016,0.4,0.003
2022-06-13:09,15,10,0.038,0.012,0.4,0.002
2022-06-13:08,14,10,0.025,0.017,0.4,0.002
2022-06-13:07,13,12,0.03,0.013,0.4,0.002
2022-06-13:06,11,10,0.041,0.008,0.4,0.003
2022-06-13:05,13,11,0.046,0.006,0.3,0.003
2022-06-13:04,24,20,0.046,0.006,0.4,0.002
2022-06-13:03,34,25,0.037,0.01,0.4,0.003
2022-06-13:02,31,23,0.03,0.013,0.4,0.004
2022-06-13:01,34,22,0.035,0.011,0.4,0.003
2022-06-12:24,34,20,0.036,0.012,0.4,0.003
2022-06-12:23,38,29,0.048,0.017,0.4,0.003
2022-06-12:22,37,28,0.064,0.015,0.4,0.004
2022-06-12:21,38,30,0.073,0.015,0.4,0.004
2022-06-12:20,38,30,0.079,0.013,0.4,0.003
2022-06-12:19,39,29,0.08,0.014,0.5,0.003
2022-06-12:18,36,25,0.089,0.013,0.4,0.003
2022-06-12:17,26,23,0.089,0.009,0.4,0.003
2022-06-12:16,20,14,0.082,0.007,0.3,0.003
2022-06-12:15,24,15,0.078,0.007,0.3,0.003
2022-06-12:14,20,13,0.077,0.007,0.3,0.003
2022-06-12:13,18,11,0.069,0.006,0.3,0.002
2022-06-12:12,14,9,0.061,0.006,0.3,0.002
2022-06-12:11,13,9,0.053,0.006,0.3,0.002
2022-06-12:10,10,5,0.046,0.006,0.3,0.002
2022-06-12:09,12,8,0.041,0.006,0.3,0.003
2022-06-12:08,10,4,0.038,0.007,0.3,0.002
2022-06-12:07,10,6,0.038,0.005,0.3,0.003
2022-06-12:06,10,6,0.037,0.005,0.3,0.002
2022-06-12:05,8,6,0.039,0.004,0.3,0.003
2022-06-12:04,7,4,0.039,0.004,0.3,0.002
2022-06-12:03,9,6,0.04,0.004,0.3,0.003
2022-06-12:02,10,6,0.039,0.005,0.3,0.003
2022-06-12:01,13,9,0.039,0.006,0.3,0.002
2022-06-11:24,12,8,0.04,0.006,0.3,0.002
2022-06-11:23,16,12,0.039,0.006,0.3,0.002
2022-06-11:22,19,11,0.04,0.006,0.3,0.003
2022-06-11:21,24,16,0.044,0.006,0.3,0.003
2022-06-11:20,24,13,0.048,0.006,0.3,0.003
2022-06-11:19,22,14,0.057,0.006,0.3,0.002
2022-06-11:18,21,14,0.064,0.007,0.3,0.003
2022-06-11:17,22,18,0.071,0.006,0.3,0.003
2022-06-11:16,16,9,0.076,0.006,0.3,0.002
2022-06-11:15,17,9,0.074,0.007,0.3,0.003
2022-06-11:14,18,11,0.076,0.005,0.3,0.002
2022-06-11:13,18,13,0.074,0.008,0.3,0.003
2022-06-11:12,17,11,0.07,0.008,0.3,0.002
2022-06-11:11,18,11,0.061,0.009,0.3,0.003
2022-06-11:10,19,12,0.044,0.015,0.4,0.003
2022-06-11:09,18,15,0.031,0.016,0.4,0.003
2022-06-11:08,19,11,0.018,0.019,0.4,0.003
2022-06-11:07,23,16,0.013,0.018,0.4,0.003
2022-06-11:06,20,15,0.016,0.014,0.4,0.002
2022-06-11:05,22,15,0.019,0.013,0.4,0.003
2022-06-11:04,20,14,0.022,0.013,0.4,0.002
2022-06-11:03,24,15,0.021,0.014,0.4,0.003
2022-06-11:02,20,13,0.029,0.014,0.4,0.002
2022-06-11:01,28,18,0.023,0.02,0.4,0.002
2022-06-10:24,23,16,0.025,0.022,0.5,0.002
2022-06-10:23,24,18,0.034,0.022,0.5,0.003
2022-06-10:22,24,19,0.039,0.021,0.5,0.002
2022-06-10:21,27,19,0.045,0.016,0.5,0.003
2022-06-10:20,26,20,0.054,0.016,0.4,0.003
2022-06-10:19,26,19,0.048,0.019,0.5,0.003
2022-06-10:18,22,16,0.037,0.019,0.5,0.003
2022-06-10:17,25,19,0.032,0.019,0.4,0.003
2022-06-10:16,19,12,0.037,0.018,0.5,0.003
2022-06-10:15,33,23,0.034,0.016,0.4,0.002
2022-06-10:14,28,19,0.049,0.01,0.4,0.003
2022-06-10:13,27,22,0.064,0.012,0.5,0.003
2022-06-10:12,24,17,0.057,0.013,0.4,0.003
2022-06-10:11,32,20,0.046,0.015,0.4,0.003
2022-06-10:10,25,14,0.031,0.018,0.4,0.003
2022-06-10:09,23,14,0.019,0.018,0.4,0.003
2022-06-10:08,16,12,0.013,0.017,0.4,0.003
2022-06-10:07,18,13,0.008,0.019,0.4,0.003
2022-06-10:06,28,12,0.011,0.016,0.4,0.003
2022-06-10:05,35,15,0.009,0.018,0.4,0.003
2022-06-10:04,19,14,0.007,0.02,0.4,0.003
2022-06-10:03,23,15,0.01,0.019,0.4,0.002
2022-06-10:02,21,14,0.006,0.026,0.4,0.002
2022-06-10:01,25,17,0.008,0.027,0.4,0.003
2022-06-09:24,21,13,0.014,0.024,0.4,0.002
2022-06-09:23,19,13,0.017,0.022,0.4,0.002
2022-06-09:22,20,13,0.02,0.021,0.4,0.003
2022-06-09:21,28,21,0.027,0.016,0.4,0.002
2022-06-09:20,27,18,0.031,0.015,0.4,0.002
2022-06-09:19,22,11,0.047,0.012,0.4,0.003
2022-06-09:18,20,11,0.051,0.009,0.3,0.003
2022-06-09:17,26,16,0.052,0.01,0.3,0.003
2022-06-09:16,24,14,0.046,0.014,0.4,0.003
2022-06-09:15,30,18,0.03,0.024,0.5,0.003
2022-06-09:14,29,20,0.026,0.024,0.5,0.003
2022-06-09:13,28,18,0.032,0.02,0.4,0.003
2022-06-09:12,22,13,0.025,0.023,0.5,0.003
2022-06-09:11,25,15,0.014,0.026,0.5,0.003
2022-06-09:10,24,13,0.011,0.029,0.5,0.003
2022-06-09:09,24,17,0.013,0.027,0.4,0.003
2022-06-09:08,20,12,0.019,0.017,0.4,0.002
2022-06-09:07,23,13,0.024,0.011,0.3,0.003
2022-06-09:06,22,13,0.024,0.009,0.3,0.002
2022-06-09:05,19,11,0.024,0.009,0.3,0.003
2022-06-09:04,17,9,0.026,0.009,0.3,0.002
2022-06-09:03,21,13,0.028,0.009,0.3,0.002
2022-06-09:02,17,10,0.03,0.011,0.3,0.003
2022-06-09:01,16,10,0.039,0.009,0.3,0.003
2022-06-08:24,13,8,0.036,0.013,0.3,0.002
2022-06-08:23,14,9,0.041,0.011,0.3,0.003
2022-06-08:22,14,8,0.042,0.012,0.3,0.003
2022-06-08:21,22,14,0.043,0.013,0.3,0.002
2022-06-08:20,31,22,0.051,0.017,0.4,0.003
2022-06-08:19,35,22,0.074,0.017,0.4,0.003
2022-06-08:18,29,18,0.073,0.018,0.4,0.002
2022-06-08:17,25,17,0.058,0.021,0.4,0.002
2022-06-08:16,20,12,0.051,0.018,0.4,0.003
2022-06-08:15,15,8,0.048,0.016,0.4,0.002
2022-06-08:14,18,11,0.039,0.017,0.4,0.003
2022-06-08:13,17,11,0.042,0.014,0.3,0.002
2022-06-08:12,15,9,0.039,0.013,0.3,0.003
2022-06-08:11,12,5,0.029,0.013,0.3,0.002
2022-06-08:10,10,3,0.021,0.014,0.3,0.002
2022-06-08:09,7,1,0.019,0.012,0.3,0.003
2022-06-08:08,4,1,0.021,0.01,0.3,0.002
2022-06-08:07,4,3,0.021,0.009,0.3,0.002
2022-06-08:06,3,2,0.023,0.007,0.2,0.002
2022-06-08:05,6,2,0.026,0.006,0.2,0.002
2022-06-08:04,5,3,0.026,0.005,0.2,0.002
2022-06-08:03,,6,0.026,0.005,0.2,0.002
2022-06-08:02,4,2,0.026,0.006,0.2,0.002
2022-06-08:01,8,3,0.025,0.007,0.2,0.002
2022-06-07:24,4,2,0.025,0.008,0.3,0.002
2022-06-07:23,4,5,0.026,0.008,0.3,0.003
2022-06-07:22,6,3,0.028,0.009,0.3,0.002
2022-06-07:21,9,7,0.03,0.011,0.3,0.002
2022-06-07:20,8,5,0.032,0.012,0.4,0.002
2022-06-07:19,9,2,0.039,0.011,0.3,0.002
2022-06-07:18,9,5,0.035,0.017,0.3,0.002
2022-06-07:17,4,1,0.044,0.009,0.3,0.002
2022-06-07:16,4,5,0.045,0.009,0.3,0.002
2022-06-07:15,5,3,0.043,0.011,0.3,0.003
2022-06-07:14,3,1,0.044,0.007,0.3,0.002
2022-06-07:13,3,5,0.04,0.008,0.3,0.002
2022-06-07:12,3,1,0.035,0.009,0.3,0.002
2022-06-07:11,4,2,0.035,0.007,0.3,0.002
2022-06-07:10,3,1,0.029,0.008,0.3,0.003
2022-06-07:09,5,1,0.026,0.01,0.3,0.002
2022-06-07:08,3,1,0.027,0.009,0.2,0.002
2022-06-07:07,3,1,0.024,0.011,0.2,0.002
2022-06-07:06,3,1,0.024,0.008,0.2,0.002
2022-06-07:05,3,3,0.028,0.006,0.2,0.002
2022-06-07:04,3,1,0.029,0.005,0.2,0.002
2022-06-07:03,3,1,0.03,0.004,0.2,0.003
2022-06-07:02,3,1,0.031,0.004,0.2,0.002
2022-06-07:01,3,1,0.032,0.004,0.2,0.003
2022-06-06:24,3,1,0.032,0.005,0.2,0.002
2022-06-06:23,4,2,0.032,0.006,0.2,0.002
2022-06-06:22,3,1,0.032,0.006,0.3,0.002
2022-06-06:21,7,4,0.033,0.006,0.3,0.003
2022-06-06:20,7,4,0.032,0.006,0.3,0.002
2022-06-06:19,8,4,0.033,0.005,0.3,0.002
2022-06-06:18,5,2,0.035,0.005,0.3,0.003
2022-06-06:17,6,2,0.036,0.006,0.3,0.003
2022-06-06:16,4,1,0.035,0.005,0.3,0.003
2022-06-06:15,8,1,0.035,0.006,0.2,0.003
2022-06-06:14,7,1,0.036,0.005,0.3,0.002
2022-06-06:13,8,3,0.035,0.004,0.3,0.003
2022-06-06:12,4,1,0.03,0.007,0.3,0.002
2022-06-06:11,3,1,0.028,0.006,0.3,0.003
2022-06-06:10,3,1,0.022,0.009,0.3,0.003
2022-06-06:09,3,2,0.021,0.008,0.3,0.002
2022-06-06:08,3,1,0.023,0.006,0.2,0.002
2022-06-06:07,3,5,0.024,0.007,0.2,0.002
2022-06-06:06,7,5,0.025,0.006,0.3,0.002
2022-06-06:05,15,7,0.029,0.005,0.3,0.003
2022-06-06:04,16,5,0.032,0.006,0.3,0.003
2022-06-06:03,7,6,0.035,0.006,0.3,0.002
2022-06-06:02,11,8,0.034,0.007,0.3,0.003
2022-06-06:01,16,13,0.033,0.008,0.3,0.003
2022-06-05:24,17,12,0.034,0.01,0.3,0.002
2022-06-05:23,13,13,0.039,0.01,0.3,0.002
2022-06-05:22,17,11,0.043,0.011,0.3,0.003
2022-06-05:21,18,13,0.048,0.01,0.3,0.003
2022-06-05:20,18,12,0.046,0.012,0.4,0.003
2022-06-05:19,17,15,0.046,0.012,0.4,0.003
2022-06-05:18,17,13,0.049,0.011,0.4,0.003
2022-06-05:17,17,11,0.052,0.01,0.4,0.003
2022-06-05:16,18,13,0.055,0.009,0.4,0.003
2022-06-05:15,22,17,0.058,0.009,0.3,0.003
2022-06-05:14,24,18,0.059,0.009,0.3,0.003
2022-06-05:13,23,19,0.059,0.009,0.3,0.003
2022-06-05:12,23,16,0.064,0.007,0.3,0.003
2022-06-05:11,22,12,0.061,0.007,0.3,0.003
2022-06-05:10,20,12,0.055,0.007,0.3,0.003
2022-06-05:09,19,15,0.049,0.01,0.3,0.003
2022-06-05:08,20,13,0.049,0.01,0.3,0.003
2022-06-05:07,23,18,0.049,0.01,0.3,0.003
2022-06-05:06,26,17,0.051,0.009,0.3,0.003
2022-06-05:05,28,24,0.053,0.009,0.4,0.002
2022-06-05:04,30,22,0.056,0.01,0.4,0.002
2022-06-05:03,29,21,0.061,0.01,0.4,0.003
2022-06-05:02,33,23,0.063,0.01,0.4,0.003
2022-06-05:01,40,28,0.052,0.016,0.4,0.002
2022-06-04:24,39,25,0.049,0.02,0.5,0.003
2022-06-04:23,37,26,0.061,0.014,0.4,0.003
2022-06-04:22,44,28,0.069,0.015,0.5,0.003
2022-06-04:21,44,27,0.072,0.017,0.5,0.003
2022-06-04:20,45,30,0.079,0.015,0.5,0.003
2022-06-04:19,41,26,0.087,0.013,0.4,0.003
2022-06-04:18,37,22,0.087,0.013,0.4,0.003
2022-06-04:17,42,29,0.093,0.016,0.4,0.003
2022-06-04:16,38,25,0.091,0.014,0.4,0.003
2022-06-04:15,37,25,0.088,0.015,0.4,0.003
2022-06-04:14,36,23,0.087,0.013,0.4,0.003
2022-06-04:13,38,22,0.08,0.014,0.4,0.003
2022-06-04:12,31,16,0.071,0.014,0.4,0.003
2022-06-04:11,28,14,0.057,0.016,0.4,0.003
2022-06-04:10,26,14,0.048,0.016,0.4,0.003
2022-06-04:09,22,11,0.041,0.015,0.3,0.003
2022-06-04:08,16,10,0.036,0.013,0.3,0.003
2022-06-04:07,16,10,0.034,0.012,0.3,0.002
2022-06-04:06,17,11,0.034,0.009,0.3,0.002
2022-06-04:05,30,12,0.035,0.009,0.3,0.002
2022-06-04:04,16,11,0.036,0.008,0.3,0.003
2022-06-04:03,26,16,0.032,0.01,0.4,0.003
2022-06-04:02,31,18,0.017,0.023,0.5,0.003
2022-06-04:01,44,27,0.025,0.021,0.6,0.003
2022-06-03:24,38,27,0.036,0.026,0.7,0.003
2022-06-03:23,45,35,0.042,0.026,0.6,0.003
2022-06-03:22,42,28,0.045,0.024,0.6,0.003
2022-06-03:21,45,31,0.054,0.023,0.6,0.004
2022-06-03:20,55,37,0.061,0.024,0.6,0.004
2022-06-03:19,67,47,0.084,0.027,0.6,0.004
2022-06-03:18,67,48,0.104,0.026,0.6,0.004
2022-06-03:17,69,44,0.124,0.027,0.5,0.004
2022-06-03:16,50,29,0.122,0.021,0.5,0.003
2022-06-03:15,,,0.1,0.017,0.5,0.003
2022-06-03:14,,,,,,
2022-06-03:13,,,,,,
2022-06-03:12,34,18,0.07,0.018,0.5,0.003
2022-06-03:11,32,18,0.061,0.017,0.5,0.003
2022-06-03:10,29,15,0.056,0.015,0.5,0.003
2022-06-03:09,29,15,0.046,0.017,0.4,0.003
2022-06-03:08,25,13,0.048,0.012,0.4,0.002
2022-06-03:07,26,14,0.042,0.013,0.4,0.002
2022-06-03:06,24,16,0.042,0.01,0.4,0.002
2022-06-03:05,23,17,0.05,0.007,0.4,0.002
2022-06-03:04,23,16,0.047,0.007,0.4,0.003
2022-06-03:03,25,17,0.045,0.007,0.4,0.002
2022-06-03:02,16,10,0.044,0.007,0.4,0.003
2022-06-03:01,19,10,0.043,0.01,0.4,0.003
2022-06-02:24,16,9,0.048,0.01,0.4,0.003
2022-06-02:23,19,11,0.049,0.01,0.4,0.003
2022-06-02:22,20,9,0.048,0.012,0.4,0.003
2022-06-02:21,24,12,0.046,0.016,0.4,0.003
2022-06-02:20,26,15,0.05,0.018,0.4,0.003
2022-06-02:19,47,17,0.056,0.018,0.4,0.003
2022-06-02:18,,13,0.064,0.017,0.4,0.003
2022-06-02:17,27,17,0.069,0.015,0.4,0.003
2022-06-02:16,29,15,0.074,0.016,0.4,0.004
2022-06-02:15,36,20,0.079,0.015,0.4,0.003
2022-06-02:14,39,24,0.083,0.018,0.4,0.005
2022-06-02:13,34,23,0.074,0.019,0.4,0.004
2022-06-02:12,33,18,0.057,0.016,0.4,0.004
2022-06-02:11,35,20,0.049,0.018,0.4,0.003
2022-06-02:10,26,16,0.045,0.016,0.4,0.003
2022-06-02:09,27,18,0.044,0.013,0.3,0.004
2022-06-02:08,24,17,0.043,0.012,0.3,0.003
2022-06-02:07,26,22,0.038,0.012,0.3,0.004
2022-06-02:06,22,14,0.037,0.011,0.4,0.003
2022-06-02:05,21,13,0.044,0.009,0.3,0.002
2022-06-02:04,21,11,0.038,0.014,0.3,0.003
2022-06-02:03,20,10,0.035,0.015,0.4,0.003
2022-06-02:02,20,8,0.038,0.015,0.4,0.003
2022-06-02:01,20,11,0.048,0.011,0.3,0.003
2022-06-01:24,21,8,0.051,0.01,0.3,0.003
2022-06-01:23,23,11,0.05,0.013,0.3,0.004
2022-06-01:22,20,10,0.052,0.014,0.3,0.003
2022-06-01:21,27,14,0.053,0.017,0.4,0.003
2022-06-01:20,25,14,0.059,0.015,0.4,0.003
2022-06-01:19,23,11,0.064,0.012,0.3,0.003
2022-06-01:18,19,10,0.067,0.011,0.3,0.003
2022-06-01:17,20,10,0.069,0.01,0.3,0.003
2022-06-01:16,16,5,0.064,0.011,0.3,0.003
2022-06-01:15,19,6,0.06,0.01,0.3,0.003
2022-06-01:14,17,7,0.062,0.01,0.3,0.003
2022-06-01:13,22,11,0.066,0.011,0.3,0.003
2022-06-01:12,23,9,0.065,0.014,0.4,0.004
2022-06-01:11,19,8,0.058,0.014,0.3,0.003
2022-06-01:10,24,8,0.051,0.016,0.4,0.003
2022-06-01:09,24,11,0.042,0.02,0.4,0.003
2022-06-01:08,20,4,0.028,0.028,0.4,0.004
2022-06-01:07,22,8,0.021,0.028,0.4,0.003
2022-06-01:06,22,10,0.019,0.028,0.5,0.004
2022-06-01:05,24,10,0.021,0.026,0.4,0.003
2022-06-01:04,23,10,0.019,0.029,0.5,0.003
2022-06-01:03,23,10,0.026,0.028,0.5,0.003
2022-06-01:02,23,8,0.028,0.028,0.5,0.004
2022-06-01:01,24,9,0.032,0.026,0.5,0.004
2022-05-31:24,21,8,0.033,0.025,0.4,0.003
2022-05-31:23,25,10,0.038,0.023,0.4,0.004
2022-05-31:22,25,7,0.043,0.02,0.4,0.004
2022-05-31:21,27,15,0.048,0.02,0.4,0.004
2022-05-31:20,27,13,0.05,0.018,0.4,0.003
2022-05-31:19,26,8,0.049,0.016,0.4,0.003
2022-05-31:18,28,7,0.051,0.014,0.3,0.003
2022-05-31:17,32,6,0.051,0.013,0.3,0.003
2022-05-31:16,32,6,0.058,0.013,0.3,0.003
2022-05-31:15,31,8,0.057,0.011,0.3,0.003
2022-05-31:14,32,11,0.07,0.014,0.4,0.004
2022-05-31:13,32,10,0.06,0.014,0.4,0.003
2022-05-31:12,26,7,0.045,0.02,0.4,0.003
2022-05-31:11,35,13,0.028,0.035,0.5,0.004
2022-05-31:10,30,12,0.029,0.032,0.5,0.004
2022-05-31:09,26,10,0.033,0.025,0.4,0.003
2022-05-31:08,17,4,0.022,0.029,0.5,0.003
2022-05-31:07,17,8,0.018,0.028,0.5,0.003
2022-05-31:06,15,7,0.024,0.022,0.4,0.003
2022-05-31:05,16,8,0.035,0.014,0.4,0.003
2022-05-31:04,15,7,0.04,0.012,0.3,0.003
2022-05-31:03,13,8,0.043,0.008,0.3,0.003
2022-05-31:02,14,6,0.044,0.008,0.3,0.003
2022-05-31:01,13,6,0.044,0.007,0.3,0.003
2022-05-30:24,11,5,0.039,0.009,0.3,0.003
2022-05-30:23,11,6,0.037,0.01,0.3,0.003
2022-05-30:22,11,5,0.04,0.008,0.3,0.002
2022-05-30:21,12,6,0.038,0.008,0.3,0.003
2022-05-30:20,9,7,0.032,0.012,0.4,0.002
2022-05-30:19,10,7,0.036,0.012,0.3,0.003
2022-05-30:18,13,8,0.042,0.01,0.3,0.003
2022-05-30:17,27,15,0.045,0.012,0.3,0.003
2022-05-30:16,24,13,0.048,0.011,0.4,0.003
2022-05-30:15,29,19,0.052,0.011,0.4,0.003
2022-05-30:14,34,24,0.057,0.013,0.4,0.003
2022-05-30:13,38,25,0.052,0.016,0.5,0.003
2022-05-30:12,39,24,0.035,0.021,0.5,0.003
2022-05-30:11,35,25,0.035,0.026,0.5,0.002
2022-05-30:10,30,21,0.032,0.022,0.5,0.002
2022-05-30:09,27,22,0.046,0.015,0.4,0.002
2022-05-30:08,28,21,0.042,0.016,0.4,0.003
2022-05-30:07,28,23,0.037,0.016,0.4,0.003
2022-05-30:06,28,21,0.042,0.009,0.4,0.002
2022-05-30:05,28,21,0.046,0.007,0.4,0.003
2022-05-30:04,27,21,0.047,0.005,0.4,0.003
2022-05-30:03,29,19,0.052,0.005,0.4,0.003
2022-05-30:02,29,20,0.048,0.005,0.4,0.002
2022-05-30:01,31,23,0.045,0.007,0.4,0.003
2022-05-29:24,31,23,0.046,0.008,0.4,0.002
2022-05-29:23,32,25,0.048,0.008,0.4,0.003
2022-05-29:22,32,24,0.051,0.008,0.4,0.003
2022-05-29:21,36,29,0.055,0.009,0.4,0.003
2022-05-29:20,43,32,0.071,0.008,0.4,0.003
2022-05-29:19,43,30,0.082,0.009,0.4,0.003
2022-05-29:18,28,21,0.094,0.01,0.4,0.003
2022-05-29:17,26,19,0.098,0.009,0.4,0.002
2022-05-29:16,25,19,0.093,0.008,0.4,0.003
2022-05-29:15,25,21,0.09,0.008,0.4,0.002
2022-05-29:14,28,21,0.083,0.008,0.4,0.003
2022-05-29:13,32,23,0.077,0.006,0.4,0.002
2022-05-29:12,24,19,0.064,0.008,0.4,0.004
2022-05-29:11,26,18,0.055,0.009,0.4,0.003
2022-05-29:10,21,16,0.052,0.009,0.4,0.003
2022-05-29:09,20,15,0.054,0.007,0.4,0.003
2022-05-29:08,14,11,0.055,0.007,0.3,0.003
2022-05-29:07,17,15,0.06,0.005,0.3,0.003
2022-05-29:06,28,25,0.057,0.005,0.3,0.003
2022-05-29:05,28,25,0.059,0.004,0.3,0.003
2022-05-29:04,21,16,0.057,0.005,0.3,0.003
2022-05-29:03,20,16,0.055,0.005,0.3,0.003
2022-05-29:02,23,14,0.059,0.005,0.3,0.003
2022-05-29:01,23,13,0.063,0.007,0.3,0.003
2022-05-28:24,22,12,0.055,0.012,0.4,0.003
2022-05-28:23,25,16,0.049,0.017,0.4,0.005
2022-05-28:22,26,17,0.05,0.018,0.4,0.007
2022-05-28:21,24,19,0.054,0.019,0.4,0.008
2022-05-28:20,27,18,0.058,0.017,0.4,0.007
2022-05-28:19,37,23,0.064,0.015,0.4,0.004
2022-05-28:18,47,31,0.09,0.015,0.5,0.004
2022-05-28:17,49,29,0.101,0.014,0.5,0.004
2022-05-28:16,39,21,0.093,0.012,0.4,0.005
2022-05-28:15,43,23,0.09,0.01,0.4,0.005
2022-05-28:14,40,22,0.092,0.011,0.5,0.005
2022-05-28:13,46,26,0.088,0.011,0.5,0.004
2022-05-28:12,42,22,0.078,0.014,0.5,0.004
2022-05-28:11,40,23,0.071,0.013,0.5,0.004
2022-05-28:10,34,18,0.06,0.017,0.5,0.004
2022-05-28:09,32,20,0.047,0.022,0.5,0.004
2022-05-28:08,35,16,0.041,0.022,0.5,0.004
2022-05-28:07,31,18,0.043,0.02,0.5,0.003
2022-05-28:06,21,12,0.034,0.02,0.5,0.004
2022-05-28:05,19,10,0.015,0.027,0.5,0.003
2022-05-28:04,18,11,0.018,0.026,0.5,0.003
2022-05-28:03,18,11,0.024,0.022,0.4,0.003
2022-05-28:02,17,10,0.031,0.021,0.4,0.003
2022-05-28:01,23,11,0.041,0.016,0.4,0.003
2022-05-27:24,17,9,0.041,0.018,0.4,0.003
2022-05-27:23,16,10,0.042,0.018,0.4,0.003
2022-05-27:22,19,9,0.037,0.023,0.4,0.003
2022-05-27:21,28,15,0.04,0.022,0.4,0.003
2022-05-27:20,25,16,0.044,0.021,0.4,0.003
2022-05-27:19,24,12,0.047,0.018,0.4,0.003
2022-05-27:18,22,12,0.05,0.016,0.4,0.003
2022-05-27:17,24,14,0.053,0.014,0.4,0.003
2022-05-27:16,22,12,0.058,0.01,0.4,0.003
2022-05-27:15,17,10,0.059,0.01,0.4,0.003
2022-05-27:14,16,9,0.057,0.007,0.3,0.003
2022-05-27:13,15,9,0.057,0.008,0.4,0.003
2022-05-27:12,15,7,0.054,0.009,0.4,0.002
2022-05-27:11,18,9,0.049,0.008,0.4,0.003
2022-05-27:10,19,7,0.047,0.009,0.4,0.003
2022-05-27:09,26,9,0.046,0.011,0.4,0.003
2022-05-27:08,27,9,0.053,0.011,0.4,0.003
2022-05-27:07,42,12,0.046,0.015,0.4,0.003
2022-05-27:06,33,12,0.047,0.013,0.3,0.003
2022-05-27:05,30,11,0.051,0.01,0.3,0.002
2022-05-27:04,23,8,0.053,0.008,0.3,0.003
2022-05-27:03,22,8,0.053,0.007,0.3,0.003
2022-05-27:02,23,7,0.054,0.007,0.3,0.002
2022-05-27:01,21,8,0.055,0.008,0.3,0.003
2022-05-26:24,19,7,0.051,0.011,0.3,0.003
2022-05-26:23,23,6,0.052,0.011,0.3,0.003
2022-05-26:22,19,7,0.052,0.011,0.3,0.003
2022-05-26:21,25,13,0.051,0.012,0.3,0.003
2022-05-26:20,28,9,0.049,0.012,0.3,0.003
2022-05-26:19,25,9,0.048,0.012,0.3,0.003
2022-05-26:18,35,6,0.05,0.012,0.3,0.002
2022-05-26:17,35,5,0.049,0.012,0.3,0.003
2022-05-26:16,24,5,0.05,0.013,0.3,0.003
2022-05-26:15,29,9,0.051,0.012,0.3,0.003
2022-05-26:14,37,7,0.05,0.011,0.3,0.003
2022-05-26:13,39,9,0.048,0.012,0.3,0.003
2022-05-26:12,27,8,0.044,0.015,0.4,0.003
2022-05-26:11,30,16,0.039,0.017,0.4,0.003
2022-05-26:10,25,12,0.032,0.022,0.4,0.003
2022-05-26:09,25,11,0.032,0.019,0.4,0.003
2022-05-26:08,18,8,0.032,0.016,0.4,0.003
2022-05-26:07,12,7,0.028,0.015,0.4,0.002
2022-05-26:06,11,6,0.034,0.009,0.4,0.002
2022-05-26:05,10,7,0.034,0.008,0.3,0.003
2022-05-26:04,10,6,0.04,0.006,0.3,0.002
2022-05-26:03,9,7,0.041,0.006,0.3,0.002
2022-05-26:02,9,6,0.041,0.005,0.3,0.003
2022-05-26:01,11,9,0.042,0.006,0.3,0.003
2022-05-25:24,9,7,0.038,0.009,0.3,0.002
2022-05-25:23,13,9,0.038,0.01,0.3,0.002
2022-05-25:22,19,12,0.037,0.01,0.3,0.003
2022-05-25:21,19,16,0.041,0.013,0.4,0.003
2022-05-25:20,23,14,0.043,0.016,0.3,0.003
2022-05-25:19,27,16,0.045,0.017,0.4,0.003
2022-05-25:18,28,16,0.048,0.019,0.3,0.004
2022-05-25:17,31,17,0.053,0.018,0.3,0.004
2022-05-25:16,26,13,0.061,0.014,0.3,0.003
2022-05-25:15,26,15,0.059,0.016,0.3,0.003
2022-05-25:14,27,16,0.058,0.02,0.4,0.004
2022-05-25:13,26,15,0.064,0.015,0.3,0.003
2022-05-25:12,24,12,0.055,0.016,0.4,0.003
2022-05-25:11,26,14,0.049,0.019,0.4,0.004
2022-05-25:10,23,13,0.041,0.021,0.4,0.003
2022-05-25:09,20,13,0.03,0.029,0.4,0.004
2022-05-25:08,20,10,0.026,0.025,0.4,0.003
2022-05-25:07,20,15,0.019,0.027,0.4,0.002
2022-05-25:06,20,12,0.025,0.02,0.3,0.003
2022-05-25:05,22,14,0.026,0.019,0.3,0.003
2022-05-25:04,17,11,0.032,0.018,0.3,0.003
2022-05-25:03,16,12,0.037,0.016,0.4,0.003
2022-05-25:02,16,11,0.042,0.015,0.3,0.003
2022-05-25:01,21,11,0.032,0.022,0.4,0.003
2022-05-24:24,19,10,0.035,0.021,0.4,0.003
2022-05-24:23,23,15,0.036,0.02,0.4,0.003
2022-05-24:22,20,11,0.041,0.018,0.4,0.003
2022-05-24:21,23,14,0.044,0.016,0.3,0.003
2022-05-24:20,27,15,0.048,0.014,0.4,0.003
2022-05-24:19,29,17,0.053,0.014,0.3,0.003
2022-05-24:18,28,13,0.061,0.016,0.3,0.003
2022-05-24:17,27,17,0.073,0.013,0.3,0.003
2022-05-24:16,31,16,0.075,0.012,0.3,0.003
2022-05-24:15,33,18,0.087,0.014,0.3,0.003
2022-05-24:14,33,15,0.076,0.016,0.3,0.003
2022-05-24:13,28,15,0.062,0.016,0.3,0.004
2022-05-24:12,24,14,0.058,0.014,0.3,0.003
2022-05-24:11,28,15,0.051,0.016,0.3,0.003
2022-05-24:10,28,16,0.039,0.022,0.4,0.003
2022-05-24:09,34,19,0.035,0.022,0.4,0.004
2022-05-24:08,31,18,0.028,0.025,0.4,0.003
2022-05-24:07,39,25,0.021,0.026,0.4,0.003
2022-05-24:06,40,25,0.028,0.018,0.4,0.003
2022-05-24:05,34,25,0.034,0.015,0.4,0.003
2022-05-24:04,34,23,0.042,0.012,0.4,0.004
2022-05-24:03,41,26,0.039,0.014,0.4,0.003
2022-05-24:02,37,24,0.032,0.018,0.4,0.003
2022-05-24:01,40,28,0.04,0.016,0.4,0.003
2022-05-23:24,41,26,0.041,0.018,0.4,0.003
2022-05-23:23,33,23,0.048,0.019,0.4,0.003
2022-05-23:22,33,22,0.057,0.02,0.5,0.003
2022-05-23:21,45,35,0.063,0.019,0.5,0.003
2022-05-23:20,67,43,0.072,0.022,0.6,0.004
2022-05-23:19,67,46,0.086,0.023,0.7,0.005
2022-05-23:18,75,50,0.102,0.025,0.7,0.005
2022-05-23:17,77,51,0.139,0.026,0.7,0.006
2022-05-23:16,83,56,0.14,0.024,0.7,0.006
2022-05-23:15,83,55,0.144,0.023,0.7,0.005
2022-05-23:14,73,47,0.119,0.019,0.6,0.004
2022-05-23:13,72,49,0.101,0.018,0.6,0.004
2022-05-23:12,68,44,0.08,0.019,0.6,0.004
2022-05-23:11,71,48,0.073,0.016,0.5,0.003
2022-05-23:10,63,42,0.058,0.019,0.5,0.003
2022-05-23:09,67,44,0.045,0.023,0.5,0.003
2022-05-23:08,64,43,0.046,0.016,0.5,0.003
2022-05-23:07,70,47,0.042,0.015,0.6,0.003
2022-05-23:06,66,44,0.045,0.011,0.6,0.002
2022-05-23:05,58,40,0.05,0.008,0.5,0.003
2022-05-23:04,53,35,0.047,0.009,0.4,0.003
2022-05-23:03,56,30,0.048,0.008,0.4,0.003
2022-05-23:02,47,25,0.045,0.009,0.4,0.003
2022-05-23:01,43,22,0.043,0.01,0.3,0.003
2022-05-22:24,38,20,0.048,0.01,0.4,0.003
2022-05-22:23,40,23,0.045,0.015,0.4,0.003
2022-05-22:22,38,23,0.05,0.017,0.4,0.004
2022-05-22:21,41,25,0.058,0.015,0.4,0.003
2022-05-22:20,37,21,0.056,0.015,0.4,0.003
2022-05-22:19,37,22,0.062,0.012,0.4,0.004
2022-05-22:18,38,22,0.071,0.01,0.4,0.003
2022-05-22:17,36,21,0.08,0.01,0.4,0.004
2022-05-22:16,35,20,0.084,0.011,0.4,0.003
2022-05-22:15,37,20,0.083,0.009,0.4,0.004
2022-05-22:14,33,21,0.079,0.009,0.4,0.003
2022-05-22:13,40,26,0.068,0.009,0.4,0.004
2022-05-22:12,35,24,0.061,0.008,0.4,0.002
2022-05-22:11,34,23,0.06,0.008,0.4,0.003
2022-05-22:10,32,23,0.06,0.007,0.4,0.003
2022-05-22:09,39,27,0.054,0.008,0.4,0.003
2022-05-22:08,40,30,0.052,0.008,0.4,0.003
2022-05-22:07,40,28,0.058,0.007,0.4,0.002
2022-05-22:06,37,26,0.057,0.006,0.4,0.002
2022-05-22:05,37,28,0.056,0.006,0.4,0.003
2022-05-22:04,35,27,0.054,0.006,0.3,0.003
2022-05-22:03,34,27,0.044,0.008,0.3,0.003
2022-05-22:02,28,21,0.043,0.008,0.3,0.002
2022-05-22:01,30,23,0.04,0.01,0.3,0.002
2022-05-21:24,22,16,0.039,0.01,0.3,0.003
2022-05-21:23,21,13,0.035,0.011,0.3,0.002
2022-05-21:22,22,14,0.029,0.014,0.3,0.002
2022-05-21:21,27,17,0.028,0.018,0.4,0.003
2022-05-21:20,30,22,0.036,0.016,0.4,0.003
2022-05-21:19,30,21,0.046,0.018,0.4,0.003
2022-05-21:18,31,20,0.06,0.014,0.4,0.003
2022-05-21:17,30,19,0.065,0.014,0.4,0.003
2022-05-21:16,35,21,0.064,0.012,0.4,0.003
2022-05-21:15,39,25,0.065,0.014,0.4,0.003
2022-05-21:14,39,27,0.074,0.012,0.4,0.004
2022-05-21:13,37,26,0.07,0.012,0.4,0.003
2022-05-21:12,36,23,0.058,0.012,0.4,0.003
2022-05-21:11,40,25,0.049,0.012,0.4,0.003
2022-05-21:10,34,20,0.043,0.013,0.3,0.003
2022-05-21:09,34,24,0.039,0.011,0.3,0.002
2022-05-21:08,38,24,0.03,0.014,0.3,0.003
2022-05-21:07,44,24,0.027,0.016,0.4,0.003
2022-05-21:06,36,25,0.027,0.013,0.4,0.003
2022-05-21:05,39,27,0.032,0.01,0.3,0.003
2022-05-21:04,41,25,0.03,0.013,0.4,0.003
2022-05-21:03,36,27,0.031,0.014,0.4,0.003
2022-05-21:02,36,25,0.033,0.015,0.4,0.003
2022-05-21:01,40,30,0.032,0.018,0.4,0.003
2022-05-20:24,37,27,0.03,0.02,0.4,0.004
2022-05-20:23,37,28,0.032,0.022,0.4,0.004
2022-05-20:22,35,27,0.039,0.019,0.4,0.003
2022-05-20:21,37,24,0.043,0.019,0.4,0.003
2022-05-20:20,38,26,0.045,0.022,0.4,0.004
2022-05-20:19,29,22,0.051,0.019,0.4,0.004
2022-05-20:18,31,18,0.055,0.017,0.4,0.004
2022-05-20:17,32,19,0.063,0.014,0.3,0.005
2022-05-20:16,33,20,0.076,0.013,0.3,0.005
2022-05-20:15,39,26,0.081,0.014,0.4,0.005
2022-05-20:14,38,25,0.087,0.015,0.4,0.005
2022-05-20:13,35,22,0.074,0.015,0.4,0.005
2022-05-20:12,33,21,0.073,0.015,0.4,0.005
2022-05-20:11,33,22,0.065,0.016,0.4,0.004
2022-05-20:10,31,19,0.058,0.021,0.5,0.004
2022-05-20:09,30,19,0.058,0.021,0.5,0.004
2022-05-20:08,29,19,0.047,0.025,0.5,0.005
2022-05-20:07,32,23,0.032,0.031,0.5,0.005
2022-05-20:06,29,22,0.032,0.03,0.5,0.004
2022-05-20:05,28,23,0.051,0.015,0.4,0.005
2022-05-20:04,30,21,0.055,0.012,0.4,0.006
2022-05-20:03,28,20,0.057,0.01,0.4,0.005
2022-05-20:02,29,20,0.058,0.011,0.4,0.004
2022-05-20:01,27,20,0.06,0.012,0.4,0.004
2022-05-19:24,30,20,0.061,0.011,0.4,0.003
2022-05-19:23,34,22,0.064,0.01,0.3,0.004
2022-05-19:22,33,20,0.064,0.013,0.4,0.004
2022-05-19:21,36,25,0.063,0.019,0.4,0.004
2022-05-19:20,41,22,0.072,0.015,0.4,0.004
2022-05-19:19,43,22,0.076,0.013,0.4,0.003
2022-05-19:18,48,21,0.078,0.011,0.4,0.003
2022-05-19:17,54,25,0.079,0.013,0.4,0.003
2022-05-19:16,54,24,0.081,0.012,0.4,0.004
2022-05-19:15,57,23,0.083,0.013,0.4,0.004
2022-05-19:14,57,22,0.08,0.014,0.4,0.004
2022-05-19:13,46,23,0.077,0.013,0.4,0.003
2022-05-19:12,41,20,0.071,0.012,0.4,0.004
2022-05-19:11,55,20,0.065,0.014,0.4,0.004
2022-05-19:10,41,16,0.06,0.016,0.4,0.004
2022-05-19:09,37,20,0.056,0.02,0.5,0.005
2022-05-19:08,38,19,0.057,0.02,0.5,0.004
2022-05-19:07,45,25,0.058,0.02,0.5,0.004
2022-05-19:06,41,24,0.064,0.017,0.5,0.003
2022-05-19:05,45,26,0.075,0.012,0.4,0.003
2022-05-19:04,42,23,0.081,0.009,0.4,0.003
2022-05-19:03,45,25,0.081,0.009,0.4,0.003
2022-05-19:02,44,25,0.081,0.009,0.4,0.003
2022-05-19:01,42,25,0.08,0.012,0.4,0.003
2022-05-18:24,43,25,0.083,0.011,0.4,0.003
2022-05-18:23,46,29,0.085,0.012,0.4,0.003
2022-05-18:22,45,25,0.085,0.011,0.4,0.004
2022-05-18:21,50,25,0.086,0.012,0.4,0.004
2022-05-18:20,52,29,0.087,0.013,0.4,0.004
2022-05-18:19,56,30,0.088,0.014,0.5,0.004
2022-05-18:18,61,30,0.092,0.015,0.5,0.004
2022-05-18:17,60,30,0.092,0.015,0.5,0.004
2022-05-18:16,60,32,0.082,0.016,0.5,0.004
2022-05-18:15,,,0.072,0.013,0.5,0.004
2022-05-18:14,,,,,,
2022-05-18:13,,,,,,
2022-05-18:12,40,22,0.066,0.023,0.6,0.004
2022-05-18:11,50,27,0.058,0.03,0.6,0.003
2022-05-18:10,54,32,0.053,0.036,0.6,0.003
2022-05-18:09,55,36,0.07,0.026,0.6,0.004
2022-05-18:08,52,31,0.072,0.025,0.6,0.004
2022-05-18:07,60,36,0.07,0.024,0.6,0.004
2022-05-18:06,65,39,0.075,0.017,0.6,0.003
2022-05-18:05,74,45,0.075,0.014,0.7,0.004
2022-05-18:04,69,42,0.073,0.016,0.7,0.004
2022-05-18:03,70,39,0.084,0.012,0.7,0.004
2022-05-18:02,66,38,0.095,0.01,0.6,0.003
2022-05-18:01,67,40,0.101,0.009,0.5,0.003
2022-05-17:24,66,40,0.093,0.013,0.6,0.003
2022-05-17:23,65,40,0.081,0.018,0.6,0.003
2022-05-17:22,63,38,0.082,0.018,0.6,0.004
2022-05-17:21,64,39,0.079,0.022,0.6,0.004
2022-05-17:20,67,37,0.08,0.024,0.6,0.004
2022-05-17:19,58,31,0.087,0.019,0.5,0.003
2022-05-17:18,57,29,0.091,0.017,0.5,0.003
2022-05-17:17,58,28,0.095,0.016,0.5,0.004
2022-05-17:16,62,30,0.097,0.014,0.5,0.004
2022-05-17:15,64,33,0.102,0.013,0.5,0.004
2022-05-17:14,49,25,0.097,0.017,0.5,0.004
2022-05-17:13,50,24,0.082,0.016,0.4,0.004
2022-05-17:12,47,24,0.074,0.017,0.5,0.004
2022-05-17:11,48,22,0.064,0.02,0.5,0.004
2022-05-17:10,42,19,0.057,0.022,0.5,0.004
2022-05-17:09,41,20,0.059,0.019,0.5,0.004
2022-05-17:08,36,19,0.054,0.023,0.5,0.004
2022-05-17:07,38,21,0.052,0.019,0.4,0.003
2022-05-17:06,39,22,0.051,0.016,0.5,0.003
2022-05-17:05,39,22,0.058,0.013,0.5,0.003
2022-05-17:04,36,19,0.059,0.012,0.4,0.003
2022-05-17:03,40,21,0.06,0.011,0.5,0.003
2022-05-17:02,36,17,0.055,0.013,0.6,0.003
2022-05-17:01,33,17,0.055,0.013,0.4,0.003
2022-05-16:24,37,18,0.057,0.013,0.4,0.003
2022-05-16:23,45,20,0.06,0.013,0.4,0.003
2022-05-16:22,63,18,0.06,0.013,0.4,0.003
2022-05-16:21,60,20,0.061,0.015,0.4,0.003
2022-05-16:20,45,20,0.061,0.019,0.4,0.003
2022-05-16:19,44,20,0.069,0.013,0.4,0.003
2022-05-16:18,40,16,0.066,0.016,0.4,0.004
2022-05-16:17,43,18,0.071,0.014,0.4,0.003
2022-05-16:16,48,19,0.085,0.013,0.4,0.004
2022-05-16:15,45,17,0.086,0.013,0.4,0.004
2022-05-16:14,36,16,0.079,0.012,0.4,0.004
2022-05-16:13,39,16,0.078,0.013,0.4,0.004
2022-05-16:12,31,13,0.062,0.016,0.4,0.004
2022-05-16:11,29,11,0.05,0.017,0.4,0.004
2022-05-16:10,21,6,0.047,0.015,0.4,0.003
2022-05-16:09,21,9,0.034,0.022,0.4,0.003
2022-05-16:08,16,5,0.03,0.024,0.4,0.003
2022-05-16:07,14,8,0.029,0.023,0.4,0.003
2022-05-16:06,14,7,0.034,0.018,0.3,0.003
2022-05-16:05,17,7,0.043,0.011,0.3,0.002
2022-05-16:04,16,8,0.041,0.012,0.3,0.003
2022-05-16:03,17,9,0.041,0.013,0.3,0.002
2022-05-16:02,15,7,0.046,0.013,0.3,0.003
2022-05-16:01,16,10,0.049,0.011,0.3,0.002
2022-05-15:24,18,9,0.053,0.009,0.3,0.003
2022-05-15:23,18,10,0.053,0.009,0.3,0.002
2022-05-15:22,19,9,0.055,0.008,0.3,0.003
2022-05-15:21,22,11,0.055,0.009,0.3,0.003
2022-05-15:20,24,10,0.055,0.008,0.3,0.003
2022-05-15:19,24,11,0.052,0.009,0.3,0.003
2022-05-15:18,26,8,0.055,0.008,0.3,0.002
2022-05-15:17,27,6,0.056,0.005,0.3,0.003
2022-05-15:16,30,9,0.056,0.005,0.3,0.003
2022-05-15:15,25,10,0.055,0.005,0.3,0.003
2022-05-15:14,20,10,0.056,0.005,0.3,0.002
2022-05-15:13,20,11,0.055,0.005,0.3,0.003
2022-05-15:12,22,9,0.055,0.004,0.3,0.002
2022-05-15:11,25,13,0.053,0.005,0.3,0.003
2022-05-15:10,22,9,0.047,0.008,0.3,0.003
2022-05-15:09,21,10,0.035,0.014,0.4,0.002
2022-05-15:08,16,4,0.036,0.012,0.3,0.002
2022-05-15:07,20,10,0.037,0.01,0.3,0.003
2022-05-15:06,18,9,0.04,0.007,0.3,0.003
2022-05-15:05,19,10,0.041,0.006,0.3,0.002
2022-05-15:04,20,9,0.043,0.006,0.3,0.002
2022-05-15:03,22,12,0.043,0.006,0.3,0.003
2022-05-15:02,19,8,0.044,0.006,0.3,0.002
2022-05-15:01,23,9,0.046,0.005,0.3,0.003
2022-05-14:24,21,9,0.048,0.005,0.3,0.002
2022-05-14:23,23,11,0.048,0.006,0.3,0.003
2022-05-14:22,23,8,0.044,0.008,0.3,0.002
2022-05-14:21,26,10,0.04,0.011,0.4,0.002
2022-05-14:20,31,10,0.042,0.009,0.3,0.003
2022-05-14:19,32,8,0.042,0.009,0.3,0.003
2022-05-14:18,33,6,0.042,0.009,0.3,0.003
2022-05-14:17,41,10,0.043,0.009,0.3,0.003
2022-05-14:16,40,7,0.047,0.01,0.3,0.003
2022-05-14:15,41,10,0.047,0.009,0.3,0.003
2022-05-14:14,41,9,0.049,0.008,0.3,0.003
2022-05-14:13,38,8,0.049,0.009,0.3,0.003
2022-05-14:12,37,8,0.047,0.007,0.3,0.003
2022-05-14:11,32,9,0.049,0.008,0.3,0.002
2022-05-14:10,29,8,0.048,0.009,0.3,0.003
2022-05-14:09,28,9,0.046,0.011,0.4,0.003
2022-05-14:08,27,10,0.044,0.012,0.4,0.003
2022-05-14:07,27,17,0.039,0.015,0.4,0.003
2022-05-14:06,32,17,0.045,0.01,0.4,0.003
2022-05-14:05,33,17,0.045,0.01,0.4,0.003
2022-05-14:04,26,14,0.035,0.012,0.4,0.003
2022-05-14:03,24,12,0.042,0.008,0.4,0.003
2022-05-14:02,22,12,0.041,0.006,0.3,0.003
2022-05-14:01,22,11,0.038,0.01,0.3,0.002
2022-05-13:24,23,12,0.036,0.01,0.3,0.002
2022-05-13:23,25,12,0.036,0.011,0.4,0.003
2022-05-13:22,24,12,0.037,0.012,0.3,0.002
2022-05-13:21,32,13,0.04,0.009,0.4,0.003
2022-05-13:20,35,14,0.043,0.009,0.4,0.003
2022-05-13:19,42,13,0.045,0.008,0.4,0.003
2022-05-13:18,27,10,0.049,0.009,0.4,0.003
2022-05-13:17,32,13,0.052,0.01,0.4,0.002
2022-05-13:16,30,12,0.059,0.01,0.3,0.002
2022-05-13:15,32,15,0.066,0.011,0.4,0.003
2022-05-13:14,32,15,0.058,0.016,0.4,0.003
2022-05-13:13,30,16,0.048,0.021,0.4,0.003
2022-05-13:12,27,13,0.046,0.017,0.4,0.003
2022-05-13:11,26,13,0.042,0.017,0.4,0.003
2022-05-13:10,23,10,0.038,0.017,0.4,0.003
2022-05-13:09,21,11,0.034,0.019,0.4,0.002
2022-05-13:08,17,7,0.028,0.021,0.4,0.002
2022-05-13:07,20,12,0.031,0.017,0.3,0.003
2022-05-13:06,19,11,0.034,0.013,0.3,0.003
2022-05-13:05,19,12,0.038,0.01,0.3,0.003
2022-05-13:04,20,11,0.04,0.008,0.3,0.002
2022-05-13:03,20,11,0.038,0.009,0.3,0.003
2022-05-13:02,21,11,0.039,0.009,0.3,0.003
2022-05-13:01,27,11,0.037,0.013,0.4,0.002
2022-05-12:24,36,17,0.037,0.015,0.4,0.002
2022-05-12:23,38,22,0.032,0.025,0.6,0.003
2022-05-12:22,38,19,0.04,0.021,0.5,0.003
2022-05-12:21,41,20,0.046,0.017,0.5,0.003
2022-05-12:20,41,20,0.05,0.016,0.5,0.003
2022-05-12:19,43,17,0.051,0.019,0.5,0.003
2022-05-12:18,43,16,0.058,0.019,0.4,0.003
2022-05-12:17,38,20,0.082,0.014,0.4,0.002
2022-05-12:16,30,14,0.086,0.012,0.4,0.002
2022-05-12:15,29,14,0.077,0.014,0.4,0.003
2022-05-12:14,23,11,0.072,0.015,0.4,0.003
2022-05-12:13,23,10,0.065,0.012,0.4,0.002
2022-05-12:12,22,10,0.054,0.014,0.4,0.002
2022-05-12:11,26,12,0.051,0.011,0.4,0.002
2022-05-12:10,28,10,0.04,0.018,0.4,0.003
2022-05-12:09,29,8,0.036,0.018,0.4,0.003
2022-05-12:08,25,10,0.029,0.022,0.4,0.003
2022-05-12:07,25,12,0.033,0.018,0.4,0.003
2022-05-12:06,23,12,0.036,0.014,0.4,0.003
2022-05-12:05,23,11,0.042,0.011,0.4,0.003
2022-05-12:04,23,11,0.041,0.009,0.3,0.003
2022-05-12:03,25,13,0.038,0.01,0.3,0.003
2022-05-12:02,24,11,0.031,0.016,0.4,0.003
2022-05-12:01,24,12,0.033,0.018,0.4,0.003
2022-05-11:24,23,10,0.039,0.015,0.4,0.002
2022-05-11:23,26,12,0.043,0.013,0.3,0.002
2022-05-11:22,24,12,0.045,0.013,0.3,0.003
2022-05-11:21,28,14,0.045,0.016,0.4,0.003
2022-05-11:20,28,15,0.045,0.02,0.4,0.003
2022-05-11:19,33,16,0.052,0.014,0.4,0.003
2022-05-11:18,34,14,0.055,0.014,0.4,0.003
2022-05-11:17,36,16,0.061,0.015,0.4,0.003
2022-05-11:16,33,15,0.074,0.013,0.4,0.003
2022-05-11:15,32,16,0.081,0.012,0.4,0.003
2022-05-11:14,29,13,0.077,0.013,0.3,0.003
2022-05-11:13,28,12,0.064,0.015,0.3,0.003
2022-05-11:12,26,12,0.057,0.017,0.4,0.004
2022-05-11:11,35,14,0.052,0.019,0.4,0.003
2022-05-11:10,31,14,0.044,0.025,0.4,0.004
2022-05-11:09,34,19,0.041,0.025,0.4,0.003
2022-05-11:08,27,13,0.037,0.026,0.4,0.003
2022-05-11:07,22,13,0.033,0.027,0.4,0.003
2022-05-11:06,20,12,0.042,0.019,0.3,0.003
2022-05-11:05,21,15,0.046,0.015,0.3,0.003
2022-05-11:04,21,13,0.052,0.013,0.3,0.003
2022-05-11:03,21,13,0.058,0.011,0.3,0.003
2022-05-11:02,23,12,0.061,0.01,0.3,0.003
2022-05-11:01,32,19,0.057,0.017,0.4,0.003
2022-05-10:24,28,15,0.058,0.018,0.4,0.003
2022-05-10:23,33,16,0.063,0.015,0.4,0.003
2022-05-10:22,31,16,0.063,0.017,0.4,0.003
2022-05-10:21,,17,0.06,0.022,0.4,0.004
2022-05-10:20,35,16,0.064,0.02,0.4,0.003
2022-05-10:19,26,16,0.071,0.019,0.4,0.003
2022-05-10:18,20,12,0.071,0.013,0.3,0.002
2022-05-10:17,23,17,0.069,0.013,0.3,0.003
2022-05-10:16,23,13,0.065,0.013,0.3,0.003
2022-05-10:15,25,13,0.062,0.011,0.3,0.003
2022-05-10:14,17,10,0.062,0.012,0.3,0.003
2022-05-10:13,17,9,0.054,0.011,0.3,0.003
2022-05-10:12,18,7,0.044,0.016,0.3,0.003
2022-05-10:11,21,9,0.033,0.023,0.3,0.003
2022-05-10:10,19,6,0.03,0.023,0.4,0.002
2022-05-10:09,20,4,0.021,0.029,0.4,0.003
2022-05-10:08,15,7,0.021,0.025,0.3,0.003
2022-05-10:07,19,11,0.015,0.028,0.4,0.003
2022-05-10:06,21,13,0.006,0.036,0.5,0.003
2022-05-10:05,22,15,0.004,0.039,0.5,0.003
2022-05-10:04,25,15,0.003,0.042,0.6,0.002
2022-05-10:03,27,20,0.004,0.042,0.6,0.003
2022-05-10:02,25,15,0.005,0.045,0.6,0.003
2022-05-10:01,28,16,0.01,0.042,0.5,0.003
2022-05-09:24,28,16,0.023,0.04,0.5,0.002
2022-05-09:23,29,17,0.037,0.028,0.5,0.003
2022-05-09:22,31,17,0.048,0.023,0.4,0.003
2022-05-09:21,37,20,0.039,0.029,0.4,0.004
2022-05-09:20,19,12,0.04,0.025,0.4,0.003
2022-05-09:19,16,10,0.05,0.012,0.3,0.002
2022-05-09:18,13,7,0.05,0.012,0.3,0.002
2022-05-09:17,11,8,0.051,0.01,0.3,0.002
2022-05-09:16,11,4,0.049,0.011,0.3,0.002
2022-05-09:15,14,7,0.048,0.013,0.3,0.002
2022-05-09:14,11,5,0.05,0.01,0.3,0.003
2022-05-09:13,11,7,0.052,0.008,0.3,0.002
2022-05-09:12,16,5,0.046,0.012,0.3,0.003
2022-05-09:11,16,8,0.044,0.013,0.3,0.002
2022-05-09:10,10,2,0.042,0.012,0.3,0.002
2022-05-09:09,14,6,0.031,0.018,0.3,0.002
2022-05-09:08,6,2,0.023,0.021,0.3,0.002
2022-05-09:07,9,7,0.03,0.016,0.3,0.002
2022-05-09:06,9,6,0.03,0.012,0.3,0.003
2022-05-09:05,9,7,0.037,0.009,0.3,0.002
2022-05-09:04,7,4,0.041,0.007,0.3,0.002
2022-05-09:03,9,8,0.04,0.008,0.3,0.002
2022-05-09:02,7,5,0.04,0.008,0.3,0.002
2022-05-09:01,6,6,0.043,0.007,0.3,0.003
2022-05-08:24,9,5,0.039,0.01,0.3,0.002
2022-05-08:23,12,9,0.036,0.012,0.3,0.003
2022-05-08:22,12,7,0.039,0.012,0.3,0.002
2022-05-08:21,17,9,0.041,0.011,0.3,0.002
2022-05-08:20,20,8,0.048,0.008,0.3,0.003
2022-05-08:19,21,11,0.045,0.01,0.3,0.002
2022-05-08:18,16,10,0.04,0.011,0.3,0.002
2022-05-08:17,19,9,0.043,0.009,0.3,0.003
2022-05-08:16,15,8,0.044,0.009,0.3,0.003
2022-05-08:15,18,10,0.045,0.009,0.3,0.002
2022-05-08:14,17,9,0.044,0.01,0.3,0.002
2022-05-08:13,15,7,0.044,0.01,0.3,0.003
2022-05-08:12,13,6,0.043,0.009,0.3,0.002
2022-05-08:11,14,7,0.043,0.009,0.3,0.003
2022-05-08:10,15,6,0.04,0.01,0.3,0.002
2022-05-08:09,15,9,0.04,0.01,0.3,0.003
2022-05-08:08,13,6,0.041,0.008,0.3,0.002
2022-05-08:07,12,5,0.041,0.009,0.3,0.002
2022-05-08:06,14,6,0.043,0.007,0.3,0.002
2022-05-08:05,14,9,0.044,0.006,0.3,0.003
2022-05-08:04,14,6,0.045,0.005,0.3,0.002
2022-05-08:03,16,10,0.043,0.006,0.3,0.002
2022-05-08:02,24,8,0.041,0.008,0.3,0.002
2022-05-08:01,28,11,0.038,0.011,0.3,0.003
2022-05-07:24,30,11,0.035,0.016,0.4,0.002
2022-05-07:23,32,12,0.038,0.013,0.4,0.003
2022-05-07:22,31,10,0.043,0.009,0.3,0.003
2022-05-07:21,32,11,0.043,0.01,0.3,0.002
2022-05-07:20,35,12,0.046,0.011,0.4,0.002
2022-05-07:19,34,15,0.052,0.009,0.4,0.003
2022-05-07:18,32,12,0.055,0.008,0.3,0.002
2022-05-07:17,35,11,0.056,0.006,0.3,0.003
2022-05-07:16,42,8,0.054,0.006,0.3,0.002
2022-05-07:15,46,10,0.054,0.006,0.3,0.003
2022-05-07:14,33,7,0.052,0.006,0.3,0.002
2022-05-07:13,34,9,0.05,0.005,0.3,0.002
2022-05-07:12,23,6,0.047,0.005,0.3,0.002
2022-05-07:11,23,11,0.041,0.006,0.3,0.002
2022-05-07:10,21,11,0.033,0.012,0.3,0.003
2022-05-07:09,19,14,0.034,0.012,0.3,0.002
2022-05-07:08,19,14,0.035,0.011,0.3,0.002
2022-05-07:07,16,10,0.033,0.01,0.3,0.002
2022-05-07:06,11,8,0.034,0.008,0.3,0.002
2022-05-07:05,17,14,0.034,0.007,0.3,0.002
2022-05-07:04,17,11,0.038,0.005,0.3,0.003
2022-05-07:03,25,17,0.038,0.005,0.3,0.003
2022-05-07:02,34,21,0.033,0.008,0.3,0.003
2022-05-07:01,36,24,0.028,0.011,0.3,0.003
2022-05-06:24,33,21,0.026,0.013,0.3,0.003
2022-05-06:23,40,26,0.029,0.011,0.3,0.003
2022-05-06:22,44,28,0.027,0.014,0.4,0.002
2022-05-06:21,55,30,0.028,0.014,0.4,0.002
2022-05-06:20,44,24,0.034,0.013,0.4,0.003
2022-05-06:19,37,23,0.043,0.011,0.3,0.003
2022-05-06:18,37,21,0.048,0.013,0.4,0.003
2022-05-06:17,32,21,0.056,0.012,0.3,0.003
2022-05-06:16,34,19,0.06,0.012,0.3,0.003
2022-05-06:15,33,20,0.062,0.011,0.3,0.003
2022-05-06:14,30,16,0.059,0.01,0.3,0.003
2022-05-06:13,35,18,0.058,0.011,0.3,0.003
2022-05-06:12,35,19,0.053,0.014,0.4,0.004
2022-05-06:11,35,21,0.045,0.016,0.4,0.004
2022-05-06:10,35,17,0.035,0.023,0.5,0.004
2022-05-06:09,33,17,0.025,0.025,0.5,0.004
2022-05-06:08,30,16,0.018,0.026,0.4,0.003
2022-05-06:07,32,18,0.012,0.029,0.5,0.003
2022-05-06:06,29,18,0.015,0.025,0.4,0.003
2022-05-06:05,31,21,0.017,0.022,0.4,0.002
2022-05-06:04,29,18,0.017,0.024,0.4,0.003
2022-05-06:03,30,19,0.022,0.021,0.4,0.003
2022-05-06:02,30,18,0.017,0.027,0.5,0.003
2022-05-06:01,29,17,0.019,0.028,0.4,0.003
2022-05-05:24,26,14,0.036,0.016,0.4,0.003
2022-05-05:23,30,17,0.042,0.013,0.4,0.003
2022-05-05:22,30,17,0.043,0.013,0.4,0.004
2022-05-05:21,35,21,0.045,0.013,0.4,0.004
2022-05-05:20,36,21,0.049,0.013,0.4,0.004
2022-05-05:19,37,20,0.058,0.011,0.4,0.004
2022-05-05:18,31,16,0.068,0.011,0.4,0.004
2022-05-05:17,27,13,0.076,0.01,0.3,0.004
2022-05-05:16,23,11,0.075,0.01,0.3,0.003
2022-05-05:15,25,13,0.076,0.009,0.3,0.004
2022-05-05:14,24,14,0.076,0.009,0.3,0.004
2022-05-05:13,33,18,0.077,0.01,0.3,0.003
2022-05-05:12,31,15,0.068,0.015,0.4,0.004
2022-05-05:11,27,17,0.062,0.014,0.4,0.004
2022-05-05:10,29,14,0.051,0.02,0.5,0.004
2022-05-05:09,37,23,0.034,0.03,0.6,0.004
2022-05-05:08,41,20,0.023,0.034,0.6,0.004
2022-05-05:07,38,21,0.015,0.04,0.6,0.004
2022-05-05:06,30,17,0.019,0.035,0.6,0.004
2022-05-05:05,32,17,0.031,0.025,0.6,0.004
2022-05-05:04,32,19,0.032,0.026,0.6,0.004
2022-05-05:03,35,21,0.04,0.022,0.6,0.004
2022-05-05:02,32,18,0.042,0.023,0.6,0.004
2022-05-05:01,36,20,0.048,0.021,0.6,0.004
2022-05-04:24,35,19,0.057,0.018,0.5,0.004
2022-05-04:23,37,22,0.066,0.016,0.5,0.004
2022-05-04:22,37,20,0.065,0.016,0.4,0.004
2022-05-04:21,41,28,0.062,0.021,0.5,0.003
2022-05-04:20,43,26,0.067,0.021,0.5,0.004
2022-05-04:19,42,24,0.072,0.018,0.5,0.003
2022-05-04:18,45,22,0.078,0.016,0.4,0.004
2022-05-04:17,56,29,0.081,0.017,0.4,0.004
2022-05-04:16,49,22,0.085,0.015,0.5,0.004
2022-05-04:15,,,,,,
2022-05-04:14,,,,,,
2022-05-04:13,47,22,0.077,0.018,0.5,0.004
2022-05-04:12,35,16,0.062,0.019,0.5,0.004
2022-05-04:11,30,16,0.045,0.026,0.5,0.004
2022-05-04:10,30,14,0.028,0.037,0.5,0.004
2022-05-04:09,36,19,0.019,0.04,0.6,0.003
2022-05-04:08,31,17,0.012,0.043,0.6,0.004
2022-05-04:07,31,20,0.008,0.043,0.6,0.003
2022-05-04:06,31,19,0.004,0.045,0.6,0.003
2022-05-04:05,30,18,0.007,0.044,0.6,0.003
2022-05-04:04,27,18,0.011,0.041,0.6,0.003
2022-05-04:03,22,18,0.02,0.034,0.5,0.003
2022-05-04:02,23,15,0.027,0.029,0.5,0.003
2022-05-04:01,24,17,0.04,0.023,0.4,0.003
2022-05-03:24,29,19,0.04,0.023,0.4,0.003
2022-05-03:23,28,21,0.041,0.024,0.4,0.003
2022-05-03:22,30,20,0.034,0.032,0.5,0.003
2022-05-03:21,36,24,0.038,0.031,0.5,0.003
2022-05-03:20,35,23,0.045,0.029,0.5,0.003
2022-05-03:19,33,18,0.058,0.021,0.4,0.003
2022-05-03:18,30,17,0.064,0.017,0.4,0.003
2022-05-03:17,32,18,0.068,0.017,0.4,0.004
2022-05-03:16,30,16,0.066,0.016,0.4,0.004
2022-05-03:15,35,19,0.064,0.015,0.4,0.003
2022-05-03:14,32,18,0.069,0.014,0.4,0.003
2022-05-03:13,35,19,0.06,0.015,0.4,0.003
2022-05-03:12,37,21,0.055,0.017,0.4,0.003
2022-05-03:11,32,21,0.049,0.017,0.4,0.003
2022-05-03:10,33,15,0.047,0.017,0.4,0.003
2022-05-03:09,36,21,0.043,0.019,0.4,0.003
2022-05-03:08,42,22,0.026,0.029,0.4,0.004
2022-05-03:07,39,25,0.007,0.039,0.5,0.003
2022-05-03:06,36,23,0.004,0.042,0.5,0.003
2022-05-03:05,37,22,0.014,0.032,0.5,0.003
2022-05-03:04,36,23,0.027,0.02,0.4,0.003
2022-05-03:03,37,27,0.032,0.017,0.4,0.002
2022-05-03:02,38,23,0.039,0.013,0.4,0.003
2022-05-03:01,37,25,0.042,0.012,0.4,0.003
2022-05-02:24,37,21,0.043,0.013,0.4,0.003
2022-05-02:23,38,22,0.038,0.018,0.4,0.003
2022-05-02:22,34,21,0.038,0.022,0.4,0.003
2022-05-02:21,33,21,0.041,0.022,0.4,0.003
2022-05-02:20,35,24,0.047,0.018,0.4,0.003
2022-05-02:19,38,24,0.053,0.013,0.4,0.003
2022-05-02:18,34,21,0.054,0.012,0.4,0.003
2022-05-02:17,31,18,0.058,0.009,0.4,0.002
2022-05-02:16,31,17,0.059,0.009,0.4,0.003
2022-05-02:15,34,15,0.059,0.01,0.4,0.003
2022-05-02:14,36,16,0.058,0.009,0.4,0.003
2022-05-02:13,42,14,0.057,0.009,0.4,0.003
2022-05-02:12,42,18,0.05,0.013,0.4,0.003
2022-05-02:11,54,27,0.046,0.015,0.4,0.004
2022-05-02:10,63,28,0.036,0.024,0.6,0.003
2022-05-02:09,69,32,0.03,0.026,0.6,0.003
2022-05-02:08,53,23,0.022,0.03,0.6,0.003
2022-05-02:07,47,22,0.012,0.034,0.6,0.003
2022-05-02:06,49,21,0.018,0.027,0.6,0.003
2022-05-02:05,51,22,0.027,0.023,0.5,0.003
2022-05-02:04,48,18,0.038,0.015,0.5,0.003
2022-05-02:03,52,18,0.046,0.013,0.5,0.003
2022-05-02:02,46,17,0.048,0.014,0.5,0.003
2022-05-02:01,47,18,0.047,0.016,0.5,0.003
2022-05-01:24,46,18,0.049,0.017,0.5,0.003
2022-05-01:23,46,19,0.053,0.017,0.5,0.003
2022-05-01:22,43,18,0.055,0.016,0.4,0.003
2022-05-01:21,42,19,0.06,0.013,0.4,0.003
2022-05-01:20,37,16,0.062,0.013,0.4,0.003
2022-05-01:19,36,13,0.063,0.012,0.4,0.003
2022-05-01:18,34,14,0.064,0.011,0.4,0.004
2022-05-01:17,35,15,0.065,0.009,0.3,0.004
2022-05-01:16,38,10,0.064,0.009,0.3,0.004
2022-05-01:15,44,12,0.062,0.007,0.3,0.002
2022-05-01:14,50,8,0.055,0.008,0.3,0.002
2022-05-01:13,71,8,0.052,0.008,0.3,0.003
2022-05-01:12,62,8,0.048,0.009,0.3,0.003
2022-05-01:11,53,11,0.042,0.012,0.3,0.003
2022-05-01:10,47,10,0.039,0.013,0.3,0.003
2022-05-01:09,38,12,0.036,0.014,0.4,0.003
2022-05-01:08,25,11,0.029,0.019,0.4,0.003
2022-05-01:07,26,19,0.026,0.018,0.5,0.003
2022-05-01:06,27,14,0.028,0.015,0.5,0.002
2022-05-01:05,28,19,0.035,0.012,0.5,0.003
2022-05-01:04,28,17,0.037,0.011,0.5,0.003
2022-05-01:03,33,19,0.039,0.01,0.5,0.003
2022-05-01:02,35,21,0.039,0.012,0.5,0.003
2022-05-01:01,48,28,0.04,0.012,0.6,0.003
2022-08-30:24,5,3,0.012,0.015,0.4,0.002
2022-08-30:23,6,5,0.012,0.017,0.4,0.002
2022-08-30:22,6,3,0.011,0.018,0.4,0.002
2022-08-30:21,7,6,0.01,0.02,0.4,0.002
2022-08-30:20,9,5,0.011,0.019,0.4,0.002
2022-08-30:19,7,2,0.015,0.018,0.4,0.002
2022-08-30:18,5,1,0.015,0.021,0.4,0.003
2022-08-30:17,3,1,0.016,0.018,0.4,0.003
2022-08-30:16,5,1,0.017,0.016,0.4,0.002
2022-08-30:15,7,3,0.018,0.016,0.4,0.003
2022-08-30:14,7,2,0.018,0.018,0.4,0.002
2022-08-30:13,9,1,0.019,0.017,0.4,0.002
2022-08-30:12,7,2,0.017,0.019,0.4,0.002
2022-08-30:11,9,4,0.014,0.02,0.4,0.003
2022-08-30:10,11,4,0.012,0.02,0.4,0.003
2022-08-30:09,6,3,0.013,0.017,0.3,0.002
2022-08-30:08,3,2,0.011,0.016,0.3,0.003
2022-08-30:07,3,2,0.017,0.012,0.3,0.002
2022-08-30:06,3,1,0.023,0.009,0.3,0.002
2022-08-30:05,7,3,0.023,0.008,0.3,0.003
2022-08-30:04,8,4,0.023,0.009,0.3,0.003
2022-08-30:03,8,7,0.025,0.012,0.3,0.003
2022-08-30:02,7,3,0.025,0.013,0.3,0.003
2022-08-30:01,8,4,0.023,0.014,0.3,0.003
2022-08-29:24,7,3,0.024,0.014,0.3,0.003
2022-08-29:23,9,4,0.023,0.014,0.3,0.003
2022-08-29:22,9,5,0.021,0.016,0.3,0.003
2022-08-29:21,13,5,0.022,0.017,0.4,0.003
2022-08-29:20,13,7,0.018,0.021,0.4,0.003
2022-08-29:19,11,5,0.018,0.022,0.4,0.003
2022-08-29:18,10,6,0.025,0.019,0.4,0.003
2022-08-29:17,11,8,0.025,0.017,0.3,0.003
2022-08-29:16,12,5,0.022,0.018,0.4,0.003
2022-08-29:15,10,5,0.023,0.016,0.4,0.003
2022-08-29:14,11,8,0.02,0.017,0.4,0.003
2022-08-29:13,14,7,0.019,0.016,0.4,0.003
2022-08-29:12,13,6,0.011,0.021,0.4,0.003
2022-08-29:11,11,5,0.015,0.019,0.3,0.003
2022-08-29:10,12,5,0.01,0.022,0.4,0.003
2022-08-29:09,13,5,0.01,0.022,0.3,0.003
2022-08-29:08,13,6,0.007,0.024,0.3,0.002
2022-08-29:07,12,5,0.015,0.016,0.3,0.003
2022-08-29:06,12,9,0.019,0.014,0.3,0.003
2022-08-29:05,10,4,0.024,0.011,0.3,0.003
2022-08-29:04,13,7,0.023,0.012,0.3,0.004
2022-08-29:03,14,12,0.024,0.014,0.3,0.003
2022-08-29:02,17,10,0.019,0.023,0.4,0.003
2022-08-29:01,19,11,0.007,0.031,0.4,0.003
2022-08-28:24,19,12,0.009,0.032,0.5,0.003
2022-08-28:23,23,16,0.019,0.028,0.5,0.003
2022-08-28:22,20,12,0.033,0.022,0.4,0.004
2022-08-28:21,23,14,0.045,0.016,0.4,0.003
2022-08-28:20,17,13,0.046,0.017,0.4,0.004
2022-08-28:19,18,13,0.049,0.014,0.3,0.003
2022-08-28:18,16,7,0.055,0.011,0.3,0.003
2022-08-28:17,21,2,0.054,0.01,0.3,0.003
2022-08-28:16,12,4,0.049,0.01,0.3,0.003
2022-08-28:15,8,2,0.044,0.008,0.3,0.003
2022-08-28:14,7,4,0.04,0.007,0.3,0.003
2022-08-28:13,11,4,0.038,0.007,0.3,0.003
2022-08-28:12,8,3,0.039,0.008,0.3,0.003
2022-08-28:11,13,5,0.032,0.008,0.3,0.004
2022-08-28:10,10,9,0.026,0.009,0.3,0.003
2022-08-28:09,10,2,0.023,0.009,0.3,0.003
2022-08-28:08,13,10,0.017,0.012,0.3,0.003
2022-08-28:07,16,10,0.013,0.013,0.4,0.003
2022-08-28:06,18,9,0.015,0.013,0.3,0.003
2022-08-28:05,18,8,0.02,0.011,0.3,0.003
2022-08-28:04,17,7,0.016,0.013,0.4,0.003
2022-08-28:03,18,7,0.018,0.012,0.4,0.003
2022-08-28:02,17,9,0.02,0.014,0.4,0.003
2022-08-28:01,18,9,0.021,0.015,0.4,0.002
2022-08-27:24,16,7,0.024,0.015,0.4,0.003
2022-08-27:23,18,7,0.029,0.011,0.3,0.003
2022-08-27:22,19,6,0.027,0.012,0.3,0.003
2022-08-27:21,18,6,0.027,0.011,0.3,0.003
2022-08-27:20,19,8,0.027,0.011,0.3,0.003
2022-08-27:19,20,7,0.03,0.011,0.3,0.003
2022-08-27:18,21,8,0.035,0.008,0.3,0.003
2022-08-27:17,15,5,0.038,0.009,0.3,0.003
2022-08-27:16,13,2,0.039,0.008,0.3,0.003
2022-08-27:15,11,2,0.039,0.008,0.3,0.003
2022-08-27:14,12,3,0.039,0.008,0.3,0.003
2022-08-27:13,10,4,0.039,0.008,0.3,0.003
2022-08-27:12,10,4,0.035,0.008,0.3,0.003
2022-08-27:11,10,3,0.033,0.007,0.3,0.003
2022-08-27:10,15,4,0.031,0.007,0.3,0.003
2022-08-27:09,15,3,0.031,0.008,0.3,0.003
2022-08-27:08,15,9,0.031,0.008,0.4,0.002
2022-08-27:07,17,8,0.031,0.009,0.4,0.003
2022-08-27:06,17,8,0.036,0.009,0.4,0.003
2022-08-27:05,17,10,0.042,0.007,0.3,0.003
2022-08-27:04,20,15,0.055,0.006,0.4,0.003
2022-08-27:03,32,24,0.07,0.007,0.4,0.003
2022-08-27:02,37,26,0.069,0.011,0.5,0.003
2022-08-27:01,38,26,0.069,0.012,0.5,0.003
2022-08-26:24,45,31,0.066,0.014,0.5,0.003
2022-08-26:23,42,31,0.067,0.012,0.5,0.004
2022-08-26:22,45,28,0.065,0.013,0.5,0.004
2022-08-26:21,44,29,0.066,0.014,0.5,0.003
2022-08-26:20,40,28,0.065,0.014,0.5,0.003
2022-08-26:19,39,28,0.063,0.018,0.5,0.003
2022-08-26:18,39,27,0.065,0.019,0.5,0.004
2022-08-26:17,40,30,0.075,0.019,0.5,0.003
2022-08-26:16,43,32,0.096,0.017,0.5,0.003
2022-08-26:15,46,28,0.104,0.019,0.5,0.004
2022-08-26:14,35,30,0.094,0.017,0.5,0.003
2022-08-26:13,35,25,0.081,0.014,0.4,0.003
2022-08-26:12,37,23,0.071,0.013,0.4,0.003
2022-08-26:11,31,20,0.069,0.012,0.5,0.004
2022-08-26:10,29,18,0.05,0.019,0.5,0.004
2022-08-26:09,23,12,0.026,0.026,0.5,0.003
2022-08-26:08,21,11,0.025,0.022,0.5,0.003
2022-08-26:07,21,12,0.025,0.021,0.4,0.003
2022-08-26:06,18,13,0.045,0.012,0.4,0.004
2022-08-26:05,18,9,0.048,0.009,0.4,0.003
2022-08-26:04,18,10,0.043,0.01,0.4,0.003
2022-08-26:03,15,8,0.047,0.009,0.4,0.003
2022-08-26:02,17,7,0.043,0.011,0.4,0.003
2022-08-26:01,15,9,0.041,0.012,0.4,0.003
2022-08-25:24,17,9,0.045,0.011,0.4,0.003
2022-08-25:23,17,10,0.038,0.015,0.4,0.003
2022-08-25:22,16,9,0.036,0.015,0.4,0.004
2022-08-25:21,22,12,0.036,0.015,0.4,0.004
2022-08-25:20,24,15,0.031,0.018,0.4,0.003
2022-08-25:19,21,11,0.031,0.019,0.4,0.003
2022-08-25:18,21,10,0.037,0.016,0.4,0.003
2022-08-25:17,21,8,0.024,0.026,0.5,0.004
2022-08-25:16,17,10,0.022,0.024,0.4,0.003
2022-08-25:15,26,16,0.018,0.027,0.5,0.004
2022-08-25:14,22,10,0.01,0.037,0.6,0.004
2022-08-25:13,26,11,0.01,0.03,0.5,0.004
2022-08-25:12,20,8,0.012,0.027,0.4,0.003
2022-08-25:11,17,7,0.013,0.023,0.4,0.003
2022-08-25:10,17,7,0.01,0.023,0.4,0.004
2022-08-25:09,15,4,0.008,0.023,0.4,0.004
2022-08-25:08,13,6,0.006,0.022,0.4,0.003
2022-08-25:07,17,5,0.004,0.023,0.4,0.003
2022-08-25:06,17,7,0.005,0.022,0.3,0.004
2022-08-25:05,15,6,0.009,0.019,0.3,0.004
2022-08-25:04,12,5,0.012,0.019,0.3,0.003
2022-08-25:03,15,5,0.019,0.012,0.3,0.003
2022-08-25:02,13,4,0.015,0.018,0.4,0.003
2022-08-25:01,15,2,0.018,0.017,0.3,0.003
2022-08-24:24,11,6,0.021,0.016,0.3,0.003
2022-08-24:23,14,4,0.023,0.017,0.3,0.003
2022-08-24:22,16,8,0.026,0.016,0.3,0.003
2022-08-24:21,19,8,0.027,0.02,0.4,0.003
2022-08-24:20,20,9,0.028,0.021,0.4,0.003
2022-08-24:19,16,8,0.031,0.021,0.4,0.003
2022-08-24:18,12,4,0.038,0.015,0.4,0.003
2022-08-24:17,15,5,0.034,0.019,0.4,0.003
2022-08-24:16,18,8,0.037,0.016,0.4,0.003
2022-08-24:15,18,10,0.039,0.014,0.4,0.003
2022-08-24:14,18,10,0.043,0.012,0.3,0.003
2022-08-24:13,15,4,0.042,0.011,0.3,0.002
2022-08-24:12,14,6,0.038,0.01,0.3,0.003
2022-08-24:11,15,3,0.032,0.012,0.3,0.003
2022-08-24:10,12,1,0.029,0.014,0.3,0.003
2022-08-24:09,7,4,0.03,0.014,0.3,0.003
2022-08-24:08,11,1,0.024,0.017,0.3,0.003
2022-08-24:07,13,6,0.022,0.016,0.3,0.003
2022-08-24:06,17,8,0.022,0.013,0.3,0.003
2022-08-24:05,17,6,0.024,0.012,0.3,0.003
2022-08-24:04,21,10,0.023,0.013,0.3,0.004
2022-08-24:03,18,9,0.025,0.011,0.4,0.003
2022-08-24:02,28,12,0.028,0.012,0.3,0.004
2022-08-24:01,30,13,0.028,0.015,0.4,0.003
2022-08-23:24,27,17,0.032,0.014,0.4,0.003
2022-08-23:23,26,11,0.034,0.013,0.4,0.004
2022-08-23:22,23,14,0.035,0.012,0.4,0.003
2022-08-23:21,22,14,0.033,0.011,0.4,0.003
2022-08-23:20,24,15,0.034,0.012,0.4,0.003
2022-08-23:19,26,14,0.04,0.013,0.4,0.003
2022-08-23:18,31,16,0.049,0.014,0.4,0.003
2022-08-23:17,21,14,0.056,0.012,0.4,0.003
2022-08-23:16,19,10,0.058,0.011,0.3,0.003
2022-08-23:15,19,11,0.062,0.012,0.3,0.003
2022-08-23:14,14,6,0.068,0.01,0.3,0.003
2022-08-23:13,10,6,0.053,0.013,0.4,0.004
2022-08-23:12,10,2,0.041,0.016,0.4,0.003
2022-08-23:11,8,4,0.036,0.017,0.4,0.003
2022-08-23:10,8,4,0.029,0.019,0.4,0.003
2022-08-23:09,6,1,0.025,0.018,0.4,0.003
2022-08-23:08,7,2,0.022,0.018,0.4,0.003
2022-08-23:07,6,4,0.026,0.014,0.3,0.003
2022-08-23:06,11,10,0.033,0.011,0.3,0.003
2022-08-23:05,19,8,0.028,0.011,0.3,0.003
2022-08-23:04,16,10,0.029,0.013,0.3,0.003
2022-08-23:03,15,9,0.03,0.015,0.3,0.003
2022-08-23:02,16,11,0.028,0.016,0.4,0.002
2022-08-23:01,14,5,0.034,0.015,0.4,0.003
2022-08-22:24,14,7,0.042,0.01,0.3,0.003
2022-08-22:23,21,14,0.041,0.013,0.3,0.003
2022-08-22:22,22,12,0.037,0.017,0.4,0.004
2022-08-22:21,22,13,0.038,0.017,0.4,0.004
2022-08-22:20,22,11,0.04,0.019,0.4,0.004
2022-08-22:19,20,11,0.045,0.017,0.4,0.004
2022-08-22:18,20,12,0.049,0.018,0.4,0.004
2022-08-22:17,21,10,0.057,0.018,0.4,0.003
2022-08-22:16,22,13,0.057,0.018,0.4,0.003
2022-08-22:15,22,14,0.062,0.014,0.4,0.003
2022-08-22:14,22,14,0.066,0.015,0.4,0.004
2022-08-22:13,22,13,0.063,0.014,0.4,0.003
2022-08-22:12,23,17,0.055,0.013,0.4,0.004
2022-08-22:11,24,17,0.053,0.015,0.4,0.004
2022-08-22:10,24,14,0.042,0.016,0.4,0.004
2022-08-22:09,27,14,0.032,0.019,0.5,0.004
2022-08-22:08,30,19,0.027,0.02,0.5,0.004
2022-08-22:07,27,19,0.017,0.028,0.6,0.004
2022-08-22:06,27,20,0.029,0.018,0.5,0.004
2022-08-22:05,31,23,0.025,0.018,0.6,0.004
2022-08-22:04,30,22,0.019,0.02,0.6,0.003
2022-08-22:03,32,22,0.017,0.026,0.7,0.003
2022-08-22:02,33,24,0.027,0.019,0.6,0.003
2022-08-22:01,33,26,0.036,0.018,0.6,0.003
2022-08-21:24,31,23,0.044,0.014,0.6,0.003
2022-08-21:23,36,23,0.056,0.01,0.5,0.003
2022-08-21:22,36,22,0.054,0.012,0.5,0.003
2022-08-21:21,28,24,0.054,0.015,0.6,0.003
2022-08-21:20,35,28,0.068,0.014,0.6,0.003
2022-08-21:19,34,27,0.086,0.012,0.6,0.005
2022-08-21:18,28,21,0.087,0.011,0.6,0.004
2022-08-21:17,30,23,0.089,0.011,0.5,0.003
2022-08-21:16,25,17,0.086,0.011,0.5,0.003
2022-08-21:15,23,15,0.081,0.009,0.4,0.003
2022-08-21:14,27,21,0.075,0.009,0.4,0.003
2022-08-21:13,26,15,0.068,0.008,0.4,0.003
2022-08-21:12,24,11,0.058,0.01,0.4,0.002
2022-08-21:11,20,9,0.046,0.009,0.4,0.003
2022-08-21:10,16,6,0.031,0.01,0.4,0.003
2022-08-21:09,17,6,0.025,0.009,0.4,0.003
2022-08-21:08,17,8,0.021,0.01,0.4,0.003
2022-08-21:07,15,8,0.02,0.008,0.3,0.003
2022-08-21:06,18,9,0.021,0.008,0.3,0.002
2022-08-21:05,16,9,0.024,0.006,0.3,0.002
2022-08-21:04,19,11,0.023,0.007,0.3,0.003
2022-08-21:03,21,13,0.02,0.01,0.4,0.003
2022-08-21:02,21,11,0.015,0.016,0.5,0.003
2022-08-21:01,22,13,0.016,0.015,0.5,0.003
2022-08-20:24,19,13,0.02,0.014,0.6,0.002
2022-08-20:23,19,9,0.027,0.01,0.5,0.003
2022-08-20:22,19,12,0.03,0.009,0.4,0.003
2022-08-20:21,20,12,0.033,0.009,0.4,0.003
2022-08-20:20,23,14,0.039,0.012,0.4,0.002
2022-08-20:19,24,15,0.047,0.01,0.4,0.003
2022-08-20:18,26,17,0.064,0.009,0.4,0.003
2022-08-20:17,21,19,0.079,0.01,0.4,0.003
2022-08-20:16,25,16,0.085,0.011,0.4,0.004
2022-08-20:15,21,11,0.086,0.01,0.4,0.003
2022-08-20:14,16,10,0.076,0.012,0.4,0.003
2022-08-20:13,15,7,0.064,0.011,0.4,0.003
2022-08-20:12,14,5,0.055,0.011,0.4,0.003
2022-08-20:11,18,8,0.045,0.01,0.4,0.003
2022-08-20:10,14,5,0.04,0.009,0.4,0.003
2022-08-20:09,13,6,0.038,0.007,0.4,0.003
2022-08-20:08,18,14,0.037,0.008,0.4,0.002
2022-08-20:07,33,21,0.042,0.009,0.5,0.003
2022-08-20:06,38,24,0.052,0.009,0.5,0.003
2022-08-20:05,37,23,0.053,0.007,0.5,0.003
2022-08-20:04,36,21,0.053,0.006,0.5,0.002
2022-08-20:03,35,23,0.056,0.006,0.5,0.003
2022-08-20:02,33,20,0.052,0.007,0.4,0.004
2022-08-20:01,37,18,0.049,0.009,0.4,0.004
2022-08-19:24,44,20,0.039,0.014,0.4,0.003
2022-08-19:23,42,20,0.034,0.016,0.4,0.003
2022-08-19:22,40,18,0.032,0.017,0.4,0.003
2022-08-19:21,37,19,0.031,0.019,0.4,0.003
2022-08-19:20,31,12,0.024,0.019,0.3,0.004
2022-08-19:19,22,11,0.019,0.02,0.4,0.003
2022-08-19:18,16,13,0.013,0.023,0.4,0.003
2022-08-19:17,28,15,0.01,0.027,0.5,0.003
2022-08-19:16,30,15,0.016,0.027,0.4,0.003
2022-08-19:15,27,18,0.03,0.023,0.4,0.003
2022-08-19:14,26,16,0.037,0.02,0.4,0.003
2022-08-19:13,28,16,0.039,0.019,0.4,0.003
2022-08-19:12,25,14,0.04,0.018,0.4,0.003
2022-08-19:11,20,12,0.04,0.02,0.4,0.003
2022-08-19:10,21,10,0.036,0.021,0.4,0.003
2022-08-19:09,18,13,0.033,0.02,0.4,0.003
2022-08-19:08,22,14,0.021,0.024,0.5,0.004
2022-08-19:07,20,14,0.023,0.022,0.4,0.004
2022-08-19:06,19,16,0.033,0.017,0.4,0.004
2022-08-19:05,21,13,0.029,0.019,0.4,0.004
2022-08-19:04,22,12,0.034,0.014,0.4,0.003
2022-08-19:03,15,12,0.026,0.017,0.4,0.004
2022-08-19:02,21,13,0.021,0.019,0.4,0.003
2022-08-19:01,23,14,0.02,0.02,0.4,0.004
2022-08-18:24,23,13,0.021,0.021,0.4,0.004
2022-08-18:23,24,17,0.019,0.026,0.5,0.004
2022-08-18:22,22,15,0.024,0.026,0.4,0.003
2022-08-18:21,27,17,0.031,0.023,0.4,0.003
2022-08-18:20,26,17,0.036,0.023,0.5,0.003
2022-08-18:19,36,18,0.046,0.021,0.4,0.004
2022-08-18:18,40,26,0.066,0.021,0.4,0.004
2022-08-18:17,39,25,0.077,0.021,0.4,0.003
2022-08-18:16,37,25,0.086,0.022,0.4,0.003
2022-08-18:15,32,22,0.102,0.016,0.4,0.003
2022-08-18:14,31,19,0.087,0.019,0.5,0.003
2022-08-18:13,26,17,0.077,0.017,0.4,0.003
2022-08-18:12,27,19,0.057,0.022,0.5,0.004
2022-08-18:11,29,14,0.039,0.022,0.4,0.003
2022-08-18:10,21,10,0.031,0.02,0.4,0.004
2022-08-18:09,16,6,0.027,0.018,0.4,0.003
2022-08-18:08,12,5,0.014,0.021,0.4,0.003
2022-08-18:07,13,9,0.016,0.02,0.4,0.003
2022-08-18:06,14,9,0.021,0.015,0.3,0.003
2022-08-18:05,14,5,0.021,0.014,0.3,0.002
2022-08-18:04,12,5,0.024,0.014,0.3,0.003
2022-08-18:03,12,6,0.027,0.013,0.3,0.003
2022-08-18:02,10,6,0.033,0.011,0.3,0.003
2022-08-18:01,9,3,0.036,0.01,0.3,0.003
2022-08-17:24,6,5,0.037,0.009,0.3,0.003
2022-08-17:23,7,4,0.037,0.009,0.3,0.003
2022-08-17:22,11,9,0.034,0.014,0.3,0.003
2022-08-17:21,18,14,0.04,0.017,0.4,0.003
2022-08-17:20,27,18,0.054,0.018,0.5,0.003
2022-08-17:19,32,23,0.066,0.018,0.4,0.004
2022-08-17:18,37,26,0.088,0.019,0.5,0.003
2022-08-17:17,31,22,0.099,0.017,0.5,0.004
2022-08-17:16,27,17,0.074,0.02,0.5,0.003
2022-08-17:15,24,17,0.071,0.018,0.4,0.004
2022-08-17:14,16,12,0.065,0.015,0.4,0.003
2022-08-17:13,16,11,0.054,0.016,0.4,0.003
2022-08-17:12,24,12,0.043,0.019,0.5,0.003
2022-08-17:11,30,14,0.029,0.03,0.6,0.003
2022-08-17:10,22,12,0.042,0.022,0.5,0.004
2022-08-17:09,21,12,0.036,0.022,0.6,0.004
2022-08-17:08,20,10,0.024,0.021,0.5,0.003
2022-08-17:07,22,12,0.01,0.024,0.5,0.003
2022-08-17:06,25,16,0.01,0.022,0.5,0.003
2022-08-17:05,22,15,0.014,0.02,0.5,0.003
2022-08-17:04,22,14,0.012,0.021,0.5,0.003
2022-08-17:03,23,12,0.01,0.025,0.5,0.004
2022-08-17:02,21,13,0.016,0.021,0.5,0.003
2022-08-17:01,21,13,0.015,0.024,0.5,0.004
2022-08-16:24,19,12,0.016,0.024,0.5,0.003
2022-08-16:23,19,11,0.018,0.025,0.4,0.003
2022-08-16:22,20,10,0.02,0.029,0.5,0.003
2022-08-16:21,22,10,0.028,0.027,0.5,0.004
2022-08-16:20,29,14,0.04,0.023,0.4,0.003
2022-08-16:19,20,13,0.052,0.02,0.4,0.003
2022-08-16:18,22,8,0.057,0.018,0.4,0.003
2022-08-16:17,24,15,0.061,0.017,0.4,0.003
2022-08-16:16,28,13,0.062,0.016,0.4,0.003
2022-08-16:15,,,,,,
2022-08-16:14,,,,,,
2022-08-16:13,,,0.059,0.017,0.5,0.003
2022-08-16:12,,,0.044,0.014,0.5,0.003
2022-08-16:11,,,0.038,0.012,0.4,0.003
2022-08-16:10,,,0.033,0.012,0.5,0.003
2022-08-16:09,,,0.025,0.016,0.5,0.003
2022-08-16:08,15,10,0.022,0.016,0.5,0.003
2022-08-16:07,25,12,0.029,0.014,0.5,0.003
2022-08-16:06,32,15,0.039,0.009,0.5,0.003
2022-08-16:05,27,16,0.046,0.007,0.5,0.003
2022-08-16:04,34,20,0.05,0.007,0.5,0.003
2022-08-16:03,32,23,0.053,0.008,0.5,0.003
2022-08-16:02,35,22,0.054,0.008,0.5,0.003
2022-08-16:01,37,20,0.051,0.009,0.5,0.002
2022-08-15:24,42,22,0.05,0.009,0.5,0.003
2022-08-15:23,36,18,0.046,0.01,0.4,0.003
2022-08-15:22,32,15,0.041,0.009,0.3,0.003
2022-08-15:21,42,18,0.041,0.009,0.3,0.003
2022-08-15:20,44,19,0.04,0.009,0.3,0.004
2022-08-15:19,39,16,0.037,0.007,0.3,0.003
2022-08-15:18,39,14,0.034,0.007,0.3,0.003
2022-08-15:17,31,11,0.033,0.006,0.2,0.003
2022-08-15:16,29,12,0.033,0.006,0.3,0.003
2022-08-15:15,30,10,0.032,0.007,0.3,0.003
2022-08-15:14,26,11,0.031,0.007,0.3,0.003
2022-08-15:13,20,9,0.028,0.006,0.2,0.003
2022-08-15:12,19,6,0.024,0.005,0.2,0.003
2022-08-15:11,19,4,0.022,0.005,0.2,0.003
2022-08-15:10,21,5,0.021,0.006,0.2,0.003
2022-08-15:09,17,4,0.02,0.006,0.2,0.003
2022-08-15:08,17,6,0.021,0.006,0.2,0.003
2022-08-15:07,21,6,0.021,0.006,0.2,0.003
2022-08-15:06,24,10,0.021,0.007,0.3,0.003
2022-08-15:05,24,10,0.022,0.006,0.3,0.003
2022-08-15:04,22,12,0.025,0.006,0.3,0.003
2022-08-15:03,26,13,0.027,0.006,0.3,0.003
2022-08-15:02,27,12,0.027,0.007,0.3,0.003
2022-08-15:01,25,12,0.028,0.007,0.3,0.003
2022-08-14:24,28,15,0.027,0.009,0.3,0.003
2022-08-14:23,29,17,0.026,0.011,0.3,0.003
2022-08-14:22,24,15,0.03,0.013,0.4,0.003
2022-08-14:21,25,18,0.042,0.012,0.4,0.003
2022-08-14:20,39,25,0.048,0.013,0.4,0.003
2022-08-14:19,28,21,0.046,0.016,0.5,0.004
2022-08-14:18,25,21,0.052,0.012,0.4,0.003
2022-08-14:17,20,13,0.057,0.01,0.4,0.002
2022-08-14:16,27,21,0.068,0.011,0.4,0.003
2022-08-14:15,22,16,0.069,0.008,0.4,0.003
2022-08-14:14,20,14,0.07,0.009,0.4,0.003
2022-08-14:13,14,13,0.06,0.009,0.4,0.003
2022-08-14:12,18,13,0.046,0.01,0.4,0.003
2022-08-14:11,18,10,0.03,0.01,0.4,0.003
2022-08-14:10,22,14,0.022,0.01,0.4,0.004
2022-08-14:09,26,11,0.015,0.012,0.4,0.004
2022-08-14:08,27,11,0.014,0.013,0.4,0.003
2022-08-14:07,27,13,0.014,0.012,0.4,0.003
2022-08-14:06,24,13,0.016,0.011,0.4,0.003
2022-08-14:05,25,13,0.017,0.011,0.4,0.003
2022-08-14:04,23,13,0.016,0.013,0.4,0.003
2022-08-14:03,20,10,0.017,0.015,0.4,0.003
2022-08-14:02,19,10,0.02,0.016,0.4,0.003
2022-08-14:01,20,11,0.025,0.014,0.4,0.003
2022-08-13:24,19,10,0.022,0.015,0.4,0.003
2022-08-13:23,21,10,0.023,0.017,0.5,0.004
2022-08-13:22,20,12,0.027,0.016,0.4,0.004
2022-08-13:21,16,11,0.031,0.016,0.4,0.003
2022-08-13:20,14,12,0.036,0.014,0.4,0.003
2022-08-13:19,15,12,0.036,0.017,0.4,0.003
2022-08-13:18,20,15,0.038,0.017,0.4,0.003
2022-08-13:17,26,16,0.029,0.024,0.5,0.003
2022-08-13:16,31,20,0.021,0.031,0.6,0.004
2022-08-13:15,28,20,0.018,0.038,0.6,0.004
2022-08-13:14,30,18,0.016,0.037,0.7,0.004
2022-08-13:13,29,19,0.022,0.032,0.6,0.005
2022-08-13:12,29,14,0.026,0.029,0.6,0.005
2022-08-13:11,32,18,0.029,0.026,0.7,0.007
2022-08-13:10,38,23,0.03,0.026,0.6,0.006
2022-08-13:09,37,23,0.034,0.024,0.5,0.006
2022-08-13:08,36,23,0.028,0.029,0.6,0.006
2022-08-13:07,37,23,0.01,0.036,0.6,0.004
2022-08-13:06,38,24,0.007,0.032,0.5,0.004
2022-08-13:05,42,26,0.009,0.033,0.6,0.003
2022-08-13:04,34,22,0.009,0.034,0.6,0.004
2022-08-13:03,29,17,0.012,0.026,0.5,0.003
2022-08-13:02,30,19,0.016,0.028,0.5,0.003
2022-08-13:01,29,18,0.021,0.026,0.4,0.003
2022-08-12:24,28,19,0.022,0.029,0.5,0.004
2022-08-12:23,33,19,0.02,0.026,0.4,0.004
2022-08-12:22,34,20,0.027,0.022,0.4,0.003
2022-08-12:21,34,22,0.037,0.017,0.4,0.003
2022-08-12:20,40,25,0.047,0.017,0.4,0.004
2022-08-12:19,41,29,0.079,0.018,0.4,0.003
2022-08-12:18,37,21,0.112,0.019,0.4,0.003
2022-08-12:17,36,19,0.116,0.017,0.4,0.003
2022-08-12:16,35,18,0.11,0.014,0.4,0.003
2022-08-12:15,28,20,0.102,0.014,0.4,0.003
2022-08-12:14,28,16,0.09,0.012,0.4,0.003
2022-08-12:13,24,17,0.074,0.013,0.4,0.003
2022-08-12:12,21,15,0.063,0.014,0.4,0.003
2022-08-12:11,25,12,0.049,0.018,0.4,0.003
2022-08-12:10,14,4,0.048,0.013,0.4,0.003
2022-08-12:09,11,7,0.037,0.015,0.4,0.004
2022-08-12:08,15,7,0.022,0.02,0.4,0.003
2022-08-12:07,14,6,0.018,0.017,0.4,0.004
2022-08-12:06,14,7,0.019,0.016,0.4,0.003
2022-08-12:05,14,9,0.032,0.011,0.3,0.003
2022-08-12:04,11,6,0.029,0.012,0.3,0.004
2022-08-12:03,8,5,0.033,0.011,0.3,0.003
2022-08-12:02,11,7,0.037,0.009,0.3,0.003
2022-08-12:01,11,6,0.031,0.013,0.3,0.004
2022-08-11:24,11,7,0.032,0.013,0.3,0.003
2022-08-11:23,19,10,0.022,0.023,0.4,0.004
2022-08-11:22,23,13,0.018,0.031,0.6,0.003
2022-08-11:21,19,10,0.019,0.033,0.5,0.004
2022-08-11:20,17,10,0.027,0.029,0.5,0.003
2022-08-11:19,17,13,0.036,0.024,0.5,0.004
2022-08-11:18,19,13,0.049,0.022,0.4,0.003
2022-08-11:17,24,14,0.064,0.02,0.4,0.003
2022-08-11:16,26,16,0.076,0.02,0.5,0.003
2022-08-11:15,21,15,0.068,0.021,0.5,0.004
2022-08-11:14,19,13,0.041,0.028,0.6,0.003
2022-08-11:13,19,13,0.031,0.029,0.5,0.004
2022-08-11:12,14,11,0.028,0.028,0.6,0.003
2022-08-11:11,9,4,0.022,0.029,0.6,0.003
2022-08-11:10,9,6,0.023,0.023,0.5,0.003
2022-08-11:09,7,8,0.016,0.024,0.5,0.003
2022-08-11:08,3,2,0.017,0.024,0.5,0.003
2022-08-11:07,3,5,0.021,0.016,0.5,0.003
2022-08-11:06,3,2,0.024,0.014,0.4,0.003
2022-08-11:05,5,3,0.028,0.012,0.4,0.003
2022-08-11:04,7,4,0.031,0.012,0.4,0.003
2022-08-11:03,7,3,0.033,0.012,0.4,0.003
2022-08-11:02,9,3,0.033,0.015,0.4,0.003
2022-08-11:01,5,4,0.035,0.015,0.4,0.003
2022-08-10:24,8,4,0.038,0.016,0.4,0.003
2022-08-10:23,18,9,0.032,0.021,0.5,0.003
2022-08-10:22,20,9,0.017,0.034,0.5,0.003
2022-08-10:21,20,15,0.021,0.043,0.5,0.003
2022-08-10:20,21,10,0.026,0.044,0.5,0.004
2022-08-10:19,22,9,0.036,0.037,0.5,0.003
2022-08-10:18,22,17,0.041,0.032,0.4,0.004
2022-08-10:17,27,18,0.046,0.031,0.4,0.004
2022-08-10:16,22,12,0.069,0.025,0.4,0.003
2022-08-10:15,17,8,0.077,0.021,0.4,0.003
2022-08-10:14,16,3,0.063,0.022,0.4,0.002
2022-08-10:13,12,5,0.055,0.018,0.4,0.003
2022-08-10:12,13,3,0.036,0.023,0.4,0.003
2022-08-10:11,12,5,0.024,0.026,0.5,0.003
2022-08-10:10,7,2,0.029,0.017,0.4,0.003
2022-08-10:09,7,1,0.029,0.015,0.3,0.003
2022-08-10:08,9,3,0.025,0.015,0.3,0.003
2022-08-10:07,5,2,0.028,0.012,0.3,0.003
2022-08-10:06,5,2,0.032,0.009,0.3,0.003
2022-08-10:05,6,2,0.038,0.005,0.3,0.003
2022-08-10:04,6,1,0.035,0.007,0.3,0.003
2022-08-10:03,3,2,0.036,0.008,0.3,0.003
2022-08-10:02,4,4,0.036,0.008,0.3,0.003
2022-08-10:01,3,1,0.034,0.008,0.3,0.003
2022-08-09:24,3,2,0.032,0.009,0.3,0.004
2022-08-09:23,3,2,0.025,0.017,0.4,0.002
2022-08-09:22,8,5,0.025,0.02,0.4,0.003
2022-08-09:21,11,8,0.024,0.024,0.5,0.003
2022-08-09:20,7,4,0.032,0.017,0.4,0.004
2022-08-09:19,15,6,0.026,0.016,0.3,0.004
2022-08-09:18,21,6,0.021,0.009,0.2,0.003
2022-08-09:17,22,7,0.018,0.012,0.3,0.003
2022-08-09:16,17,5,0.016,0.012,0.3,0.003
2022-08-09:15,9,3,0.016,0.015,0.3,0.004
2022-08-09:14,11,4,0.016,0.019,0.4,0.003
2022-08-09:13,8,4,0.018,0.015,0.3,0.004
2022-08-09:12,13,6,0.02,0.02,0.4,0.003
2022-08-09:11,14,9,0.032,0.022,0.4,0.003
2022-08-09:10,13,8,0.035,0.02,0.4,0.004
2022-08-09:09,10,8,0.038,0.018,0.4,0.003
2022-08-09:08,10,3,0.036,0.021,0.4,0.003
2022-08-09:07,8,4,0.039,0.015,0.4,0.003
2022-08-09:06,6,2,0.044,0.011,0.4,0.003
2022-08-09:05,9,1,0.047,0.008,0.3,0.003
2022-08-09:04,11,4,0.044,0.008,0.3,0.004
2022-08-09:03,13,6,0.04,0.009,0.3,0.003
2022-08-09:02,12,4,0.038,0.01,0.3,0.003
2022-08-09:01,7,4,0.029,0.016,0.4,0.003
2022-08-08:24,9,3,0.029,0.017,0.3,0.003
2022-08-08:23,5,3,0.032,0.018,0.4,0.003
2022-08-08:22,10,4,0.036,0.015,0.3,0.003
2022-08-08:21,21,11,0.03,0.017,0.4,0.003
2022-08-08:20,17,7,0.019,0.026,0.4,0.002
2022-08-08:19,20,13,0.032,0.013,0.4,0.003
2022-08-08:18,20,8,0.02,0.021,0.4,0.003
2022-08-08:17,12,8,0.017,0.029,0.4,0.004
2022-08-08:16,,,0.024,0.026,0.4,0.003
2022-08-08:15,,,,,,
2022-08-08:14,,,,,,
2022-08-08:13,30,14,0.031,0.012,0.2,0.003
2022-08-08:12,32,15,0.031,0.01,0.2,0.003
2022-08-08:11,28,12,0.029,0.012,0.2,0.003
2022-08-08:10,27,12,0.028,0.01,0.2,0.003
2022-08-08:09,25,9,0.022,0.013,0.2,0.003
2022-08-08:08,22,9,0.025,0.011,0.2,0.002
2022-08-08:07,26,13,0.033,0.006,0.2,0.003
2022-08-08:06,29,16,0.046,0.005,0.2,0.003
2022-08-08:05,37,26,0.064,0.004,0.2,0.002
2022-08-08:04,40,28,0.073,0.004,0.2,0.003
2022-08-08:03,33,23,0.065,0.004,0.2,0.003
2022-08-08:02,29,18,0.049,0.005,0.2,0.003
2022-08-08:01,27,19,0.042,0.005,0.2,0.003
2022-08-07:24,26,18,0.034,0.007,0.2,0.003
2022-08-07:23,26,14,0.028,0.008,0.2,0.003
2022-08-07:22,25,16,0.029,0.007,0.2,0.004
2022-08-07:21,25,15,0.03,0.008,0.3,0.003
2022-08-07:20,26,15,0.03,0.008,0.3,0.003
2022-08-07:19,19,13,0.031,0.006,0.2,0.003
2022-08-07:18,20,16,0.033,0.007,0.2,0.003
2022-08-07:17,23,17,0.034,0.008,0.2,0.003
2022-08-07:16,32,24,0.046,0.006,0.2,0.003
2022-08-07:15,37,26,0.059,0.007,0.2,0.003
2022-08-07:14,31,20,0.057,0.008,0.2,0.003
2022-08-07:13,26,16,0.04,0.011,0.2,0.003
2022-08-07:12,23,16,0.032,0.011,0.2,0.003
2022-08-07:11,24,16,0.032,0.01,0.2,0.003
2022-08-07:10,27,17,0.03,0.01,0.2,0.003
2022-08-07:09,26,18,0.03,0.009,0.2,0.003
2022-08-07:08,26,18,0.027,0.009,0.2,0.003
2022-08-07:07,30,20,0.023,0.014,0.2,0.003
2022-08-07:06,31,20,0.026,0.009,0.2,0.003
2022-08-07:05,31,22,0.026,0.01,0.2,0.003
2022-08-07:04,33,22,0.026,0.011,0.3,0.003
2022-08-07:03,36,22,0.027,0.011,0.2,0.003
2022-08-07:02,40,26,0.023,0.015,0.3,0.003
2022-08-07:01,44,26,0.02,0.016,0.3,0.003
2022-08-06:24,46,31,0.021,0.02,0.3,0.003
2022-08-06:23,49,35,0.026,0.02,0.3,0.003
2022-08-06:22,50,35,0.031,0.021,0.3,0.003
2022-08-06:21,48,38,0.036,0.02,0.3,0.003
2022-08-06:20,45,32,0.048,0.018,0.3,0.003
2022-08-06:19,50,33,0.051,0.018,0.3,0.003
2022-08-06:18,42,30,0.061,0.021,0.3,0.003
2022-08-06:17,44,30,0.061,0.019,0.3,0.003
2022-08-06:16,38,28,0.053,0.014,0.2,0.003
2022-08-06:15,40,26,0.047,0.016,0.3,0.003
2022-08-06:14,42,26,0.04,0.022,0.3,0.003
2022-08-06:13,35,26,0.036,0.023,0.3,0.003
2022-08-06:12,40,27,0.047,0.015,0.3,0.003
2022-08-06:11,33,19,0.045,0.011,0.2,0.002
2022-08-06:10,29,19,0.036,0.013,0.2,0.003
2022-08-06:09,26,15,0.034,0.01,0.2,0.003
2022-08-06:08,29,17,0.031,0.012,0.2,0.003
2022-08-06:07,31,18,0.033,0.01,0.2,0.003
2022-08-06:06,29,17,0.031,0.01,0.2,0.003
2022-08-06:05,28,15,0.031,0.007,0.2,0.003
2022-08-06:04,27,13,0.03,0.008,0.2,0.003
2022-08-06:03,27,15,0.031,0.008,0.2,0.003
2022-08-06:02,30,16,0.026,0.011,0.2,0.003
2022-08-06:01,30,15,0.025,0.013,0.2,0.003
2022-08-05:24,29,16,0.025,0.013,0.2,0.003
2022-08-05:23,25,13,0.023,0.015,0.2,0.003
2022-08-05:22,21,12,0.023,0.016,0.2,0.003
2022-08-05:21,19,10,0.021,0.016,0.2,0.003
2022-08-05:20,18,9,0.023,0.015,0.2,0.002
2022-08-05:19,18,11,0.024,0.014,0.2,0.002
2022-08-05:18,18,7,0.029,0.015,0.2,0.003
2022-08-05:17,20,11,0.037,0.012,0.2,0.003
2022-08-05:16,21,12,0.042,0.011,0.2,0.003
2022-08-05:15,18,8,0.043,0.009,0.2,0.003
2022-08-05:14,19,7,0.043,0.01,0.2,0.003
2022-08-05:13,21,12,0.047,0.011,0.2,0.003
2022-08-05:12,21,12,0.039,0.011,0.2,0.004
2022-08-05:11,21,11,0.027,0.013,0.2,0.003
2022-08-05:10,20,12,0.018,0.014,0.2,0.003
2022-08-05:09,18,9,0.017,0.012,0.2,0.003
2022-08-05:08,18,11,0.014,0.013,0.2,0.003
2022-08-05:07,21,12,0.014,0.012,0.2,0.003
2022-08-05:06,20,10,0.015,0.01,0.2,0.003
2022-08-05:05,22,14,0.012,0.012,0.2,0.003
2022-08-05:04,20,10,0.012,0.012,0.2,0.003
2022-08-05:03,17,8,0.015,0.01,0.2,0.003
2022-08-05:02,18,8,0.009,0.016,0.2,0.003
2022-08-05:01,19,9,0.008,0.017,0.2,0.003
2022-08-04:24,18,8,0.009,0.017,0.2,0.002
2022-08-04:23,14,6,0.012,0.016,0.2,0.003
2022-08-04:22,13,8,0.014,0.015,0.2,0.003
2022-08-04:21,11,7,0.017,0.013,0.2,0.003
2022-08-04:20,13,7,0.017,0.015,0.2,0.002
2022-08-04:19,13,8,0.021,0.015,0.2,0.003
2022-08-04:18,21,12,0.036,0.014,0.2,0.003
2022-08-04:17,21,15,0.05,0.015,0.2,0.003
2022-08-04:16,22,20,0.057,0.015,0.2,0.003
2022-08-04:15,24,18,0.064,0.013,0.2,0.003
2022-08-04:14,20,10,0.061,0.012,0.2,0.003
2022-08-04:13,15,10,0.046,0.011,0.2,0.003
2022-08-04:12,14,9,0.032,0.01,0.2,0.003
2022-08-04:11,13,10,0.029,0.013,0.3,0.003
2022-08-04:10,15,7,0.025,0.011,0.2,0.003
2022-08-04:09,15,9,0.02,0.013,0.2,0.002
2022-08-04:08,15,6,0.015,0.014,0.2,0.003
2022-08-04:07,17,11,0.016,0.011,0.2,0.003
2022-08-04:06,16,13,0.024,0.008,0.2,0.003
2022-08-04:05,18,11,0.022,0.007,0.2,0.003
2022-08-04:04,19,13,0.023,0.007,0.2,0.003
2022-08-04:03,22,12,0.025,0.007,0.2,0.002
2022-08-04:02,20,16,0.023,0.009,0.3,0.003
2022-08-04:01,24,15,0.024,0.01,0.3,0.003
2022-08-03:24,27,20,0.019,0.014,0.3,0.002
2022-08-03:23,26,17,0.023,0.013,0.3,0.002
2022-08-03:22,28,21,0.021,0.015,0.4,0.003
2022-08-03:21,31,25,0.017,0.021,0.4,0.003
2022-08-03:20,32,24,0.022,0.021,0.4,0.003
2022-08-03:19,29,26,0.026,0.019,0.4,0.003
2022-08-03:18,28,19,0.032,0.015,0.4,0.003
2022-08-03:17,30,24,0.038,0.015,0.4,0.003
2022-08-03:16,28,21,0.042,0.014,0.4,0.002
2022-08-03:15,36,27,0.042,0.014,0.4,0.003
2022-08-03:14,29,27,0.052,0.012,0.4,0.003
2022-08-03:13,28,23,0.049,0.013,0.4,0.002
2022-08-03:12,37,25,0.041,0.017,0.4,0.003
2022-08-03:11,42,29,0.033,0.024,0.5,0.003
2022-08-03:10,27,21,0.029,0.024,0.5,0.003
2022-08-03:09,19,13,0.029,0.02,0.4,0.003
2022-08-03:08,14,9,0.028,0.02,0.4,0.002
2022-08-03:07,10,7,0.033,0.016,0.3,0.003
2022-08-03:06,12,10,0.037,0.01,0.3,0.003
2022-08-03:05,12,10,0.037,0.006,0.3,0.003
2022-08-03:04,12,11,0.035,0.006,0.3,0.003
2022-08-03:03,9,8,0.034,0.007,0.3,0.003
2022-08-03:02,6,5,0.029,0.009,0.3,0.003
2022-08-03:01,6,3,0.024,0.011,0.3,0.002
2022-08-02:24,6,3,0.021,0.01,0.3,0.002
2022-08-02:23,15,11,0.021,0.008,0.3,0.003
2022-08-02:22,15,8,0.024,0.007,0.3,0.003
2022-08-02:21,15,6,0.022,0.008,0.3,0.003
2022-08-02:20,14,8,0.019,0.011,0.3,0.002
2022-08-02:19,11,7,0.017,0.011,0.3,0.002
2022-08-02:18,11,6,0.018,0.01,0.3,0.003
2022-08-02:17,12,8,0.02,0.009,0.3,0.003
2022-08-02:16,17,14,0.018,0.015,0.3,0.003
2022-08-02:15,16,9,0.023,0.011,0.3,0.003
2022-08-02:14,15,9,0.021,0.013,0.3,0.003
2022-08-02:13,13,8,0.023,0.01,0.3,0.002
2022-08-02:12,11,5,0.019,0.012,0.3,0.003
2022-08-02:11,10,5,0.017,0.012,0.3,0.002
2022-08-02:10,10,2,0.014,0.012,0.3,0.002
2022-08-02:09,6,4,0.013,0.012,0.3,0.003
2022-08-02:08,9,7,0.008,0.014,0.3,0.002
2022-08-02:07,8,4,0.008,0.013,0.3,0.003
2022-08-02:06,7,4,0.011,0.01,0.3,0.003
2022-08-02:05,8,4,0.008,0.012,0.3,0.003
2022-08-02:04,7,4,0.01,0.009,0.2,0.003
2022-08-02:03,11,7,0.01,0.011,0.2,0.003
2022-08-02:02,11,8,0.013,0.009,0.2,0.002
2022-08-02:01,13,9,0.013,0.009,0.2,0.003
2022-08-01:24,12,9,0.014,0.01,0.2,0.003
2022-08-01:23,10,12,0.014,0.01,0.2,0.003
2022-08-01:22,12,11,0.016,0.009,0.2,0.002
2022-08-01:21,14,12,0.018,0.009,0.3,0.003
2022-08-01:20,20,13,0.019,0.01,0.3,0.003
2022-08-01:19,16,11,0.023,0.011,0.3,0.003
2022-08-01:18,15,11,0.023,0.01,0.3,0.003
2022-08-01:17,16,11,0.024,0.01,0.2,0.002
2022-08-01:16,21,13,0.029,0.013,0.2,0.003
2022-08-01:15,20,13,0.035,0.013,0.3,0.003
2022-08-01:14,19,12,0.033,0.011,0.3,0.003
2022-08-01:13,14,10,0.026,0.011,0.3,0.003
2022-08-01:12,14,11,0.017,0.011,0.3,0.003
2022-08-01:11,14,6,0.011,0.011,0.3,0.003
2022-08-01:10,10,6,0.006,0.014,0.3,0.003
2022-08-01:09,11,7,0.004,0.016,0.3,0.003
2022-08-01:08,9,7,0.004,0.015,0.3,0.003
2022-08-01:07,12,8,0.005,0.013,0.3,0.003
2022-08-01:06,15,12,0.008,0.01,0.2,0.003
2022-08-01:05,17,12,0.01,0.008,0.2,0.002
2022-08-01:04,18,9,0.009,0.009,0.2,0.003
2022-08-01:03,15,8,0.009,0.009,0.3,0.002
2022-08-01:02,12,6,0.011,0.008,0.2,0.003
2022-08-01:01,10,4,0.012,0.009,0.3,0.003
2022-07-31:24,7,2,0.012,0.009,0.3,0.003
2022-07-31:23,7,5,0.012,0.009,0.3,0.003
2022-07-31:22,8,5,0.012,0.01,0.3,0.002
2022-07-31:21,11,8,0.012,0.01,0.3,0.003
2022-07-31:20,12,6,0.012,0.011,0.3,0.003
2022-07-31:19,11,5,0.012,0.012,0.3,0.002
2022-07-31:18,8,7,0.014,0.009,0.3,0.002
2022-07-31:17,9,5,0.016,0.008,0.3,0.003
2022-07-31:16,10,7,0.016,0.008,0.3,0.003
2022-07-31:15,14,10,0.017,0.008,0.3,0.003
2022-07-31:14,14,9,0.017,0.009,0.3,0.003
2022-07-31:13,12,8,0.015,0.01,0.3,0.002
2022-07-31:12,11,7,0.014,0.01,0.3,0.002
2022-07-31:11,11,7,0.015,0.007,0.3,0.003
2022-07-31:10,7,6,0.013,0.008,0.3,0.002
2022-07-31:09,10,7,0.011,0.007,0.2,0.003
2022-07-31:08,9,7,0.012,0.006,0.2,0.002
2022-07-31:07,9,8,0.011,0.006,0.2,0.003
2022-07-31:06,11,7,0.011,0.005,0.2,0.003
2022-07-31:05,11,8,0.012,0.005,0.2,0.003
2022-07-31:04,13,7,0.011,0.006,0.2,0.003
2022-07-31:03,9,10,0.01,0.007,0.3,0.003
2022-07-31:02,11,9,0.014,0.008,0.3,0.003
2022-07-31:01,11,6,0.016,0.008,0.3,0.003
2022-07-30:24,14,11,0.015,0.009,0.3,0.003
2022-07-30:23,10,9,0.014,0.011,0.3,0.003
2022-07-30:22,12,9,0.016,0.01,0.3,0.003
2022-07-30:21,14,9,0.017,0.013,0.3,0.003
2022-07-30:20,17,9,0.022,0.012,0.3,0.002
2022-07-30:19,18,10,0.028,0.012,0.3,0.003
2022-07-30:18,15,9,0.03,0.01,0.3,0.003
2022-07-30:17,14,8,0.042,0.013,0.3,0.003
2022-07-30:16,20,13,0.043,0.013,0.3,0.002
2022-07-30:15,14,7,0.036,0.009,0.3,0.003
2022-07-30:14,12,9,0.036,0.009,0.3,0.003
2022-07-30:13,10,10,0.041,0.007,0.3,0.003
2022-07-30:12,13,10,0.043,0.007,0.3,0.003
2022-07-30:11,14,10,0.037,0.008,0.3,0.003
2022-07-30:10,15,7,0.032,0.01,0.3,0.002
2022-07-30:09,13,11,0.025,0.009,0.3,0.003
2022-07-30:08,13,10,0.019,0.01,0.3,0.003
2022-07-30:07,16,9,0.013,0.014,0.3,0.003
2022-07-30:06,15,12,0.015,0.009,0.3,0.003
2022-07-30:05,17,11,0.016,0.009,0.3,0.002
2022-07-30:04,18,16,0.017,0.01,0.3,0.003
2022-07-30:03,20,16,0.021,0.011,0.3,0.003
2022-07-30:02,27,22,0.025,0.013,0.3,0.003
2022-07-30:01,31,24,0.042,0.012,0.4,0.003
2022-07-29:24,31,24,0.046,0.015,0.4,0.003
2022-07-29:23,31,24,0.052,0.015,0.4,0.003
2022-07-29:22,29,25,0.057,0.016,0.4,0.003
2022-07-29:21,29,26,0.06,0.015,0.4,0.003
2022-07-29:20,30,25,0.063,0.018,0.4,0.003
2022-07-29:19,32,27,0.071,0.016,0.4,0.003
2022-07-29:18,34,26,0.076,0.016,0.4,0.003
2022-07-29:17,26,18,0.079,0.016,0.4,0.003
2022-07-29:16,23,16,0.065,0.016,0.3,0.003
2022-07-29:15,19,13,0.065,0.013,0.3,0.003
2022-07-29:14,20,15,0.058,0.012,0.3,0.003
2022-07-29:13,19,16,0.057,0.011,0.3,0.003
2022-07-29:12,24,13,0.048,0.013,0.4,0.003
2022-07-29:11,22,15,0.039,0.014,0.4,0.003
2022-07-29:10,16,9,0.03,0.014,0.4,0.003
2022-07-29:09,16,10,0.023,0.014,0.3,0.002
2022-07-29:08,13,8,0.016,0.014,0.3,0.003
2022-07-29:07,16,11,0.014,0.015,0.3,0.003
2022-07-29:06,16,14,0.015,0.013,0.3,0.003
2022-07-29:05,15,12,0.019,0.01,0.3,0.003
2022-07-29:04,20,13,0.02,0.009,0.3,0.003
2022-07-29:03,19,12,0.021,0.01,0.3,0.003
2022-07-29:02,19,15,0.024,0.01,0.3,0.003
2022-07-29:01,26,16,0.025,0.012,0.3,0.003
2022-07-28:24,34,17,0.029,0.017,0.4,0.003
2022-07-28:23,30,19,0.04,0.018,0.4,0.003
2022-07-28:22,26,13,0.029,0.014,0.4,0.003
2022-07-28:21,24,19,0.03,0.017,0.4,0.003
2022-07-28:20,27,21,0.03,0.023,0.4,0.003
2022-07-28:19,29,19,0.04,0.017,0.4,0.003
2022-07-28:18,25,21,0.05,0.017,0.4,0.003
2022-07-28:17,28,19,0.054,0.017,0.4,0.003
2022-07-28:16,26,19,0.066,0.016,0.4,0.003
2022-07-28:15,30,17,0.079,0.015,0.4,0.003
2022-07-28:14,27,20,0.079,0.014,0.4,0.003
2022-07-28:13,25,17,0.07,0.016,0.4,0.003
2022-07-28:12,28,20,0.059,0.013,0.4,0.003
2022-07-28:11,25,22,0.045,0.014,0.4,0.003
2022-07-28:10,23,17,0.039,0.012,0.4,0.003
2022-07-28:09,20,11,0.028,0.016,0.4,0.003
2022-07-28:08,19,11,0.023,0.015,0.4,0.003
2022-07-28:07,19,15,0.023,0.013,0.4,0.002
2022-07-28:06,20,11,0.03,0.009,0.3,0.003
2022-07-28:05,17,13,0.033,0.007,0.3,0.003
2022-07-28:04,21,16,0.032,0.009,0.3,0.003
2022-07-28:03,22,17,0.032,0.009,0.3,0.003
2022-07-28:02,22,17,0.031,0.012,0.3,0.003
2022-07-28:01,15,13,0.033,0.011,0.3,0.004
2022-07-27:24,16,10,0.03,0.016,0.3,0.003
2022-07-27:23,14,12,0.033,0.016,0.4,0.003
2022-07-27:22,16,13,0.033,0.019,0.4,0.003
2022-07-27:21,18,13,0.037,0.018,0.4,0.003
2022-07-27:20,23,19,0.046,0.022,0.4,0.003
2022-07-27:19,26,22,0.067,0.015,0.5,0.003
2022-07-27:18,31,21,0.07,0.017,0.5,0.003
2022-07-27:17,32,19,0.08,0.019,0.5,0.003
2022-07-27:16,24,16,0.06,0.013,0.4,0.002
2022-07-27:15,26,18,0.061,0.012,0.4,0.004
2022-07-27:14,26,16,0.065,0.012,0.4,0.003
2022-07-27:13,25,18,0.061,0.011,0.4,0.003
2022-07-27:12,29,21,0.054,0.016,0.5,0.004
2022-07-27:11,28,18,0.04,0.02,0.4,0.004
2022-07-27:10,28,17,0.029,0.023,0.4,0.003
2022-07-27:09,35,24,0.024,0.026,0.5,0.004
2022-07-27:08,37,29,0.02,0.03,0.5,0.003
2022-07-27:07,48,33,0.023,0.025,0.5,0.003
2022-07-27:06,46,33,0.019,0.027,0.6,0.003
2022-07-27:05,40,27,0.031,0.018,0.5,0.003
2022-07-27:04,36,24,0.031,0.017,0.5,0.003
2022-07-27:03,35,25,0.035,0.013,0.4,0.004
2022-07-27:02,37,25,0.034,0.017,0.5,0.003
2022-07-27:01,34,24,0.04,0.018,0.5,0.003
2022-07-26:24,32,25,0.041,0.025,0.6,0.003
2022-07-26:23,33,25,0.061,0.015,0.4,0.003
2022-07-26:22,40,27,0.061,0.016,0.5,0.003
2022-07-26:21,39,29,0.065,0.014,0.5,0.004
2022-07-26:20,50,35,0.078,0.013,0.5,0.003
2022-07-26:19,52,39,0.103,0.016,0.5,0.004
2022-07-26:18,52,39,0.123,0.017,0.5,0.003
2022-07-26:17,48,34,0.133,0.02,0.6,0.003
2022-07-26:16,40,26,0.128,0.019,0.5,0.003
2022-07-26:15,29,22,0.106,0.014,0.4,0.002
2022-07-26:14,28,18,0.101,0.014,0.4,0.003
2022-07-26:13,26,18,0.087,0.014,0.4,0.003
2022-07-26:12,28,17,0.072,0.019,0.4,0.003
2022-07-26:11,26,16,0.058,0.02,0.4,0.003
2022-07-26:10,23,11,0.039,0.017,0.4,0.003
2022-07-26:09,23,10,0.023,0.016,0.4,0.003
2022-07-26:08,23,11,0.017,0.014,0.4,0.003
2022-07-26:07,23,13,0.011,0.014,0.4,0.003
2022-07-26:06,24,15,0.006,0.018,0.4,0.003
2022-07-26:05,23,15,0.011,0.014,0.4,0.003
2022-07-26:04,24,14,0.011,0.016,0.4,0.003
2022-07-26:03,22,13,0.019,0.013,0.4,0.002
2022-07-26:02,20,,0.027,0.009,0.4,0.003
2022-07-26:01,21,12,0.031,0.007,0.3,0.003
2022-07-25:24,21,10,0.029,0.008,0.3,0.003
2022-07-25:23,23,12,0.03,0.008,0.3,0.003
2022-07-25:22,23,12,0.031,0.008,0.4,0.003
2022-07-25:21,25,14,0.028,0.013,0.4,0.003
2022-07-25:20,26,15,0.035,0.014,0.4,0.003
2022-07-25:19,25,15,0.044,0.013,0.4,0.003
2022-07-25:18,22,12,0.054,0.012,0.4,0.003
2022-07-25:17,20,9,0.057,0.012,0.3,0.003
2022-07-25:16,16,11,0.057,0.01,0.3,0.003
2022-07-25:15,,,,,,
2022-07-25:14,,,,,,
2022-07-25:13,8,1,0.036,0.006,0.4,0.002
2022-07-25:12,16,9,0.053,0.009,0.4,0.003
2022-07-25:11,16,6,0.028,0.02,0.5,0.003
2022-07-25:10,17,11,0.02,0.02,0.5,0.003
2022-07-25:09,15,6,0.021,0.013,0.4,0.003
2022-07-25:08,16,3,0.009,0.013,0.4,0.003
2022-07-25:07,17,6,0.006,0.012,0.4,0.003
2022-07-25:06,14,6,0.01,0.01,0.4,0.002
2022-07-25:05,18,8,0.011,0.009,0.4,0.003
2022-07-25:04,17,8,0.013,0.01,0.4,0.003
2022-07-25:03,19,9,0.015,0.009,0.4,0.004
2022-07-25:02,18,11,0.019,0.007,0.4,0.002
2022-07-25:01,15,11,0.017,0.011,0.4,0.003
2022-07-24:24,12,11,0.021,0.012,0.4,0.003
2022-07-24:23,24,16,0.026,0.012,0.4,0.003
2022-07-24:22,25,20,0.032,0.008,0.4,0.003
2022-07-24:21,24,21,0.044,0.01,0.5,0.002
2022-07-24:20,21,17,0.054,0.008,0.5,0.003
2022-07-24:19,23,21,0.054,0.008,0.4,0.002
2022-07-24:18,23,20,0.061,0.008,0.5,0.003
2022-07-24:17,18,14,0.059,0.013,0.5,0.003
2022-07-24:16,24,17,0.055,0.012,0.4,0.003
2022-07-24:15,20,16,0.059,0.01,0.4,0.003
2022-07-24:14,17,12,0.062,0.008,0.4,0.003
2022-07-24:13,16,10,0.054,0.008,0.4,0.003
2022-07-24:12,11,11,0.047,0.008,0.4,0.003
2022-07-24:11,5,6,0.042,0.009,0.4,0.003
2022-07-24:10,11,9,0.034,0.009,0.4,0.003
2022-07-24:09,14,10,0.035,0.008,0.4,0.003
2022-07-24:08,14,10,0.033,0.009,0.4,0.003
2022-07-24:07,13,7,0.033,0.008,0.4,0.003
2022-07-24:06,9,8,0.035,0.007,0.3,0.003
2022-07-24:05,7,8,0.039,0.005,0.3,0.003
2022-07-24:04,,8,0.042,0.005,0.3,0.003
2022-07-24:03,7,9,0.044,0.005,0.3,0.003
2022-07-24:02,9,8,0.046,0.005,0.3,0.002
2022-07-24:01,10,10,0.044,0.007,0.3,0.003
2022-07-23:24,16,14,0.04,0.009,0.4,0.003
2022-07-23:23,17,14,0.043,0.009,0.4,0.002
2022-07-23:22,20,17,0.044,0.009,0.4,0.003
2022-07-23:21,26,20,0.043,0.01,0.4,0.003
2022-07-23:20,32,24,0.042,0.014,0.5,0.003
2022-07-23:19,32,26,0.041,0.017,0.5,0.002
2022-07-23:18,28,22,0.044,0.019,0.5,0.002
2022-07-23:17,29,22,0.053,0.018,0.4,0.003
2022-07-23:16,28,25,0.062,0.014,0.4,0.003
2022-07-23:15,27,24,0.063,0.014,0.4,0.003
2022-07-23:14,31,24,0.067,0.012,0.4,0.003
2022-07-23:13,35,24,0.063,0.013,0.4,0.003
2022-07-23:12,32,24,0.056,0.013,0.4,0.003
2022-07-23:11,39,27,0.04,0.017,0.5,0.003
2022-07-23:10,35,25,0.035,0.018,0.5,0.003
2022-07-23:09,34,23,0.028,0.017,0.5,0.003
2022-07-23:08,37,22,0.025,0.015,0.5,0.003
2022-07-23:07,42,25,0.021,0.014,0.5,0.003
2022-07-23:06,45,29,0.016,0.017,0.5,0.003
2022-07-23:05,52,32,0.015,0.02,0.5,0.003
2022-07-23:04,45,29,0.013,0.026,0.6,0.003
2022-07-23:03,35,24,0.031,0.012,0.5,0.003
2022-07-23:02,36,26,0.034,0.012,0.5,0.003
2022-07-23:01,43,28,0.042,0.012,0.5,0.003
2022-07-22:24,41,30,0.045,0.012,0.5,0.003
2022-07-22:23,39,27,0.051,0.01,0.4,0.003
2022-07-22:22,37,30,0.051,0.01,0.4,0.003
2022-07-22:21,37,27,0.056,0.01,0.4,0.002
2022-07-22:20,35,27,0.056,0.013,0.4,0.003
2022-07-22:19,28,20,0.057,0.012,0.5,0.003
2022-07-22:18,27,18,0.057,0.011,0.4,0.003
2022-07-22:17,26,19,0.058,0.013,0.5,0.003
2022-07-22:16,31,22,0.054,0.017,0.5,0.003
2022-07-22:15,28,19,0.064,0.012,0.4,0.003
2022-07-22:14,27,18,0.065,0.014,0.4,0.003
2022-07-22:13,29,19,0.065,0.011,0.4,0.003
2022-07-22:12,25,12,0.066,0.011,0.4,0.003
2022-07-22:11,26,16,0.057,0.012,0.4,0.003
2022-07-22:10,23,13,0.052,0.013,0.4,0.003
2022-07-22:09,21,15,0.046,0.014,0.4,0.003
2022-07-22:08,26,16,0.044,0.011,0.4,0.003
2022-07-22:07,22,16,0.04,0.01,0.4,0.003
2022-07-22:06,16,9,0.028,0.009,0.4,0.003
2022-07-22:05,14,9,0.028,0.008,0.4,0.003
2022-07-22:04,15,7,0.026,0.008,0.4,0.003
2022-07-22:03,14,5,0.029,0.008,0.3,0.003
2022-07-22:02,9,5,0.031,0.009,0.4,0.003
2022-07-22:01,10,5,0.031,0.01,0.4,0.003
2022-07-21:24,11,6,0.036,0.008,0.3,0.003
2022-07-21:23,12,8,0.035,0.01,0.4,0.003
2022-07-21:22,12,10,0.033,0.011,0.4,0.003
2022-07-21:21,17,15,0.035,0.009,0.4,0.003
2022-07-21:20,12,11,0.035,0.01,0.4,0.002
2022-07-21:19,14,8,0.033,0.013,0.4,0.003
2022-07-21:18,13,8,0.036,0.011,0.4,0.003
2022-07-21:17,11,8,0.036,0.011,0.4,0.003
2022-07-21:16,14,7,0.037,0.01,0.4,0.003
2022-07-21:15,11,4,0.04,0.009,0.4,0.002
2022-07-21:14,10,5,0.04,0.01,0.4,0.003
2022-07-21:13,8,7,0.046,0.01,0.4,0.003
2022-07-21:12,10,6,0.044,0.013,0.5,0.002
2022-07-21:11,9,3,0.049,0.01,0.4,0.003
2022-07-21:10,7,4,0.047,0.012,0.4,0.003
2022-07-21:09,3,3,0.051,0.01,0.3,0.003
2022-07-21:08,4,3,0.054,0.009,0.3,0.003
2022-07-21:07,7,5,0.055,0.009,0.3,0.003
2022-07-21:06,8,9,0.055,0.007,0.3,0.003
2022-07-21:05,11,12,0.053,0.005,0.3,0.003
2022-07-21:04,15,13,0.054,0.005,0.3,0.003
2022-07-21:03,17,17,0.056,0.004,0.3,0.003
2022-07-21:02,22,20,0.047,0.006,0.4,0.003
2022-07-21:01,20,19,0.043,0.008,0.4,0.004
2022-07-20:24,27,16,0.041,0.01,0.4,0.003
2022-07-20:23,27,21,0.041,0.012,0.4,0.003
2022-07-20:22,28,21,0.045,0.014,0.4,0.003
2022-07-20:21,31,21,0.048,0.014,0.4,0.004
2022-07-20:20,32,22,0.051,0.016,0.4,0.003
2022-07-20:19,31,19,0.055,0.017,0.4,0.003
2022-07-20:18,28,16,0.062,0.016,0.4,0.003
2022-07-20:17,28,16,0.07,0.014,0.4,0.003
2022-07-20:16,29,19,0.079,0.014,0.4,0.004
2022-07-20:15,28,18,0.08,0.011,0.4,0.003
2022-07-20:14,31,24,0.086,0.014,0.4,0.004
2022-07-20:13,39,25,0.092,0.017,0.5,0.004
2022-07-20:12,35,20,0.078,0.019,0.5,0.004
2022-07-20:11,36,24,0.055,0.022,0.5,0.003
2022-07-20:10,34,22,0.047,0.024,0.5,0.004
2022-07-20:09,29,21,0.047,0.019,0.5,0.004
2022-07-20:08,29,21,0.043,0.017,0.4,0.003
2022-07-20:07,32,21,0.039,0.015,0.4,0.003
2022-07-20:06,33,24,0.041,0.012,0.4,0.003
2022-07-20:05,36,24,0.044,0.009,0.4,0.003
2022-07-20:04,38,25,0.043,0.008,0.4,0.003
2022-07-20:03,36,26,0.042,0.009,0.4,0.003
2022-07-20:02,30,23,0.044,0.01,0.4,0.003
2022-07-20:01,34,26,0.043,0.012,0.4,0.003
2022-07-19:24,36,27,0.042,0.014,0.5,0.004
2022-07-19:23,35,26,0.044,0.015,0.5,0.003
2022-07-19:22,41,29,0.042,0.017,0.5,0.003
2022-07-19:21,38,32,0.044,0.021,0.5,0.004
2022-07-19:20,38,29,0.047,0.02,0.5,0.003
2022-07-19:19,32,22,0.053,0.019,0.5,0.004
2022-07-19:18,35,25,0.062,0.016,0.5,0.003
2022-07-19:17,36,28,0.069,0.012,0.4,0.003
2022-07-19:16,33,25,0.071,0.011,0.4,0.003
2022-07-19:15,36,24,0.072,0.012,0.4,0.003
2022-07-19:14,42,30,0.076,0.014,0.5,0.003
2022-07-19:13,35,24,0.081,0.01,0.4,0.003
2022-07-19:12,36,27,0.076,0.012,0.4,0.004
2022-07-19:11,38,22,0.064,0.012,0.4,0.003
2022-07-19:10,33,26,0.055,0.015,0.5,0.003
2022-07-19:09,28,19,0.046,0.018,0.5,0.003
2022-07-19:08,25,17,0.046,0.015,0.4,0.004
2022-07-19:07,23,18,0.048,0.011,0.4,0.003
2022-07-19:06,24,18,0.039,0.012,0.4,0.003
2022-07-19:05,23,18,0.042,0.01,0.4,0.003
2022-07-19:04,20,16,0.051,0.01,0.4,0.003
2022-07-19:03,20,17,0.057,0.008,0.4,0.003
2022-07-19:02,18,17,0.06,0.007,0.4,0.003
2022-07-19:01,18,14,0.06,0.009,0.4,0.004
2022-07-18:24,16,14,0.053,0.013,0.4,0.003
2022-07-18:23,24,19,0.045,0.019,0.4,0.003
2022-07-18:22,19,14,0.044,0.022,0.4,0.003
2022-07-18:21,15,13,0.057,0.016,0.4,0.003
2022-07-18:20,12,11,0.054,0.021,0.5,0.003
2022-07-18:19,18,14,0.058,0.019,0.4,0.003
2022-07-18:18,18,15,0.062,0.017,0.5,0.003
2022-07-18:17,19,16,0.062,0.016,0.4,0.003
2022-07-18:16,22,21,0.065,0.014,0.4,0.003
2022-07-18:15,23,19,0.067,0.016,0.4,0.003
2022-07-18:14,25,19,0.061,0.013,0.4,0.003
2022-07-18:13,30,22,0.064,0.014,0.4,0.003
2022-07-18:12,32,21,0.057,0.016,0.5,0.003
2022-07-18:11,26,17,0.052,0.015,0.4,0.004
2022-07-18:10,32,20,0.035,0.018,0.5,0.004
2022-07-18:09,29,20,0.024,0.024,0.5,0.004
2022-07-18:08,26,18,0.02,0.022,0.4,0.004
2022-07-18:07,25,18,0.016,0.022,0.4,0.003
2022-07-18:06,27,17,0.019,0.017,0.4,0.003
2022-07-18:05,29,20,0.021,0.016,0.4,0.003
2022-07-18:04,31,23,0.036,0.013,0.4,0.003
2022-07-18:03,29,25,0.053,0.009,0.4,0.003
2022-07-18:02,25,19,0.051,0.01,0.4,0.003
2022-07-18:01,22,17,0.049,0.012,0.4,0.003
2022-07-17:24,21,18,0.028,0.021,0.4,0.003
2022-07-17:23,16,13,0.03,0.021,0.4,0.003
2022-07-17:22,19,12,0.038,0.018,0.4,0.003
2022-07-17:21,21,13,0.045,0.015,0.4,0.004
2022-07-17:20,21,16,0.051,0.014,0.4,0.003
2022-07-17:19,24,18,0.063,0.01,0.4,0.004
2022-07-17:18,24,17,0.064,0.009,0.4,0.003
2022-07-17:17,27,22,0.065,0.008,0.4,0.003
2022-07-17:16,25,18,0.07,0.007,0.4,0.003
2022-07-17:15,22,20,0.074,0.007,0.4,0.003
2022-07-17:14,20,16,0.074,0.008,0.4,0.003
2022-07-17:13,22,15,0.059,0.009,0.4,0.003
2022-07-17:12,27,22,0.058,0.009,0.4,0.003
2022-07-17:11,28,22,0.054,0.01,0.4,0.003
2022-07-17:10,30,23,0.044,0.01,0.4,0.002
2022-07-17:09,32,25,0.039,0.01,0.4,0.003
2022-07-17:08,23,13,0.035,0.01,0.4,0.004
2022-07-17:07,25,18,0.035,0.01,0.4,0.004
2022-07-17:06,23,16,0.034,0.011,0.4,0.003
2022-07-17:05,21,12,0.032,0.011,0.4,0.003
2022-07-17:04,22,14,0.036,0.01,0.4,0.004
2022-07-17:03,28,19,0.027,0.016,0.5,0.003
2022-07-17:02,30,20,0.009,0.027,0.6,0.003
2022-07-17:01,32,19,0.011,0.026,0.6,0.003
2022-07-16:24,29,19,0.01,0.034,0.6,0.003
2022-07-16:23,23,14,0.023,0.024,0.5,0.002
2022-07-16:22,18,13,0.037,0.016,0.4,0.003
2022-07-16:21,21,18,0.045,0.011,0.5,0.003
2022-07-16:20,25,20,0.034,0.027,0.6,0.003
2022-07-16:19,25,18,0.035,0.031,0.6,0.003
2022-07-16:18,27,21,0.056,0.014,0.4,0.003
2022-07-16:17,25,19,0.057,0.018,0.5,0.003
2022-07-16:16,25,20,0.059,0.019,0.5,0.003
2022-07-16:15,30,21,0.057,0.018,0.5,0.004
2022-07-16:14,33,25,0.056,0.017,0.5,0.003
2022-07-16:13,31,22,0.054,0.018,0.5,0.003
2022-07-16:12,28,22,0.054,0.018,0.5,0.003
2022-07-16:11,33,22,0.061,0.012,0.4,0.003
2022-07-16:10,32,21,0.057,0.012,0.5,0.003
2022-07-16:09,34,26,0.052,0.012,0.5,0.003
2022-07-16:08,35,27,0.048,0.015,0.5,0.003
2022-07-16:07,33,25,0.044,0.015,0.5,0.003
2022-07-16:06,30,23,0.05,0.011,0.5,0.004
2022-07-16:05,27,21,0.048,0.008,0.4,0.003
2022-07-16:04,28,19,0.053,0.007,0.4,0.003
2022-07-16:03,29,19,0.052,0.008,0.4,0.003
2022-07-16:02,26,20,0.047,0.009,0.4,0.002
2022-07-16:01,28,21,0.038,0.014,0.5,0.003
2022-07-15:24,27,20,0.04,0.014,0.5,0.003
2022-07-15:23,26,19,0.047,0.012,0.4,0.002
2022-07-15:22,27,22,0.055,0.01,0.4,0.003
2022-07-15:21,30,21,0.053,0.014,0.4,0.003
2022-07-15:20,25,17,0.055,0.018,0.4,0.003
2022-07-15:19,23,15,0.057,0.018,0.4,0.004
2022-07-15:18,25,16,0.062,0.018,0.4,0.003
2022-07-15:17,26,18,0.072,0.015,0.4,0.004
2022-07-15:16,29,18,0.078,0.018,0.4,0.003
2022-07-15:15,32,22,0.084,0.017,0.4,0.003
2022-07-15:14,30,21,0.079,0.018,0.4,0.003
2022-07-15:13,21,15,0.073,0.011,0.4,0.003
2022-07-15:12,23,13,0.059,0.013,0.4,0.003
2022-07-15:11,23,16,0.04,0.018,0.4,0.004
2022-07-15:10,18,7,0.041,0.01,0.4,0.003
2022-07-15:09,18,9,0.031,0.013,0.4,0.003
2022-07-15:08,19,10,0.026,0.015,0.3,0.002
2022-07-15:07,23,13,0.015,0.018,0.4,0.003
2022-07-15:06,21,13,0.018,0.014,0.3,0.003
2022-07-15:05,25,13,0.019,0.011,0.3,0.003
2022-07-15:04,21,15,0.017,0.013,0.3,0.003
2022-07-15:03,16,10,0.015,0.016,0.4,0.004
2022-07-15:02,12,8,0.013,0.021,0.4,0.003
2022-07-15:01,13,8,0.016,0.019,0.4,0.003
2022-07-14:24,14,8,0.016,0.02,0.5,0.003
2022-07-14:23,12,7,0.018,0.02,0.4,0.003
2022-07-14:22,13,10,0.022,0.017,0.4,0.003
2022-07-14:21,10,11,0.021,0.017,0.4,0.003
2022-07-14:20,13,13,0.022,0.016,0.4,0.003
2022-07-14:19,10,10,0.028,0.013,0.4,0.004
2022-07-14:18,12,6,0.041,0.012,0.3,0.003
2022-07-14:17,9,4,0.058,0.013,0.4,0.003
2022-07-14:16,12,8,0.063,0.011,0.4,0.003
2022-07-14:15,14,9,0.062,0.01,0.4,0.002
2022-07-14:14,11,4,0.051,0.009,0.3,0.003
2022-07-14:13,10,4,0.037,0.012,0.4,0.003
2022-07-14:12,6,4,0.029,0.013,0.4,0.003
2022-07-14:11,3,1,0.029,0.013,0.4,0.003
2022-07-14:10,3,3,0.021,0.014,0.4,0.003
2022-07-14:09,3,2,0.028,0.016,0.4,0.003
2022-07-14:08,4,1,0.027,0.016,0.4,0.003
2022-07-14:07,7,3,0.03,0.012,0.4,0.003
2022-07-14:06,6,5,0.03,0.014,0.4,0.003
2022-07-14:05,10,11,0.038,0.009,0.4,0.003
2022-07-14:04,19,11,0.042,0.007,0.4,0.003
2022-07-14:03,20,16,0.048,0.006,0.4,0.003
2022-07-14:02,19,14,0.045,0.009,0.4,0.003
2022-07-14:01,18,11,0.032,0.012,0.4,0.003
2022-07-13:24,12,12,0.026,0.017,0.4,0.004
2022-07-13:23,13,10,0.032,0.012,0.3,0.002
2022-07-13:22,13,12,0.022,0.02,0.4,0.003
2022-07-13:21,11,8,0.007,0.031,0.6,0.004
2022-07-13:20,14,12,0.007,0.033,0.6,0.004
2022-07-13:19,11,10,0.011,0.03,0.6,0.003
2022-07-13:18,7,7,0.018,0.024,0.6,0.003
2022-07-13:17,9,7,0.026,0.017,0.4,0.003
2022-07-13:16,13,9,0.021,0.021,0.4,0.003
2022-07-13:15,13,10,0.017,0.022,0.5,0.003
2022-07-13:14,15,10,0.016,0.024,0.4,0.003
2022-07-13:13,16,13,0.016,0.025,0.5,0.004
2022-07-13:12,20,16,0.016,0.023,0.4,0.003
2022-07-13:11,25,13,0.013,0.023,0.4,0.003
2022-07-13:10,23,13,0.011,0.024,0.4,0.003
2022-07-13:09,22,14,0.014,0.021,0.4,0.002
2022-07-13:08,22,12,0.014,0.019,0.3,0.003
2022-07-13:07,18,11,0.014,0.016,0.3,0.004
2022-07-13:06,19,11,0.02,0.011,0.3,0.003
2022-07-13:05,16,11,0.024,0.011,0.3,0.004
2022-07-13:04,17,12,0.026,0.012,0.3,0.003
2022-07-13:03,15,8,0.026,0.012,0.4,0.003
2022-07-13:02,14,7,0.024,0.013,0.3,0.003
2022-07-13:01,14,8,0.027,0.013,0.3,0.003
2022-07-12:24,15,8,0.03,0.016,0.3,0.003
2022-07-12:23,14,8,0.028,0.014,0.3,0.003
2022-07-12:22,12,7,0.033,0.012,0.3,0.003
2022-07-12:21,13,11,0.034,0.013,0.4,0.003
2022-07-12:20,16,9,0.035,0.016,0.4,0.002
2022-07-12:19,17,10,0.046,0.018,0.4,0.004
2022-07-12:18,20,13,0.052,0.02,0.4,0.003
2022-07-12:17,18,10,0.058,0.022,0.4,0.003
2022-07-12:16,16,9,0.058,0.018,0.3,0.003
2022-07-12:15,11,7,0.048,0.017,0.3,0.003
2022-07-12:14,10,5,0.048,0.014,0.3,0.003
2022-07-12:13,9,4,0.041,0.015,0.3,0.003
2022-07-12:12,5,5,0.035,0.015,0.3,0.003
2022-07-12:11,12,5,0.027,0.015,0.3,0.003
2022-07-12:10,6,2,0.026,0.013,0.3,0.003
2022-07-12:09,5,1,0.022,0.013,0.3,0.003
2022-07-12:08,5,1,0.02,0.014,0.2,0.003
2022-07-12:07,6,3,0.021,0.011,0.2,0.003
2022-07-12:06,4,1,0.021,0.008,0.2,0.003
2022-07-12:05,6,1,0.021,0.007,0.2,0.003
2022-07-12:04,6,1,0.02,0.007,0.2,0.003
2022-07-12:03,4,4,0.019,0.008,0.3,0.003
2022-07-12:02,5,3,0.019,0.009,0.3,0.003
2022-07-12:01,5,2,0.022,0.008,0.3,0.003
2022-07-11:24,5,1,0.025,0.008,0.2,0.003
2022-07-11:23,3,2,0.028,0.008,0.3,0.003
2022-07-11:22,7,4,0.03,0.008,0.3,0.003
2022-07-11:21,11,7,0.03,0.009,0.3,0.003
2022-07-11:20,16,8,0.031,0.012,0.3,0.003
2022-07-11:19,18,13,0.038,0.014,0.4,0.003
2022-07-11:18,37,28,0.067,0.019,0.5,0.003
2022-07-11:17,48,36,0.085,0.027,0.6,0.004
2022-07-11:16,37,28,0.091,0.022,0.5,0.003
2022-07-11:15,33,21,0.079,0.023,0.5,0.004
2022-07-11:14,31,20,0.058,0.028,0.5,0.003
2022-07-11:13,28,19,0.058,0.021,0.5,0.003
2022-07-11:12,27,17,0.053,0.022,0.4,0.004
2022-07-11:11,22,15,0.04,0.025,0.5,0.003
2022-07-11:10,26,10,0.038,0.021,0.4,0.003
2022-07-11:09,25,14,0.023,0.026,0.4,0.004
2022-07-11:08,21,14,0.02,0.025,0.4,0.003
2022-07-11:07,21,14,0.024,0.021,0.4,0.003
2022-07-11:06,17,11,0.035,0.015,0.3,0.003
2022-07-11:05,20,10,0.044,0.01,0.4,0.003
2022-07-11:04,20,13,0.044,0.007,0.3,0.003
2022-07-11:03,17,12,0.044,0.007,0.3,0.003
2022-07-11:02,20,14,0.05,0.006,0.3,0.003
2022-07-11:01,29,18,0.052,0.008,0.3,0.003
2022-07-10:24,36,25,0.06,0.016,0.4,0.005
2022-07-10:23,37,29,0.077,0.015,0.4,0.006
2022-07-10:22,41,32,0.065,0.017,0.5,0.005
2022-07-10:21,47,39,0.078,0.015,0.5,0.004
2022-07-10:20,49,38,0.1,0.017,0.5,0.004
2022-07-10:19,51,36,0.116,0.017,0.5,0.004
2022-07-10:18,54,39,0.133,0.015,0.5,0.004
2022-07-10:17,47,32,0.117,0.013,0.5,0.003
2022-07-10:16,48,30,0.111,0.01,0.5,0.004
2022-07-10:15,47,30,0.108,0.012,0.5,0.003
2022-07-10:14,47,37,0.112,0.01,0.5,0.003
2022-07-10:13,50,37,0.118,0.012,0.5,0.004
2022-07-10:12,43,28,0.093,0.012,0.5,0.003
2022-07-10:11,38,25,0.064,0.015,0.5,0.004
2022-07-10:10,35,27,0.047,0.019,0.6,0.004
2022-07-10:09,34,23,0.029,0.022,0.6,0.003
2022-07-10:08,33,21,0.02,0.02,0.6,0.003
2022-07-10:07,29,18,0.013,0.019,0.6,0.003
2022-07-10:06,30,18,0.009,0.018,0.5,0.003
2022-07-10:05,27,17,0.012,0.017,0.5,0.003
2022-07-10:04,24,17,0.018,0.014,0.5,0.003
2022-07-10:03,22,18,0.018,0.016,0.5,0.004
2022-07-10:02,23,18,0.02,0.016,0.5,0.003
2022-07-10:01,20,16,0.017,0.022,0.5,0.003
2022-07-09:24,16,13,0.023,0.02,0.5,0.003
2022-07-09:23,20,15,0.026,0.018,0.4,0.003
2022-07-09:22,24,18,0.03,0.017,0.4,0.003
2022-07-09:21,27,21,0.042,0.017,0.5,0.003
2022-07-09:20,27,19,0.053,0.016,0.4,0.003
2022-07-09:19,23,16,0.06,0.015,0.4,0.003
2022-07-09:18,24,15,0.066,0.012,0.4,0.003
2022-07-09:17,19,17,0.068,0.014,0.4,0.003
2022-07-09:16,15,13,0.065,0.012,0.4,0.003
2022-07-09:15,18,11,0.06,0.01,0.4,0.003
2022-07-09:14,17,10,0.061,0.007,0.4,0.003
2022-07-09:13,17,12,0.051,0.009,0.4,0.003
2022-07-09:12,19,15,0.041,0.009,0.4,0.003
2022-07-09:11,19,15,0.037,0.01,0.4,0.002
2022-07-09:10,21,16,0.036,0.01,0.4,0.004
2022-07-09:09,23,17,0.035,0.012,0.4,0.003
2022-07-09:08,21,14,0.037,0.011,0.4,0.003
2022-07-09:07,22,15,0.034,0.01,0.4,0.003
2022-07-09:06,29,18,0.032,0.009,0.3,0.003
2022-07-09:05,28,16,0.036,0.008,0.3,0.003
2022-07-09:04,20,17,0.038,0.007,0.3,0.003
2022-07-09:03,21,15,0.041,0.007,0.3,0.003
2022-07-09:02,18,11,0.042,0.007,0.3,0.003
2022-07-09:01,20,13,0.043,0.009,0.3,0.003
2022-07-08:24,26,18,0.038,0.015,0.4,0.004
2022-07-08:23,32,22,0.037,0.015,0.4,0.003
2022-07-08:22,,23,0.035,0.016,0.4,0.003
2022-07-08:21,,24,0.035,0.018,0.4,0.003
2022-07-08:20,33,25,0.038,0.022,0.4,0.004
2022-07-08:19,28,19,0.042,0.024,0.5,0.003
2022-07-08:18,26,16,0.05,0.019,0.4,0.003
2022-07-08:17,27,18,0.05,0.017,0.4,0.003
2022-07-08:16,30,22,0.048,0.02,0.4,0.003
2022-07-08:15,27,16,0.05,0.018,0.4,0.003
2022-07-08:14,29,17,0.045,0.018,0.4,0.004
2022-07-08:13,,,,,,
2022-07-08:12,,,,,,
2022-07-08:11,18,11,0.045,0.016,0.3,0.003
2022-07-08:10,19,12,0.036,0.02,0.3,0.003
2022-07-08:09,19,11,0.036,0.02,0.3,0.003
2022-07-08:08,17,12,0.042,0.014,0.2,0.002
2022-07-08:07,19,17,0.042,0.011,0.2,0.003
2022-07-08:06,21,15,0.043,0.008,0.2,0.003
2022-07-08:05,22,18,0.043,0.006,0.2,0.003
2022-07-08:04,23,17,0.044,0.005,0.2,0.003
2022-07-08:03,28,22,0.045,0.005,0.2,0.003
2022-07-08:02,23,15,0.043,0.005,0.2,0.002
2022-07-08:01,28,15,0.043,0.006,0.2,0.003
2022-07-07:24,23,14,0.039,0.007,0.2,0.003
2022-07-07:23,17,10,0.035,0.008,0.2,0.002
2022-07-07:22,21,10,0.028,0.008,0.2,0.003
2022-07-07:21,26,15,0.027,0.008,0.2,0.003
2022-07-07:20,28,12,0.02,0.012,0.2,0.003
2022-07-07:19,31,15,0.021,0.013,0.2,0.003
2022-07-07:18,22,11,0.027,0.013,0.2,0.003
2022-07-07:17,20,10,0.032,0.012,0.2,0.003
2022-07-07:16,15,8,0.032,0.012,0.2,0.003
2022-07-07:15,17,10,0.03,0.013,0.2,0.003
2022-07-07:14,18,10,0.031,0.018,0.3,0.003
2022-07-07:13,18,9,0.034,0.016,0.3,0.003
2022-07-07:12,16,9,0.028,0.015,0.3,0.003
2022-07-07:11,19,10,0.023,0.014,0.2,0.003
2022-07-07:10,20,12,0.019,0.015,0.3,0.003
2022-07-07:09,29,20,0.012,0.021,0.3,0.003
2022-07-07:08,31,22,0.01,0.023,0.3,0.004
2022-07-07:07,22,15,0.008,0.022,0.3,0.003
2022-07-07:06,20,14,0.005,0.021,0.3,0.003
2022-07-07:05,19,14,0.008,0.017,0.3,0.003
2022-07-07:04,16,12,0.014,0.013,0.3,0.003
2022-07-07:03,13,9,0.018,0.011,0.3,0.003
2022-07-07:02,12,8,0.02,0.01,0.3,0.002
2022-07-07:01,15,10,0.022,0.01,0.3,0.003
2022-07-06:24,9,5,0.022,0.013,0.3,0.003
2022-07-06:23,20,14,0.028,0.008,0.2,0.003
2022-07-06:22,29,22,0.039,0.014,0.3,0.002
2022-07-06:21,32,27,0.045,0.015,0.4,0.003
2022-07-06:20,33,25,0.049,0.021,0.4,0.003
2022-07-06:19,32,27,0.055,0.024,0.4,0.003
2022-07-06:18,32,26,0.063,0.023,0.4,0.003
2022-07-06:17,34,26,0.066,0.019,0.4,0.003
2022-07-06:16,38,31,0.071,0.015,0.4,0.003
2022-07-06:15,35,29,0.068,0.017,0.4,0.003
2022-07-06:14,36,29,0.062,0.017,0.4,0.003
2022-07-06:13,37,32,0.059,0.018,0.4,0.003
2022-07-06:12,34,26,0.048,0.02,0.4,0.003
2022-07-06:11,33,24,0.035,0.021,0.4,0.003
2022-07-06:10,27,20,0.03,0.018,0.4,0.003
2022-07-06:09,24,18,0.022,0.02,0.4,0.003
2022-07-06:08,15,11,0.022,0.014,0.3,0.003
2022-07-06:07,15,13,0.016,0.012,0.3,0.003
2022-07-06:06,16,12,0.017,0.01,0.3,0.003
2022-07-06:05,16,14,0.018,0.01,0.3,0.003
2022-07-06:04,17,13,0.018,0.01,0.3,0.003
2022-07-06:03,15,14,0.016,0.012,0.3,0.003
2022-07-06:02,18,13,0.014,0.014,0.3,0.003
2022-07-06:01,20,15,0.013,0.017,0.3,0.002
2022-07-05:24,28,24,0.021,0.018,0.4,0.003
2022-07-05:23,29,26,0.032,0.022,0.4,0.003
2022-07-05:22,25,22,0.032,0.017,0.4,0.003
2022-07-05:21,35,29,0.045,0.018,0.4,0.003
2022-07-05:20,33,30,0.058,0.019,0.4,0.003
2022-07-05:19,48,44,0.082,0.018,0.4,0.003
2022-07-05:18,58,48,0.119,0.022,0.5,0.004
2022-07-05:17,52,42,0.126,0.023,0.5,0.003
2022-07-05:16,42,35,0.116,0.019,0.4,0.004
2022-07-05:15,47,37,0.091,0.027,0.5,0.004
2022-07-05:14,34,26,0.076,0.02,0.4,0.003
2022-07-05:13,34,25,0.059,0.029,0.5,0.003
2022-07-05:12,33,23,0.035,0.033,0.5,0.003
2022-07-05:11,26,18,0.027,0.03,0.5,0.003
2022-07-05:10,20,13,0.02,0.026,0.4,0.003
2022-07-05:09,21,15,0.012,0.027,0.4,0.003
2022-07-05:08,17,13,0.017,0.019,0.3,0.003
2022-07-05:07,15,15,0.022,0.015,0.3,0.003
2022-07-05:06,17,14,0.022,0.012,0.3,0.003
2022-07-05:05,17,15,0.026,0.009,0.3,0.003
2022-07-05:04,18,14,0.026,0.009,0.3,0.003
2022-07-05:03,20,17,0.028,0.008,0.3,0.003
2022-07-05:02,17,15,0.028,0.009,0.3,0.003
2022-07-05:01,19,16,0.03,0.009,0.3,0.002
2022-07-04:24,21,18,0.029,0.01,0.3,0.003
2022-07-04:23,23,21,0.013,0.016,0.3,0.003
2022-07-04:22,27,22,0.017,0.014,0.4,0.003
2022-07-04:21,27,25,0.022,0.012,0.3,0.003
2022-07-04:20,30,23,0.027,0.011,0.4,0.003
2022-07-04:19,32,26,0.033,0.012,0.4,0.003
2022-07-04:18,32,26,0.046,0.012,0.3,0.003
2022-07-04:17,35,31,0.059,0.011,0.3,0.003
2022-07-04:16,28,23,0.071,0.012,0.4,0.003
2022-07-04:15,27,20,0.061,0.016,0.4,0.004
2022-07-04:14,32,26,0.052,0.017,0.4,0.003
2022-07-04:13,39,30,0.05,0.019,0.5,0.004
2022-07-04:12,38,31,0.058,0.018,0.4,0.003
2022-07-04:11,41,31,0.04,0.023,0.5,0.003
2022-07-04:10,40,30,0.027,0.026,0.5,0.004
2022-07-04:09,38,29,0.015,0.03,0.5,0.004
2022-07-04:08,36,29,0.012,0.024,0.4,0.003
2022-07-04:07,36,30,0.012,0.019,0.4,0.002
2022-07-04:06,33,28,0.016,0.014,0.4,0.003
2022-07-04:05,30,26,0.021,0.012,0.3,0.003
2022-07-04:04,29,25,0.025,0.01,0.3,0.003
2022-07-04:03,30,26,0.031,0.008,0.3,0.003
2022-07-04:02,30,25,0.034,0.006,0.3,0.003
2022-07-04:01,30,26,0.03,0.011,0.3,0.002
2022-07-03:24,30,25,0.037,0.008,0.3,0.003
2022-07-03:23,28,22,0.039,0.007,0.3,0.003
2022-07-03:22,29,24,0.047,0.007,0.3,0.003
2022-07-03:21,26,21,0.059,0.007,0.4,0.002
2022-07-03:20,29,25,0.052,0.007,0.3,0.003
2022-07-03:19,31,29,0.056,0.008,0.3,0.003
2022-07-03:18,31,27,0.065,0.008,0.3,0.004
2022-07-03:17,32,28,0.074,0.008,0.3,0.004
2022-07-03:16,36,30,0.093,0.009,0.3,0.004
2022-07-03:15,31,25,0.094,0.009,0.3,0.004
2022-07-03:14,35,24,0.078,0.007,0.3,0.004
2022-07-03:13,34,23,0.073,0.01,0.3,0.005
2022-07-03:12,31,23,0.058,0.007,0.3,0.005
2022-07-03:11,35,21,0.048,0.006,0.3,0.005
2022-07-03:10,32,22,0.038,0.009,0.3,0.005
2022-07-03:09,33,27,0.035,0.011,0.4,0.003
2022-07-03:08,30,23,0.024,0.014,0.4,0.003
2022-07-03:07,31,24,0.018,0.014,0.4,0.003
2022-07-03:06,35,26,0.016,0.016,0.4,0.003
2022-07-03:05,34,29,0.024,0.009,0.3,0.003
2022-07-03:04,33,26,0.021,0.01,0.4,0.003
2022-07-03:03,35,27,0.025,0.01,0.4,0.003
2022-07-03:02,35,27,0.026,0.01,0.4,0.003
2022-07-03:01,38,29,0.031,0.011,0.4,0.003
2022-07-02:24,35,27,0.031,0.013,0.4,0.003
2022-07-02:23,39,33,0.039,0.01,0.3,0.003
2022-07-02:22,42,33,0.046,0.012,0.4,0.003
2022-07-02:21,43,33,0.06,0.015,0.4,0.003
2022-07-02:20,45,33,0.076,0.015,0.4,0.004
2022-07-02:19,45,30,0.093,0.014,0.4,0.003
2022-07-02:18,33,26,0.106,0.015,0.4,0.004
2022-07-02:17,27,19,0.1,0.012,0.3,0.003
2022-07-02:16,22,15,0.091,0.011,0.3,0.003
2022-07-02:15,25,16,0.079,0.012,0.3,0.003
2022-07-02:14,31,14,0.069,0.011,0.3,0.003
2022-07-02:13,21,11,0.054,0.011,0.3,0.003
2022-07-02:12,16,8,0.039,0.009,0.3,0.004
2022-07-02:11,14,7,0.027,0.008,0.3,0.004
2022-07-02:10,9,3,0.02,0.007,0.3,0.004
2022-07-02:09,,7,0.013,0.01,0.3,0.003
2022-07-02:08,18,7,0.008,0.011,0.3,0.003
2022-07-02:07,18,6,0.004,0.013,0.4,0.003
2022-07-02:06,17,7,0.003,0.012,0.4,0.003
2022-07-02:05,20,9,0.002,0.012,0.4,0.003
2022-07-02:04,16,7,0.002,0.015,0.4,0.003
2022-07-02:03,19,9,0.002,0.015,0.4,0.003
2022-07-02:02,15,6,0.002,0.015,0.4,0.003
2022-07-02:01,15,5,0.003,0.015,0.3,0.004
2022-07-01:24,14,5,0.006,0.014,0.3,0.003
2022-07-01:23,16,7,0.007,0.014,0.3,0.003
2022-07-01:22,20,10,0.006,0.015,0.3,0.003
2022-07-01:21,23,11,0.009,0.015,0.3,0.003
2022-07-01:20,30,10,0.014,0.016,0.3,0.003
2022-07-01:19,18,9,0.016,0.011,0.3,0.003
2022-07-01:18,18,8,0.021,0.01,0.3,0.003
2022-07-01:17,17,8,0.027,0.011,0.3,0.003
2022-07-01:16,15,8,0.024,0.01,0.3,0.003
2022-07-01:15,18,10,0.032,0.009,0.3,0.003
2022-07-01:14,20,11,0.035,0.009,0.3,0.003
2022-07-01:13,23,13,0.038,0.011,0.3,0.003
2022-07-01:12,15,8,0.024,0.011,0.3,0.003
2022-07-01:11,16,6,0.015,0.012,0.3,0.003
2022-07-01:10,13,3,0.01,0.018,0.4,0.003
2022-07-01:09,16,7,0.006,0.026,0.5,0.003
2022-07-01:08,16,5,0.004,0.025,0.5,0.003
2022-07-01:07,16,8,0.003,0.024,0.5,0.004
2022-07-01:06,14,6,0.003,0.025,0.6,0.003
2022-07-01:05,16,4,0.003,0.026,0.6,0.003
2022-07-01:04,12,6,0.003,0.029,0.6,0.003
2022-07-01:03,13,9,0.003,0.034,0.6,0.003
2022-07-01:02,9,5,0.007,0.032,0.5,0.002
2022-07-01:01,8,6,0.011,0.029,0.5,0.002
2022-10-30:24,29,20,0.007,0.041,0.6,0.001
2022-10-30:23,30,22,0.004,0.049,0.7,0.001
2022-10-30:22,30,22,0.022,0.034,0.5,0.001
2022-10-30:21,29,22,0.02,0.036,0.6,0.001
2022-10-30:20,36,26,0.014,0.041,0.6,0.001
2022-10-30:19,28,19,0.011,0.046,0.7,0.001
2022-10-30:18,22,14,0.043,0.018,0.4,0.001
2022-10-30:17,21,11,0.05,0.011,0.4,0.001
2022-10-30:16,25,18,0.055,0.008,0.3,0.001
2022-10-30:15,25,17,0.057,0.008,0.3,0.001
2022-10-30:14,22,12,0.053,0.008,0.4,0.002
2022-10-30:13,16,12,0.044,0.008,0.3,0.002
2022-10-30:12,14,8,0.036,0.01,0.4,0.002
2022-10-30:11,17,9,0.029,0.012,0.4,0.002
2022-10-30:10,12,8,0.025,0.013,0.4,0.001
2022-10-30:09,14,9,0.019,0.018,0.4,0.001
2022-10-30:08,17,13,0.011,0.026,0.5,0.001
2022-10-30:07,20,13,0.016,0.02,0.4,0.001
2022-10-30:06,23,17,0.01,0.029,0.5,0.002
2022-10-30:05,22,14,0.016,0.02,0.4,0.001
2022-10-30:04,22,16,0.019,0.021,0.4,0.001
2022-10-30:03,26,16,0.018,0.023,0.5,0.001
2022-10-30:02,27,23,0.007,0.039,0.6,0.001
2022-10-30:01,35,28,0.003,0.049,0.7,0.001
2022-10-29:24,37,27,0.003,0.054,0.9,0.002
2022-10-29:23,37,27,0.003,0.055,0.8,0.001
2022-10-29:22,38,26,0.005,0.052,0.7,0.001
2022-10-29:21,37,25,0.019,0.039,0.7,0.001
2022-10-29:20,39,29,0.023,0.035,0.6,0.001
2022-10-29:19,36,25,0.014,0.046,0.7,0.002
2022-10-29:18,22,15,0.04,0.023,0.5,0.001
2022-10-29:17,21,14,0.052,0.012,0.4,0.002
2022-10-29:16,22,15,0.053,0.01,0.4,0.001
2022-10-29:15,18,16,0.052,0.009,0.3,0.001
2022-10-29:14,22,7,0.048,0.01,0.4,0.001
2022-10-29:13,18,8,0.039,0.011,0.4,0.002
2022-10-29:12,16,8,0.032,0.012,0.4,0.003
2022-10-29:11,16,11,0.027,0.014,0.4,0.003
2022-10-29:10,21,13,0.018,0.02,0.4,0.003
2022-10-29:09,27,19,0.007,0.032,0.5,0.004
2022-10-29:08,25,18,0.003,0.033,0.6,0.003
2022-10-29:07,21,14,0.003,0.034,0.5,0.003
2022-10-29:06,19,14,0.007,0.031,0.5,0.003
2022-10-29:05,17,11,0.015,0.023,0.4,0.003
2022-10-29:04,16,12,0.021,0.016,0.4,0.003
2022-10-29:03,19,12,0.019,0.02,0.4,0.003
2022-10-29:02,24,16,0.017,0.026,0.4,0.003
2022-10-29:01,26,17,0.016,0.031,0.5,0.003
2022-10-28:24,35,20,0.012,0.04,0.5,0.004
2022-10-28:23,44,29,0.01,0.049,0.6,0.003
2022-10-28:22,49,31,0.005,0.056,0.8,0.003
2022-10-28:21,51,30,0.023,0.037,0.6,0.003
2022-10-28:20,57,35,0.031,0.032,0.6,0.004
2022-10-28:19,51,31,0.028,0.041,0.6,0.004
2022-10-28:18,37,23,0.045,0.029,0.6,0.004
2022-10-28:17,35,22,0.056,0.018,0.4,0.004
2022-10-28:16,33,18,0.054,0.018,0.4,0.003
2022-10-28:15,35,19,0.051,0.016,0.4,0.003
2022-10-28:14,29,13,0.046,0.016,0.4,0.003
2022-10-28:13,19,11,0.043,0.013,0.4,0.003
2022-10-28:12,20,11,0.031,0.015,0.4,0.003
2022-10-28:11,29,16,0.023,0.02,0.5,0.003
2022-10-28:10,37,20,0.014,0.029,0.6,0.004
2022-10-28:09,47,26,0.007,0.036,0.7,0.003
2022-10-28:08,45,28,0.005,0.036,0.7,0.003
2022-10-28:07,46,27,0.002,0.036,0.6,0.003
2022-10-28:06,46,30,0.005,0.035,0.6,0.003
2022-10-28:05,43,28,0.007,0.033,0.6,0.003
2022-10-28:04,42,26,0.006,0.036,0.6,0.003
2022-10-28:03,38,24,0.011,0.033,0.6,0.003
2022-10-28:02,35,23,0.004,0.038,0.7,0.003
2022-10-28:01,35,24,0.004,0.038,0.7,0.003
2022-10-27:24,35,25,0.003,0.041,0.8,0.003
2022-10-27:23,38,23,0.008,0.037,0.6,0.003
2022-10-27:22,38,22,0.013,0.035,0.6,0.003
2022-10-27:21,33,17,0.028,0.022,0.5,0.003
2022-10-27:20,35,20,0.034,0.019,0.5,0.003
2022-10-27:19,38,23,0.036,0.022,0.5,0.003
2022-10-27:18,36,23,0.042,0.018,0.4,0.003
2022-10-27:17,34,22,0.05,0.011,0.4,0.003
2022-10-27:16,36,19,0.052,0.012,0.4,0.003
2022-10-27:15,33,22,0.054,0.012,0.4,0.003
2022-10-27:14,34,,0.053,0.012,0.4,0.004
2022-10-27:13,,,,,,
2022-10-27:12,,,,,,
2022-10-27:11,39,23,0.016,0.043,0.7,0.004
2022-10-27:10,35,17,0.013,0.037,0.6,0.004
2022-10-27:09,33,19,0.006,0.037,0.6,0.004
2022-10-27:08,34,22,0.003,0.041,0.7,0.004
2022-10-27:07,29,16,0.002,0.038,0.6,0.003
2022-10-27:06,23,14,0.002,0.037,0.5,0.003
2022-10-27:05,23,12,0.002,0.038,0.5,0.003
2022-10-27:04,20,11,0.002,0.04,0.6,0.002
2022-10-27:03,20,11,0.003,0.04,0.5,0.003
2022-10-27:02,21,13,0.004,0.04,0.6,0.003
2022-10-27:01,24,12,0.002,0.046,0.6,0.004
2022-10-26:24,22,12,0.002,0.047,0.6,0.003
2022-10-26:23,21,9,0.005,0.046,0.6,0.003
2022-10-26:22,25,14,0.017,0.033,0.5,0.003
2022-10-26:21,28,15,0.019,0.031,0.5,0.003
2022-10-26:20,33,16,0.011,0.042,0.5,0.004
2022-10-26:19,29,12,0.011,0.044,0.5,0.004
2022-10-26:18,25,10,0.011,0.043,0.5,0.003
2022-10-26:17,24,9,0.02,0.035,0.5,0.003
2022-10-26:16,19,7,0.024,0.03,0.4,0.003
2022-10-26:15,18,5,0.028,0.024,0.4,0.003
2022-10-26:14,20,7,0.03,0.021,0.4,0.003
2022-10-26:13,17,5,0.024,0.023,0.4,0.003
2022-10-26:12,15,3,0.023,0.021,0.4,0.003
2022-10-26:11,14,2,0.018,0.022,0.4,0.003
2022-10-26:10,10,1,0.017,0.021,0.4,0.003
2022-10-26:09,8,1,0.013,0.023,0.3,0.003
2022-10-26:08,9,1,0.007,0.028,0.4,0.002
2022-10-26:07,9,4,0.006,0.029,0.4,0.003
2022-10-26:06,9,1,0.008,0.025,0.3,0.003
2022-10-26:05,7,2,0.017,0.018,0.3,0.003
2022-10-26:04,8,1,0.02,0.015,0.3,0.003
2022-10-26:03,7,1,0.017,0.018,0.3,0.003
2022-10-26:02,8,3,0.014,0.022,0.3,0.002
2022-10-26:01,11,2,0.008,0.03,0.4,0.003
2022-10-25:24,13,5,0.003,0.037,0.4,0.003
2022-10-25:23,10,4,0.004,0.037,0.5,0.003
2022-10-25:22,10,5,0.017,0.022,0.4,0.003
2022-10-25:21,15,7,0.007,0.036,0.5,0.003
2022-10-25:20,10,5,0.009,0.036,0.5,0.003
2022-10-25:19,16,6,0.021,0.023,0.5,0.002
2022-10-25:18,15,7,0.028,0.017,0.4,0.003
2022-10-25:17,16,4,0.033,0.013,0.3,0.003
2022-10-25:16,10,2,0.035,0.011,0.3,0.003
2022-10-25:15,11,4,0.037,0.008,0.3,0.003
2022-10-25:14,11,1,0.035,0.008,0.3,0.003
2022-10-25:13,11,4,0.035,0.008,0.3,0.002
2022-10-25:12,16,4,0.03,0.011,0.3,0.002
2022-10-25:11,15,3,0.026,0.016,0.3,0.003
2022-10-25:10,13,4,0.017,0.024,0.4,0.003
2022-10-25:09,9,2,0.011,0.031,0.5,0.003
2022-10-25:08,15,3,0.005,0.035,0.4,0.002
2022-10-25:07,12,4,0.005,0.032,0.4,0.003
2022-10-25:06,11,6,0.015,0.021,0.3,0.003
2022-10-25:05,12,5,0.02,0.016,0.3,0.003
2022-10-25:04,16,4,0.019,0.016,0.3,0.003
2022-10-25:03,16,7,0.018,0.017,0.3,0.003
2022-10-25:02,24,9,0.02,0.017,0.3,0.003
2022-10-25:01,28,8,0.016,0.025,0.4,0.003
2022-10-24:24,27,9,0.022,0.02,0.4,0.003
2022-10-24:23,27,8,0.026,0.017,0.3,0.003
2022-10-24:22,26,9,0.032,0.013,0.3,0.003
2022-10-24:21,27,7,0.032,0.013,0.3,0.002
2022-10-24:20,28,8,0.03,0.015,0.4,0.003
2022-10-24:19,26,6,0.032,0.014,0.4,0.003
2022-10-24:18,23,7,0.035,0.014,0.4,0.003
2022-10-24:17,21,7,0.039,0.011,0.3,0.004
2022-10-24:16,21,4,0.039,0.009,0.3,0.003
2022-10-24:15,18,5,0.04,0.008,0.3,0.003
2022-10-24:14,20,8,0.039,0.007,0.3,0.003
2022-10-24:13,26,11,0.037,0.008,0.3,0.003
2022-10-24:12,37,18,0.032,0.01,0.4,0.003
2022-10-24:11,36,13,0.029,0.01,0.4,0.004
2022-10-24:10,35,13,0.024,0.013,0.4,0.004
2022-10-24:09,28,12,0.022,0.014,0.4,0.003
2022-10-24:08,26,11,0.019,0.016,0.4,0.003
2022-10-24:07,22,10,0.024,0.012,0.4,0.003
2022-10-24:06,24,11,0.027,0.011,0.3,0.002
2022-10-24:05,23,13,0.032,0.008,0.4,0.003
2022-10-24:04,21,8,0.035,0.007,0.3,0.002
2022-10-24:03,20,8,0.037,0.006,0.3,0.003
2022-10-24:02,19,5,0.036,0.009,0.3,0.003
2022-10-24:01,20,6,0.035,0.01,0.3,0.003
2022-10-23:24,25,7,0.035,0.01,0.3,0.003
2022-10-23:23,28,7,0.034,0.009,0.3,0.003
2022-10-23:22,27,6,0.031,0.011,0.3,0.003
2022-10-23:21,20,6,0.033,0.01,0.3,0.003
2022-10-23:20,21,3,0.035,0.009,0.3,0.003
2022-10-23:19,24,5,0.039,0.008,0.3,0.004
2022-10-23:18,22,7,0.037,0.008,0.3,0.003
2022-10-23:17,27,7,0.04,0.007,0.3,0.004
2022-10-23:16,31,10,0.04,0.009,0.3,0.004
2022-10-23:15,41,18,0.046,0.006,0.3,0.003
2022-10-23:14,42,23,0.047,0.005,0.4,0.003
2022-10-23:13,45,24,0.044,0.007,0.4,0.003
2022-10-23:12,42,25,0.039,0.008,0.5,0.003
2022-10-23:11,43,26,0.032,0.01,0.5,0.003
2022-10-23:10,41,27,0.029,0.009,0.5,0.003
2022-10-23:09,38,22,0.031,0.009,0.5,0.003
2022-10-23:08,42,24,0.031,0.01,0.4,0.003
2022-10-23:07,43,24,0.037,0.008,0.4,0.003
2022-10-23:06,43,25,0.04,0.007,0.4,0.003
2022-10-23:05,43,23,0.046,0.006,0.4,0.003
2022-10-23:04,44,24,0.051,0.006,0.4,0.003
2022-10-23:03,38,21,0.053,0.006,0.4,0.002
2022-10-23:02,30,13,0.051,0.007,0.4,0.003
2022-10-23:01,25,11,0.045,0.009,0.4,0.004
2022-10-22:24,25,8,0.045,0.009,0.3,0.003
2022-10-22:23,27,11,0.038,0.014,0.4,0.003
2022-10-22:22,22,11,0.032,0.019,0.4,0.003
2022-10-22:21,21,11,0.036,0.015,0.4,0.003
2022-10-22:20,22,8,0.039,0.015,0.4,0.004
2022-10-22:19,24,12,0.044,0.014,0.3,0.003
2022-10-22:18,29,15,0.049,0.016,0.3,0.003
2022-10-22:17,35,19,0.059,0.016,0.3,0.004
2022-10-22:16,30,14,0.057,0.022,0.4,0.004
2022-10-22:15,29,16,0.056,0.014,0.4,0.003
2022-10-22:14,21,11,0.053,0.016,0.4,0.004
2022-10-22:13,24,13,0.055,0.012,0.3,0.004
2022-10-22:12,38,24,0.052,0.018,0.4,0.005
2022-10-22:11,61,40,0.038,0.033,0.6,0.005
2022-10-22:10,65,46,0.02,0.042,0.7,0.005
2022-10-22:09,57,40,0.01,0.042,0.7,0.003
2022-10-22:08,53,34,0.005,0.042,0.7,0.004
2022-10-22:07,50,36,0.002,0.045,0.7,0.003
2022-10-22:06,51,35,0.002,0.047,0.7,0.004
2022-10-22:05,52,36,0.003,0.049,0.7,0.004
2022-10-22:04,50,35,0.005,0.05,0.7,0.003
2022-10-22:03,48,33,0.002,0.056,0.8,0.003
2022-10-22:02,48,33,0.004,0.057,0.7,0.003
2022-10-22:01,51,35,0.019,0.047,0.7,0.003
2022-10-21:24,60,38,0.043,0.028,0.6,0.003
2022-10-21:23,65,43,0.048,0.026,0.5,0.003
2022-10-21:22,63,45,0.039,0.035,0.6,0.004
2022-10-21:21,63,43,0.043,0.036,0.6,0.004
2022-10-21:20,63,41,0.047,0.037,0.7,0.004
2022-10-21:19,57,36,0.063,0.03,0.6,0.004
2022-10-21:18,47,27,0.061,0.031,0.5,0.005
2022-10-21:17,55,33,0.062,0.032,0.5,0.007
2022-10-21:16,60,36,0.076,0.037,0.6,0.006
2022-10-21:15,44,25,0.057,0.032,0.6,0.006
2022-10-21:14,40,23,0.047,0.029,0.5,0.005
2022-10-21:13,43,25,0.04,0.03,0.5,0.005
2022-10-21:12,52,29,0.034,0.036,0.6,0.005
2022-10-21:11,56,33,0.031,0.036,0.6,0.005
2022-10-21:10,50,28,0.011,0.044,0.8,0.004
2022-10-21:09,40,25,0.007,0.039,0.7,0.004
2022-10-21:08,37,21,0.003,0.039,0.7,0.003
2022-10-21:07,33,23,0.002,0.042,0.6,0.003
2022-10-21:06,35,24,0.005,0.04,0.6,0.003
2022-10-21:05,37,23,0.003,0.044,0.7,0.003
2022-10-21:04,37,20,0.003,0.049,0.6,0.003
2022-10-21:03,37,24,0.003,0.052,0.7,0.003
2022-10-21:02,39,24,0.005,0.048,0.7,0.003
2022-10-21:01,42,24,0.005,0.05,0.7,0.003
2022-10-20:24,43,26,0.028,0.03,0.6,0.003
2022-10-20:23,45,24,0.026,0.035,0.6,0.003
2022-10-20:22,46,24,0.032,0.032,0.6,0.003
2022-10-20:21,47,22,0.035,0.03,0.6,0.003
2022-10-20:20,51,26,0.031,0.036,0.6,0.004
2022-10-20:19,43,22,0.037,0.035,0.6,0.004
2022-10-20:18,36,17,0.053,0.02,0.5,0.004
2022-10-20:17,36,14,0.057,0.017,0.4,0.004
2022-10-20:16,31,11,0.052,0.018,0.4,0.004
2022-10-20:15,32,13,0.045,0.021,0.4,0.004
2022-10-20:14,38,18,0.038,0.025,0.5,0.004
2022-10-20:13,35,16,0.032,0.028,0.5,0.005
2022-10-20:12,41,16,0.026,0.029,0.5,0.004
2022-10-20:11,39,16,0.013,0.037,0.6,0.004
2022-10-20:10,33,12,0.009,0.037,0.6,0.003
2022-10-20:09,21,9,0.007,0.032,0.6,0.004
2022-10-20:08,24,9,0.003,0.033,0.6,0.004
2022-10-20:07,23,13,0.002,0.033,0.6,0.003
2022-10-20:06,26,13,0.002,0.033,0.6,0.003
2022-10-20:05,23,14,0.002,0.034,0.6,0.003
2022-10-20:04,26,13,0.002,0.036,0.6,0.003
2022-10-20:03,24,12,0.002,0.039,0.7,0.003
2022-10-20:02,28,13,0.002,0.041,0.7,0.004
2022-10-20:01,26,12,0.002,0.043,0.7,0.003
2022-10-19:24,24,12,0.003,0.045,0.6,0.003
2022-10-19:23,25,13,0.01,0.038,0.6,0.003
2022-10-19:22,31,15,0.013,0.035,0.5,0.003
2022-10-19:21,33,12,0.015,0.033,0.5,0.003
2022-10-19:20,31,17,0.018,0.031,0.5,0.004
2022-10-19:19,24,13,0.016,0.032,0.6,0.003
2022-10-19:18,22,12,0.033,0.017,0.4,0.003
2022-10-19:17,24,8,0.039,0.012,0.4,0.003
2022-10-19:16,27,10,0.044,0.01,0.4,0.003
2022-10-19:15,18,7,0.044,0.009,0.3,0.003
2022-10-19:14,18,7,0.041,0.009,0.3,0.003
2022-10-19:13,21,8,0.036,0.009,0.4,0.003
2022-10-19:12,27,10,0.031,0.01,0.4,0.004
2022-10-19:11,30,12,0.014,0.03,0.6,0.004
2022-10-19:10,25,8,0.01,0.028,0.5,0.003
2022-10-19:09,20,5,0.007,0.028,0.5,0.003
2022-10-19:08,20,7,0.003,0.03,0.5,0.003
2022-10-19:07,19,8,0.002,0.029,0.5,0.003
2022-10-19:06,20,7,0.004,0.028,0.5,0.003
2022-10-19:05,20,6,0.015,0.017,0.4,0.003
2022-10-19:04,19,7,0.019,0.014,0.4,0.003
2022-10-19:03,17,8,0.017,0.017,0.4,0.003
2022-10-19:02,23,6,0.023,0.012,0.4,0.003
2022-10-19:01,21,8,0.025,0.011,0.4,0.003
2022-10-18:24,20,6,0.021,0.015,0.4,0.003
2022-10-18:23,19,7,0.025,0.013,0.3,0.003
2022-10-18:22,23,7,0.025,0.014,0.4,0.003
2022-10-18:21,27,12,0.019,0.022,0.4,0.003
2022-10-18:20,25,15,0.019,0.024,0.5,0.003
2022-10-18:19,24,11,0.024,0.02,0.5,0.004
2022-10-18:18,18,9,0.032,0.012,0.4,0.003
2022-10-18:17,19,7,0.034,0.009,0.3,0.004
2022-10-18:16,15,4,0.034,0.008,0.3,0.003
2022-10-18:15,16,9,0.034,0.007,0.3,0.003
2022-10-18:14,16,10,0.038,0.007,0.3,0.003
2022-10-18:13,17,9,0.034,0.007,0.3,0.003
2022-10-18:12,18,8,0.028,0.008,0.3,0.003
2022-10-18:11,16,4,0.024,0.01,0.3,0.003
2022-10-18:10,16,6,0.023,0.009,0.3,0.003
2022-10-18:09,18,3,0.019,0.011,0.4,0.003
2022-10-18:08,22,9,0.01,0.018,0.4,0.003
2022-10-18:07,24,13,0.012,0.015,0.4,0.003
2022-10-18:06,26,11,0.018,0.008,0.4,0.003
2022-10-18:05,24,11,0.019,0.009,0.4,0.003
2022-10-18:04,25,11,0.021,0.009,0.4,0.003
2022-10-18:03,21,8,0.023,0.008,0.4,0.003
2022-10-18:02,21,8,0.022,0.009,0.4,0.002
2022-10-18:01,23,8,0.02,0.012,0.4,0.003
2022-10-17:24,23,6,0.021,0.012,0.4,0.003
2022-10-17:23,23,7,0.02,0.012,0.4,0.003
2022-10-17:22,25,5,0.023,0.012,0.4,0.003
2022-10-17:21,23,6,0.026,0.009,0.3,0.003
2022-10-17:20,23,7,0.026,0.01,0.4,0.003
2022-10-17:19,20,4,0.026,0.01,0.3,0.004
2022-10-17:18,21,5,0.028,0.009,0.3,0.003
2022-10-17:17,20,4,0.029,0.008,0.3,0.003
2022-10-17:16,20,2,0.029,0.007,0.3,0.003
2022-10-17:15,20,6,0.03,0.007,0.3,0.002
2022-10-17:14,21,1,0.029,0.006,0.3,0.003
2022-10-17:13,21,3,0.029,0.007,0.3,0.003
2022-10-17:12,21,3,0.027,0.007,0.3,0.004
2022-10-17:11,19,2,0.025,0.007,0.3,0.003
2022-10-17:10,17,1,0.021,0.009,0.3,0.003
2022-10-17:09,17,4,0.021,0.009,0.3,0.003
2022-10-17:08,19,5,0.018,0.011,0.3,0.003
2022-10-17:07,22,10,0.02,0.008,0.3,0.003
2022-10-17:06,24,6,0.022,0.006,0.3,0.003
2022-10-17:05,31,9,0.024,0.005,0.3,0.003
2022-10-17:04,37,19,0.028,0.005,0.4,0.003
2022-10-17:03,49,33,0.033,0.006,0.5,0.003
2022-10-17:02,52,35,0.035,0.007,0.5,0.003
2022-10-17:01,49,31,0.033,0.01,0.6,0.003
2022-10-16:24,47,31,0.022,0.018,0.6,0.003
2022-10-16:23,47,35,0.022,0.017,0.6,0.004
2022-10-16:22,43,33,0.025,0.017,0.6,0.003
2022-10-16:21,40,25,0.022,0.019,0.5,0.003
2022-10-16:20,38,24,0.019,0.024,0.5,0.004
2022-10-16:19,39,27,0.022,0.024,0.5,0.003
2022-10-16:18,43,29,0.027,0.025,0.6,0.004
2022-10-16:17,41,28,0.033,0.027,0.6,0.004
2022-10-16:16,39,27,0.035,0.021,0.5,0.004
2022-10-16:15,40,29,0.03,0.021,0.5,0.003
2022-10-16:14,40,26,0.023,0.026,0.5,0.004
2022-10-16:13,30,19,0.03,0.024,0.5,0.004
2022-10-16:12,23,12,0.026,0.02,0.5,0.004
2022-10-16:11,20,13,0.022,0.018,0.4,0.003
2022-10-16:10,19,12,0.014,0.02,0.4,0.004
2022-10-16:09,21,14,0.013,0.019,0.4,0.003
2022-10-16:08,25,13,0.006,0.024,0.5,0.003
2022-10-16:07,27,17,0.007,0.023,0.5,0.003
2022-10-16:06,27,18,0.006,0.022,0.5,0.003
2022-10-16:05,29,17,0.01,0.021,0.5,0.004
2022-10-16:04,27,19,0.007,0.027,0.5,0.003
2022-10-16:03,31,21,0.005,0.031,0.6,0.004
2022-10-16:02,29,19,0.008,0.031,0.6,0.003
2022-10-16:01,29,19,0.011,0.028,0.5,0.003
2022-10-15:24,31,21,0.009,0.036,0.6,0.003
2022-10-15:23,35,24,0.014,0.031,0.7,0.004
2022-10-15:22,37,26,0.011,0.034,0.7,0.003
2022-10-15:21,42,27,0.021,0.026,0.6,0.003
2022-10-15:20,39,27,0.026,0.025,0.6,0.003
2022-10-15:19,35,22,0.034,0.018,0.5,0.003
2022-10-15:18,29,13,0.041,0.017,0.4,0.003
2022-10-15:17,34,20,0.055,0.018,0.4,0.003
2022-10-15:16,31,17,0.07,0.019,0.4,0.004
2022-10-15:15,26,15,0.07,0.017,0.4,0.003
2022-10-15:14,29,17,0.066,0.017,0.4,0.004
2022-10-15:13,28,15,0.056,0.019,0.4,0.003
2022-10-15:12,28,14,0.044,0.018,0.4,0.004
2022-10-15:11,23,12,0.024,0.019,0.4,0.003
2022-10-15:10,25,15,0.015,0.02,0.4,0.003
2022-10-15:09,25,14,0.007,0.024,0.5,0.004
2022-10-15:08,26,17,0.005,0.024,0.5,0.003
2022-10-15:07,29,17,0.003,0.026,0.5,0.003
2022-10-15:06,27,16,0.005,0.026,0.5,0.003
2022-10-15:05,26,18,0.007,0.027,0.5,0.003
2022-10-15:04,27,18,0.006,0.028,0.5,0.003
2022-10-15:03,26,17,0.009,0.028,0.5,0.003
2022-10-15:02,29,17,0.01,0.029,0.5,0.003
2022-10-15:01,31,19,0.005,0.039,0.6,0.004
2022-10-14:24,32,19,0.009,0.039,0.6,0.004
2022-10-14:23,32,20,0.011,0.038,0.6,0.004
2022-10-14:22,30,19,0.019,0.03,0.5,0.004
2022-10-14:21,37,24,0.022,0.031,0.6,0.004
2022-10-14:20,37,25,0.023,0.035,0.6,0.003
2022-10-14:19,34,21,0.037,0.028,0.5,0.003
2022-10-14:18,36,17,0.046,0.025,0.5,0.003
2022-10-14:17,26,12,0.042,0.02,0.4,0.004
2022-10-14:16,25,10,0.037,0.021,0.4,0.003
2022-10-14:15,22,13,0.037,0.018,0.4,0.003
2022-10-14:14,,,0.028,0.02,0.4,0.003
2022-10-14:13,,,,,,
2022-10-14:12,21,10,0.02,0.025,0.4,0.004
2022-10-14:11,23,10,0.013,0.026,0.5,0.004
2022-10-14:10,20,8,0.008,0.031,0.6,0.004
2022-10-14:09,16,9,0.007,0.029,0.5,0.004
2022-10-14:08,19,11,0.004,0.03,0.5,0.003
2022-10-14:07,21,11,0.002,0.031,0.5,0.003
2022-10-14:06,20,13,0.002,0.031,0.5,0.003
2022-10-14:05,22,14,0.002,0.034,0.5,0.003
2022-10-14:04,22,14,0.003,0.034,0.5,0.003
2022-10-14:03,23,16,0.005,0.033,0.5,0.003
2022-10-14:02,28,18,0.002,0.043,0.6,0.004
2022-10-14:01,27,15,0.002,0.046,0.7,0.003
2022-10-13:24,27,16,0.002,0.048,0.7,0.003
2022-10-13:23,26,18,0.004,0.049,0.7,0.003
2022-10-13:22,29,16,0.004,0.053,0.7,0.003
2022-10-13:21,24,14,0.012,0.047,0.7,0.003
2022-10-13:20,30,21,0.01,0.048,0.7,0.003
2022-10-13:19,24,13,0.02,0.039,0.7,0.003
2022-10-13:18,22,10,0.042,0.021,0.5,0.002
2022-10-13:17,18,7,0.048,0.016,0.4,0.003
2022-10-13:16,13,4,0.051,0.012,0.3,0.002
2022-10-13:15,18,5,0.049,0.01,0.3,0.003
2022-10-13:14,14,5,0.043,0.013,0.4,0.003
2022-10-13:13,13,8,0.04,0.014,0.4,0.003
2022-10-13:12,18,4,0.032,0.019,0.4,0.003
2022-10-13:11,21,7,0.019,0.025,0.5,0.004
2022-10-13:10,18,6,0.013,0.024,0.4,0.004
2022-10-13:09,15,6,0.008,0.027,0.5,0.004
2022-10-13:08,17,11,0.003,0.03,0.6,0.004
2022-10-13:07,17,9,0.002,0.033,0.6,0.003
2022-10-13:06,14,9,0.002,0.032,0.6,0.003
2022-10-13:05,18,11,0.002,0.032,0.6,0.003
2022-10-13:04,18,10,0.002,0.033,0.6,0.003
2022-10-13:03,18,10,0.002,0.032,0.5,0.004
2022-10-13:02,21,14,0.002,0.038,0.6,0.003
2022-10-13:01,20,12,0.002,0.041,0.7,0.004
2022-10-12:24,22,14,0.002,0.043,0.7,0.003
2022-10-12:23,25,14,0.002,0.047,0.8,0.003
2022-10-12:22,22,13,0.002,0.049,0.8,0.003
2022-10-12:21,31,20,0.003,0.049,0.8,0.003
2022-10-12:20,33,26,0.003,0.052,0.9,0.003
2022-10-12:19,25,16,0.015,0.044,0.7,0.003
2022-10-12:18,21,12,0.04,0.025,0.5,0.003
2022-10-12:17,18,10,0.049,0.018,0.4,0.003
2022-10-12:16,20,11,0.049,0.016,0.4,0.004
2022-10-12:15,19,11,0.039,0.016,0.4,0.004
2022-10-12:14,20,11,0.036,0.015,0.4,0.002
2022-10-12:13,19,8,0.033,0.013,0.4,0.003
2022-10-12:12,20,9,0.027,0.015,0.4,0.003
2022-10-12:11,24,10,0.017,0.019,0.4,0.003
2022-10-12:10,23,11,0.013,0.021,0.4,0.003
2022-10-12:09,21,11,0.009,0.025,0.5,0.003
2022-10-12:08,19,13,0.003,0.028,0.6,0.003
2022-10-12:07,20,14,0.003,0.027,0.5,0.003
2022-10-12:06,20,13,0.002,0.028,0.5,0.003
2022-10-12:05,20,12,0.002,0.029,0.5,0.003
2022-10-12:04,19,11,0.006,0.029,0.5,0.003
2022-10-12:03,19,12,0.002,0.033,0.5,0.003
2022-10-12:02,18,9,0.004,0.036,0.6,0.003
2022-10-12:01,20,8,0.004,0.036,0.6,0.002
2022-10-11:24,18,11,0.01,0.032,0.5,0.003
2022-10-11:23,20,10,0.02,0.025,0.5,0.003
2022-10-11:22,22,10,0.026,0.019,0.4,0.002
2022-10-11:21,24,10,0.026,0.02,0.5,0.003
2022-10-11:20,20,13,0.029,0.019,0.5,0.003
2022-10-11:19,18,13,0.031,0.017,0.5,0.003
2022-10-11:18,19,11,0.035,0.014,0.4,0.003
2022-10-11:17,22,12,0.037,0.01,0.4,0.003
2022-10-11:16,20,14,0.038,0.009,0.3,0.003
2022-10-11:15,24,10,0.038,0.009,0.3,0.003
2022-10-11:14,18,10,0.036,0.01,0.3,0.003
2022-10-11:13,17,9,0.032,0.009,0.4,0.003
2022-10-11:12,15,10,0.028,0.009,0.3,0.002
2022-10-11:11,15,9,0.026,0.009,0.3,0.002
2022-10-11:10,13,7,0.026,0.006,0.3,0.003
2022-10-11:09,11,3,0.023,0.008,0.3,0.002
2022-10-11:08,11,4,0.018,0.011,0.3,0.002
2022-10-11:07,10,5,0.017,0.011,0.4,0.002
2022-10-11:06,5,2,0.018,0.008,0.3,0.002
2022-10-11:05,5,1,0.019,0.007,0.3,0.003
2022-10-11:04,4,1,0.019,0.006,0.3,0.002
2022-10-11:03,6,1,0.019,0.007,0.3,0.002
2022-10-11:02,6,2,0.019,0.007,0.3,0.002
2022-10-11:01,7,2,0.021,0.006,0.3,0.003
2022-10-10:24,5,2,0.024,0.007,0.3,0.003
2022-10-10:23,7,2,0.025,0.008,0.3,0.003
2022-10-10:22,3,1,0.026,0.009,0.3,0.002
2022-10-10:21,3,1,0.026,0.009,0.3,0.002
2022-10-10:20,4,1,0.028,0.008,0.3,0.002
2022-10-10:19,7,1,0.03,0.007,0.3,0.002
2022-10-10:18,8,3,0.032,0.006,0.3,0.002
2022-10-10:17,10,3,0.031,0.01,0.3,0.003
2022-10-10:16,10,3,0.034,0.008,0.3,0.002
2022-10-10:15,10,5,0.036,0.007,0.3,0.003
2022-10-10:14,10,5,0.033,0.009,0.3,0.002
2022-10-10:13,8,3,0.034,0.006,0.3,0.002
2022-10-10:12,10,4,0.035,0.006,0.3,0.002
2022-10-10:11,3,1,0.032,0.005,0.3,0.003
2022-10-10:10,7,1,0.03,0.006,0.3,0.002
2022-10-10:09,7,1,0.029,0.005,0.3,0.003
2022-10-10:08,7,1,0.027,0.006,0.3,0.002
2022-10-10:07,6,1,0.026,0.007,0.3,0.003
2022-10-10:06,9,1,0.027,0.007,0.3,0.003
2022-10-10:05,8,1,0.03,0.005,0.3,0.003
2022-10-10:04,7,1,0.031,0.005,0.3,0.003
2022-10-10:03,11,1,0.032,0.005,0.3,0.003
2022-10-10:02,9,1,0.036,0.006,0.3,0.003
2022-10-10:01,8,7,0.024,0.018,0.4,0.003
2022-10-09:24,8,4,0.025,0.018,0.4,0.003
2022-10-09:23,5,2,0.03,0.015,0.4,0.003
2022-10-09:22,3,1,0.032,0.013,0.4,0.002
2022-10-09:21,3,2,0.037,0.009,0.3,0.003
2022-10-09:20,8,4,0.038,0.008,0.3,0.002
2022-10-09:19,6,4,0.024,0.016,0.3,0.003
2022-10-09:18,6,2,0.022,0.017,0.3,0.002
2022-10-09:17,8,2,0.019,0.019,0.4,0.002
2022-10-09:16,6,3,0.021,0.018,0.3,0.002
2022-10-09:15,6,2,0.023,0.017,0.4,0.002
2022-10-09:14,6,4,0.028,0.014,0.3,0.002
2022-10-09:13,7,3,0.029,0.013,0.3,0.003
2022-10-09:12,10,5,0.029,0.012,0.3,0.003
2022-10-09:11,8,1,0.025,0.015,0.4,0.003
2022-10-09:10,8,3,0.028,0.012,0.3,0.003
2022-10-09:09,8,1,0.026,0.013,0.3,0.003
2022-10-09:08,10,2,0.025,0.012,0.3,0.002
2022-10-09:07,11,3,0.026,0.011,0.3,0.002
2022-10-09:06,7,1,0.029,0.009,0.3,0.002
2022-10-09:05,8,1,0.032,0.008,0.3,0.003
2022-10-09:04,8,2,0.032,0.008,0.3,0.003
2022-10-09:03,8,4,0.033,0.007,0.3,0.002
2022-10-09:02,9,3,0.03,0.009,0.3,0.002
2022-10-09:01,9,5,0.028,0.01,0.3,0.003
2022-10-08:24,11,5,0.021,0.017,0.4,0.002
2022-10-08:23,11,9,0.019,0.019,0.4,0.003
2022-10-08:22,17,11,0.016,0.026,0.4,0.003
2022-10-08:21,16,9,0.011,0.035,0.5,0.003
2022-10-08:20,12,7,0.019,0.028,0.4,0.002
2022-10-08:19,16,12,0.036,0.017,0.4,0.003
2022-10-08:18,7,4,0.042,0.012,0.3,0.002
2022-10-08:17,9,4,0.045,0.008,0.3,0.003
2022-10-08:16,9,3,0.045,0.007,0.3,0.003
2022-10-08:15,8,3,0.044,0.007,0.3,0.003
2022-10-08:14,8,2,0.041,0.007,0.3,0.003
2022-10-08:13,7,1,0.036,0.009,0.3,0.003
2022-10-08:12,4,1,0.029,0.011,0.3,0.003
2022-10-08:11,4,2,0.029,0.01,0.3,0.003
2022-10-08:10,4,1,0.024,0.013,0.3,0.002
2022-10-08:09,3,1,0.019,0.017,0.3,0.002
2022-10-08:08,3,1,0.009,0.025,0.4,0.003
2022-10-08:07,4,2,0.014,0.019,0.3,0.002
2022-10-08:06,3,1,0.017,0.016,0.3,0.002
2022-10-08:05,3,1,0.025,0.01,0.3,0.002
2022-10-08:04,6,4,0.023,0.012,0.3,0.003
2022-10-08:03,5,1,0.021,0.014,0.3,0.003
2022-10-08:02,4,3,0.022,0.014,0.3,0.002
2022-10-08:01,6,5,0.02,0.014,0.3,0.002
2022-10-07:24,11,4,0.019,0.017,0.3,0.002
2022-10-07:23,15,8,0.016,0.024,0.4,0.003
2022-10-07:22,18,9,0.017,0.023,0.4,0.003
2022-10-07:21,16,11,0.022,0.019,0.4,0.003
2022-10-07:20,16,11,0.029,0.013,0.4,0.002
2022-10-07:19,17,9,0.028,0.012,0.4,0.003
2022-10-07:18,11,3,0.032,0.009,0.4,0.003
2022-10-07:17,10,4,0.034,0.007,0.3,0.003
2022-10-07:16,9,4,0.035,0.007,0.3,0.004
2022-10-07:15,9,3,0.033,0.006,0.3,0.003
2022-10-07:14,9,2,0.03,0.006,0.3,0.002
2022-10-07:13,12,6,0.026,0.009,0.3,0.003
2022-10-07:12,11,4,0.025,0.009,0.3,0.004
2022-10-07:11,6,4,0.025,0.008,0.3,0.003
2022-10-07:10,8,2,0.022,0.01,0.3,0.003
2022-10-07:09,3,1,0.019,0.012,0.3,0.002
2022-10-07:08,3,1,0.017,0.012,0.3,0.003
2022-10-07:07,3,1,0.016,0.014,0.3,0.003
2022-10-07:06,3,1,0.019,0.009,0.3,0.002
2022-10-07:05,3,2,0.015,0.008,0.3,0.003
2022-10-07:04,4,2,0.014,0.008,0.3,0.003
2022-10-07:03,6,2,0.015,0.01,0.3,0.003
2022-10-07:02,4,1,0.019,0.009,0.3,0.002
2022-10-07:01,5,1,0.017,0.011,0.3,0.003
2022-10-06:24,6,1,0.013,0.015,0.3,0.003
2022-10-06:23,5,1,0.013,0.017,0.3,0.003
2022-10-06:22,3,1,0.02,0.013,0.3,0.002
2022-10-06:21,8,3,0.022,0.012,0.3,0.003
2022-10-06:20,9,1,0.019,0.016,0.4,0.002
2022-10-06:19,9,3,0.019,0.016,0.4,0.003
2022-10-06:18,8,2,0.021,0.015,0.4,0.003
2022-10-06:17,7,3,0.025,0.013,0.3,0.003
2022-10-06:16,7,1,0.026,0.012,0.3,0.003
2022-10-06:15,5,2,0.027,0.01,0.3,0.003
2022-10-06:14,7,1,0.027,0.009,0.3,0.003
2022-10-06:13,11,3,0.024,0.01,0.3,0.003
2022-10-06:12,10,1,0.018,0.012,0.3,0.003
2022-10-06:11,10,2,0.015,0.014,0.3,0.003
2022-10-06:10,7,3,0.01,0.017,0.4,0.003
2022-10-06:09,5,1,0.008,0.018,0.4,0.003
2022-10-06:08,3,1,0.007,0.018,0.4,0.003
2022-10-06:07,5,2,0.007,0.017,0.3,0.003
2022-10-06:06,4,2,0.01,0.012,0.3,0.003
2022-10-06:05,3,1,0.014,0.009,0.3,0.004
2022-10-06:04,4,1,0.014,0.008,0.3,0.003
2022-10-06:03,3,1,0.014,0.01,0.3,0.003
2022-10-06:02,4,1,0.012,0.012,0.3,0.003
2022-10-06:01,3,3,0.013,0.011,0.3,0.003
2022-10-05:24,5,1,0.011,0.013,0.3,0.003
2022-10-05:23,5,3,0.012,0.013,0.3,0.003
2022-10-05:22,5,1,0.013,0.013,0.3,0.003
2022-10-05:21,10,6,0.016,0.012,0.3,0.003
2022-10-05:20,27,17,0.021,0.017,0.4,0.003
2022-10-05:19,32,20,0.039,0.023,0.5,0.004
2022-10-05:18,24,16,0.035,0.023,0.5,0.003
2022-10-05:17,19,8,0.034,0.02,0.4,0.003
2022-10-05:16,16,8,0.03,0.017,0.4,0.003
2022-10-05:15,10,3,0.03,0.014,0.4,0.003
2022-10-05:14,17,8,0.025,0.014,0.4,0.003
2022-10-05:13,13,2,0.022,0.013,0.4,0.004
2022-10-05:12,15,5,0.016,0.014,0.4,0.004
2022-10-05:11,16,7,0.013,0.014,0.4,0.003
2022-10-05:10,22,9,0.009,0.019,0.4,0.003
2022-10-05:09,17,6,0.008,0.019,0.4,0.003
2022-10-05:08,3,1,0.008,0.017,0.3,0.002
2022-10-05:07,3,1,0.014,0.011,0.3,0.003
2022-10-05:06,3,1,0.017,0.007,0.2,0.003
2022-10-05:05,3,1,0.019,0.006,0.2,0.002
2022-10-05:04,3,1,0.021,0.006,0.3,0.003
2022-10-05:03,11,5,0.019,0.007,0.3,0.002
2022-10-05:02,17,9,0.018,0.008,0.3,0.003
2022-10-05:01,20,5,0.02,0.008,0.3,0.003
2022-10-04:24,17,7,0.019,0.009,0.3,0.003
2022-10-04:23,16,9,0.02,0.009,0.3,0.003
2022-10-04:22,15,7,0.022,0.009,0.4,0.003
2022-10-04:21,18,9,0.022,0.009,0.3,0.003
2022-10-04:20,16,10,0.023,0.008,0.4,0.003
2022-10-04:19,23,9,0.019,0.013,0.5,0.003
2022-10-04:18,18,8,0.021,0.01,0.4,0.003
2022-10-04:17,15,9,0.023,0.012,0.4,0.003
2022-10-04:16,9,7,0.024,0.012,0.4,0.003
2022-10-04:15,18,12,0.024,0.012,0.4,0.003
2022-10-04:14,18,10,0.02,0.011,0.4,0.003
2022-10-04:13,17,7,0.016,0.01,0.4,0.002
2022-10-04:12,16,6,0.013,0.009,0.4,0.003
2022-10-04:11,17,9,0.011,0.01,0.4,0.002
2022-10-04:10,18,5,0.011,0.01,0.4,0.003
2022-10-04:09,16,6,0.009,0.013,0.5,0.003
2022-10-04:08,11,3,0.014,0.008,0.4,0.003
2022-10-04:07,7,1,0.02,0.008,0.5,0.003
2022-10-04:06,6,1,0.029,0.008,0.4,0.003
2022-10-04:05,3,1,0.035,0.004,0.3,0.003
2022-10-04:04,3,1,0.034,0.004,0.3,0.003
2022-10-04:03,3,1,0.034,0.006,0.3,0.003
2022-10-04:02,8,1,0.033,0.005,0.3,0.003
2022-10-04:01,7,1,0.028,0.007,0.3,0.003
2022-10-03:24,6,3,0.026,0.007,0.3,0.003
2022-10-03:23,10,6,0.026,0.006,0.3,0.002
2022-10-03:22,11,8,0.022,0.006,0.3,0.003
2022-10-03:21,20,14,0.017,0.009,0.3,0.002
2022-10-03:20,17,11,0.017,0.01,0.4,0.003
2022-10-03:19,22,14,0.021,0.007,0.3,0.003
2022-10-03:18,20,13,0.021,0.008,0.3,0.003
2022-10-03:17,18,11,0.023,0.007,0.3,0.003
2022-10-03:16,14,7,0.025,0.009,0.3,0.003
2022-10-03:15,15,8,0.021,0.011,0.3,0.003
2022-10-03:14,13,6,0.02,0.011,0.3,0.003
2022-10-03:13,12,8,0.015,0.019,0.5,0.003
2022-10-03:12,10,4,0.004,0.033,1,0.003
2022-10-03:11,7,3,0.008,0.028,0.7,0.003
2022-10-03:10,9,4,0.009,0.027,0.6,0.002
2022-10-03:09,10,3,0.01,0.026,0.5,0.002
2022-10-03:08,9,3,0.014,0.021,0.5,0.003
2022-10-03:07,10,5,0.02,0.016,0.4,0.002
2022-10-03:06,13,7,0.025,0.013,0.4,0.002
2022-10-03:05,14,11,0.027,0.012,0.4,0.003
2022-10-03:04,17,11,0.029,0.011,0.4,0.003
2022-10-03:03,19,13,0.03,0.012,0.4,0.003
2022-10-03:02,17,12,0.031,0.013,0.4,0.003
2022-10-03:01,17,13,0.034,0.013,0.4,0.003
2022-10-02:24,17,12,0.037,0.013,0.4,0.003
2022-10-02:23,17,14,0.039,0.013,0.4,0.003
2022-10-02:22,16,13,0.041,0.013,0.4,0.003
2022-10-02:21,16,12,0.038,0.013,0.4,0.002
2022-10-02:20,21,16,0.035,0.016,0.4,0.003
2022-10-02:19,23,18,0.028,0.023,0.5,0.003
2022-10-02:18,19,14,0.025,0.024,0.5,0.003
2022-10-02:17,19,11,0.035,0.015,0.4,0.003
2022-10-02:16,14,10,0.033,0.013,0.4,0.003
2022-10-02:15,21,14,0.035,0.012,0.4,0.003
2022-10-02:14,21,16,0.037,0.014,0.4,0.003
2022-10-02:13,19,13,0.038,0.012,0.4,0.003
2022-10-02:12,22,12,0.037,0.012,0.4,0.003
2022-10-02:11,26,19,0.037,0.015,0.4,0.003
2022-10-02:10,32,20,0.031,0.02,0.5,0.004
2022-10-02:09,34,25,0.032,0.019,0.5,0.004
2022-10-02:08,37,29,0.022,0.025,0.6,0.003
2022-10-02:07,32,24,0.038,0.018,0.5,0.003
2022-10-02:06,32,25,0.049,0.013,0.5,0.004
2022-10-02:05,36,29,0.05,0.013,0.5,0.004
2022-10-02:04,38,29,0.048,0.015,0.5,0.003
2022-10-02:03,42,30,0.048,0.019,0.5,0.003
2022-10-02:02,46,35,0.032,0.025,0.6,0.004
2022-10-02:01,47,38,0.028,0.033,0.7,0.004
2022-10-01:24,47,38,0.025,0.041,0.7,0.004
2022-10-01:23,50,40,0.032,0.04,0.7,0.004
2022-10-01:22,53,40,0.049,0.036,0.7,0.003
2022-10-01:21,52,38,0.068,0.027,0.6,0.004
2022-10-01:20,54,38,0.069,0.028,0.6,0.004
2022-10-01:19,64,49,0.08,0.03,0.6,0.004
2022-10-01:18,48,34,0.095,0.03,0.7,0.005
2022-10-01:17,32,22,0.085,0.021,0.5,0.005
2022-10-01:16,32,20,0.079,0.018,0.4,0.004
2022-10-01:15,38,26,0.086,0.025,0.5,0.004
2022-10-01:14,40,31,0.088,0.024,0.5,0.004
2022-10-01:13,51,35,0.085,0.029,0.6,0.004
2022-10-01:12,52,34,0.069,0.033,0.7,0.004
2022-10-01:11,44,30,0.063,0.023,0.6,0.004
2022-10-01:10,34,23,0.044,0.024,0.5,0.003
2022-10-01:09,36,21,0.029,0.026,0.5,0.003
2022-10-01:08,36,28,0.017,0.03,0.5,0.003
2022-10-01:07,35,30,0.016,0.03,0.6,0.003
2022-10-01:06,37,27,0.016,0.028,0.6,0.003
2022-10-01:05,37,30,0.013,0.033,0.6,0.004
2022-10-01:04,39,30,0.012,0.036,0.6,0.004
2022-10-01:03,40,32,0.013,0.04,0.7,0.004
2022-10-01:02,45,31,0.01,0.048,0.7,0.004
2022-10-01:01,45,34,0.01,0.051,0.7,0.003
2022-09-30:24,45,35,0.017,0.045,0.7,0.003
2022-09-30:23,41,31,0.029,0.036,0.7,0.003
2022-09-30:22,43,33,0.049,0.019,0.6,0.003
2022-09-30:21,52,36,0.047,0.023,0.6,0.004
2022-09-30:20,66,48,0.061,0.029,0.7,0.004
2022-09-30:19,55,36,0.085,0.033,0.7,0.004
2022-09-30:18,42,29,0.096,0.028,0.7,0.004
2022-09-30:17,45,27,0.107,0.021,0.5,0.003
2022-09-30:16,46,29,0.094,0.024,0.5,0.004
2022-09-30:15,52,36,0.095,0.027,0.6,0.003
2022-09-30:14,53,39,0.105,0.03,0.7,0.004
2022-09-30:13,51,36,0.094,0.031,0.7,0.004
2022-09-30:12,47,32,0.068,0.033,0.7,0.004
2022-09-30:11,40,27,0.042,0.034,0.6,0.004
2022-09-30:10,35,23,0.033,0.029,0.6,0.005
2022-09-30:09,33,23,0.02,0.03,0.6,0.004
2022-09-30:08,38,27,0.011,0.03,0.6,0.004
2022-09-30:07,37,28,0.005,0.033,0.6,0.003
2022-09-30:06,40,29,0.011,0.029,0.6,0.004
2022-09-30:05,37,29,0.019,0.024,0.6,0.004
2022-09-30:04,38,30,0.021,0.026,0.6,0.003
2022-09-30:03,41,31,0.015,0.033,0.6,0.003
2022-09-30:02,46,34,0.014,0.039,0.7,0.004
2022-09-30:01,45,36,0.017,0.041,0.7,0.004
2022-09-29:24,44,36,0.023,0.038,0.7,0.004
2022-09-29:23,43,34,0.031,0.033,0.6,0.003
2022-09-29:22,48,37,0.044,0.024,0.6,0.004
2022-09-29:21,51,39,0.049,0.022,0.6,0.004
2022-09-29:20,50,34,0.06,0.019,0.6,0.003
2022-09-29:19,63,42,0.073,0.021,0.5,0.004
2022-09-29:18,56,41,0.11,0.025,0.6,0.004
2022-09-29:17,48,33,0.113,0.02,0.5,0.004
2022-09-29:16,49,30,0.104,0.017,0.5,0.004
2022-09-29:15,47,34,0.095,0.021,0.6,0.004
2022-09-29:14,58,37,0.075,0.03,0.7,0.005
2022-09-29:13,71,48,0.057,0.042,0.8,0.004
2022-09-29:12,66,46,0.041,0.044,0.8,0.005
2022-09-29:11,69,49,0.032,0.042,0.8,0.004
2022-09-29:10,70,50,0.025,0.037,0.8,0.003
2022-09-29:09,51,35,0.017,0.034,0.8,0.004
2022-09-29:08,41,27,0.006,0.035,0.7,0.004
2022-09-29:07,38,26,0.003,0.036,0.7,0.004
2022-09-29:06,38,25,0.003,0.037,0.7,0.003
2022-09-29:05,36,25,0.006,0.037,0.6,0.003
2022-09-29:04,36,25,0.004,0.042,0.7,0.004
2022-09-29:03,50,39,0.007,0.042,0.7,0.004
2022-09-29:02,73,55,0.049,0.023,0.7,0.004
2022-09-29:01,78,56,0.065,0.018,0.7,0.004
2022-09-28:24,75,53,0.06,0.023,0.7,0.005
2022-09-28:23,68,42,0.048,0.032,0.7,0.004
2022-09-28:22,58,37,0.03,0.046,0.8,0.004
2022-09-28:21,56,36,0.047,0.038,0.7,0.004
2022-09-28:20,59,33,0.059,0.036,0.6,0.004
2022-09-28:19,49,30,0.069,0.035,0.6,0.004
2022-09-28:18,30,17,0.047,0.037,0.5,0.004
2022-09-28:17,25,9,0.05,0.029,0.5,0.004
2022-09-28:16,22,9,0.043,0.024,0.4,0.003
2022-09-28:15,21,10,0.039,0.023,0.4,0.003
2022-09-28:14,23,7,0.033,0.027,0.5,0.004
2022-09-28:13,30,10,0.024,0.031,0.5,0.004
2022-09-28:12,23,10,0.016,0.032,0.5,0.004
2022-09-28:11,20,7,0.014,0.028,0.5,0.004
2022-09-28:10,20,6,0.012,0.029,0.5,0.003
2022-09-28:09,16,7,0.012,0.028,0.4,0.003
2022-09-28:08,15,9,0.013,0.025,0.4,0.003
2022-09-28:07,16,10,0.009,0.028,0.4,0.002
2022-09-28:06,14,9,0.015,0.021,0.4,0.003
2022-09-28:05,19,12,0.014,0.023,0.4,0.003
2022-09-28:04,20,13,0.006,0.038,0.5,0.003
2022-09-28:03,21,12,0.015,0.032,0.5,0.003
2022-09-28:02,23,14,0.004,0.045,0.6,0.003
2022-09-28:01,26,16,0.004,0.049,0.6,0.004
2022-09-27:24,29,18,0.003,0.056,0.8,0.003
2022-09-27:23,30,19,0.003,0.058,0.8,0.003
2022-09-27:22,26,19,0.004,0.06,0.7,0.003
2022-09-27:21,30,22,0.012,0.055,0.7,0.003
2022-09-27:20,29,23,0.024,0.046,0.6,0.004
2022-09-27:19,22,9,0.035,0.036,0.6,0.004
2022-09-27:18,15,5,0.056,0.016,0.4,0.003
2022-09-27:17,19,4,0.061,0.016,0.4,0.004
2022-09-27:16,,,,,,
2022-09-27:15,,,,,,
2022-09-27:14,,,,,,
2022-09-27:13,,,,,,
2022-09-27:12,,,,,,
2022-09-27:11,,,,,,
2022-09-27:10,,,,,,
2022-09-27:09,,,,,,
2022-09-27:08,,,,,,
2022-09-27:07,,,,,,
2022-09-27:06,,,,,,
2022-09-27:05,,,,,,
2022-09-27:04,,,,,,
2022-09-27:03,,,,,,
2022-09-27:02,,,,,,
2022-09-27:01,,,,,,
2022-09-26:24,,,,,,
2022-09-26:23,,,,,,
2022-09-26:22,,,,,,
2022-09-26:21,,,,,,
2022-09-26:20,,,,,,
2022-09-26:19,,,,,,
2022-09-26:18,,,,,,
2022-09-26:17,,,,,,
2022-09-26:16,,,,,,
2022-09-26:15,,,,,,
2022-09-26:14,,,,,,
2022-09-26:13,20,10,0.052,0.014,0.4,0.003
2022-09-26:12,22,11,0.043,0.017,0.4,0.003
2022-09-26:11,24,9,0.022,0.029,0.5,0.003
2022-09-26:10,24,9,0.011,0.03,0.5,0.003
2022-09-26:09,18,10,0.009,0.027,0.5,0.003
2022-09-26:08,19,14,0.008,0.026,0.4,0.003
2022-09-26:07,18,13,0.004,0.027,0.4,0.003
2022-09-26:06,21,15,0.005,0.025,0.4,0.002
2022-09-26:05,20,13,0.008,0.025,0.4,0.003
2022-09-26:04,19,13,0.009,0.025,0.5,0.003
2022-09-26:03,24,17,0.011,0.025,0.5,0.002
2022-09-26:02,21,16,0.005,0.035,0.5,0.003
2022-09-26:01,24,14,0.008,0.035,0.5,0.002
2022-09-25:24,21,16,0.011,0.033,0.5,0.003
2022-09-25:23,21,16,0.016,0.03,0.5,0.003
2022-09-25:22,25,16,0.022,0.029,0.5,0.003
2022-09-25:21,20,13,0.029,0.026,0.4,0.002
2022-09-25:20,23,13,0.051,0.01,0.3,0.003
2022-09-25:19,23,16,0.057,0.009,0.3,0.002
2022-09-25:18,21,12,0.062,0.008,0.3,0.003
2022-09-25:17,22,12,0.07,0.01,0.3,0.003
2022-09-25:16,22,13,0.068,0.01,0.4,0.003
2022-09-25:15,21,13,0.062,0.01,0.3,0.003
2022-09-25:14,19,9,0.055,0.011,0.4,0.003
2022-09-25:13,20,10,0.048,0.01,0.4,0.004
2022-09-25:12,20,10,0.039,0.014,0.4,0.004
2022-09-25:11,18,7,0.03,0.015,0.4,0.003
2022-09-25:10,17,8,0.024,0.014,0.4,0.003
2022-09-25:09,16,7,0.021,0.013,0.4,0.003
2022-09-25:08,18,8,0.02,0.014,0.3,0.003
2022-09-25:07,19,7,0.024,0.012,0.3,0.003
2022-09-25:06,21,11,0.023,0.013,0.3,0.003
2022-09-25:05,21,12,0.014,0.019,0.4,0.003
2022-09-25:04,23,13,0.015,0.021,0.4,0.003
2022-09-25:03,23,8,0.018,0.019,0.4,0.003
2022-09-25:02,21,10,0.025,0.017,0.4,0.003
2022-09-25:01,24,11,0.032,0.017,0.4,0.003
2022-09-24:24,25,10,0.037,0.016,0.4,0.004
2022-09-24:23,27,13,0.038,0.015,0.4,0.003
2022-09-24:22,24,11,0.039,0.015,0.4,0.003
2022-09-24:21,25,13,0.039,0.016,0.4,0.003
2022-09-24:20,25,12,0.038,0.017,0.4,0.003
2022-09-24:19,24,14,0.039,0.014,0.4,0.003
2022-09-24:18,21,9,0.044,0.008,0.3,0.002
2022-09-24:17,19,8,0.046,0.006,0.3,0.003
2022-09-24:16,19,8,0.046,0.006,0.3,0.003
2022-09-24:15,18,5,0.047,0.005,0.3,0.002
2022-09-24:14,17,6,0.046,0.005,0.3,0.003
2022-09-24:13,21,4,0.045,0.006,0.3,0.004
2022-09-24:12,19,9,0.044,0.006,0.3,0.003
2022-09-24:11,15,5,0.039,0.006,0.3,0.003
2022-09-24:10,15,6,0.03,0.011,0.3,0.003
2022-09-24:09,15,4,0.017,0.021,0.4,0.003
2022-09-24:08,14,6,0.015,0.02,0.4,0.003
2022-09-24:07,13,9,0.02,0.014,0.3,0.003
2022-09-24:06,15,8,0.027,0.009,0.3,0.002
2022-09-24:05,14,10,0.029,0.007,0.3,0.002
2022-09-24:04,14,10,0.03,0.006,0.3,0.003
2022-09-24:03,12,7,0.029,0.007,0.3,0.003
2022-09-24:02,13,6,0.029,0.008,0.3,0.003
2022-09-24:01,12,7,0.027,0.012,0.3,0.002
2022-09-23:24,16,11,0.027,0.013,0.3,0.003
2022-09-23:23,15,9,0.027,0.015,0.3,0.003
2022-09-23:22,20,5,0.029,0.015,0.3,0.003
2022-09-23:21,20,9,0.03,0.015,0.3,0.002
2022-09-23:20,21,8,0.033,0.014,0.3,0.003
2022-09-23:19,25,10,0.039,0.01,0.3,0.003
2022-09-23:18,29,10,0.041,0.01,0.3,0.003
2022-09-23:17,27,9,0.042,0.01,0.3,0.003
2022-09-23:16,26,6,0.045,0.009,0.3,0.003
2022-09-23:15,22,6,0.047,0.007,0.3,0.003
2022-09-23:14,24,6,0.045,0.007,0.3,0.003
2022-09-23:13,23,14,0.044,0.01,0.3,0.003
2022-09-23:12,32,15,0.043,0.012,0.3,0.004
2022-09-23:11,28,11,0.042,0.013,0.3,0.004
2022-09-23:10,27,13,0.033,0.022,0.4,0.004
2022-09-23:09,23,12,0.019,0.029,0.5,0.004
2022-09-23:08,21,12,0.012,0.028,0.4,0.003
2022-09-23:07,21,16,0.006,0.031,0.4,0.003
2022-09-23:06,21,12,0.012,0.025,0.4,0.003
2022-09-23:05,23,16,0.011,0.025,0.4,0.002
2022-09-23:04,24,16,0.014,0.026,0.4,0.003
2022-09-23:03,23,13,0.02,0.024,0.4,0.003
2022-09-23:02,23,17,0.022,0.025,0.4,0.004
2022-09-23:01,27,19,0.019,0.03,0.4,0.003
2022-09-22:24,31,20,0.017,0.037,0.5,0.003
2022-09-22:23,29,20,0.034,0.028,0.4,0.003
2022-09-22:22,35,22,0.033,0.032,0.5,0.003
2022-09-22:21,35,20,0.049,0.026,0.4,0.004
2022-09-22:20,37,23,0.058,0.023,0.4,0.003
2022-09-22:19,32,21,0.062,0.024,0.4,0.003
2022-09-22:18,33,18,0.069,0.018,0.4,0.003
2022-09-22:17,29,16,0.071,0.014,0.3,0.003
2022-09-22:16,26,12,0.062,0.015,0.3,0.003
2022-09-22:15,21,11,0.055,0.013,0.3,0.002
2022-09-22:14,20,8,0.05,0.012,0.3,0.003
2022-09-22:13,18,7,0.041,0.015,0.3,0.003
2022-09-22:12,17,3,0.034,0.015,0.3,0.003
2022-09-22:11,14,5,0.028,0.015,0.3,0.003
2022-09-22:10,9,1,0.021,0.018,0.4,0.003
2022-09-22:09,11,1,0.016,0.021,0.3,0.003
2022-09-22:08,9,3,0.018,0.019,0.3,0.003
2022-09-22:07,9,6,0.018,0.017,0.3,0.003
2022-09-22:06,8,3,0.019,0.014,0.3,0.002
2022-09-22:05,12,5,0.023,0.012,0.3,0.003
2022-09-22:04,13,9,0.024,0.011,0.3,0.003
2022-09-22:03,13,10,0.024,0.013,0.3,0.002
2022-09-22:02,19,13,0.019,0.02,0.3,0.003
2022-09-22:01,23,14,0.009,0.034,0.4,0.003
2022-09-21:24,21,13,0.01,0.037,0.5,0.003
2022-09-21:23,27,18,0.016,0.037,0.5,0.003
2022-09-21:22,28,17,0.032,0.029,0.4,0.003
2022-09-21:21,24,14,0.03,0.028,0.4,0.003
2022-09-21:20,26,14,0.041,0.02,0.4,0.003
2022-09-21:19,28,12,0.046,0.02,0.4,0.002
2022-09-21:18,22,11,0.049,0.019,0.4,0.003
2022-09-21:17,25,13,0.054,0.015,0.3,0.003
2022-09-21:16,21,11,0.054,0.014,0.3,0.003
2022-09-21:15,21,10,0.051,0.013,0.3,0.003
2022-09-21:14,25,10,0.049,0.014,0.3,0.003
2022-09-21:13,24,11,0.047,0.013,0.3,0.003
2022-09-21:12,25,10,0.037,0.015,0.3,0.003
2022-09-21:11,22,7,0.029,0.015,0.4,0.004
2022-09-21:10,28,12,0.019,0.019,0.4,0.003
2022-09-21:09,27,9,0.017,0.019,0.4,0.003
2022-09-21:08,29,13,0.013,0.023,0.4,0.003
2022-09-21:07,36,17,0.012,0.024,0.4,0.003
2022-09-21:06,35,15,0.017,0.018,0.4,0.003
2022-09-21:05,34,16,0.021,0.017,0.4,0.003
2022-09-21:04,33,16,0.03,0.011,0.3,0.003
2022-09-21:03,33,15,0.033,0.012,0.3,0.003
2022-09-21:02,35,15,0.031,0.014,0.4,0.003
2022-09-21:01,31,14,0.034,0.014,0.4,0.003
2022-09-20:24,28,14,0.027,0.017,0.4,0.003
2022-09-20:23,26,14,0.029,0.015,0.4,0.003
2022-09-20:22,28,11,0.035,0.012,0.3,0.002
2022-09-20:21,25,11,0.034,0.014,0.3,0.002
2022-09-20:20,27,13,0.034,0.013,0.3,0.002
2022-09-20:19,28,13,0.042,0.015,0.3,0.003
2022-09-20:18,24,8,0.053,0.015,0.3,0.002
2022-09-20:17,19,8,0.054,0.01,0.3,0.002
2022-09-20:16,17,6,0.05,0.011,0.3,0.003
2022-09-20:15,16,8,0.045,0.01,0.3,0.003
2022-09-20:14,19,8,0.042,0.009,0.3,0.003
2022-09-20:13,18,5,0.04,0.008,0.3,0.003
2022-09-20:12,20,7,0.038,0.008,0.3,0.003
2022-09-20:11,20,5,0.033,0.009,0.3,0.003
2022-09-20:10,29,10,0.026,0.012,0.3,0.003
2022-09-20:09,31,9,0.022,0.014,0.3,0.003
2022-09-20:08,28,9,0.021,0.014,0.3,0.003
2022-09-20:07,28,9,0.023,0.012,0.3,0.003
2022-09-20:06,32,9,0.027,0.009,0.3,0.002
2022-09-20:05,29,9,0.029,0.007,0.2,0.003
2022-09-20:04,32,9,0.03,0.008,0.2,0.003
2022-09-20:03,35,10,0.032,0.007,0.3,0.003
2022-09-20:02,34,8,0.031,0.008,0.3,0.003
2022-09-20:01,34,11,0.031,0.008,0.3,0.003
2022-09-19:24,34,12,0.03,0.008,0.3,0.003
2022-09-19:23,35,12,0.028,0.008,0.3,0.003
2022-09-19:22,32,11,0.026,0.011,0.3,0.003
2022-09-19:21,30,12,0.029,0.011,0.3,0.003
2022-09-19:20,30,10,0.029,0.012,0.3,0.002
2022-09-19:19,28,13,0.032,0.009,0.3,0.002
2022-09-19:18,28,13,0.034,0.007,0.3,0.002
2022-09-19:17,21,6,0.033,0.008,0.3,0.002
2022-09-19:16,,,,,,
2022-09-19:15,,,,,,
2022-09-19:14,,,,,,
2022-09-19:13,,,,,,
2022-09-19:12,,,,,,
2022-09-19:11,3,1,0.032,0.006,0.3,0.003
2022-09-19:10,3,1,0.029,0.008,0.3,0.003
2022-09-19:09,4,2,0.03,0.008,0.3,0.003
2022-09-19:08,7,3,0.032,0.006,0.3,0.003
2022-09-19:07,10,6,0.03,0.007,0.3,0.003
2022-09-19:06,10,7,0.028,0.007,0.3,0.002
2022-09-19:05,11,8,0.03,0.005,0.3,0.002
2022-09-19:04,14,11,0.028,0.006,0.3,0.003
2022-09-19:03,15,11,0.028,0.006,0.3,0.003
2022-09-19:02,13,11,0.024,0.007,0.3,0.003
2022-09-19:01,20,11,0.024,0.007,0.3,0.003
2022-09-18:24,22,15,0.022,0.007,0.3,0.003
2022-09-18:23,26,16,0.021,0.008,0.3,0.003
2022-09-18:22,25,15,0.02,0.01,0.3,0.003
2022-09-18:21,19,9,0.021,0.012,0.3,0.003
2022-09-18:20,16,9,0.025,0.012,0.3,0.003
2022-09-18:19,18,13,0.031,0.01,0.3,0.003
2022-09-18:18,19,8,0.034,0.006,0.3,0.003
2022-09-18:17,14,12,0.035,0.006,0.3,0.002
2022-09-18:16,12,7,0.036,0.007,0.3,0.003
2022-09-18:15,18,11,0.04,0.007,0.3,0.003
2022-09-18:14,18,12,0.048,0.007,0.3,0.002
2022-09-18:13,18,8,0.04,0.007,0.3,0.003
2022-09-18:12,15,11,0.034,0.009,0.3,0.002
2022-09-18:11,20,14,0.03,0.009,0.4,0.003
2022-09-18:10,18,12,0.025,0.01,0.4,0.003
2022-09-18:09,17,9,0.02,0.01,0.4,0.003
2022-09-18:08,20,13,0.015,0.013,0.4,0.003
2022-09-18:07,23,15,0.015,0.014,0.4,0.003
2022-09-18:06,20,14,0.021,0.009,0.4,0.003
2022-09-18:05,21,12,0.021,0.009,0.4,0.002
2022-09-18:04,22,12,0.021,0.009,0.4,0.003
2022-09-18:03,20,14,0.019,0.01,0.4,0.003
2022-09-18:02,19,14,0.014,0.014,0.5,0.003
2022-09-18:01,21,13,0.013,0.017,0.5,0.003
2022-09-17:24,19,14,0.013,0.018,0.5,0.003
2022-09-17:23,19,13,0.021,0.014,0.5,0.003
2022-09-17:22,20,12,0.026,0.012,0.4,0.002
2022-09-17:21,19,14,0.028,0.012,0.4,0.003
2022-09-17:20,26,17,0.03,0.013,0.4,0.003
2022-09-17:19,26,18,0.035,0.014,0.4,0.003
2022-09-17:18,27,19,0.046,0.013,0.4,0.003
2022-09-17:17,32,21,0.051,0.013,0.4,0.003
2022-09-17:16,28,19,0.056,0.014,0.4,0.003
2022-09-17:15,27,20,0.054,0.014,0.4,0.003
2022-09-17:14,22,17,0.044,0.017,0.5,0.003
2022-09-17:13,26,20,0.032,0.017,0.4,0.003
2022-09-17:12,22,13,0.031,0.014,0.4,0.004
2022-09-17:11,24,12,0.023,0.017,0.4,0.003
2022-09-17:10,23,13,0.017,0.021,0.5,0.003
2022-09-17:09,18,10,0.016,0.021,0.4,0.002
2022-09-17:08,18,13,0.01,0.026,0.5,0.003
2022-09-17:07,16,11,0.016,0.02,0.5,0.003
2022-09-17:06,17,12,0.024,0.012,0.4,0.003
2022-09-17:05,13,8,0.022,0.012,0.4,0.003
2022-09-17:04,11,7,0.024,0.011,0.4,0.003
2022-09-17:03,14,8,0.027,0.01,0.3,0.003
2022-09-17:02,14,8,0.023,0.012,0.3,0.003
2022-09-17:01,20,11,0.026,0.013,0.4,0.003
2022-09-16:24,38,18,0.018,0.014,0.3,0.003
2022-09-16:23,38,16,0.016,0.016,0.3,0.003
2022-09-16:22,37,18,0.019,0.015,0.3,0.003
2022-09-16:21,33,18,0.022,0.015,0.3,0.003
2022-09-16:20,35,21,0.02,0.023,0.4,0.003
2022-09-16:19,33,22,0.016,0.033,0.5,0.003
2022-09-16:18,28,21,0.018,0.03,0.5,0.003
2022-09-16:17,31,17,0.022,0.029,0.4,0.003
2022-09-16:16,27,12,0.028,0.023,0.4,0.004
2022-09-16:15,28,14,0.033,0.018,0.3,0.003
2022-09-16:14,25,11,0.035,0.018,0.3,0.003
2022-09-16:13,27,12,0.036,0.019,0.3,0.003
2022-09-16:12,24,9,0.032,0.017,0.4,0.004
2022-09-16:11,19,6,0.026,0.015,0.4,0.003
2022-09-16:10,20,7,0.017,0.021,0.4,0.003
2022-09-16:09,18,8,0.016,0.021,0.4,0.003
2022-09-16:08,17,8,0.012,0.022,0.4,0.002
2022-09-16:07,15,10,0.015,0.018,0.3,0.002
2022-09-16:06,17,8,0.018,0.013,0.3,0.003
2022-09-16:05,17,7,0.019,0.009,0.3,0.002
2022-09-16:04,16,9,0.019,0.009,0.3,0.003
2022-09-16:03,22,7,0.02,0.009,0.3,0.002
2022-09-16:02,24,9,0.021,0.008,0.3,0.003
2022-09-16:01,18,7,0.021,0.011,0.3,0.003
2022-09-15:24,20,9,0.02,0.013,0.3,0.002
2022-09-15:23,21,9,0.021,0.014,0.3,0.003
2022-09-15:22,21,9,0.02,0.015,0.3,0.003
2022-09-15:21,21,9,0.019,0.018,0.4,0.003
2022-09-15:20,21,9,0.021,0.02,0.3,0.002
2022-09-15:19,22,9,0.023,0.021,0.4,0.003
2022-09-15:18,25,11,0.03,0.017,0.3,0.002
2022-09-15:17,22,10,0.036,0.016,0.4,0.002
2022-09-15:16,19,7,0.04,0.015,0.4,0.003
2022-09-15:15,17,10,0.041,0.013,0.4,0.002
2022-09-15:14,17,9,0.042,0.011,0.3,0.003
2022-09-15:13,18,10,0.04,0.012,0.3,0.003
2022-09-15:12,19,8,0.038,0.012,0.3,0.002
2022-09-15:11,18,5,0.038,0.008,0.3,0.002
2022-09-15:10,17,4,0.036,0.009,0.3,0.003
2022-09-15:09,16,5,0.031,0.013,0.3,0.002
2022-09-15:08,13,8,0.028,0.015,0.3,0.002
2022-09-15:07,16,6,0.028,0.015,0.3,0.002
2022-09-15:06,17,7,0.034,0.01,0.3,0.003
2022-09-15:05,16,4,0.038,0.007,0.3,0.003
2022-09-15:04,17,8,0.041,0.005,0.3,0.002
2022-09-15:03,17,8,0.042,0.005,0.3,0.002
2022-09-15:02,20,7,0.043,0.006,0.3,0.002
2022-09-15:01,23,11,0.043,0.007,0.3,0.002
2022-09-14:24,21,12,0.04,0.01,0.3,0.003
2022-09-14:23,19,12,0.041,0.009,0.3,0.002
2022-09-14:22,21,8,0.042,0.008,0.3,0.002
2022-09-14:21,21,7,0.042,0.008,0.3,0.003
2022-09-14:20,21,6,0.041,0.008,0.3,0.002
2022-09-14:19,21,8,0.041,0.008,0.3,0.002
2022-09-14:18,17,8,0.041,0.009,0.3,0.003
2022-09-14:17,23,11,0.042,0.01,0.3,0.002
2022-09-14:16,28,12,0.043,0.01,0.3,0.002
2022-09-14:15,26,12,0.046,0.01,0.3,0.003
2022-09-14:14,21,11,0.045,0.009,0.4,0.003
2022-09-14:13,22,11,0.043,0.011,0.4,0.003
2022-09-14:12,19,10,0.041,0.011,0.4,0.003
2022-09-14:11,21,9,0.041,0.011,0.3,0.002
2022-09-14:10,17,6,0.04,0.011,0.3,0.003
2022-09-14:09,15,5,0.035,0.013,0.3,0.003
2022-09-14:08,11,4,0.029,0.015,0.3,0.003
2022-09-14:07,9,3,0.027,0.015,0.3,0.002
2022-09-14:06,10,4,0.029,0.012,0.3,0.003
2022-09-14:05,12,5,0.03,0.009,0.3,0.003
2022-09-14:04,9,3,0.034,0.006,0.2,0.003
2022-09-14:03,12,5,0.034,0.006,0.2,0.002
2022-09-14:02,15,10,0.027,0.009,0.3,0.003
2022-09-14:01,13,8,0.022,0.012,0.3,0.003
2022-09-13:24,20,9,0.026,0.01,0.3,0.003
2022-09-13:23,17,11,0.026,0.011,0.3,0.003
2022-09-13:22,16,10,0.025,0.011,0.3,0.003
2022-09-13:21,17,9,0.025,0.012,0.3,0.002
2022-09-13:20,17,8,0.021,0.014,0.3,0.002
2022-09-13:19,16,10,0.022,0.013,0.3,0.002
2022-09-13:18,17,8,0.022,0.012,0.3,0.002
2022-09-13:17,18,5,0.021,0.014,0.4,0.003
2022-09-13:16,20,9,0.023,0.013,0.4,0.003
2022-09-13:15,20,8,0.025,0.012,0.4,0.002
2022-09-13:14,20,11,0.024,0.014,0.4,0.003
2022-09-13:13,24,13,0.021,0.018,0.4,0.003
2022-09-13:12,21,11,0.019,0.02,0.4,0.004
2022-09-13:11,21,11,0.017,0.02,0.4,0.003
2022-09-13:10,21,12,0.016,0.02,0.4,0.003
2022-09-13:09,22,11,0.01,0.025,0.4,0.003
2022-09-13:08,20,12,0.009,0.022,0.4,0.003
2022-09-13:07,22,14,0.01,0.02,0.4,0.003
2022-09-13:06,22,13,0.017,0.012,0.3,0.003
2022-09-13:05,22,15,0.022,0.01,0.3,0.003
2022-09-13:04,22,16,0.021,0.011,0.3,0.003
2022-09-13:03,22,15,0.025,0.01,0.3,0.002
2022-09-13:02,23,14,0.026,0.011,0.3,0.003
2022-09-13:01,24,16,0.026,0.012,0.4,0.003
2022-09-12:24,24,14,0.027,0.013,0.4,0.003
2022-09-12:23,23,14,0.03,0.012,0.4,0.003
2022-09-12:22,23,17,0.031,0.014,0.4,0.003
2022-09-12:21,27,16,0.029,0.017,0.4,0.002
2022-09-12:20,,19,0.035,0.013,0.4,0.003
2022-09-12:19,,19,0.04,0.011,0.4,0.003
2022-09-12:18,27,15,0.048,0.01,0.4,0.003
2022-09-12:17,23,16,0.06,0.01,0.4,0.003
2022-09-12:16,21,14,0.058,0.009,0.4,0.003
2022-09-12:15,21,14,0.053,0.008,0.3,0.002
2022-09-12:14,20,11,0.05,0.007,0.3,0.003
2022-09-12:13,19,13,0.044,0.007,0.3,0.003
2022-09-12:12,22,11,0.034,0.009,0.3,0.003
2022-09-12:11,18,6,0.029,0.009,0.3,0.003
2022-09-12:10,11,4,0.023,0.009,0.3,0.004
2022-09-12:09,16,9,0.015,0.013,0.3,0.003
2022-09-12:08,16,7,0.013,0.013,0.3,0.003
2022-09-12:07,14,9,0.013,0.013,0.3,0.002
2022-09-12:06,18,9,0.016,0.01,0.3,0.002
2022-09-12:05,22,8,0.016,0.01,0.3,0.002
2022-09-12:04,16,11,0.013,0.012,0.4,0.002
2022-09-12:03,17,10,0.013,0.013,0.3,0.002
2022-09-12:02,20,14,0.011,0.017,0.4,0.002
2022-09-12:01,20,13,0.011,0.017,0.4,0.003
2022-09-11:24,19,13,0.013,0.017,0.4,0.003
2022-09-11:23,17,14,0.016,0.015,0.4,0.002
2022-09-11:22,20,13,0.02,0.015,0.4,0.003
2022-09-11:21,19,13,0.019,0.013,0.4,0.003
2022-09-11:20,25,13,0.021,0.014,0.4,0.003
2022-09-11:19,23,12,0.026,0.013,0.3,0.002
2022-09-11:18,17,10,0.035,0.01,0.3,0.003
2022-09-11:17,16,8,0.04,0.008,0.3,0.003
2022-09-11:16,16,9,0.041,0.008,0.3,0.003
2022-09-11:15,16,11,0.043,0.006,0.3,0.002
2022-09-11:14,13,8,0.043,0.007,0.3,0.002
2022-09-11:13,19,8,0.043,0.006,0.3,0.003
2022-09-11:12,17,11,0.043,0.006,0.3,0.003
2022-09-11:11,18,8,0.043,0.005,0.3,0.003
2022-09-11:10,16,9,0.042,0.006,0.3,0.003
2022-09-11:09,20,10,0.039,0.006,0.3,0.003
2022-09-11:08,19,11,0.035,0.007,0.3,0.003
2022-09-11:07,20,11,0.036,0.007,0.3,0.003
2022-09-11:06,21,12,0.039,0.006,0.3,0.003
2022-09-11:05,19,12,0.042,0.005,0.3,0.002
2022-09-11:04,21,14,0.042,0.005,0.3,0.003
2022-09-11:03,20,13,0.041,0.005,0.3,0.003
2022-09-11:02,18,11,0.042,0.005,0.3,0.003
2022-09-11:01,22,14,0.041,0.006,0.3,0.002
2022-09-10:24,19,11,0.039,0.007,0.3,0.003
2022-09-10:23,21,12,0.035,0.009,0.3,0.003
2022-09-10:22,19,11,0.031,0.012,0.3,0.003
2022-09-10:21,15,11,0.029,0.014,0.4,0.003
2022-09-10:20,14,9,0.034,0.013,0.3,0.003
2022-09-10:19,15,8,0.038,0.01,0.3,0.003
2022-09-10:18,9,6,0.041,0.007,0.3,0.002
2022-09-10:17,7,4,0.043,0.007,0.3,0.002
2022-09-10:16,10,1,0.044,0.007,0.3,0.003
2022-09-10:15,6,2,0.045,0.007,0.3,0.003
2022-09-10:14,5,3,0.046,0.008,0.3,0.002
2022-09-10:13,7,5,0.044,0.007,0.3,0.002
2022-09-10:12,5,3,0.043,0.006,0.3,0.003
2022-09-10:11,4,1,0.037,0.008,0.3,0.003
2022-09-10:10,8,3,0.032,0.011,0.3,0.003
2022-09-10:09,8,2,0.028,0.012,0.3,0.003
2022-09-10:08,7,1,0.03,0.01,0.3,0.004
2022-09-10:07,8,4,0.033,0.008,0.3,0.003
2022-09-10:06,6,4,0.037,0.007,0.3,0.003
2022-09-10:05,7,1,0.037,0.006,0.3,0.003
2022-09-10:04,6,3,0.038,0.006,0.3,0.003
2022-09-10:03,7,3,0.036,0.007,0.3,0.002
2022-09-10:02,8,4,0.037,0.007,0.3,0.003
2022-09-10:01,7,4,0.037,0.007,0.3,0.003
2022-09-09:24,9,6,0.034,0.009,0.3,0.003
2022-09-09:23,12,6,0.03,0.012,0.3,0.003
2022-09-09:22,14,6,0.029,0.011,0.3,0.003
2022-09-09:21,14,8,0.02,0.021,0.4,0.003
2022-09-09:20,12,8,0.027,0.018,0.4,0.003
2022-09-09:19,11,7,0.037,0.011,0.3,0.003
2022-09-09:18,11,6,0.043,0.008,0.3,0.003
2022-09-09:17,15,3,0.05,0.006,0.3,0.003
2022-09-09:16,11,4,0.056,0.007,0.3,0.003
2022-09-09:15,11,9,0.056,0.006,0.3,0.003
2022-09-09:14,14,8,0.052,0.008,0.3,0.003
2022-09-09:13,12,6,0.046,0.008,0.3,0.003
2022-09-09:12,12,5,0.042,0.007,0.3,0.003
2022-09-09:11,22,7,0.035,0.008,0.3,0.003
2022-09-09:10,27,6,0.027,0.009,0.3,0.004
2022-09-09:09,22,11,0.022,0.01,0.4,0.003
2022-09-09:08,22,14,0.016,0.014,0.4,0.003
2022-09-09:07,24,18,0.007,0.022,0.5,0.003
2022-09-09:06,26,16,0.008,0.022,0.5,0.003
2022-09-09:05,28,18,0.011,0.021,0.5,0.003
2022-09-09:04,29,18,0.013,0.023,0.5,0.003
2022-09-09:03,29,17,0.01,0.029,0.5,0.003
2022-09-09:02,28,17,0.01,0.032,0.6,0.003
2022-09-09:01,27,16,0.013,0.032,0.6,0.003
2022-09-08:24,26,14,0.02,0.026,0.5,0.003
2022-09-08:23,26,15,0.029,0.023,0.5,0.003
2022-09-08:22,26,17,0.034,0.023,0.5,0.003
2022-09-08:21,34,17,0.048,0.017,0.5,0.003
2022-09-08:20,40,26,0.059,0.016,0.5,0.003
2022-09-08:19,35,23,0.072,0.018,0.5,0.003
2022-09-08:18,24,14,0.084,0.018,0.4,0.003
2022-09-08:17,24,17,0.085,0.016,0.4,0.003
2022-09-08:16,24,13,0.08,0.017,0.4,0.003
2022-09-08:15,23,11,0.069,0.016,0.4,0.004
2022-09-08:14,26,11,0.058,0.02,0.5,0.004
2022-09-08:13,28,12,0.053,0.018,0.5,0.004
2022-09-08:12,24,13,0.051,0.016,0.5,0.003
2022-09-08:11,28,11,0.038,0.018,0.5,0.003
2022-09-08:10,29,12,0.035,0.021,0.5,0.003
2022-09-08:09,24,11,0.021,0.027,0.5,0.003
2022-09-08:08,21,11,0.01,0.029,0.5,0.003
2022-09-08:07,23,14,0.014,0.024,0.4,0.003
2022-09-08:06,23,13,0.006,0.03,0.5,0.003
2022-09-08:05,24,13,0.008,0.029,0.5,0.003
2022-09-08:04,26,14,0.011,0.03,0.5,0.003
2022-09-08:03,26,14,0.011,0.035,0.5,0.003
2022-09-08:02,25,15,0.006,0.043,0.6,0.003
2022-09-08:01,27,15,0.01,0.044,0.6,0.003
2022-09-07:24,27,13,0.026,0.035,0.5,0.003
2022-09-07:23,28,14,0.048,0.02,0.4,0.003
2022-09-07:22,30,14,0.048,0.018,0.4,0.003
2022-09-07:21,30,13,0.036,0.029,0.5,0.003
2022-09-07:20,27,14,0.04,0.028,0.4,0.003
2022-09-07:19,27,13,0.049,0.021,0.4,0.003
2022-09-07:18,24,12,0.053,0.019,0.4,0.003
2022-09-07:17,27,11,0.059,0.015,0.3,0.003
2022-09-07:16,22,6,0.063,0.013,0.3,0.004
2022-09-07:15,24,11,0.065,0.011,0.3,0.003
2022-09-07:14,26,10,0.059,0.014,0.4,0.003
2022-09-07:13,22,6,0.048,0.016,0.4,0.003
2022-09-07:12,31,13,0.042,0.02,0.4,0.004
2022-09-07:11,29,12,0.035,0.029,0.5,0.003
2022-09-07:10,34,16,0.027,0.032,0.5,0.003
2022-09-07:09,31,11,0.016,0.041,0.6,0.004
2022-09-07:08,27,13,0.016,0.035,0.6,0.003
2022-09-07:07,29,15,0.019,0.029,0.5,0.003
2022-09-07:06,34,18,0.036,0.019,0.4,0.004
2022-09-07:05,32,18,0.044,0.015,0.4,0.003
2022-09-07:04,36,17,0.054,0.01,0.4,0.003
2022-09-07:03,34,14,0.06,0.008,0.4,0.003
2022-09-07:02,33,16,0.058,0.01,0.4,0.003
2022-09-07:01,32,17,0.044,0.021,0.5,0.003
2022-09-06:24,33,17,0.013,0.043,0.6,0.003
2022-09-06:23,30,18,0.006,0.045,0.6,0.003
2022-09-06:22,29,18,0.014,0.039,0.5,0.003
2022-09-06:21,29,18,0.025,0.029,0.5,0.003
2022-09-06:20,26,17,0.035,0.02,0.4,0.003
2022-09-06:19,22,12,0.039,0.015,0.4,0.002
2022-09-06:18,21,8,0.04,0.012,0.3,0.003
2022-09-06:17,19,5,0.04,0.01,0.3,0.003
2022-09-06:16,19,8,0.04,0.01,0.3,0.002
2022-09-06:15,17,6,0.043,0.008,0.3,0.002
2022-09-06:14,12,6,0.05,0.008,0.3,0.003
2022-09-06:13,6,2,0.053,0.008,0.3,0.003
2022-09-06:12,5,1,0.054,0.008,0.3,0.003
2022-09-06:11,3,1,0.052,0.007,0.3,0.003
2022-09-06:10,3,1,0.052,0.007,0.3,0.003
2022-09-06:09,5,3,0.05,0.009,0.3,0.003
2022-09-06:08,5,2,0.045,0.013,0.3,0.002
2022-09-06:07,3,1,0.051,0.012,0.3,0.003
2022-09-06:06,3,1,0.06,0.006,0.2,0.002
2022-09-06:05,3,1,0.064,0.004,0.2,0.002
2022-09-06:04,3,1,0.064,0.005,0.2,0.002
2022-09-06:03,3,2,0.062,0.004,0.2,0.003
2022-09-06:02,3,1,0.059,0.004,0.2,0.002
2022-09-06:01,3,1,0.058,0.004,0.2,0.002
2022-09-05:24,3,1,0.056,0.006,0.2,0.003
2022-09-05:23,6,3,0.056,0.006,0.2,0.002
2022-09-05:22,3,1,0.057,0.007,0.2,0.003
2022-09-05:21,3,3,0.056,0.008,0.3,0.003
2022-09-05:20,7,2,0.056,0.009,0.3,0.002
2022-09-05:19,8,6,0.051,0.012,0.3,0.003
2022-09-05:18,4,2,0.046,0.012,0.3,0.002
2022-09-05:17,,,,,,
2022-09-05:16,,,,,,
2022-09-05:15,6,2,0.051,0.014,0.3,0.002
2022-09-05:14,3,2,0.054,0.009,0.3,0.003
2022-09-05:13,7,3,0.054,0.01,0.3,0.002
2022-09-05:12,5,2,0.052,0.012,0.3,0.002
2022-09-05:11,5,1,0.047,0.014,0.3,0.003
2022-09-05:10,7,3,0.05,0.011,0.3,0.003
2022-09-05:09,3,3,0.049,0.009,0.3,0.003
2022-09-05:08,5,1,0.039,0.011,0.3,0.002
2022-09-05:07,4,1,0.034,0.012,0.3,0.003
2022-09-05:06,6,4,0.039,0.007,0.2,0.003
2022-09-05:05,3,1,0.034,0.006,0.3,0.002
2022-09-05:04,4,1,0.036,0.005,0.2,0.003
2022-09-05:03,3,1,0.036,0.004,0.2,0.002
2022-09-05:02,3,1,0.03,0.006,0.3,0.002
2022-09-05:01,4,2,0.028,0.009,0.3,0.002
2022-09-04:24,3,2,0.027,0.008,0.3,0.003
2022-09-04:23,4,3,0.019,0.009,0.3,0.002
2022-09-04:22,7,4,0.013,0.011,0.3,0.003
2022-09-04:21,14,9,0.012,0.012,0.3,0.002
2022-09-04:20,17,12,0.01,0.018,0.4,0.003
2022-09-04:19,15,10,0.004,0.026,0.5,0.003
2022-09-04:18,13,3,0.01,0.021,0.4,0.003
2022-09-04:17,9,3,0.014,0.016,0.4,0.002
2022-09-04:16,4,2,0.018,0.013,0.4,0.003
2022-09-04:15,8,3,0.017,0.014,0.4,0.003
2022-09-04:14,8,5,0.018,0.014,0.4,0.003
2022-09-04:13,9,2,0.018,0.013,0.3,0.002
2022-09-04:12,9,4,0.021,0.011,0.3,0.003
2022-09-04:11,5,2,0.022,0.01,0.3,0.003
2022-09-04:10,10,3,0.024,0.008,0.3,0.003
2022-09-04:09,8,1,0.027,0.007,0.2,0.003
2022-09-04:08,7,4,0.028,0.007,0.3,0.003
2022-09-04:07,11,5,0.029,0.008,0.2,0.002
2022-09-04:06,8,3,0.034,0.005,0.2,0.002
2022-09-04:05,8,3,0.035,0.005,0.2,0.003
2022-09-04:04,10,8,0.034,0.005,0.2,0.002
2022-09-04:03,10,2,0.033,0.006,0.3,0.003
2022-09-04:02,9,6,0.032,0.006,0.3,0.003
2022-09-04:01,9,7,0.031,0.007,0.3,0.002
2022-09-03:24,12,6,0.03,0.008,0.3,0.002
2022-09-03:23,12,6,0.029,0.009,0.3,0.003
2022-09-03:22,13,8,0.03,0.008,0.3,0.002
2022-09-03:21,15,7,0.031,0.01,0.3,0.003
2022-09-03:20,15,8,0.03,0.013,0.4,0.002
2022-09-03:19,14,7,0.035,0.01,0.3,0.002
2022-09-03:18,15,7,0.037,0.009,0.3,0.003
2022-09-03:17,19,8,0.038,0.009,0.3,0.003
2022-09-03:16,16,9,0.042,0.008,0.3,0.002
2022-09-03:15,12,4,0.045,0.006,0.3,0.003
2022-09-03:14,14,3,0.045,0.007,0.3,0.002
2022-09-03:13,12,2,0.043,0.006,0.3,0.003
2022-09-03:12,13,4,0.038,0.008,0.3,0.002
2022-09-03:11,12,3,0.035,0.009,0.3,0.003
2022-09-03:10,10,3,0.031,0.011,0.3,0.002
2022-09-03:09,10,3,0.026,0.015,0.3,0.003
2022-09-03:08,8,3,0.025,0.016,0.3,0.002
2022-09-03:07,7,2,0.029,0.013,0.3,0.003
2022-09-03:06,11,4,0.031,0.011,0.3,0.002
2022-09-03:05,7,3,0.034,0.008,0.3,0.003
2022-09-03:04,7,3,0.035,0.007,0.3,0.003
2022-09-03:03,10,5,0.037,0.006,0.3,0.003
2022-09-03:02,9,5,0.036,0.007,0.3,0.003
2022-09-03:01,12,5,0.035,0.007,0.3,0.002
2022-09-02:24,11,4,0.035,0.008,0.3,0.002
2022-09-02:23,9,6,0.034,0.009,0.3,0.003
2022-09-02:22,8,4,0.032,0.01,0.3,0.003
2022-09-02:21,13,8,0.032,0.01,0.3,0.003
2022-09-02:20,15,8,0.034,0.01,0.3,0.002
2022-09-02:19,7,7,0.035,0.012,0.4,0.003
2022-09-02:18,8,1,0.04,0.01,0.3,0.002
2022-09-02:17,16,8,0.045,0.009,0.3,0.003
2022-09-02:16,11,4,0.046,0.009,0.3,0.003
2022-09-02:15,7,1,0.045,0.009,0.3,0.002
2022-09-02:14,8,1,0.045,0.008,0.3,0.003
2022-09-02:13,16,4,0.043,0.008,0.3,0.004
2022-09-02:12,15,5,0.042,0.008,0.3,0.003
2022-09-02:11,14,6,0.035,0.01,0.3,0.003
2022-09-02:10,17,4,0.027,0.012,0.3,0.003
2022-09-02:09,14,5,0.019,0.014,0.3,0.003
2022-09-02:08,14,8,0.011,0.018,0.4,0.002
2022-09-02:07,19,10,0.006,0.021,0.4,0.003
2022-09-02:06,15,7,0.01,0.018,0.4,0.003
2022-09-02:05,20,11,0.015,0.013,0.3,0.003
2022-09-02:04,22,10,0.014,0.016,0.4,0.003
2022-09-02:03,22,10,0.014,0.018,0.4,0.003
2022-09-02:02,21,13,0.011,0.023,0.4,0.003
2022-09-02:01,25,16,0.01,0.026,0.4,0.003
2022-09-01:24,22,14,0.003,0.037,0.7,0.003
2022-09-01:23,24,15,0.007,0.033,0.5,0.003
2022-09-01:22,21,17,0.006,0.037,0.6,0.003
2022-09-01:21,18,13,0.017,0.029,0.5,0.004
2022-09-01:20,23,17,0.028,0.021,0.4,0.003
2022-09-01:19,19,11,0.034,0.017,0.5,0.003
2022-09-01:18,15,9,0.042,0.011,0.4,0.003
2022-09-01:17,14,7,0.051,0.011,0.4,0.003
2022-09-01:16,18,7,0.063,0.009,0.3,0.003
2022-09-01:15,18,13,0.063,0.008,0.3,0.003
2022-09-01:14,23,14,0.063,0.009,0.4,0.003
2022-09-01:13,18,16,0.055,0.01,0.4,0.003
2022-09-01:12,18,8,0.04,0.012,0.4,0.003
2022-09-01:11,20,7,0.023,0.016,0.4,0.003
2022-09-01:10,16,5,0.013,0.019,0.4,0.004
2022-09-01:09,11,1,0.008,0.017,0.4,0.003
2022-09-01:08,11,1,0.006,0.015,0.4,0.003
2022-09-01:07,14,4,0.003,0.017,0.4,0.003
2022-09-01:06,14,6,0.002,0.018,0.4,0.003
2022-09-01:05,16,5,0.003,0.018,0.4,0.003
2022-09-01:04,14,6,0.003,0.019,0.5,0.003
2022-09-01:03,15,6,0.003,0.022,0.5,0.003
2022-09-01:02,16,8,0.002,0.024,0.5,0.003
2022-09-01:01,21,6,0.003,0.027,0.6,0.003
2022-08-31:24,14,6,0.003,0.028,0.6,0.003
2022-08-31:23,10,7,0.005,0.028,0.5,0.003
2022-08-31:22,7,2,0.015,0.021,0.4,0.002
2022-08-31:21,8,6,0.025,0.014,0.4,0.003
2022-08-31:20,7,5,0.026,0.016,0.4,0.002
2022-08-31:19,10,5,0.034,0.012,0.3,0.003
2022-08-31:18,6,1,0.036,0.011,0.3,0.003
2022-08-31:17,6,2,0.037,0.01,0.3,0.003
2022-08-31:16,9,5,0.037,0.013,0.4,0.003
2022-08-31:15,9,1,0.035,0.014,0.4,0.003
2022-08-31:14,8,3,0.038,0.012,0.4,0.003
2022-08-31:13,11,4,0.037,0.011,0.3,0.003
2022-08-31:12,5,2,0.036,0.011,0.4,0.003
2022-08-31:11,8,2,0.03,0.012,0.4,0.003
2022-08-31:10,11,1,0.02,0.015,0.4,0.002
2022-08-31:09,10,3,0.018,0.014,0.4,0.003
2022-08-31:08,8,2,0.011,0.018,0.4,0.002
2022-08-31:07,8,4,0.016,0.013,0.3,0.002
2022-08-31:06,6,2,0.018,0.01,0.3,0.003
2022-08-31:05,5,1,0.021,0.006,0.3,0.003
2022-08-31:04,3,3,0.02,0.006,0.3,0.002
2022-08-31:03,5,1,0.022,0.007,0.3,0.002
2022-08-31:02,7,2,0.018,0.008,0.3,0.003
2022-08-31:01,9,2,0.016,0.01,0.3,0.002
2022-12-30:24,37,30,0.023,0.026,0.6,0.003
2022-12-30:23,38,33,0.03,0.019,0.5,0.003
2022-12-30:22,39,28,0.029,0.021,0.6,0.003
2022-12-30:21,40,29,0.031,0.021,0.6,0.003
2022-12-30:20,36,27,0.028,0.023,0.6,0.003
2022-12-30:19,30,23,0.025,0.026,0.6,0.003
2022-12-30:18,24,18,0.029,0.022,0.4,0.004
2022-12-30:17,23,16,0.033,0.017,0.4,0.003
2022-12-30:16,24,20,0.036,0.015,0.4,0.004
2022-12-30:15,25,18,0.035,0.015,0.4,0.003
2022-12-30:14,32,26,0.027,0.023,0.5,0.004
2022-12-30:13,34,25,0.023,0.025,0.5,0.004
2022-12-30:12,41,35,0.021,0.027,0.5,0.004
2022-12-30:11,55,47,0.008,0.044,0.8,0.004
2022-12-30:10,49,39,0.004,0.053,1.1,0.004
2022-12-30:09,41,33,0.002,0.053,1,0.004
2022-12-30:08,40,37,0.002,0.05,0.9,0.004
2022-12-30:07,42,35,0.001,0.049,0.8,0.004
2022-12-30:06,54,47,0.002,0.049,0.7,0.004
2022-12-30:05,40,34,0.002,0.048,0.7,0.004
2022-12-30:04,36,30,0.002,0.046,0.6,0.004
2022-12-30:03,37,29,0.002,0.046,0.7,0.003
2022-12-30:02,37,31,0.002,0.044,0.6,0.004
2022-12-30:01,40,28,0.002,0.045,0.6,0.004
2022-12-29:24,37,28,0.002,0.045,0.6,0.004
2022-12-29:23,36,28,0.01,0.035,0.5,0.004
2022-12-29:22,37,28,0.008,0.039,0.5,0.004
2022-12-29:21,36,25,0.003,0.047,0.6,0.004
2022-12-29:20,34,28,0.004,0.048,0.7,0.004
2022-12-29:19,36,26,0.01,0.039,0.6,0.004
2022-12-29:18,32,25,0.012,0.037,0.6,0.004
2022-12-29:17,30,23,0.024,0.026,0.5,0.004
2022-12-29:16,30,20,0.022,0.025,0.5,0.004
2022-12-29:15,25,15,0.028,0.019,0.4,0.004
2022-12-29:14,30,17,0.029,0.017,0.4,0.004
2022-12-29:13,34,26,0.018,0.031,0.6,0.004
2022-12-29:12,34,22,0.013,0.037,0.7,0.004
2022-12-29:11,27,20,0.013,0.034,0.6,0.004
2022-12-29:10,24,15,0.008,0.04,0.7,0.004
2022-12-29:09,28,22,0.005,0.044,0.7,0.004
2022-12-29:08,29,19,0.002,0.047,0.8,0.003
2022-12-29:07,24,16,0.009,0.035,0.6,0.003
2022-12-29:06,20,17,0.018,0.023,0.5,0.003
2022-12-29:05,20,13,0.021,0.02,0.5,0.003
2022-12-29:04,20,14,0.025,0.016,0.4,0.003
2022-12-29:03,24,17,0.028,0.013,0.4,0.003
2022-12-29:02,28,19,0.027,0.015,0.5,0.003
2022-12-29:01,29,21,0.025,0.017,0.5,0.003
2022-12-28:24,29,24,0.023,0.019,0.5,0.003
2022-12-28:23,32,22,0.018,0.026,0.5,0.003
2022-12-28:22,33,21,0.017,0.026,0.5,0.003
2022-12-28:21,33,21,0.022,0.022,0.5,0.003
2022-12-28:20,36,23,0.022,0.022,0.5,0.004
2022-12-28:19,33,24,0.021,0.025,0.5,0.003
2022-12-28:18,35,24,0.026,0.021,0.5,0.004
2022-12-28:17,32,21,0.031,0.015,0.4,0.004
2022-12-28:16,33,20,0.032,0.013,0.4,0.004
2022-12-28:15,34,19,0.032,0.014,0.4,0.004
2022-12-28:14,29,20,0.032,0.012,0.4,0.004
2022-12-28:13,28,17,0.029,0.014,0.4,0.004
2022-12-28:12,26,15,0.027,0.014,0.4,0.004
2022-12-28:11,25,16,0.025,0.016,0.4,0.004
2022-12-28:10,29,18,0.019,0.023,0.5,0.003
2022-12-28:09,29,22,0.015,0.025,0.5,0.003
2022-12-28:08,33,27,0.017,0.023,0.5,0.003
2022-12-28:07,37,30,0.018,0.021,0.6,0.003
2022-12-28:06,40,33,0.018,0.023,0.5,0.003
2022-12-28:05,42,33,0.005,0.047,0.9,0.003
2022-12-28:04,38,29,0.002,0.059,1,0.004
2022-12-28:03,36,28,0.002,0.064,1,0.003
2022-12-28:02,32,25,0.002,0.054,0.8,0.003
2022-12-28:01,32,26,0.007,0.045,0.9,0.003
2022-12-27:24,33,24,0.013,0.038,0.8,0.003
2022-12-27:23,32,27,0.019,0.031,0.6,0.003
2022-12-27:22,37,26,0.015,0.036,0.6,0.003
2022-12-27:21,40,31,0.015,0.035,0.6,0.003
2022-12-27:20,40,30,0.014,0.037,0.6,0.003
2022-12-27:19,46,37,0.013,0.041,0.7,0.003
2022-12-27:18,48,35,0.014,0.042,0.7,0.004
2022-12-27:17,47,33,0.021,0.034,0.5,0.004
2022-12-27:16,42,31,0.019,0.035,0.6,0.004
2022-12-27:15,50,38,0.021,0.034,0.6,0.004
2022-12-27:14,60,50,0.014,0.045,0.8,0.005
2022-12-27:13,69,60,0.01,0.053,0.9,0.005
2022-12-27:12,71,61,0.006,0.061,1.1,0.004
2022-12-27:11,66,55,0.006,0.05,1,0.004
2022-12-27:10,61,48,0.003,0.054,1.1,0.004
2022-12-27:09,55,48,0.002,0.056,1.2,0.004
2022-12-27:08,51,47,0.002,0.058,1.2,0.004
2022-12-27:07,50,48,0.002,0.057,1.1,0.004
2022-12-27:06,54,44,0.002,0.055,1.1,0.004
2022-12-27:05,53,44,0.002,0.056,1.2,0.004
2022-12-27:04,53,46,0.002,0.055,1.1,0.004
2022-12-27:03,55,46,0.002,0.057,1.1,0.004
2022-12-27:02,52,42,0.002,0.059,1.1,0.004
2022-12-27:01,47,43,0.002,0.062,1.1,0.004
2022-12-26:24,44,39,0.002,0.058,1,0.004
2022-12-26:23,38,33,0.002,0.06,1,0.004
2022-12-26:22,33,25,0.004,0.047,0.8,0.003
2022-12-26:21,35,27,0.009,0.038,0.6,0.003
2022-12-26:20,40,34,0.006,0.044,0.6,0.003
2022-12-26:19,40,33,0.003,0.05,0.8,0.003
2022-12-26:18,37,28,0.005,0.047,0.7,0.003
2022-12-26:17,52,40,0.007,0.045,0.6,0.004
2022-12-26:16,57,49,0.006,0.056,0.9,0.004
2022-12-26:15,55,44,0.012,0.045,0.8,0.004
2022-12-26:14,61,51,0.01,0.046,0.9,0.004
2022-12-26:13,65,57,0.008,0.049,1,0.004
2022-12-26:12,70,58,0.007,0.048,1,0.004
2022-12-26:11,59,52,0.007,0.05,1,0.004
2022-12-26:10,51,44,0.005,0.048,1,0.003
2022-12-26:09,47,40,0.004,0.046,0.9,0.003
2022-12-26:08,50,42,0.002,0.052,1,0.003
2022-12-26:07,46,43,0.002,0.054,1.1,0.003
2022-12-26:06,45,38,0.002,0.057,1.1,0.003
2022-12-26:05,39,36,0.002,0.057,1.1,0.003
2022-12-26:04,37,34,0.002,0.052,1,0.003
2022-12-26:03,35,35,0.002,0.047,0.9,0.003
2022-12-26:02,36,30,0.003,0.045,0.9,0.003
2022-12-26:01,37,33,0.003,0.049,0.9,0.003
2022-12-25:24,36,31,0.006,0.043,1,0.003
2022-12-25:23,32,31,0.007,0.041,0.9,0.003
2022-12-25:22,38,34,0.018,0.03,0.7,0.003
2022-12-25:21,44,36,0.017,0.032,0.7,0.003
2022-12-25:20,44,37,0.013,0.037,0.8,0.003
2022-12-25:19,40,34,0.017,0.034,0.7,0.003
2022-12-25:18,40,35,0.027,0.024,0.6,0.003
2022-12-25:17,40,31,0.033,0.016,0.5,0.003
2022-12-25:16,40,34,0.03,0.019,0.5,0.004
2022-12-25:15,40,34,0.03,0.017,0.6,0.004
2022-12-25:14,36,32,0.029,0.018,0.5,0.004
2022-12-25:13,31,25,0.03,0.015,0.5,0.004
2022-12-25:12,36,32,0.029,0.014,0.5,0.004
2022-12-25:11,46,43,0.01,0.04,0.9,0.004
2022-12-25:10,39,38,0.006,0.041,0.9,0.003
2022-12-25:09,41,36,0.003,0.047,1,0.003
2022-12-25:08,39,35,0.002,0.051,1,0.003
2022-12-25:07,38,32,0.002,0.046,0.9,0.003
2022-12-25:06,36,35,0.002,0.044,0.8,0.003
2022-12-25:05,33,33,0.002,0.044,0.9,0.003
2022-12-25:04,38,31,0.002,0.049,1,0.003
2022-12-25:03,37,30,0.003,0.044,0.8,0.003
2022-12-25:02,33,31,0.013,0.03,0.8,0.003
2022-12-25:01,35,33,0.003,0.042,0.9,0.003
2022-12-24:24,36,29,0.006,0.037,0.8,0.003
2022-12-24:23,35,28,0.017,0.024,0.5,0.003
2022-12-24:22,37,30,0.006,0.036,0.7,0.003
2022-12-24:21,36,31,0.003,0.04,0.7,0.003
2022-12-24:20,39,28,0.004,0.04,0.7,0.003
2022-12-24:19,41,30,0.003,0.04,0.6,0.003
2022-12-24:18,46,35,0.002,0.045,0.7,0.003
2022-12-24:17,42,34,0.006,0.042,0.6,0.003
2022-12-24:16,41,33,0.012,0.035,0.6,0.003
2022-12-24:15,36,29,0.015,0.031,0.6,0.004
2022-12-24:14,33,27,0.018,0.026,0.6,0.003
2022-12-24:13,28,20,0.018,0.024,0.6,0.003
2022-12-24:12,23,16,0.02,0.02,0.5,0.003
2022-12-24:11,19,14,0.022,0.017,0.4,0.003
2022-12-24:10,21,15,0.012,0.027,0.5,0.003
2022-12-24:09,24,14,0.011,0.027,0.5,0.003
2022-12-24:08,21,15,0.012,0.024,0.4,0.003
2022-12-24:07,22,16,0.014,0.022,0.5,0.003
2022-12-24:06,21,17,0.015,0.022,0.5,0.003
2022-12-24:05,18,14,0.017,0.02,0.5,0.003
2022-12-24:04,14,11,0.024,0.013,0.4,0.003
2022-12-24:03,14,,0.023,0.014,0.4,0.003
2022-12-24:02,18,14,0.026,0.01,0.4,0.003
2022-12-24:01,19,14,0.024,0.013,0.4,0.003
2022-12-23:24,19,12,0.023,0.015,0.5,0.003
2022-12-23:23,19,17,0.024,0.014,0.4,0.002
2022-12-23:22,19,16,0.027,0.012,0.4,0.002
2022-12-23:21,19,15,0.025,0.014,0.4,0.003
2022-12-23:20,23,19,0.026,0.014,0.4,0.002
2022-12-23:19,24,17,0.026,0.014,0.4,0.003
2022-12-23:18,26,19,0.027,0.013,0.4,0.002
2022-12-23:17,25,16,0.028,0.012,0.4,0.003
2022-12-23:16,21,15,0.031,0.01,0.4,0.002
2022-12-23:15,19,13,0.03,0.011,0.4,0.002
2022-12-23:14,23,13,0.029,0.01,0.4,0.003
2022-12-23:13,20,13,0.029,0.01,0.4,0.003
2022-12-23:12,20,11,0.029,0.009,0.4,0.003
2022-12-23:11,15,8,0.027,0.011,0.4,0.002
2022-12-23:10,14,5,0.024,0.012,0.4,0.002
2022-12-23:09,16,7,0.023,0.014,0.3,0.002
2022-12-23:08,16,12,0.023,0.016,0.3,0.002
2022-12-23:07,17,13,0.022,0.015,0.3,0.002
2022-12-23:06,21,12,0.027,0.009,0.3,0.002
2022-12-23:05,19,10,0.03,0.007,0.3,0.002
2022-12-23:04,20,13,0.029,0.006,0.3,0.002
2022-12-23:03,19,13,0.03,0.006,0.3,0.002
2022-12-23:02,22,15,0.03,0.006,0.3,0.003
2022-12-23:01,26,19,0.028,0.007,0.4,0.003
2022-12-22:24,26,19,0.027,0.007,0.4,0.003
2022-12-22:23,25,17,0.027,0.008,0.4,0.003
2022-12-22:22,25,19,0.028,0.007,0.3,0.003
2022-12-22:21,25,19,0.027,0.009,0.4,0.003
2022-12-22:20,22,18,0.024,0.012,0.4,0.003
2022-12-22:19,20,13,0.021,0.015,0.4,0.003
2022-12-22:18,21,13,0.022,0.015,0.4,0.003
2022-12-22:17,21,12,0.023,0.015,0.4,0.003
2022-12-22:16,19,14,0.025,0.011,0.3,0.003
2022-12-22:15,19,12,0.026,0.01,0.3,0.003
2022-12-22:14,,,,,,
2022-12-22:13,,,,,,
2022-12-22:12,28,20,0.026,0.013,0.4,0.003
2022-12-22:11,28,19,0.022,0.016,0.4,0.003
2022-12-22:10,24,20,0.019,0.017,0.4,0.003
2022-12-22:09,25,17,0.016,0.019,0.4,0.003
2022-12-22:08,22,21,0.018,0.017,0.4,0.003
2022-12-22:07,26,18,0.014,0.021,0.4,0.003
2022-12-22:06,30,18,0.022,0.013,0.4,0.003
2022-12-22:05,29,17,0.025,0.01,0.4,0.003
2022-12-22:04,28,15,0.028,0.01,0.4,0.003
2022-12-22:03,42,17,0.029,0.01,0.4,0.003
2022-12-22:02,65,20,0.029,0.009,0.4,0.003
2022-12-22:01,80,23,0.023,0.017,0.4,0.003
2022-12-21:24,81,30,0.029,0.011,0.5,0.003
2022-12-21:23,75,32,0.031,0.011,0.5,0.003
2022-12-21:22,57,34,0.029,0.012,0.6,0.003
2022-12-21:21,53,34,0.023,0.017,0.6,0.003
2022-12-21:20,76,54,0.007,0.041,0.7,0.003
2022-12-21:19,76,59,0.002,0.056,1.2,0.004
2022-12-21:18,71,54,0.003,0.052,1.1,0.004
2022-12-21:17,64,50,0.003,0.055,1.2,0.004
2022-12-21:16,54,42,0.004,0.05,1.1,0.004
2022-12-21:15,46,34,0.006,0.044,0.8,0.003
2022-12-21:14,43,33,0.005,0.041,0.7,0.003
2022-12-21:13,42,30,0.004,0.04,0.7,0.003
2022-12-21:12,37,30,0.007,0.035,0.6,0.003
2022-12-21:11,35,23,0.007,0.034,0.6,0.003
2022-12-21:10,29,22,0.004,0.038,0.6,0.003
2022-12-21:09,24,22,0.004,0.038,0.5,0.003
2022-12-21:08,25,25,0.007,0.033,0.5,0.003
2022-12-21:07,26,21,0.009,0.03,0.5,0.003
2022-12-21:06,29,21,0.013,0.028,0.5,0.003
2022-12-21:05,33,21,0.014,0.027,0.4,0.003
2022-12-21:04,26,21,0.015,0.026,0.4,0.003
2022-12-21:03,26,26,0.013,0.028,0.5,0.003
2022-12-21:02,28,26,0.01,0.034,0.5,0.003
2022-12-21:01,30,26,0.005,0.042,0.5,0.003
2022-12-20:24,31,28,0.003,0.044,0.5,0.003
2022-12-20:23,32,28,0.003,0.043,0.6,0.003
2022-12-20:22,31,28,0.004,0.041,0.5,0.003
2022-12-20:21,38,36,0.002,0.046,0.6,0.003
2022-12-20:20,41,33,0.002,0.047,0.7,0.003
2022-12-20:19,35,29,0.002,0.047,0.8,0.004
2022-12-20:18,36,26,0.002,0.048,0.8,0.004
2022-12-20:17,33,26,0.007,0.042,0.6,0.003
2022-12-20:16,31,22,0.013,0.035,0.5,0.004
2022-12-20:15,27,20,0.018,0.029,0.5,0.004
2022-12-20:14,30,23,0.019,0.028,0.5,0.004
2022-12-20:13,35,24,0.016,0.033,0.6,0.004
2022-12-20:12,46,32,0.01,0.042,0.8,0.004
2022-12-20:11,39,29,0.007,0.044,0.9,0.004
2022-12-20:10,35,23,0.005,0.042,0.8,0.004
2022-12-20:09,35,24,0.003,0.045,0.8,0.004
2022-12-20:08,36,26,0.002,0.046,0.8,0.004
2022-12-20:07,35,23,0.002,0.04,0.7,0.003
2022-12-20:06,34,21,0.005,0.038,0.6,0.003
2022-12-20:05,26,20,0.002,0.043,0.7,0.003
2022-12-20:04,29,21,0.002,0.045,0.7,0.003
2022-12-20:03,18,13,0.011,0.034,0.7,0.003
2022-12-20:02,20,15,0.019,0.023,0.4,0.003
2022-12-20:01,24,17,0.014,0.028,0.4,0.003
2022-12-19:24,23,17,0.019,0.022,0.5,0.003
2022-12-19:23,25,15,0.014,0.029,0.5,0.003
2022-12-19:22,27,18,0.012,0.029,0.5,0.003
2022-12-19:21,27,18,0.011,0.031,0.5,0.003
2022-12-19:20,29,20,0.014,0.027,0.5,0.003
2022-12-19:19,31,19,0.018,0.024,0.5,0.003
2022-12-19:18,23,14,0.019,0.024,0.5,0.003
2022-12-19:17,22,14,0.022,0.02,0.4,0.003
2022-12-19:16,26,15,0.023,0.02,0.4,0.003
2022-12-19:15,25,16,0.022,0.019,0.4,0.004
2022-12-19:14,26,17,0.02,0.023,0.4,0.004
2022-12-19:13,21,12,0.021,0.021,0.5,0.004
2022-12-19:12,27,19,0.012,0.033,0.6,0.004
2022-12-19:11,26,18,0.006,0.045,0.8,0.004
2022-12-19:10,18,10,0.005,0.045,0.8,0.004
2022-12-19:09,19,11,0.003,0.046,0.7,0.003
2022-12-19:08,19,13,0.002,0.044,0.6,0.003
2022-12-19:07,17,12,0.002,0.041,0.6,0.003
2022-12-19:06,13,10,0.002,0.039,0.7,0.003
2022-12-19:05,14,8,0.013,0.025,0.5,0.003
2022-12-19:04,14,11,0.023,0.014,0.4,0.003
2022-12-19:03,11,9,0.022,0.014,0.4,0.003
2022-12-19:02,13,9,0.024,0.013,0.4,0.003
2022-12-19:01,18,11,0.022,0.015,0.4,0.003
2022-12-18:24,11,6,0.023,0.013,0.4,0.003
2022-12-18:23,17,8,0.024,0.015,0.4,0.003
2022-12-18:22,12,5,0.028,0.011,0.3,0.003
2022-12-18:21,16,10,0.029,0.011,0.3,0.003
2022-12-18:20,16,9,0.029,0.009,0.3,0.003
2022-12-18:19,18,11,0.026,0.013,0.3,0.003
2022-12-18:18,20,11,0.028,0.011,0.3,0.003
2022-12-18:17,21,11,0.031,0.008,0.3,0.003
2022-12-18:16,24,13,0.032,0.008,0.3,0.003
2022-12-18:15,25,12,0.031,0.008,0.3,0.003
2022-12-18:14,26,11,0.03,0.008,0.4,0.003
2022-12-18:13,20,9,0.03,0.008,0.4,0.003
2022-12-18:12,20,12,0.029,0.008,0.3,0.003
2022-12-18:11,15,5,0.027,0.01,0.4,0.003
2022-12-18:10,13,2,0.026,0.01,0.4,0.003
2022-12-18:09,18,8,0.023,0.014,0.4,0.003
2022-12-18:08,15,5,0.025,0.011,0.3,0.003
2022-12-18:07,17,5,0.028,0.007,0.3,0.003
2022-12-18:06,15,8,0.029,0.007,0.3,0.003
2022-12-18:05,18,9,0.028,0.007,0.4,0.003
2022-12-18:04,19,12,0.028,0.007,0.4,0.003
2022-12-18:03,18,12,0.029,0.006,0.3,0.003
2022-12-18:02,14,9,0.028,0.008,0.3,0.003
2022-12-18:01,18,12,0.024,0.013,0.3,0.003
2022-12-17:24,10,9,0.025,0.013,0.4,0.003
2022-12-17:23,17,11,0.027,0.011,0.3,0.003
2022-12-17:22,16,13,0.028,0.01,0.4,0.003
2022-12-17:21,22,17,0.026,0.011,0.4,0.003
2022-12-17:20,22,19,0.027,0.011,0.4,0.003
2022-12-17:19,27,20,0.025,0.012,0.5,0.003
2022-12-17:18,28,21,0.028,0.012,0.5,0.004
2022-12-17:17,30,18,0.03,0.011,0.4,0.004
2022-12-17:16,27,19,0.031,0.009,0.4,0.004
2022-12-17:15,27,17,0.032,0.008,0.4,0.004
2022-12-17:14,22,13,0.032,0.008,0.4,0.004
2022-12-17:13,22,13,0.032,0.008,0.4,0.004
2022-12-17:12,16,9,0.028,0.013,0.4,0.003
2022-12-17:11,10,5,0.025,0.016,0.4,0.003
2022-12-17:10,13,6,0.021,0.02,0.4,0.003
2022-12-17:09,19,11,0.023,0.017,0.4,0.003
2022-12-17:08,30,15,0.022,0.018,0.4,0.003
2022-12-17:07,27,21,0.018,0.021,0.5,0.003
2022-12-17:06,37,26,0.012,0.026,0.5,0.003
2022-12-17:05,34,23,0.007,0.033,0.6,0.003
2022-12-17:04,30,25,0.006,0.034,0.6,0.003
2022-12-17:03,33,26,0.014,0.024,0.5,0.003
2022-12-17:02,33,27,0.015,0.023,0.5,0.003
2022-12-17:01,31,24,0.01,0.03,0.6,0.003
2022-12-16:24,31,25,0.013,0.026,0.5,0.003
2022-12-16:23,27,17,0.022,0.018,0.4,0.003
2022-12-16:22,25,15,0.02,0.019,0.4,0.003
2022-12-16:21,24,17,0.02,0.02,0.4,0.003
2022-12-16:20,26,19,0.014,0.027,0.5,0.003
2022-12-16:19,31,23,0.01,0.034,0.5,0.003
2022-12-16:18,25,23,0.012,0.033,0.5,0.003
2022-12-16:17,23,15,0.019,0.023,0.4,0.003
2022-12-16:16,23,17,0.024,0.02,0.4,0.003
2022-12-16:15,28,22,0.024,0.02,0.4,0.003
2022-12-16:14,33,24,0.018,0.028,0.6,0.004
2022-12-16:13,32,26,0.016,0.029,0.6,0.004
2022-12-16:12,33,23,0.016,0.027,0.6,0.004
2022-12-16:11,33,22,0.015,0.025,0.6,0.004
2022-12-16:10,32,20,0.011,0.029,0.7,0.004
2022-12-16:09,25,16,0.008,0.031,0.6,0.003
2022-12-16:08,30,22,0.005,0.034,0.6,0.003
2022-12-16:07,33,22,0.007,0.031,0.6,0.003
2022-12-16:06,40,24,0.016,0.018,0.6,0.003
2022-12-16:05,39,26,0.019,0.015,0.5,0.003
2022-12-16:04,38,25,0.019,0.015,0.6,0.003
2022-12-16:03,39,26,0.023,0.012,0.5,0.003
2022-12-16:02,38,25,0.02,0.016,0.5,0.003
2022-12-16:01,38,24,0.014,0.022,0.5,0.003
2022-12-15:24,35,24,0.02,0.015,0.5,0.003
2022-12-15:23,38,25,0.017,0.018,0.5,0.003
2022-12-15:22,43,30,0.01,0.026,0.5,0.003
2022-12-15:21,41,28,0.006,0.033,0.6,0.003
2022-12-15:20,41,31,0.002,0.041,0.7,0.003
2022-12-15:19,43,33,0.002,0.037,0.6,0.003
2022-12-15:18,44,32,0.002,0.042,0.8,0.003
2022-12-15:17,40,32,0.002,0.041,0.7,0.003
2022-12-15:16,35,28,0.002,0.041,0.7,0.003
2022-12-15:15,36,25,0.002,0.039,0.6,0.003
2022-12-15:14,38,26,0.003,0.04,0.6,0.003
2022-12-15:13,35,23,0.005,0.034,0.6,0.003
2022-12-15:12,34,21,0.008,0.031,0.5,0.003
2022-12-15:11,35,21,0.006,0.032,0.6,0.003
2022-12-15:10,34,20,0.004,0.036,0.6,0.003
2022-12-15:09,30,19,0.002,0.037,0.6,0.003
2022-12-15:08,26,16,0.002,0.034,0.5,0.003
2022-12-15:07,25,15,0.003,0.033,0.5,0.003
2022-12-15:06,26,15,0.007,0.028,0.5,0.003
2022-12-15:05,24,15,0.008,0.027,0.4,0.003
2022-12-15:04,24,15,0.009,0.027,0.4,0.003
2022-12-15:03,25,14,0.011,0.026,0.4,0.003
2022-12-15:02,26,12,0.007,0.03,0.5,0.003
2022-12-15:01,22,12,0.006,0.032,0.5,0.003
2022-12-14:24,21,12,0.015,0.023,0.4,0.003
2022-12-14:23,23,16,0.018,0.019,0.4,0.003
2022-12-14:22,22,14,0.019,0.019,0.4,0.003
2022-12-14:21,24,14,0.021,0.016,0.4,0.003
2022-12-14:20,28,17,0.02,0.018,0.4,0.003
2022-12-14:19,31,16,0.023,0.015,0.4,0.003
2022-12-14:18,30,17,0.025,0.012,0.4,0.003
2022-12-14:17,32,12,0.024,0.014,0.4,0.003
2022-12-14:16,30,15,0.027,0.01,0.4,0.003
2022-12-14:15,35,13,0.027,0.01,0.4,0.003
2022-12-14:14,42,16,0.027,0.01,0.4,0.003
2022-12-14:13,49,15,0.025,0.009,0.4,0.003
2022-12-14:12,54,16,0.025,0.009,0.4,0.003
2022-12-14:11,60,12,0.023,0.01,0.3,0.003
2022-12-14:10,62,13,0.023,0.01,0.3,0.003
2022-12-14:09,66,10,0.02,0.013,0.4,0.003
2022-12-14:08,63,13,0.019,0.013,0.3,0.003
2022-12-14:07,64,15,0.021,0.012,0.3,0.003
2022-12-14:06,60,12,0.024,0.008,0.3,0.003
2022-12-14:05,58,13,0.025,0.006,0.3,0.003
2022-12-14:04,59,11,0.027,0.005,0.3,0.003
2022-12-14:03,75,14,0.028,0.006,0.3,0.003
2022-12-14:02,78,12,0.027,0.006,0.3,0.003
2022-12-14:01,62,13,0.026,0.009,0.3,0.003
2022-12-13:24,47,16,0.029,0.007,0.3,0.003
2022-12-13:23,51,18,0.028,0.008,0.3,0.003
2022-12-13:22,48,17,0.029,0.008,0.3,0.003
2022-12-13:21,57,18,0.032,0.008,0.3,0.002
2022-12-13:20,73,23,0.031,0.011,0.3,0.003
2022-12-13:19,76,26,0.027,0.014,0.4,0.002
2022-12-13:18,103,33,0.021,0.02,0.4,0.003
2022-12-13:17,142,39,0.019,0.023,0.4,0.003
2022-12-13:16,182,44,0.023,0.019,0.4,0.003
2022-12-13:15,259,55,0.026,0.016,0.4,0.003
2022-12-13:14,298,57,0.028,0.013,0.4,0.003
2022-12-13:13,329,65,0.026,0.016,0.4,0.003
2022-12-13:12,344,66,0.022,0.018,0.5,0.003
2022-12-13:11,385,68,0.02,0.019,0.5,0.003
2022-12-13:10,363,62,0.018,0.02,0.5,0.003
2022-12-13:09,292,55,0.014,0.023,0.5,0.003
2022-12-13:08,267,52,0.018,0.019,0.4,0.003
2022-12-13:07,241,51,0.023,0.013,0.4,0.003
2022-12-13:06,267,56,0.026,0.012,0.4,0.003
2022-12-13:05,305,62,0.028,0.011,0.4,0.003
2022-12-13:04,285,59,0.031,0.01,0.3,0.003
2022-12-13:03,184,44,0.027,0.013,0.4,0.003
2022-12-13:02,147,36,0.02,0.019,0.4,0.003
2022-12-13:01,76,28,0.02,0.02,0.4,0.003
2022-12-12:24,23,20,0.002,0.042,0.9,0.004
2022-12-12:23,19,17,0.002,0.044,0.9,0.004
2022-12-12:22,18,18,0.001,0.042,0.9,0.003
2022-12-12:21,17,13,0.003,0.039,0.5,0.003
2022-12-12:20,12,,0.006,0.035,0.5,0.003
2022-12-12:19,21,20,0.009,0.033,0.6,0.003
2022-12-12:18,21,15,0.013,0.03,0.5,0.003
2022-12-12:17,27,20,0.016,0.03,0.5,0.004
2022-12-12:16,28,23,0.005,0.046,0.6,0.005
2022-12-12:15,35,22,0.016,0.032,0.5,0.004
2022-12-12:14,43,30,0.015,0.035,0.6,0.005
2022-12-12:13,49,33,0.008,0.047,0.8,0.005
2022-12-12:12,50,37,0.005,0.051,1,0.005
2022-12-12:11,48,33,0.004,0.048,0.9,0.004
2022-12-12:10,40,29,0.004,0.047,0.9,0.004
2022-12-12:09,35,30,0.002,0.048,1,0.004
2022-12-12:08,34,26,0.002,0.045,0.9,0.004
2022-12-12:07,33,25,0.002,0.043,0.8,0.003
2022-12-12:06,37,26,0.002,0.043,0.7,0.003
2022-12-12:05,34,26,0.002,0.044,0.7,0.003
2022-12-12:04,36,28,0.002,0.044,0.7,0.003
2022-12-12:03,39,28,0.002,0.049,0.9,0.003
2022-12-12:02,38,28,0.002,0.053,1,0.004
2022-12-12:01,39,30,0.002,0.054,1,0.004
2022-12-11:24,36,31,0.002,0.049,1.1,0.003
2022-12-11:23,34,28,0.002,0.049,0.9,0.003
2022-12-11:22,33,26,0.002,0.051,0.9,0.003
2022-12-11:21,32,23,0.014,0.033,0.6,0.003
2022-12-11:20,31,23,0.026,0.019,0.5,0.003
2022-12-11:19,31,22,0.03,0.017,0.5,0.003
2022-12-11:18,33,24,0.029,0.018,0.5,0.004
2022-12-11:17,31,19,0.033,0.016,0.4,0.004
2022-12-11:16,26,18,0.036,0.013,0.4,0.004
2022-12-11:15,33,22,0.037,0.011,0.4,0.004
2022-12-11:14,42,28,0.033,0.013,0.5,0.004
2022-12-11:13,50,31,0.029,0.016,0.6,0.005
2022-12-11:12,57,38,0.022,0.023,0.7,0.005
2022-12-11:11,53,32,0.018,0.026,0.7,0.005
2022-12-11:10,48,31,0.017,0.023,0.7,0.005
2022-12-11:09,51,34,0.011,0.028,0.8,0.005
2022-12-11:08,55,40,0.003,0.039,0.9,0.004
2022-12-11:07,55,40,0.004,0.036,0.9,0.004
2022-12-11:06,50,32,0.005,0.035,0.8,0.004
2022-12-11:05,42,31,0.003,0.04,0.8,0.003
2022-12-11:04,43,32,0.003,0.04,0.8,0.003
2022-12-11:03,39,30,0.003,0.042,0.8,0.003
2022-12-11:02,36,28,0.003,0.044,0.7,0.004
2022-12-11:01,34,25,0.016,0.026,0.7,0.004
2022-12-10:24,35,25,0.006,0.042,0.8,0.004
2022-12-10:23,35,26,0.012,0.035,0.7,0.004
2022-12-10:22,39,27,0.002,0.049,0.9,0.004
2022-12-10:21,39,28,0.002,0.05,0.9,0.005
2022-12-10:20,39,24,0.008,0.04,0.7,0.004
2022-12-10:19,40,24,0.009,0.039,0.6,0.004
2022-12-10:18,43,26,0.006,0.044,0.7,0.004
2022-12-10:17,39,23,0.01,0.042,0.6,0.004
2022-12-10:16,34,22,0.016,0.036,0.6,0.004
2022-12-10:15,36,25,0.018,0.034,0.5,0.004
2022-12-10:14,27,18,0.026,0.024,0.5,0.004
2022-12-10:13,30,21,0.03,0.018,0.5,0.004
2022-12-10:12,33,19,0.022,0.025,0.5,0.004
2022-12-10:11,40,22,0.012,0.037,0.7,0.005
2022-12-10:10,43,29,0.006,0.043,0.8,0.004
2022-12-10:09,38,28,0.004,0.043,0.8,0.004
2022-12-10:08,37,25,0.002,0.047,0.8,0.004
2022-12-10:07,37,22,0.002,0.049,0.9,0.004
2022-12-10:06,38,30,0.002,0.048,0.8,0.004
2022-12-10:05,39,26,0.002,0.049,0.8,0.004
2022-12-10:04,36,26,0.002,0.05,0.8,0.004
2022-12-10:03,36,24,0.002,0.049,0.9,0.004
2022-12-10:02,38,25,0.002,0.05,0.8,0.004
2022-12-10:01,37,25,0.002,0.05,0.8,0.004
2022-12-09:24,36,25,0.004,0.048,0.7,0.004
2022-12-09:23,37,25,0.006,0.044,0.8,0.004
2022-12-09:22,45,33,0.02,0.03,0.7,0.003
2022-12-09:21,55,42,0.021,0.03,0.6,0.003
2022-12-09:20,55,41,0.025,0.029,0.7,0.003
2022-12-09:19,58,38,0.029,0.026,0.8,0.004
2022-12-09:18,53,36,0.032,0.024,0.7,0.004
2022-12-09:17,56,36,0.035,0.022,0.6,0.004
2022-12-09:16,59,41,0.028,0.029,0.6,0.004
2022-12-09:15,67,46,0.024,0.036,0.6,0.005
2022-12-09:14,56,40,0.011,0.051,0.8,0.006
2022-12-09:13,47,33,0.008,0.047,0.8,0.005
2022-12-09:12,41,26,0.006,0.045,0.8,0.004
2022-12-09:11,36,25,0.004,0.046,0.8,0.004
2022-12-09:10,33,20,0.003,0.045,0.8,0.004
2022-12-09:09,28,17,0.002,0.045,0.7,0.004
2022-12-09:08,25,17,0.002,0.044,0.7,0.004
2022-12-09:07,25,14,0.002,0.046,0.7,0.003
2022-12-09:06,20,13,0.001,0.042,0.6,0.004
2022-12-09:05,27,14,0.002,0.041,0.6,0.004
2022-12-09:04,26,16,0.002,0.047,0.8,0.004
2022-12-09:03,30,16,0.002,0.054,0.9,0.004
2022-12-09:02,30,16,0.002,0.058,1,0.004
2022-12-09:01,30,18,0.002,0.055,0.9,0.004
2022-12-08:24,33,18,0.002,0.055,0.9,0.004
2022-12-08:23,27,13,0.002,0.06,1.1,0.004
2022-12-08:22,22,16,0.003,0.053,0.7,0.004
2022-12-08:21,29,19,0.005,0.048,0.8,0.003
2022-12-08:20,35,21,0.008,0.042,0.7,0.003
2022-12-08:19,32,16,0.007,0.045,0.7,0.003
2022-12-08:18,28,12,0.008,0.041,0.6,0.004
2022-12-08:17,24,9,0.022,0.027,0.4,0.003
2022-12-08:16,22,7,0.031,0.018,0.4,0.004
2022-12-08:15,25,11,0.029,0.018,0.4,0.004
2022-12-08:14,33,15,0.019,0.031,0.5,0.004
2022-12-08:13,31,11,0.018,0.031,0.5,0.004
2022-12-08:12,30,11,0.015,0.034,0.6,0.004
2022-12-08:11,34,17,0.009,0.042,0.8,0.004
2022-12-08:10,29,11,0.005,0.047,0.9,0.004
2022-12-08:09,26,10,0.002,0.053,1,0.004
2022-12-08:08,25,12,0.002,0.05,1.2,0.003
2022-12-08:07,24,11,0.002,0.046,0.8,0.003
2022-12-08:06,23,9,0.002,0.042,0.8,0.003
2022-12-08:05,22,11,0.002,0.039,0.6,0.003
2022-12-08:04,24,7,0.006,0.033,0.6,0.003
2022-12-08:03,25,10,0.006,0.035,0.6,0.003
2022-12-08:02,28,8,0.013,0.029,0.5,0.003
2022-12-08:01,27,9,0.021,0.02,0.4,0.003
2022-12-07:24,25,9,0.018,0.025,0.5,0.003
2022-12-07:23,25,7,0.026,0.017,0.4,0.003
2022-12-07:22,26,7,0.028,0.016,0.4,0.003
2022-12-07:21,29,12,0.022,0.024,0.4,0.003
2022-12-07:20,31,12,0.02,0.027,0.5,0.003
2022-12-07:19,33,12,0.021,0.027,0.5,0.003
2022-12-07:18,40,17,0.023,0.025,0.5,0.003
2022-12-07:17,49,26,0.029,0.019,0.5,0.003
2022-12-07:16,47,24,0.028,0.02,0.5,0.004
2022-12-07:15,42,18,0.029,0.017,0.5,0.003
2022-12-07:14,38,15,0.033,0.013,0.4,0.003
2022-12-07:13,41,16,0.025,0.021,0.5,0.004
2022-12-07:12,,,,,,
2022-12-07:11,,,,,,
2022-12-07:10,,12,0.013,0.031,0.6,0.004
2022-12-07:09,,13,0.012,0.029,0.5,0.003
2022-12-07:08,,17,0.012,0.028,0.5,0.003
2022-12-07:07,,19,0.015,0.022,0.5,0.003
2022-12-07:06,,20,0.018,0.02,0.5,0.003
2022-12-07:05,,21,0.014,0.024,0.5,0.003
2022-12-07:04,,21,0.009,0.031,0.5,0.003
2022-12-07:03,,14,0.009,0.033,0.5,0.003
2022-12-07:02,,15,0.002,0.049,0.8,0.004
2022-12-07:01,,10,0.002,0.047,0.7,0.004
2022-12-06:24,23,11,0.002,0.048,0.7,0.003
2022-12-06:23,20,10,0.008,0.038,0.5,0.003
2022-12-06:22,19,10,0.023,0.02,0.4,0.003
2022-12-06:21,22,14,0.024,0.02,0.4,0.003
2022-12-06:20,24,17,0.017,0.028,0.5,0.003
2022-12-06:19,24,13,0.016,0.03,0.5,0.003
2022-12-06:18,22,11,0.023,0.024,0.4,0.003
2022-12-06:17,20,9,0.028,0.017,0.4,0.003
2022-12-06:16,21,9,0.031,0.014,0.3,0.003
2022-12-06:15,29,18,0.031,0.014,0.4,0.003
2022-12-06:14,32,23,0.019,0.028,0.5,0.004
2022-12-06:13,31,20,0.014,0.032,0.6,0.004
2022-12-06:12,31,18,0.012,0.033,0.6,0.004
2022-12-06:11,31,21,0.006,0.038,0.7,0.003
2022-12-06:10,30,20,0.004,0.042,0.6,0.003
2022-12-06:09,28,18,0.003,0.042,0.7,0.003
2022-12-06:08,25,19,0.002,0.046,0.7,0.004
2022-12-06:07,27,19,0.002,0.044,0.6,0.003
2022-12-06:06,29,19,0.002,0.045,0.6,0.003
2022-12-06:05,32,18,0.002,0.047,0.7,0.003
2022-12-06:04,29,20,0.002,0.047,0.7,0.003
2022-12-06:03,30,20,0.002,0.051,0.8,0.003
2022-12-06:02,28,19,0.002,0.052,0.9,0.004
2022-12-06:01,28,18,0.002,0.049,0.8,0.003
2022-12-05:24,25,17,0.002,0.048,0.7,0.003
2022-12-05:23,26,19,0.003,0.044,0.6,0.003
2022-12-05:22,30,17,0.003,0.042,0.6,0.003
2022-12-05:21,30,16,0.005,0.038,0.6,0.003
2022-12-05:20,26,15,0.008,0.035,0.5,0.003
2022-12-05:19,26,16,0.012,0.029,0.5,0.003
2022-12-05:18,24,13,0.016,0.027,0.4,0.003
2022-12-05:17,19,10,0.023,0.019,0.4,0.003
2022-12-05:16,16,9,0.029,0.014,0.4,0.003
2022-12-05:15,9,5,0.027,0.015,0.4,0.003
2022-12-05:14,19,12,0.025,0.014,0.4,0.003
2022-12-05:13,22,14,0.023,0.017,0.4,0.004
2022-12-05:12,21,14,0.021,0.017,0.4,0.003
2022-12-05:11,18,9,0.014,0.025,0.5,0.004
2022-12-05:10,18,7,0.015,0.023,0.5,0.003
2022-12-05:09,18,9,0.012,0.028,0.5,0.003
2022-12-05:08,18,15,0.015,0.024,0.4,0.003
2022-12-05:07,19,13,0.021,0.017,0.4,0.003
2022-12-05:06,11,7,0.026,0.01,0.3,0.003
2022-12-05:05,15,9,0.027,0.009,0.3,0.003
2022-12-05:04,12,9,0.025,0.008,0.3,0.003
2022-12-05:03,17,10,0.026,0.007,0.3,0.003
2022-12-05:02,16,11,0.026,0.007,0.3,0.003
2022-12-05:01,21,12,0.026,0.008,0.3,0.003
2022-12-04:24,25,11,0.024,0.01,0.4,0.003
2022-12-04:23,22,13,0.023,0.012,0.4,0.003
2022-12-04:22,20,13,0.023,0.012,0.4,0.003
2022-12-04:21,20,10,0.022,0.014,0.4,0.003
2022-12-04:20,22,11,0.021,0.016,0.4,0.003
2022-12-04:19,16,9,0.024,0.014,0.3,0.003
2022-12-04:18,20,9,0.025,0.014,0.3,0.003
2022-12-04:17,18,8,0.027,0.013,0.3,0.003
2022-12-04:16,18,7,0.026,0.013,0.3,0.003
2022-12-04:15,11,7,0.029,0.011,0.3,0.003
2022-12-04:14,9,4,0.032,0.007,0.4,0.003
2022-12-04:13,10,2,0.032,0.006,0.3,0.003
2022-12-04:12,13,4,0.031,0.008,0.3,0.003
2022-12-04:11,10,1,0.03,0.007,0.3,0.003
2022-12-04:10,11,1,0.03,0.008,0.3,0.003
2022-12-04:09,7,1,0.03,0.009,0.3,0.003
2022-12-04:08,7,6,0.031,0.007,0.3,0.003
2022-12-04:07,10,5,0.032,0.006,0.3,0.003
2022-12-04:06,13,8,0.031,0.006,0.3,0.003
2022-12-04:05,14,9,0.029,0.007,0.3,0.003
2022-12-04:04,14,7,0.031,0.006,0.3,0.003
2022-12-04:03,25,9,0.031,0.007,0.3,0.003
2022-12-04:02,25,14,0.03,0.006,0.3,0.003
2022-12-04:01,54,33,0.029,0.007,0.4,0.003
2022-12-03:24,66,38,0.024,0.011,0.5,0.003
2022-12-03:23,59,41,0.024,0.011,0.6,0.003
2022-12-03:22,54,40,0.023,0.011,0.5,0.003
2022-12-03:21,50,39,0.02,0.019,0.5,0.003
2022-12-03:20,53,39,0.014,0.027,0.6,0.003
2022-12-03:19,50,41,0.012,0.031,0.7,0.003
2022-12-03:18,50,40,0.021,0.022,0.6,0.003
2022-12-03:17,49,36,0.022,0.022,0.6,0.003
2022-12-03:16,44,29,0.019,0.025,0.5,0.003
2022-12-03:15,35,26,0.025,0.02,0.5,0.003
2022-12-03:14,32,27,0.013,0.032,0.6,0.004
2022-12-03:13,29,21,0.011,0.031,0.6,0.004
2022-12-03:12,29,24,0.009,0.031,0.6,0.003
2022-12-03:11,24,18,0.007,0.034,0.5,0.003
2022-12-03:10,22,16,0.005,0.035,0.5,0.003
2022-12-03:09,20,12,0.004,0.034,0.5,0.003
2022-12-03:08,20,15,0.004,0.034,0.4,0.003
2022-12-03:07,20,14,0.006,0.031,0.4,0.003
2022-12-03:06,20,18,0.008,0.032,0.4,0.003
2022-12-03:05,18,16,0.007,0.032,0.4,0.003
2022-12-03:04,24,17,0.005,0.037,0.4,0.003
2022-12-03:03,21,14,0.003,0.04,0.5,0.003
2022-12-03:02,24,15,0.002,0.04,0.5,0.004
2022-12-03:01,23,14,0.002,0.044,0.6,0.004
2022-12-02:24,32,18,0.002,0.049,0.6,0.004
2022-12-02:23,29,17,0.002,0.048,0.7,0.004
2022-12-02:22,28,15,0.002,0.05,0.7,0.004
2022-12-02:21,27,18,0.002,0.049,0.7,0.004
2022-12-02:20,25,12,0.002,0.048,0.7,0.004
2022-12-02:19,21,10,0.006,0.041,0.6,0.004
2022-12-02:18,22,12,0.008,0.036,0.5,0.004
2022-12-02:17,22,10,0.011,0.036,0.5,0.004
2022-12-02:16,20,12,0.016,0.03,0.5,0.004
2022-12-02:15,22,14,0.016,0.029,0.5,0.004
2022-12-02:14,17,10,0.018,0.026,0.5,0.004
2022-12-02:13,25,13,0.019,0.025,0.5,0.004
2022-12-02:12,26,11,0.016,0.027,0.5,0.004
2022-12-02:11,22,9,0.014,0.029,0.5,0.004
2022-12-02:10,7,4,0.012,0.031,0.5,0.004
2022-12-02:09,14,6,0.009,0.033,0.5,0.004
2022-12-02:08,16,10,0.014,0.025,0.4,0.003
2022-12-02:07,18,9,0.01,0.027,0.4,0.004
2022-12-02:06,18,10,0.015,0.022,0.4,0.003
2022-12-02:05,15,8,0.019,0.017,0.4,0.003
2022-12-02:04,19,12,0.023,0.014,0.4,0.003
2022-12-02:03,16,9,0.023,0.015,0.4,0.003
2022-12-02:02,19,10,0.024,0.015,0.4,0.004
2022-12-02:01,22,11,0.026,0.012,0.4,0.003
2022-12-01:24,24,14,0.024,0.014,0.4,0.003
2022-12-01:23,23,11,0.023,0.015,0.4,0.004
2022-12-01:22,24,12,0.026,0.013,0.4,0.003
2022-12-01:21,33,18,0.023,0.014,0.4,0.004
2022-12-01:20,30,18,0.017,0.021,0.5,0.004
2022-12-01:19,36,22,0.018,0.022,0.5,0.004
2022-12-01:18,37,21,0.021,0.018,0.5,0.004
2022-12-01:17,19,13,0.025,0.015,0.4,0.004
2022-12-01:16,19,14,0.026,0.011,0.4,0.004
2022-12-01:15,26,14,0.028,0.01,0.3,0.004
2022-12-01:14,13,9,0.027,0.01,0.3,0.004
2022-12-01:13,19,10,0.028,0.01,0.3,0.003
2022-12-01:12,20,9,0.022,0.015,0.4,0.003
2022-12-01:11,21,9,0.017,0.02,0.4,0.004
2022-12-01:10,20,5,0.014,0.023,0.4,0.004
2022-12-01:09,17,6,0.012,0.024,0.4,0.004
2022-12-01:08,18,9,0.011,0.023,0.4,0.003
2022-12-01:07,14,7,0.017,0.018,0.4,0.003
2022-12-01:06,13,8,0.024,0.01,0.3,0.003
2022-12-01:05,15,9,0.022,0.011,0.3,0.003
2022-12-01:04,17,7,0.023,0.01,0.3,0.003
2022-12-01:03,16,9,0.024,0.009,0.3,0.003
2022-12-01:02,16,8,0.024,0.01,0.3,0.003
2022-12-01:01,17,10,0.025,0.007,0.3,0.003
2022-11-30:24,18,13,0.023,0.009,0.3,0.003
2022-11-30:23,23,16,0.023,0.01,0.3,0.003
2022-11-30:22,21,15,0.023,0.008,0.3,0.003
2022-11-30:21,15,7,0.022,0.012,0.3,0.003
2022-11-30:20,19,14,0.022,0.013,0.4,0.003
2022-11-30:19,18,9,0.02,0.016,0.4,0.003
2022-11-30:18,23,8,0.02,0.016,0.4,0.003
2022-11-30:17,24,10,0.023,0.012,0.4,0.003
2022-11-30:16,22,9,0.024,0.009,0.3,0.003
2022-11-30:15,30,15,0.023,0.009,0.3,0.003
2022-11-30:14,,,,,,
2022-11-30:13,,,,,,
2022-11-30:12,,,,,,
2022-11-30:11,43,12,0.024,0.009,0.3,0.003
2022-11-30:10,43,8,0.021,0.01,0.3,0.003
2022-11-30:09,37,5,0.02,0.011,0.3,0.003
2022-11-30:08,30,7,0.021,0.011,0.3,0.004
2022-11-30:07,18,6,0.024,0.009,0.3,0.003
2022-11-30:06,17,7,0.025,0.008,0.3,0.003
2022-11-30:05,21,7,0.026,0.006,0.3,0.003
2022-11-30:04,22,10,0.026,0.006,0.3,0.003
2022-11-30:03,24,10,0.027,0.005,0.3,0.003
2022-11-30:02,19,8,0.029,0.004,0.3,0.003
2022-11-30:01,17,5,0.03,0.006,0.3,0.003
2022-11-29:24,14,5,0.031,0.006,0.3,0.003
2022-11-29:23,13,7,0.03,0.007,0.3,0.003
2022-11-29:22,19,7,0.029,0.01,0.3,0.003
2022-11-29:21,24,10,0.025,0.011,0.3,0.003
2022-11-29:20,27,13,0.026,0.013,0.3,0.003
2022-11-29:19,30,15,0.027,0.013,0.4,0.003
2022-11-29:18,30,18,0.026,0.015,0.4,0.003
2022-11-29:17,33,17,0.026,0.013,0.4,0.003
2022-11-29:16,38,20,0.027,0.012,0.4,0.003
2022-11-29:15,40,22,0.026,0.01,0.4,0.003
2022-11-29:14,42,19,0.023,0.01,0.5,0.004
2022-11-29:13,36,16,0.019,0.012,0.5,0.003
2022-11-29:12,26,11,0.02,0.013,0.5,0.003
2022-11-29:11,20,10,0.021,0.015,0.5,0.003
2022-11-29:10,13,8,0.022,0.014,0.5,0.003
2022-11-29:09,11,7,0.024,0.011,0.5,0.003
2022-11-29:08,11,4,0.019,0.015,0.5,0.003
2022-11-29:07,6,3,0.016,0.022,0.5,0.003
2022-11-29:06,6,1,0.029,0.012,0.4,0.003
2022-11-29:05,3,2,0.033,0.007,0.4,0.004
2022-11-29:04,6,3,0.028,0.007,0.4,0.003
2022-11-29:03,15,9,0.017,0.018,0.5,0.003
2022-11-29:02,22,15,0.002,0.043,1.1,0.003
2022-11-29:01,23,19,0.002,0.045,1.1,0.003
2022-11-28:24,29,19,0.002,0.047,1.3,0.003
2022-11-28:23,29,21,0.003,0.046,1.4,0.003
2022-11-28:22,28,20,0.003,0.045,1.1,0.003
2022-11-28:21,31,19,0.002,0.045,0.9,0.003
2022-11-28:20,29,20,0.003,0.048,0.9,0.003
2022-11-28:19,31,17,0.003,0.047,0.7,0.004
2022-11-28:18,35,17,0.002,0.048,0.8,0.003
2022-11-28:17,30,17,0.003,0.048,0.8,0.004
2022-11-28:16,29,15,0.005,0.046,0.8,0.003
2022-11-28:15,34,16,0.006,0.046,0.8,0.004
2022-11-28:14,34,15,0.009,0.041,0.7,0.003
2022-11-28:13,28,11,0.014,0.036,0.6,0.003
2022-11-28:12,25,9,0.015,0.031,0.5,0.004
2022-11-28:11,24,8,0.013,0.031,0.5,0.003
2022-11-28:10,19,8,0.013,0.033,0.5,0.003
2022-11-28:09,24,11,0.008,0.039,0.5,0.003
2022-11-28:08,19,10,0.006,0.036,0.5,0.003
2022-11-28:07,19,10,0.008,0.033,0.4,0.003
2022-11-28:06,17,8,0.015,0.025,0.4,0.003
2022-11-28:05,18,8,0.014,0.023,0.4,0.003
2022-11-28:04,18,11,0.006,0.033,0.5,0.003
2022-11-28:03,18,12,0.004,0.037,0.6,0.003
2022-11-28:02,20,12,0.003,0.041,0.7,0.003
2022-11-28:01,22,13,0.002,0.044,0.8,0.003
2022-11-27:24,23,13,0.002,0.046,0.8,0.003
2022-11-27:23,31,16,0.002,0.048,0.9,0.003
2022-11-27:22,31,19,0.002,0.048,0.9,0.003
2022-11-27:21,28,17,0.003,0.045,0.8,0.003
2022-11-27:20,25,17,0.003,0.047,0.8,0.003
2022-11-27:19,24,13,0.005,0.043,0.7,0.003
2022-11-27:18,20,11,0.017,0.029,0.5,0.003
2022-11-27:17,20,10,0.025,0.021,0.4,0.003
2022-11-27:16,18,6,0.027,0.018,0.4,0.004
2022-11-27:15,17,11,0.027,0.018,0.4,0.003
2022-11-27:14,18,11,0.028,0.015,0.4,0.003
2022-11-27:13,17,8,0.027,0.015,0.4,0.003
2022-11-27:12,17,7,0.025,0.014,0.4,0.003
2022-11-27:11,13,8,0.023,0.013,0.3,0.003
2022-11-27:10,13,8,0.02,0.017,0.4,0.003
2022-11-27:09,13,6,0.014,0.021,0.4,0.003
2022-11-27:08,16,7,0.008,0.026,0.4,0.004
2022-11-27:07,16,10,0.013,0.022,0.4,0.003
2022-11-27:06,18,10,0.017,0.017,0.4,0.003
2022-11-27:05,18,7,0.02,0.014,0.4,0.003
2022-11-27:04,15,9,0.023,0.013,0.4,0.003
2022-11-27:03,13,8,0.023,0.014,0.3,0.003
2022-11-27:02,14,8,0.021,0.015,0.4,0.003
2022-11-27:01,15,6,0.021,0.016,0.3,0.003
2022-11-26:24,16,7,0.02,0.017,0.4,0.004
2022-11-26:23,19,8,0.026,0.011,0.3,0.003
2022-11-26:22,13,6,0.027,0.011,0.3,0.004
2022-11-26:21,17,9,0.031,0.009,0.3,0.004
2022-11-26:20,17,8,0.03,0.01,0.3,0.003
2022-11-26:19,17,7,0.031,0.011,0.3,0.004
2022-11-26:18,27,8,0.033,0.012,0.3,0.004
2022-11-26:17,45,8,0.034,0.01,0.3,0.003
2022-11-26:16,55,6,0.035,0.009,0.3,0.003
2022-11-26:15,59,6,0.036,0.008,0.3,0.004
2022-11-26:14,70,5,0.037,0.008,0.3,0.003
2022-11-26:13,93,5,0.034,0.008,0.3,0.003
2022-11-26:12,107,9,0.033,0.008,0.3,0.003
2022-11-26:11,98,9,0.031,0.009,0.3,0.003
2022-11-26:10,90,16,0.025,0.012,0.4,0.003
2022-11-26:09,81,23,0.024,0.012,0.5,0.003
2022-11-26:08,73,21,0.022,0.017,0.5,0.003
2022-11-26:07,74,30,0.027,0.013,0.5,0.003
2022-11-26:06,70,35,0.024,0.015,0.6,0.003
2022-11-26:05,71,39,0.019,0.018,0.6,0.003
2022-11-26:04,75,41,0.022,0.018,0.6,0.003
2022-11-26:03,74,43,0.029,0.014,0.6,0.003
2022-11-26:02,69,37,0.034,0.011,0.6,0.003
2022-11-26:01,50,26,0.038,0.012,0.5,0.003
2022-11-25:24,43,19,0.039,0.017,0.4,0.003
2022-11-25:23,40,18,0.046,0.013,0.4,0.003
2022-11-25:22,40,23,0.049,0.013,0.4,0.004
2022-11-25:21,44,23,0.048,0.015,0.4,0.003
2022-11-25:20,47,25,0.042,0.021,0.4,0.003
2022-11-25:19,52,23,0.042,0.024,0.5,0.003
2022-11-25:18,51,26,0.045,0.024,0.5,0.003
2022-11-25:17,43,19,0.052,0.016,0.4,0.003
2022-11-25:16,38,20,0.053,0.013,0.4,0.004
2022-11-25:15,39,22,0.05,0.016,0.5,0.003
2022-11-25:14,39,25,0.043,0.02,0.5,0.003
2022-11-25:13,61,40,0.032,0.027,0.6,0.003
2022-11-25:12,74,47,0.017,0.038,0.7,0.003
2022-11-25:11,80,52,0.011,0.041,0.7,0.003
2022-11-25:10,81,55,0.005,0.041,0.8,0.003
2022-11-25:09,74,49,0.003,0.04,0.8,0.003
2022-11-25:08,71,50,0.002,0.038,0.7,0.003
2022-11-25:07,67,47,0.002,0.037,0.7,0.003
2022-11-25:06,65,41,0.002,0.039,0.7,0.003
2022-11-25:05,59,39,0.002,0.04,0.7,0.004
2022-11-25:04,55,37,0.002,0.042,0.8,0.003
2022-11-25:03,58,36,0.003,0.045,0.9,0.003
2022-11-25:02,58,37,0.002,0.048,0.9,0.002
2022-11-25:01,58,36,0.002,0.048,0.9,0.003
2022-11-24:24,60,37,0.002,0.047,0.8,0.003
2022-11-24:23,60,38,0.002,0.053,0.9,0.003
2022-11-24:22,58,35,0.003,0.05,0.9,0.003
2022-11-24:21,55,32,0.004,0.046,0.8,0.004
2022-11-24:20,55,33,0.004,0.047,0.8,0.004
2022-11-24:19,57,32,0.012,0.04,0.7,0.003
2022-11-24:18,57,31,0.013,0.041,0.6,0.003
2022-11-24:17,58,30,0.02,0.036,0.5,0.003
2022-11-24:16,45,25,0.027,0.028,0.5,0.004
2022-11-24:15,49,27,0.03,0.023,0.5,0.003
2022-11-24:14,57,32,0.022,0.032,0.6,0.003
2022-11-24:13,58,31,0.018,0.04,0.7,0.003
2022-11-24:12,57,32,0.012,0.045,0.8,0.003
2022-11-24:11,54,30,0.008,0.044,0.8,0.003
2022-11-24:10,49,30,0.005,0.046,0.9,0.003
2022-11-24:09,42,29,0.004,0.041,0.8,0.003
2022-11-24:08,40,27,0.002,0.041,0.7,0.004
2022-11-24:07,38,25,0.002,0.039,0.7,0.003
2022-11-24:06,37,28,0.009,0.032,0.6,0.002
2022-11-24:05,38,26,0.022,0.019,0.6,0.003
2022-11-24:04,39,23,0.026,0.015,0.5,0.003
2022-11-24:03,38,25,0.026,0.015,0.5,0.003
2022-11-24:02,31,21,0.022,0.019,0.6,0.003
2022-11-24:01,30,21,0.021,0.021,0.6,0.004
2022-11-23:24,30,20,0.021,0.022,0.5,0.004
2022-11-23:23,27,18,0.021,0.023,0.5,0.003
2022-11-23:22,30,16,0.024,0.021,0.5,0.003
2022-11-23:21,29,17,0.028,0.018,0.5,0.003
2022-11-23:20,27,17,0.03,0.017,0.5,0.003
2022-11-23:19,27,12,0.026,0.021,0.5,0.003
2022-11-23:18,33,19,0.031,0.018,0.4,0.003
2022-11-23:17,40,25,0.035,0.015,0.5,0.003
2022-11-23:16,35,19,0.037,0.012,0.5,0.003
2022-11-23:15,29,19,0.04,0.01,0.4,0.003
2022-11-23:14,27,17,0.039,0.013,0.4,0.003
2022-11-23:13,31,20,0.037,0.013,0.4,0.003
2022-11-23:12,47,28,0.027,0.022,0.5,0.004
2022-11-23:11,50,31,0.013,0.037,0.8,0.003
2022-11-23:10,42,24,0.013,0.03,0.7,0.003
2022-11-23:09,40,28,0.009,0.029,0.6,0.003
2022-11-23:08,45,31,0.006,0.03,0.6,0.003
2022-11-23:07,47,32,0.005,0.032,0.6,0.003
2022-11-23:06,43,30,0.006,0.031,0.6,0.004
2022-11-23:05,50,34,0.009,0.031,0.6,0.003
2022-11-23:04,61,38,0.004,0.036,0.6,0.003
2022-11-23:03,62,39,0.003,0.041,0.7,0.003
2022-11-23:02,58,32,0.002,0.043,0.7,0.004
2022-11-23:01,58,35,0.003,0.045,0.7,0.003
2022-11-22:24,51,30,0.003,0.047,0.7,0.003
2022-11-22:23,46,29,0.002,0.049,0.7,0.003
2022-11-22:22,47,31,0.003,0.049,0.8,0.003
2022-11-22:21,46,28,0.002,0.049,0.8,0.003
2022-11-22:20,43,27,0.005,0.047,0.7,0.003
2022-11-22:19,43,24,0.009,0.042,0.7,0.003
2022-11-22:18,38,20,0.018,0.031,0.6,0.004
2022-11-22:17,36,22,0.026,0.026,0.5,0.003
2022-11-22:16,40,22,0.028,0.024,0.5,0.003
2022-11-22:15,42,26,0.029,0.022,0.5,0.003
2022-11-22:14,49,29,0.028,0.024,0.6,0.003
2022-11-22:13,52,36,0.023,0.029,0.6,0.004
2022-11-22:12,54,36,0.024,0.026,0.6,0.003
2022-11-22:11,56,40,0.018,0.032,0.7,0.004
2022-11-22:10,66,45,0.011,0.034,0.7,0.004
2022-11-22:09,64,48,0.005,0.04,0.8,0.003
2022-11-22:08,64,43,0.003,0.038,0.7,0.003
2022-11-22:07,59,45,0.002,0.038,0.7,0.003
2022-11-22:06,58,44,0.003,0.038,0.7,0.003
2022-11-22:05,65,44,0.007,0.036,0.7,0.003
2022-11-22:04,60,43,0.012,0.031,0.7,0.003
2022-11-22:03,52,43,0.007,0.038,0.7,0.003
2022-11-22:02,52,42,0.007,0.038,0.7,0.004
2022-11-22:01,51,37,0.006,0.042,0.7,0.003
2022-11-21:24,48,37,0.005,0.045,0.7,0.003
2022-11-21:23,50,34,0.003,0.047,0.8,0.003
2022-11-21:22,50,36,0.005,0.044,0.8,0.004
2022-11-21:21,45,36,0.018,0.031,0.7,0.003
2022-11-21:20,46,33,0.027,0.024,0.5,0.003
2022-11-21:19,40,28,0.03,0.025,0.6,0.003
2022-11-21:18,38,25,0.038,0.021,0.5,0.003
2022-11-21:17,37,23,0.044,0.016,0.5,0.003
2022-11-21:16,39,26,0.042,0.017,0.5,0.003
2022-11-21:15,37,25,0.04,0.02,0.5,0.004
2022-11-21:14,38,23,0.041,0.021,0.4,0.004
2022-11-21:13,44,28,0.029,0.038,0.5,0.004
2022-11-21:12,47,27,0.022,0.048,0.6,0.003
2022-11-21:11,48,26,0.011,0.057,0.9,0.003
2022-11-21:10,38,20,0.005,0.051,0.8,0.004
2022-11-21:09,32,18,0.004,0.045,0.8,0.003
2022-11-21:08,27,16,0.003,0.047,0.8,0.003
2022-11-21:07,24,16,0.002,0.047,0.7,0.003
2022-11-21:06,22,15,0.002,0.045,0.7,0.003
2022-11-21:05,20,17,0.002,0.046,0.8,0.003
2022-11-21:04,24,16,0.002,0.048,0.8,0.003
2022-11-21:03,27,21,0.002,0.048,0.8,0.003
2022-11-21:02,27,20,0.002,0.053,0.9,0.003
2022-11-21:01,28,19,0.002,0.049,0.8,0.004
2022-11-20:24,27,20,0.002,0.05,0.9,0.003
2022-11-20:23,32,20,0.003,0.052,0.8,0.004
2022-11-20:22,33,26,0.003,0.057,0.9,0.003
2022-11-20:21,28,20,0.006,0.054,0.7,0.003
2022-11-20:20,21,13,0.032,0.027,0.5,0.003
2022-11-20:19,22,14,0.043,0.018,0.4,0.003
2022-11-20:18,21,11,0.047,0.014,0.3,0.003
2022-11-20:17,24,12,0.05,0.012,0.3,0.003
2022-11-20:16,23,11,0.049,0.012,0.3,0.003
2022-11-20:15,25,12,0.051,0.01,0.3,0.003
2022-11-20:14,27,16,0.049,0.011,0.4,0.004
2022-11-20:13,27,18,0.041,0.015,0.4,0.003
2022-11-20:12,27,17,0.033,0.017,0.4,0.004
2022-11-20:11,25,15,0.024,0.022,0.5,0.003
2022-11-20:10,25,13,0.018,0.024,0.5,0.002
2022-11-20:09,29,18,0.007,0.035,0.7,0.003
2022-11-20:08,30,21,0.003,0.041,0.8,0.003
2022-11-20:07,29,20,0.003,0.042,0.7,0.003
2022-11-20:06,28,21,0.002,0.043,0.8,0.003
2022-11-20:05,26,19,0.003,0.044,0.7,0.003
2022-11-20:04,29,19,0.003,0.045,0.8,0.003
2022-11-20:03,33,20,0.002,0.048,0.9,0.003
2022-11-20:02,34,23,0.002,0.052,1,0.004
2022-11-20:01,39,26,0.002,0.055,1.1,0.003
2022-11-19:24,41,27,0.002,0.057,1.1,0.004
2022-11-19:23,43,28,0.003,0.058,1.2,0.003
2022-11-19:22,42,28,0.003,0.059,1.2,0.004
2022-11-19:21,55,38,0.003,0.061,1,0.003
2022-11-19:20,54,37,0.003,0.062,1.2,0.004
2022-11-19:19,38,22,0.004,0.06,1,0.003
2022-11-19:18,32,17,0.029,0.034,0.6,0.004
2022-11-19:17,26,12,0.048,0.017,0.4,0.004
2022-11-19:16,31,12,0.051,0.014,0.4,0.004
2022-11-19:15,26,12,0.05,0.012,0.4,0.002
2022-11-19:14,26,13,0.049,0.013,0.4,0.002
2022-11-19:13,29,14,0.04,0.018,0.4,0.003
2022-11-19:12,30,16,0.03,0.025,0.4,0.003
2022-11-19:11,26,12,0.028,0.025,0.4,0.003
2022-11-19:10,28,12,0.028,0.024,0.4,0.003
2022-11-19:09,23,10,0.019,0.031,0.4,0.003
2022-11-19:08,23,13,0.021,0.027,0.4,0.003
2022-11-19:07,22,13,0.023,0.022,0.4,0.003
2022-11-19:06,22,14,0.022,0.025,0.4,0.003
2022-11-19:05,22,16,0.022,0.022,0.4,0.003
2022-11-19:04,27,17,0.016,0.027,0.4,0.003
2022-11-19:03,34,22,0.005,0.041,0.6,0.003
2022-11-19:02,40,25,0.002,0.05,0.9,0.003
2022-11-19:01,39,26,0.002,0.056,1,0.003
2022-11-18:24,40,27,0.002,0.056,0.9,0.003
2022-11-18:23,49,29,0.002,0.058,1,0.003
2022-11-18:22,55,39,0.003,0.062,1.1,0.003
2022-11-18:21,57,41,0.003,0.064,1.3,0.003
2022-11-18:20,50,37,0.003,0.062,1,0.003
2022-11-18:19,51,33,0.005,0.06,0.9,0.003
2022-11-18:18,44,25,0.011,0.056,0.8,0.003
2022-11-18:17,44,21,0.026,0.039,0.5,0.003
2022-11-18:16,37,20,0.029,0.034,0.5,0.003
2022-11-18:15,27,13,0.041,0.021,0.4,0.002
2022-11-18:14,28,14,0.039,0.02,0.4,0.003
2022-11-18:13,42,27,0.025,0.034,0.5,0.003
2022-11-18:12,50,32,0.019,0.036,0.6,0.003
2022-11-18:11,49,32,0.014,0.036,0.6,0.003
2022-11-18:10,50,30,0.006,0.039,0.7,0.003
2022-11-18:09,46,32,0.003,0.04,0.8,0.004
2022-11-18:08,45,30,0.002,0.041,0.9,0.003
2022-11-18:07,47,31,0.002,0.039,0.8,0.003
2022-11-18:06,47,29,0.002,0.042,0.8,0.004
2022-11-18:05,46,28,0.002,0.041,0.7,0.003
2022-11-18:04,46,30,0.003,0.044,0.8,0.003
2022-11-18:03,48,29,0.002,0.048,0.8,0.003
2022-11-18:02,50,27,0.002,0.052,1,0.003
2022-11-18:01,51,30,0.003,0.057,1.1,0.003
2022-11-17:24,50,34,0.003,0.059,1.1,0.003
2022-11-17:23,49,35,0.003,0.06,1.1,0.003
2022-11-17:22,49,34,0.003,0.057,1,0.004
2022-11-17:21,49,30,0.004,0.055,0.8,0.003
2022-11-17:20,48,29,0.01,0.047,0.7,0.004
2022-11-17:19,44,27,0.016,0.044,0.7,0.003
2022-11-17:18,45,24,0.021,0.042,0.6,0.003
2022-11-17:17,42,23,0.029,0.038,0.5,0.003
2022-11-17:16,37,20,0.032,0.033,0.5,0.003
2022-11-17:15,38,19,0.031,0.03,0.5,0.004
2022-11-17:14,43,24,0.025,0.033,0.5,0.004
2022-11-17:13,47,23,0.02,0.036,0.6,0.003
2022-11-17:12,45,28,0.013,0.04,0.7,0.004
2022-11-17:11,42,26,0.008,0.04,0.7,0.003
2022-11-17:10,32,16,0.006,0.036,0.7,0.004
2022-11-17:09,27,16,0.004,0.039,0.7,0.003
2022-11-17:08,30,17,0.002,0.037,0.7,0.003
2022-11-17:07,28,18,0.002,0.037,0.7,0.003
2022-11-17:06,26,17,0.002,0.037,0.7,0.003
2022-11-17:05,31,15,0.004,0.034,0.5,0.003
2022-11-17:04,27,17,0.002,0.038,0.6,0.003
2022-11-17:03,30,19,0.002,0.04,0.6,0.003
2022-11-17:02,37,20,0.002,0.047,0.8,0.004
2022-11-17:01,37,22,0.002,0.05,0.9,0.002
2022-11-16:24,36,19,0.002,0.052,0.9,0.003
2022-11-16:23,29,17,0.002,0.048,0.9,0.004
2022-11-16:22,30,18,0.004,0.045,0.8,0.002
2022-11-16:21,33,19,0.008,0.04,0.6,0.003
2022-11-16:20,31,19,0.014,0.034,0.5,0.004
2022-11-16:19,33,20,0.016,0.033,0.6,0.004
2022-11-16:18,27,18,0.028,0.021,0.5,0.003
2022-11-16:17,24,12,0.036,0.014,0.4,0.003
2022-11-16:16,21,12,0.038,0.011,0.4,0.004
2022-11-16:15,28,17,0.039,0.012,0.4,0.003
2022-11-16:14,35,20,0.036,0.014,0.4,0.004
2022-11-16:13,39,22,0.035,0.014,0.5,0.003
2022-11-16:12,46,27,0.036,0.012,0.5,0.003
2022-11-16:11,49,33,0.014,0.034,0.9,0.003
2022-11-16:10,37,25,0.004,0.038,0.9,0.003
2022-11-16:09,30,21,0.003,0.037,0.9,0.003
2022-11-16:08,28,20,0.003,0.034,0.9,0.003
2022-11-16:07,27,20,0.002,0.032,0.7,0.003
2022-11-16:06,27,20,0.002,0.034,0.6,0.004
2022-11-16:05,28,20,0.003,0.029,0.5,0.003
2022-11-16:04,28,21,0.003,0.031,0.5,0.003
2022-11-16:03,28,21,0.002,0.039,0.6,0.003
2022-11-16:02,26,17,0.004,0.036,0.6,0.003
2022-11-16:01,25,19,0.005,0.036,0.6,0.004
2022-11-15:24,22,18,0.014,0.03,0.5,0.003
2022-11-15:23,20,12,0.02,0.023,0.5,0.003
2022-11-15:22,24,17,0.024,0.02,0.5,0.003
2022-11-15:21,26,18,0.018,0.028,0.5,0.003
2022-11-15:20,28,21,0.018,0.028,0.6,0.004
2022-11-15:19,36,22,0.026,0.024,0.6,0.003
2022-11-15:18,38,21,0.037,0.018,0.5,0.003
2022-11-15:17,39,19,0.039,0.017,0.4,0.003
2022-11-15:16,32,16,0.021,0.029,0.5,0.003
2022-11-15:15,36,18,0.024,0.024,0.5,0.003
2022-11-15:14,45,24,0.019,0.032,0.5,0.003
2022-11-15:13,43,25,0.019,0.032,0.5,0.003
2022-11-15:12,34,19,0.013,0.033,0.6,0.003
2022-11-15:11,33,17,0.008,0.037,0.7,0.003
2022-11-15:10,30,17,0.004,0.039,0.7,0.003
2022-11-15:09,27,17,0.004,0.037,0.6,0.004
2022-11-15:08,27,16,0.003,0.037,0.6,0.003
2022-11-15:07,24,18,0.002,0.036,0.5,0.003
2022-11-15:06,22,17,0.004,0.034,0.5,0.003
2022-11-15:05,21,18,0.005,0.033,0.5,0.003
2022-11-15:04,18,13,0.008,0.03,0.5,0.004
2022-11-15:03,20,14,0.012,0.027,0.4,0.003
2022-11-15:02,18,15,0.02,0.021,0.4,0.003
2022-11-15:01,19,12,0.023,0.02,0.4,0.003
2022-11-14:24,17,12,0.032,0.012,0.4,0.003
2022-11-14:23,21,14,0.033,0.01,0.4,0.004
2022-11-14:22,20,14,0.026,0.017,0.4,0.003
2022-11-14:21,21,16,0.026,0.018,0.4,0.003
2022-11-14:20,20,15,0.027,0.019,0.4,0.003
2022-11-14:19,19,16,0.027,0.018,0.4,0.003
2022-11-14:18,20,15,0.03,0.016,0.4,0.004
2022-11-14:17,20,12,0.033,0.015,0.3,0.003
2022-11-14:16,23,13,0.033,0.014,0.4,0.003
2022-11-14:15,23,14,0.033,0.016,0.4,0.003
2022-11-14:14,34,19,0.031,0.016,0.5,0.004
2022-11-14:13,45,31,0.015,0.024,0.6,0.003
2022-11-14:12,35,23,0.009,0.026,0.6,0.003
2022-11-14:11,31,18,0.007,0.027,0.7,0.003
2022-11-14:10,25,15,0.004,0.025,0.7,0.004
2022-11-14:09,20,15,0.003,0.026,0.7,0.003
2022-11-14:08,19,12,0.002,0.023,0.6,0.003
2022-11-14:07,18,14,0.002,0.023,0.6,0.003
2022-11-14:06,19,13,0.002,0.023,0.6,0.003
2022-11-14:05,15,13,0.003,0.019,0.6,0.003
2022-11-14:04,17,10,0.002,0.02,0.6,0.003
2022-11-14:03,19,14,0.002,0.021,0.6,0.003
2022-11-14:02,18,14,0.002,0.021,0.7,0.004
2022-11-14:01,21,17,0.002,0.022,0.7,0.004
2022-11-13:24,21,14,0.002,0.022,0.6,0.003
2022-11-13:23,20,13,0.003,0.022,0.6,0.003
2022-11-13:22,19,13,0.002,0.024,0.6,0.003
2022-11-13:21,20,14,0.003,0.024,0.6,0.003
2022-11-13:20,20,16,0.003,0.024,0.6,0.003
2022-11-13:19,19,13,0.01,0.017,0.5,0.003
2022-11-13:18,22,16,0.012,0.013,0.5,0.003
2022-11-13:17,25,18,0.015,0.012,0.5,0.003
2022-11-13:16,20,14,0.019,0.011,0.5,0.003
2022-11-13:15,20,17,0.025,0.009,0.5,0.003
2022-11-13:14,21,17,0.025,0.009,0.5,0.003
2022-11-13:13,22,14,0.021,0.008,0.5,0.003
2022-11-13:12,20,13,0.019,0.01,0.5,0.003
2022-11-13:11,18,11,0.019,0.009,0.5,0.003
2022-11-13:10,11,10,0.02,0.007,0.4,0.003
2022-11-13:09,12,8,0.021,0.007,0.4,0.003
2022-11-13:08,16,8,0.02,0.007,0.4,0.003
2022-11-13:07,20,11,0.018,0.008,0.4,0.004
2022-11-13:06,21,10,0.018,0.007,0.4,0.003
2022-11-13:05,18,10,0.018,0.007,0.5,0.003
2022-11-13:04,13,8,0.017,0.007,0.5,0.003
2022-11-13:03,9,1,0.019,0.008,0.5,0.003
2022-11-13:02,17,6,0.024,0.008,0.4,0.003
2022-11-13:01,15,8,0.027,0.01,0.3,0.003
2022-11-12:24,9,4,0.03,0.01,0.3,0.004
2022-11-12:23,7,2,0.03,0.013,0.3,0.003
2022-11-12:22,16,10,0.028,0.014,0.4,0.004
2022-11-12:21,41,31,0.028,0.014,0.4,0.003
2022-11-12:20,54,39,0.006,0.049,0.9,0.003
2022-11-12:19,49,35,0.007,0.049,0.8,0.003
2022-11-12:18,48,32,0.011,0.047,0.7,0.004
2022-11-12:17,46,31,0.014,0.045,0.7,0.003
2022-11-12:16,53,34,0.017,0.044,0.6,0.003
2022-11-12:15,47,29,0.032,0.031,0.5,0.003
2022-11-12:14,47,30,0.042,0.024,0.5,0.004
2022-11-12:13,53,35,0.039,0.025,0.5,0.004
2022-11-12:12,54,36,0.029,0.032,0.6,0.003
2022-11-12:11,53,33,0.018,0.038,0.6,0.003
2022-11-12:10,52,35,0.01,0.043,0.7,0.003
2022-11-12:09,48,35,0.005,0.048,0.7,0.003
2022-11-12:08,45,32,0.004,0.05,0.7,0.002
2022-11-12:07,47,33,0.003,0.05,0.7,0.004
2022-11-12:06,49,34,0.003,0.047,0.8,0.004
2022-11-12:05,48,38,0.003,0.049,0.9,0.003
2022-11-12:04,55,38,0.003,0.057,1.1,0.003
2022-11-12:03,59,40,0.003,0.062,1.3,0.003
2022-11-12:02,61,42,0.003,0.062,1.3,0.003
2022-11-12:01,62,46,0.003,0.069,1.4,0.003
2022-11-11:24,65,45,0.003,0.068,1.4,0.004
2022-11-11:23,75,51,0.003,0.071,1.4,0.004
2022-11-11:22,75,51,0.003,0.072,1.3,0.003
2022-11-11:21,82,57,0.005,0.071,1.1,0.003
2022-11-11:20,79,52,0.017,0.064,1,0.003
2022-11-11:19,62,40,0.024,0.053,0.9,0.003
2022-11-11:18,52,34,0.033,0.047,0.8,0.003
2022-11-11:17,49,31,0.051,0.027,0.6,0.003
2022-11-11:16,46,30,0.056,0.022,0.5,0.004
2022-11-11:15,46,31,0.056,0.021,0.5,0.003
2022-11-11:14,46,29,0.052,0.019,0.5,0.003
2022-11-11:13,45,31,0.045,0.022,0.5,0.003
2022-11-11:12,45,29,0.036,0.025,0.6,0.003
2022-11-11:11,42,28,0.03,0.027,0.5,0.002
2022-11-11:10,38,22,0.022,0.032,0.6,0.003
2022-11-11:09,39,24,0.02,0.033,0.6,0.003
2022-11-11:08,38,24,0.021,0.031,0.6,0.004
2022-11-11:07,46,32,0.015,0.036,0.6,0.004
2022-11-11:06,50,37,0.003,0.046,0.8,0.003
2022-11-11:05,49,37,0.004,0.044,0.7,0.003
2022-11-11:04,47,34,0.011,0.038,0.6,0.004
2022-11-11:03,55,41,0.023,0.026,0.6,0.003
2022-11-11:02,74,54,0.005,0.049,0.9,0.003
2022-11-11:01,77,56,0.003,0.054,0.9,0.003
2022-11-10:24,78,58,0.002,0.059,1,0.003
2022-11-10:23,77,56,0.003,0.063,1.1,0.003
2022-11-10:22,76,55,0.004,0.06,1,0.003
2022-11-10:21,71,51,0.01,0.051,0.9,0.003
2022-11-10:20,71,51,0.024,0.037,0.8,0.003
2022-11-10:19,65,44,0.031,0.033,0.8,0.003
2022-11-10:18,81,54,0.046,0.026,0.6,0.003
2022-11-10:17,75,56,0.044,0.037,0.7,0.003
2022-11-10:16,68,48,0.065,0.015,0.6,0.004
2022-11-10:15,71,52,0.06,0.019,0.6,0.003
2022-11-10:14,72,49,0.052,0.024,0.6,0.004
2022-11-10:13,81,55,0.043,0.03,0.6,0.003
2022-11-10:12,86,59,0.036,0.037,0.7,0.003
2022-11-10:11,93,64,0.022,0.046,0.8,0.003
2022-11-10:10,92,66,0.013,0.049,0.9,0.003
2022-11-10:09,82,61,0.006,0.049,0.9,0.003
2022-11-10:08,80,62,0.004,0.047,0.8,0.003
2022-11-10:07,81,62,0.002,0.047,0.8,0.003
2022-11-10:06,84,62,0.004,0.045,0.8,0.003
2022-11-10:05,92,70,0.011,0.036,0.7,0.003
2022-11-10:04,95,75,0.013,0.034,0.7,0.003
2022-11-10:03,99,75,0.018,0.033,0.7,0.003
2022-11-10:02,106,82,0.016,0.035,0.7,0.003
2022-11-10:01,105,81,0.008,0.047,0.8,0.004
2022-11-09:24,107,82,0.003,0.056,0.9,0.003
2022-11-09:23,112,86,0.01,0.045,0.8,0.003
2022-11-09:22,111,83,0.018,0.04,0.8,0.003
2022-11-09:21,101,77,0.022,0.037,0.8,0.004
2022-11-09:20,92,66,0.029,0.034,0.8,0.003
2022-11-09:19,80,54,0.034,0.033,0.7,0.003
2022-11-09:18,71,51,0.044,0.026,0.6,0.003
2022-11-09:17,68,48,0.049,0.023,0.6,0.003
2022-11-09:16,61,44,0.05,0.022,0.6,0.003
2022-11-09:15,63,42,0.049,0.021,0.5,0.003
2022-11-09:14,72,53,0.047,0.023,0.6,0.003
2022-11-09:13,77,52,0.029,0.041,0.7,0.003
2022-11-09:12,79,53,0.022,0.043,0.7,0.004
2022-11-09:11,74,51,0.011,0.046,0.8,0.003
2022-11-09:10,68,47,0.007,0.043,0.8,0.003
2022-11-09:09,60,46,0.004,0.043,0.9,0.003
2022-11-09:08,57,41,0.004,0.042,0.8,0.003
2022-11-09:07,54,39,0.003,0.04,0.7,0.003
2022-11-09:06,52,37,0.002,0.044,0.8,0.003
2022-11-09:05,53,38,0.002,0.045,0.8,0.003
2022-11-09:04,54,39,0.002,0.048,0.8,0.003
2022-11-09:03,55,37,0.002,0.051,0.9,0.003
2022-11-09:02,55,40,0.002,0.052,0.9,0.004
2022-11-09:01,59,41,0.003,0.052,0.9,0.002
2022-11-08:24,59,41,0.003,0.052,0.9,0.003
2022-11-08:23,62,42,0.004,0.053,0.9,0.003
2022-11-08:22,67,45,0.01,0.047,0.8,0.003
2022-11-08:21,63,42,0.014,0.043,0.8,0.003
2022-11-08:20,53,37,0.029,0.029,0.6,0.003
2022-11-08:19,50,35,0.036,0.023,0.6,0.003
2022-11-08:18,50,32,0.041,0.021,0.6,0.003
2022-11-08:17,38,23,0.048,0.015,0.5,0.004
2022-11-08:16,,,,,,
2022-11-08:15,,,,,,
2022-11-08:14,43,30,0.048,0.015,0.5,0.003
2022-11-08:13,48,31,0.048,0.015,0.5,0.003
2022-11-08:12,44,26,0.034,0.028,0.6,0.003
2022-11-08:11,44,27,0.03,0.027,0.5,0.003
2022-11-08:10,56,39,0.015,0.037,0.7,0.003
2022-11-08:09,59,40,0.005,0.042,0.8,0.003
2022-11-08:08,55,40,0.003,0.04,0.7,0.003
2022-11-08:07,53,36,0.003,0.039,0.6,0.004
2022-11-08:06,51,36,0.006,0.036,0.6,0.003
2022-11-08:05,48,30,0.003,0.041,0.6,0.003
2022-11-08:04,43,27,0.002,0.045,0.7,0.004
2022-11-08:03,44,30,0.007,0.042,0.6,0.003
2022-11-08:02,35,23,0.011,0.041,0.6,0.003
2022-11-08:01,35,21,0.011,0.043,0.5,0.003
2022-11-07:24,33,19,0.011,0.045,0.6,0.003
2022-11-07:23,35,19,0.014,0.043,0.6,0.003
2022-11-07:22,36,18,0.016,0.043,0.5,0.003
2022-11-07:21,42,24,0.02,0.041,0.6,0.003
2022-11-07:20,43,26,0.03,0.037,0.5,0.003
2022-11-07:19,43,26,0.034,0.039,0.6,0.003
2022-11-07:18,40,22,0.044,0.034,0.6,0.003
2022-11-07:17,40,21,0.046,0.032,0.5,0.003
2022-11-07:16,38,19,0.042,0.025,0.4,0.003
2022-11-07:15,37,17,0.039,0.022,0.4,0.003
2022-11-07:14,35,17,0.027,0.032,0.6,0.003
2022-11-07:13,39,21,0.019,0.038,0.5,0.003
2022-11-07:12,44,22,0.016,0.042,0.6,0.003
2022-11-07:11,46,23,0.01,0.045,0.7,0.003
2022-11-07:10,35,20,0.006,0.046,0.8,0.003
2022-11-07:09,30,16,0.005,0.042,0.7,0.004
2022-11-07:08,29,16,0.003,0.041,0.6,0.003
2022-11-07:07,27,17,0.002,0.043,0.7,0.003
2022-11-07:06,27,17,0.002,0.044,0.7,0.003
2022-11-07:05,27,18,0.004,0.042,0.6,0.003
2022-11-07:04,27,17,0.002,0.047,0.7,0.003
2022-11-07:03,30,18,0.002,0.049,0.7,0.004
2022-11-07:02,32,20,0.002,0.05,0.8,0.003
2022-11-07:01,31,19,0.002,0.052,0.7,0.003
2022-11-06:24,28,18,0.003,0.051,0.6,0.004
2022-11-06:23,24,14,0.015,0.037,0.5,0.003
2022-11-06:22,26,12,0.021,0.03,0.5,0.003
2022-11-06:21,26,13,0.023,0.029,0.5,0.003
2022-11-06:20,27,12,0.029,0.024,0.5,0.003
2022-11-06:19,27,12,0.031,0.023,0.5,0.003
2022-11-06:18,25,13,0.039,0.019,0.4,0.004
2022-11-06:17,26,10,0.046,0.012,0.4,0.003
2022-11-06:16,25,11,0.048,0.011,0.3,0.003
2022-11-06:15,24,14,0.045,0.014,0.4,0.003
2022-11-06:14,21,8,0.042,0.012,0.4,0.004
2022-11-06:13,24,11,0.039,0.013,0.4,0.003
2022-11-06:12,31,17,0.03,0.021,0.5,0.003
2022-11-06:11,29,18,0.021,0.027,0.5,0.003
2022-11-06:10,22,12,0.017,0.025,0.5,0.003
2022-11-06:09,23,15,0.011,0.028,0.5,0.003
2022-11-06:08,23,18,0.004,0.035,0.6,0.003
2022-11-06:07,25,16,0.002,0.04,0.6,0.003
2022-11-06:06,23,15,0.002,0.04,0.6,0.003
2022-11-06:05,24,16,0.002,0.042,0.6,0.003
2022-11-06:04,27,18,0.002,0.043,0.6,0.003
2022-11-06:03,30,19,0.002,0.048,0.8,0.003
2022-11-06:02,30,19,0.002,0.051,0.8,0.003
2022-11-06:01,31,19,0.002,0.05,1,0.003
2022-11-05:24,28,17,0.002,0.049,0.8,0.003
2022-11-05:23,27,16,0.003,0.047,0.8,0.003
2022-11-05:22,28,16,0.004,0.048,0.7,0.003
2022-11-05:21,26,13,0.014,0.035,0.6,0.003
2022-11-05:20,23,13,0.027,0.023,0.5,0.003
2022-11-05:19,24,14,0.031,0.02,0.4,0.003
2022-11-05:18,26,15,0.036,0.016,0.4,0.003
2022-11-05:17,29,17,0.038,0.016,0.4,0.003
2022-11-05:16,18,9,0.042,0.01,0.3,0.003
2022-11-05:15,19,8,0.042,0.009,0.3,0.003
2022-11-05:14,22,8,0.037,0.01,0.3,0.003
2022-11-05:13,21,7,0.036,0.01,0.3,0.003
2022-11-05:12,31,14,0.032,0.013,0.4,0.003
2022-11-05:11,40,19,0.015,0.031,0.6,0.003
2022-11-05:10,34,12,0.009,0.034,0.6,0.003
2022-11-05:09,32,12,0.006,0.035,0.6,0.003
2022-11-05:08,30,14,0.003,0.035,0.6,0.004
2022-11-05:07,29,15,0.002,0.037,0.6,0.003
2022-11-05:06,25,12,0.003,0.036,0.5,0.003
2022-11-05:05,25,11,0.009,0.025,0.4,0.003
2022-11-05:04,28,12,0.013,0.022,0.5,0.003
2022-11-05:03,31,13,0.011,0.025,0.5,0.003
2022-11-05:02,34,13,0.014,0.022,0.4,0.003
2022-11-05:01,34,10,0.018,0.019,0.4,0.003
2022-11-04:24,30,9,0.022,0.015,0.4,0.003
2022-11-04:23,32,13,0.024,0.013,0.4,0.003
2022-11-04:22,33,12,0.025,0.013,0.4,0.003
2022-11-04:21,32,10,0.021,0.017,0.4,0.003
2022-11-04:20,32,10,0.021,0.018,0.4,0.003
2022-11-04:19,31,10,0.024,0.016,0.4,0.003
2022-11-04:18,30,8,0.027,0.016,0.4,0.003
2022-11-04:17,34,8,0.032,0.01,0.3,0.003
2022-11-04:16,31,7,0.035,0.008,0.3,0.004
2022-11-04:15,26,8,0.033,0.008,0.3,0.004
2022-11-04:14,26,10,0.03,0.01,0.3,0.003
2022-11-04:13,25,12,0.029,0.01,0.3,0.003
2022-11-04:12,23,11,0.026,0.01,0.3,0.003
2022-11-04:11,24,11,0.024,0.01,0.3,0.003
2022-11-04:10,22,7,0.02,0.012,0.4,0.003
2022-11-04:09,20,8,0.021,0.011,0.3,0.003
2022-11-04:08,22,10,0.019,0.012,0.3,0.003
2022-11-04:07,22,10,0.019,0.012,0.4,0.003
2022-11-04:06,28,11,0.021,0.01,0.4,0.003
2022-11-04:05,28,11,0.023,0.01,0.4,0.003
2022-11-04:04,24,11,0.025,0.008,0.4,0.004
2022-11-04:03,23,9,0.026,0.008,0.3,0.003
2022-11-04:02,22,4,0.029,0.007,0.3,0.004
2022-11-04:01,18,8,0.028,0.009,0.3,0.003
2022-11-03:24,22,10,0.028,0.009,0.3,0.003
2022-11-03:23,23,10,0.028,0.008,0.3,0.004
2022-11-03:22,24,13,0.024,0.012,0.4,0.003
2022-11-03:21,30,11,0.022,0.015,0.4,0.003
2022-11-03:20,27,15,0.023,0.015,0.4,0.003
2022-11-03:19,27,14,0.023,0.017,0.5,0.003
2022-11-03:18,30,16,0.025,0.016,0.5,0.003
2022-11-03:17,43,21,0.027,0.016,0.5,0.003
2022-11-03:16,44,22,0.029,0.015,0.5,0.003
2022-11-03:15,45,21,0.032,0.016,0.5,0.004
2022-11-03:14,43,18,0.032,0.017,0.4,0.003
2022-11-03:13,42,17,0.03,0.017,0.4,0.002
2022-11-03:12,44,21,0.016,0.035,0.6,0.003
2022-11-03:11,38,18,0.014,0.034,0.6,0.002
2022-11-03:10,33,14,0.01,0.038,0.7,0.001
2022-11-03:09,31,15,0.007,0.036,0.6,0.002
2022-11-03:08,28,14,0.004,0.039,0.6,0.002
2022-11-03:07,26,16,0.002,0.038,0.6,0.001
2022-11-03:06,26,16,0.002,0.038,0.6,0.001
2022-11-03:05,26,11,0.003,0.04,0.6,0.001
2022-11-03:04,26,14,0.002,0.039,0.6,0.001
2022-11-03:03,26,15,0.002,0.041,0.6,0.001
2022-11-03:02,22,13,0.004,0.039,0.6,0.001
2022-11-03:01,25,12,0.002,0.042,0.6,0.001
2022-11-02:24,23,11,0.009,0.038,0.5,0.001
2022-11-02:23,20,12,0.019,0.028,0.5,0.001
2022-11-02:22,19,13,0.024,0.026,0.5,0.001
2022-11-02:21,21,11,0.03,0.019,0.4,0.001
2022-11-02:20,26,15,0.026,0.022,0.4,0.001
2022-11-02:19,28,13,0.025,0.025,0.4,0.001
2022-11-02:18,28,12,0.032,0.021,0.4,0.001
2022-11-02:17,24,7,0.04,0.015,0.3,0.001
2022-11-02:16,32,10,0.039,0.016,0.4,0.002
2022-11-02:15,28,14,0.033,0.021,0.4,0.002
2022-11-02:14,31,14,0.028,0.022,0.4,0.001
2022-11-02:13,38,16,0.019,0.035,0.5,0.002
2022-11-02:12,41,20,0.017,0.035,0.6,0.001
2022-11-02:11,39,12,0.014,0.034,0.6,0.001
2022-11-02:10,35,10,0.01,0.032,0.5,0.001
2022-11-02:09,29,8,0.007,0.033,0.5,0.001
2022-11-02:08,26,13,0.005,0.034,0.5,0.001
2022-11-02:07,24,11,0.009,0.027,0.4,0.001
2022-11-02:06,23,10,0.013,0.024,0.4,0.001
2022-11-02:05,27,12,0.009,0.027,0.5,0.001
2022-11-02:04,28,14,0.013,0.023,0.4,0.001
2022-11-02:03,29,14,0.013,0.024,0.5,0.001
2022-11-02:02,34,15,0.008,0.031,0.5,0.001
2022-11-02:01,40,22,0.008,0.033,0.6,0.001
2022-11-01:24,41,23,0.016,0.028,0.6,0.002
2022-11-01:23,45,23,0.022,0.025,0.5,0.001
2022-11-01:22,47,26,0.028,0.021,0.5,0.001
2022-11-01:21,58,34,0.036,0.017,0.6,0.001
2022-11-01:20,59,34,0.031,0.024,0.6,0.001
2022-11-01:19,51,29,0.034,0.022,0.6,0.001
2022-11-01:18,46,26,0.041,0.016,0.6,0.002
2022-11-01:17,50,30,0.049,0.011,0.5,0.001
2022-11-01:16,55,30,0.053,0.01,0.5,0.001
2022-11-01:15,57,38,0.055,0.012,0.6,0.002
2022-11-01:14,58,41,0.054,0.012,0.5,0.002
2022-11-01:13,51,33,0.05,0.014,0.5,0.001
2022-11-01:12,41,27,0.049,0.015,0.5,0.001
2022-11-01:11,46,30,0.046,0.017,0.5,0.002
2022-11-01:10,57,33,0.012,0.043,0.8,0.001
2022-11-01:09,48,33,0.004,0.042,0.8,0.001
2022-11-01:08,43,30,0.003,0.04,0.7,0.001
2022-11-01:07,42,27,0.002,0.041,0.7,0.001
2022-11-01:06,40,31,0.006,0.036,0.6,0.001
2022-11-01:05,37,27,0.016,0.028,0.5,0.002
2022-11-01:04,34,23,0.039,0.014,0.4,0.001
2022-11-01:03,34,23,0.05,0.007,0.4,0.002
2022-11-01:02,35,23,0.047,0.01,0.4,0.002
2022-11-01:01,41,25,0.03,0.022,0.5,0.001
2022-10-31:24,42,27,0.036,0.02,0.5,0.001
2022-10-31:23,40,29,0.036,0.02,0.5,0.001
2022-10-31:22,47,27,0.024,0.032,0.5,0.001
2022-10-31:21,47,31,0.02,0.039,0.6,0.001
2022-10-31:20,44,27,0.024,0.038,0.6,0.002
2022-10-31:19,38,23,0.036,0.031,0.5,0.001
2022-10-31:18,39,17,0.045,0.024,0.5,0.001
2022-10-31:17,35,19,0.045,0.023,0.5,0.001
2022-10-31:16,29,12,0.043,0.018,0.4,0.001
2022-10-31:15,19,10,0.042,0.014,0.3,0.001
2022-10-31:14,16,7,0.037,0.014,0.3,0.001
2022-10-31:13,16,7,0.034,0.014,0.4,0.001
2022-10-31:12,18,11,0.027,0.019,0.4,0.001
2022-10-31:11,19,6,0.022,0.021,0.4,0.001
2022-10-31:10,15,6,0.013,0.028,0.5,0.002
2022-10-31:09,12,5,0.009,0.03,0.5,0.001
2022-10-31:08,13,7,0.006,0.031,0.4,0.002
2022-10-31:07,14,8,0.009,0.028,0.4,0.001
2022-10-31:06,12,9,0.014,0.022,0.4,0.001
2022-10-31:05,12,9,0.017,0.019,0.4,0.001
2022-10-31:04,18,11,0.017,0.02,0.4,0.001
2022-10-31:03,20,13,0.018,0.021,0.4,0.001
2022-10-31:02,17,12,0.016,0.025,0.4,0.001
2022-10-31:01,22,17,0.016,0.026,0.4,0.001
2022-12-31:24,76,67,0.002,0.07,1.6,0.004
2022-12-31:23,77,67,0.002,0.072,1.8,0.005
2022-12-31:22,76,66,0.002,0.072,1.7,0.004
2022-12-31:21,76,62,0.002,0.07,1.6,0.005
2022-12-31:20,71,59,0.002,0.07,1.5,0.004
2022-12-31:19,64,56,0.002,0.062,1.2,0.004
2022-12-31:18,65,54,0.002,0.055,1,0.004
2022-12-31:17,63,50,0.004,0.053,0.9,0.005
2022-12-31:16,56,44,0.006,0.049,0.9,0.004
2022-12-31:15,52,43,0.008,0.047,0.8,0.004
2022-12-31:14,50,39,0.007,0.046,0.8,0.004
2022-12-31:13,50,42,0.006,0.05,0.8,0.004
2022-12-31:12,49,40,0.006,0.048,0.9,0.004
2022-12-31:11,43,35,0.006,0.05,0.9,0.004
2022-12-31:10,39,30,0.004,0.048,0.8,0.004
2022-12-31:09,34,28,0.003,0.048,0.7,0.003
2022-12-31:08,34,28,0.002,0.05,0.8,0.003
2022-12-31:07,36,30,0.002,0.052,0.8,0.003
2022-12-31:06,32,27,0.005,0.047,0.7,0.003
2022-12-31:05,31,29,0.007,0.045,0.7,0.003
2022-12-31:04,31,25,0.021,0.029,0.6,0.003
2022-12-31:03,33,29,0.02,0.029,0.7,0.003
2022-12-31:02,38,32,0.021,0.027,0.6,0.003
2022-12-31:01,40,32,0.022,0.027,0.6,0.003
