Gender,Age,Height,Weight,BMI
Female,21,65.78331,112.9925,저체중
Female,35,71.51521,136.4873,정상
Female,27,69.39874,153.0269,정상
Male,24,68.2166,142.3354,정상
Female,18,67.78781,144.2971,정상
Female,22,68.69784,123.3024,저체중
Male,35,69.80204,141.4947,
Male,19,70.01472,136.4623,정상
Female,28,67.90265,112.3723,저체중
Male,25,66.78236,120.6672,정상
Male,34,,127.4516,
Female,28,67.62333,114.143,저체중
Male,21,68.30248,125.6107,정상
Male,25,67.11656,122.4618,정상
Female,27,68.27967,116.0866,저체중
Male,23,71.0916,139.9975,정상
Male,20,66.461,129.5023,정상
Female,31,68.64927,142.9733,정상
Male,19,71.23033,137.9025,정상
Female,32,67.13118,124.0449,정상
Male,22,67.83379,141.2807,정상
Female,32,68.87881,143.5392,정상
Female,31,63.48115,97.90191,저체중
Female,35,68.42187,129.5027,정상
Male,29,67.62804,141.8501,정상
Male,24,67.20864,129.7244,정상
Male,21,70.84235,142.4235,정상
Male,25,67.49434,131.5502,정상
Male,30,66.53401,108.3324,저체중
Female,31,65.44098,113.8922,정상
Female,25,69.5233,103.3016,저체중
Female,25,65.8132,120.7536,정상
Female,26,67.8163,125.7886,정상
Male,21,70.59505,136.2225,정상
Female,26,71.80484,140.1015,정상
Female,27,69.20613,128.7487,정상
Female,30,66.80368,141.7994,정상
Female,21,67.65893,121.2319,정상
Male,26,67.80701,131.3478,정상
Female,23,64.04535,106.7115,저체중
Female,23,68.57463,124.3598,정상
Female,31,65.18357,124.8591,정상
Male,18,69.65814,139.6711,정상
Female,19,67.96731,137.3696,정상
Male,28,65.98088,106.4499,저체중
Female,27,68.67249,128.7639,정상
Male,18,66.88088,145.6837,정상
Male,31,67.69868,116.819,저체중
Male,21,69.82117,,
Male,34,69.08817,134.9325,정상
Female,34,69.91479,147.0219,정상
Male,28,67.33182,126.3285,정상
Male,29,70.26939,125.4839,저체중
Female,30,69.10344,115.7084,저체중
Male,27,65.38356,123.4892,
Male,24,70.18447,147.8926,정상
Female,28,70.40617,155.8987,정상
Female,26,66.54376,128.0742,정상
Female,18,66.36418,119.3701,정상
Female,32,67.537,133.8148,정상
Male,22,66.50418,128.7325,정상
Male,21,68.99958,137.5453,정상
Female,19,68.30355,129.7604,정상
Female,24,67.01255,128.824,정상
Male,22,70.80592,135.3165,정상
Female,26,68.21951,109.6113,저체중
Male,28,69.05914,142.4684,정상
Male,34,67.73103,132.749,정상
Female,31,67.21568,103.5275,저체중
Female,26,,124.7299,
Male,23,65.27033,129.3137,정상
Female,35,70.84278,134.0175,정상
Female,34,69.92442,140.3969,정상
Male,22,64.28508,102.8351,저체중
Female,19,68.2452,128.5214,정상
Female,32,66.35708,120.2991,정상
Female,19,68.36275,138.6036,정상
Male,34,65.4769,132.9574,정상
Male,21,69.71947,115.6233,저체중
Male,19,67.72554,122.524,정상
Male,34,68.63941,134.6254,정상
Female,23,66.78405,121.8986,정상
Male,31,70.05147,155.3767,정상
Male,21,66.27848,128.9418,정상
Female,22,69.20198,129.1013,정상
Female,32,69.13481,139.4733,정상
Female,24,67.36436,140.8901,정상
Female,27,70.09297,131.5916,정상
Male,30,70.1766,121.1232,저체중
Male,27,68.22556,131.5127,정상
Female,22,68.12932,136.5479,정상
Female,20,70.24256,141.4896,정상
Female,34,71.48752,140.6104,정상
Female,33,69.20477,112.1413,저체중
Female,26,70.06306,133.457,정상
Male,32,70.55703,131.8001,정상
Male,18,66.28644,120.0285,정상
Female,34,63.42577,123.0972,정상
Female,23,66.76711,128.1432,정상
Male,21,68.88741,115.4759,저체중
Female,19,64.87434,102.0927,저체중
Male,21,67.09272,130.353,정상
Female,30,68.34761,134.1842,정상
Female,21,65.61073,98.64133,저체중
Female,18,67.75551,114.5599,저체중
Male,31,68.0212,123.4917,정상
Female,21,67.66193,123.048,정상
Female,28,66.3146,126.4772,정상
Female,27,69.43706,128.417,정상
Male,30,63.83624,127.1941,정상
Female,29,67.72277,122.0562,정상
Male,34,70.05098,127.6064,저체중
Female,32,70.18602,131.6423,정상
Female,24,65.94588,111.8955,저체중
Male,31,70.007,122.039,저체중
Female,19,68.61129,128.5547,정상
Male,23,68.80817,132.6792,정상
Female,33,69.76212,136.0632,정상
Male,34,65.45539,115.9403,정상
Female,28,68.82534,136.9041,정상
Female,34,65.8003,119.8804,정상
Female,23,67.21474,109.0055,저체중
Male,18,69.42021,128.2705,정상
Female,31,68.94396,135.2913,정상
Male,30,67.9415,106.8558,저체중
Female,31,65.62506,123.2939,정상
Female,23,66.49607,109.5143,저체중
Male,29,67.92809,119.3087,저체중
Male,21,68.89415,140.2402,정상
Female,33,70.241,133.9841,정상
Female,28,68.26623,132.5807,정상
Female,35,71.23161,130.6988,저체중
Female,18,69.09747,115.5637,저체중
Female,24,64.39693,123.7941,정상
Female,35,71.09585,128.1427,저체중
Male,22,68.21868,135.9646,정상
Female,29,65.91721,116.6273,정상
Female,34,67.4369,126.8241,정상
Female,24,73.90107,151.3913,정상
Male,35,69.98149,130.4022,정상
Male,32,69.51862,136.2068,정상
Male,25,65.18437,113.3989,정상
Female,27,68.00869,125.3287,정상
Female,29,68.3384,127.5846,정상
Male,22,65.18417,107.1564,저체중
Female,20,68.26209,116.4588,저체중
Female,28,68.56865,133.8402,정상
Female,30,64.49675,112.8901,정상
Male,19,68.71053,130.7568,정상
Male,25,68.89148,137.7571,정상
Female,31,69.54011,125.4036,저체중
Female,31,67.39964,138.4659,정상
Female,25,66.47521,120.8184,정상
Male,24,66.01217,140.1539,정상
Male,29,72.44434,136.7397,저체중
Female,25,64.12642,106.1139,저체중
Male,28,70.98112,158.9562,정상
Male,19,67.50124,108.7868,저체중
Male,19,72.01515,138.7758,정상
Female,19,65.31143,115.9136,정상
Female,32,67.07509,146.2922,정상
Male,21,64.39148,109.8765,정상
Male,32,69.37003,139.0499,정상
Female,20,68.37921,119.9001,저체중
Female,28,65.31018,128.3069,정상
Male,20,67.1369,127.2428,정상
Female,30,68.39468,115.2306,저체중
Male,26,66.2918,124.7975,정상
Male,18,67.1866,126.9511,정상
Female,33,65.99156,111.2711,저체중
Male,29,69.43393,122.6089,저체중
Male,27,67.97463,124.2084,정상
Male,29,67.76133,124.6453,정상
Male,24,65.27864,119.5169,정상
Male,18,73.83364,139.2983,저체중
Female,26,66.81312,104.8265,저체중
Female,32,66.89411,123.0424,정상
Male,22,65.73568,118.8923,정상
Male,21,65.98283,121.4939,정상
Female,21,66.58396,119.2488,정상
Male,24,67.11294,135.0239,정상
Female,23,65.87481,116.228,정상
Male,22,66.78067,109.1731,저체중
Male,22,68.73577,124.2237,저체중
Male,29,66.22666,141.1645,정상
Male,19,65.95968,129.1501,정상
Male,19,68.58372,127.8693,정상
Female,34,66.59347,120.9244,정상
Male,27,66.96574,127.6466,정상
Female,19,68.08015,101.4693,저체중
Male,32,70.19025,144.9927,정상
Female,18,65.52149,110.9523,저체중
Male,31,67.45905,132.8625,정상
Female,32,67.40985,146.3385,정상
Female,27,69.66158,145.5894,정상
Female,30,65.79799,120.8431,정상
Female,30,66.10558,115.7813,정상
Male,26,68.23987,128.3019,정상
Female,24,68.02403,127.4718,정상
Female,31,71.39044,127.8761,저체중
Male,18,65.7316,121.4997,정상
Male,28,66.43358,112.7148,저체중
Female,24,70.01309,135.002,정상
Male,32,69.48146,128.6789,정상
Female,34,68.62764,124.4062,정상
Female,34,68.36275,140.026,정상
Male,25,68.39028,117.519,저체중
Female,25,68.77413,143.8737,정상
Female,31,69.9236,141.1703,정상
Female,33,71.55542,155.9414,정상
Female,30,68.44764,134.0093,정상
Female,23,66.71398,130.0975,정상
Female,28,66.68413,106.2265,저체중
Female,24,67.93699,112.0489,저체중
Female,21,68.89855,136.1884,정상
Female,35,67.29191,131.236,정상
Male,30,69.57212,131.3231,정상
Female,30,67.67479,119.5261,저체중
Male,23,69.04155,116.9965,저체중
Female,19,67.96765,138.5255,정상
Female,28,65.83982,109.6518,저체중
Male,32,65.77288,130.1569,정상
Female,27,71.14106,137.1114,정상
Male,33,67.83055,113.759,저체중
Female,23,65.0693,114.9725,정상
Male,19,69.70745,127.7149,저체중
Female,28,69.92983,121.9972,저체중
Male,18,66.11569,117.9607,정상
Male,22,68.61364,127.7141,정상
Female,18,68.9976,117.9619,저체중
Female,32,66.79171,125.1554,정상
Female,25,68.02363,141.1026,정상
Male,28,69.67258,145.4822,정상
Female,30,71.82178,116.065,저체중
Female,35,72.74676,135.7458,저체중
Male,32,67.27951,132.9248,정상
Female,26,67.41015,115.6622,저체중
Female,33,68.5315,114.3184,저체중
Female,23,68.47126,148.952,정상
Female,21,68.51867,142.1878,정상
Male,31,63.72529,134.104,정상
Male,21,67.70483,141.8926,정상
Female,19,69.47115,138.7444,정상
Male,35,66.70198,134.449,정상
Male,32,65.23126,117.0167,정상
Male,35,69.89473,115.6752,저체중
Female,34,69.83048,134.7905,정상
Female,31,65.3979,120.5746,정상
Male,20,68.32214,120.0835,저체중
Male,29,65.93895,84.3598,저체중
Male,20,70.09805,138.9394,정상
Female,35,66.05531,143.5245,정상
Female,33,68.23481,123.1347,정상
Male,33,65.21758,115.5261,정상
Male,25,69.16173,120.9844,저체중
Female,25,67.60064,120.6473,정상
Female,31,67.28621,124.0352,정상
Male,24,66.84323,117.2238,저체중
Female,33,68.08281,127.9598,정상
Female,29,66.56991,116.7527,정상
Male,18,70.16973,121.9957,저체중
Female,27,67.85113,123.9952,정상
Male,29,66.62309,108.855,저체중
Male,18,63.68816,104.6574,저체중
Male,28,68.0356,132.248,정상
Female,33,66.941,127.1834,정상
Male,19,66.26292,125.1209,정상
Female,27,70.7301,133.322,정상
Male,19,70.70844,122.3364,저체중
Female,35,73.26872,130.2636,저체중
Female,30,63.79021,116.7431,정상
Female,27,67.84109,125.8534,정상
Female,34,67.78058,100.627,저체중
Female,28,67.23901,118.4945,저체중
Female,21,66.75701,137.1255,정상
Female,35,69.03098,118.6991,저체중
Male,34,68.52652,124.1641,정상
Female,21,64.65419,124.9442,정상
Male,29,65.14295,126.3889,정상
Male,28,66.74124,121.5255,정상
Male,35,66.99923,133.2951,정상
Female,26,70.26611,127.4072,저체중
Male,33,67.57666,125.08,정상
Male,24,66.30582,102.8114,저체중
Female,32,68.90702,134.2212,정상
Female,27,65.60543,100.9758,저체중
Female,19,68.00189,145.8886,정상
Female,28,69.93715,155.3046,정상
Male,20,70.1459,138.7175,정상
Female,24,66.66364,116.2611,저체중
Female,32,69.40676,120.6087,저체중
Male,31,66.80598,114.4083,저체중
Male,34,67.70048,133.3406,정상
Female,22,69.13438,92.74955,저체중
Male,23,67.53769,131.7825,정상
Male,28,65.77912,118.3865,정상
Male,31,66.25769,131.1466,정상
Female,27,67.39038,130.2033,정상
Female,33,64.94327,129.1836,정상
Female,33,69.25699,143.1445,정상
Male,22,69.07739,138.7307,정상
Male,20,69.64403,130.9528,정상
Female,30,69.07705,124.3032,저체중
Female,21,68.01304,135.3702,정상
Female,28,68.85664,124.1988,저체중
Male,27,63.19158,111.2389,정상
Female,32,65.57591,129.4037,정상
Female,33,69.12101,127.7444,정상
Female,34,69.78765,121.3311,저체중
Female,18,67.48203,118.2183,저체중
Male,26,69.08809,123.3441,저체중
Male,22,68.5529,151.9118,정상
Female,32,68.21327,115.3108,저체중
Male,26,67.1012,122.3844,정상
Male,29,71.23661,129.2323,저체중
Male,32,69.11946,138.2824,정상
Male,18,65.49848,144.0565,정상
Female,20,66.58706,120.8482,정상
Female,25,67.99831,113.3034,저체중
Male,24,72.57747,149.3227,정상
Female,21,67.97585,130.6373,정상
Male,25,66.62347,122.387,정상
Female,34,67.29574,133.8677,정상
Male,27,65.95951,134.8336,정상
Female,33,66.54011,137.8363,정상
Female,31,68.07723,112.6812,저체중
Male,35,65.83291,121.1964,정상
Male,20,69.23721,114.9262,저체중
Male,32,64.69413,110.3762,정상
Female,19,69.21372,126.0337,저체중
Male,34,67.16792,118.7008,저체중
Male,22,67.8467,119.3108,저체중
Male,33,69.27389,150.7397,정상
Female,28,67.90547,121.1142,저체중
Female,33,67.076,118.4065,정상
Female,21,70.01531,142.759,정상
Male,21,70.05454,145.6305,정상
Male,31,70.86714,127.3425,저체중
Male,20,66.0586,115.9678,정상
Female,21,65.23745,104.4441,저체중
Female,32,68.7413,138.4905,정상
Female,30,69.51946,145.5049,정상
Male,34,70.30764,124.4065,저체중
Male,21,67.29982,124.1866,정상
Male,24,67.60582,126.1659,정상
Male,27,67.85566,138.8125,정상
Male,33,66.46536,121.5515,정상
Male,18,68.92071,114.2555,저체중
Male,22,68.46886,129.4022,정상
Female,20,69.5193,137.5583,정상
Male,29,70.23956,134.4996,정상
Male,24,67.85651,127.7103,정상
Male,32,68.00435,115.6709,저체중
Female,34,67.13983,131.5906,정상
Male,23,68.09931,127.5839,정상
Female,22,68.99077,125.7211,정상
Male,32,69.32618,119.9885,저체중
Male,32,70.09286,140.8676,정상
Female,35,68.74304,136.9164,정상
Female,34,64.18633,118.4759,정상
Female,22,66.09074,129.5516,정상
Female,35,69.24418,152.0714,정상
Female,30,69.66512,120.8646,저체중
Female,23,68.42721,136.1027,정상
Female,32,68.28613,130.0611,정상
Female,19,69.37684,131.7743,정상
Male,25,68.35315,139.38,정상
Female,23,72.32489,168.229,정상
Female,24,70.37159,127.6446,저체중
Female,23,65.72927,131.8008,정상
Female,35,66.49627,122.8561,정상
Male,30,70.81339,140.2133,정상
Female,21,67.37579,142.6929,정상
Male,22,67.79709,137.4299,정상
Male,22,68.1607,126.0392,정상
Female,27,68.85782,143.5985,정상
Female,24,67.71342,122.62,정상
Female,18,64.66007,108.6044,저체중
Female,24,65.73721,100.6617,저체중
Male,30,68.42441,116.1397,저체중
Female,31,68.88946,140.5293,정상
Male,20,68.27367,125.6907,정상
Male,30,69.18045,134.3329,정상
Male,19,72.60996,136.4649,저체중
Male,31,66.04157,127.8822,정상
Male,35,69.2288,123.1361,저체중
Female,21,68.87697,116.3375,저체중
Male,23,66.46042,124.5581,정상
Male,23,69.30444,125.7853,저체중
Male,31,67.58249,107.5905,저체중
Female,27,69.41816,143.0236,정상
Male,29,67.46867,118.7434,저체중
Female,32,66.44873,118.9856,정상
Male,30,68.76185,131.8744,정상
Male,27,63.76881,119.3691,정상
Female,34,69.03663,126.1223,정상
Male,35,66.48966,126.6122,정상
Female,23,66.74224,113.5597,저체중
Male,23,67.69394,115.8413,저체중
Male,30,66.69066,130.2738,정상
Female,20,67.02877,125.4542,정상
Female,22,65.91096,117.1655,정상
Female,32,70.0304,137.3184,정상
Female,27,69.26978,149.4447,정상
Female,35,70.07695,151.0695,정상
Female,27,64.90942,116.9994,정상
Male,20,69.68744,138.1787,정상
Female,31,67.56524,127.621,정상
Male,27,63.85529,120.7514,정상
Male,33,71.6189,144.2537,정상
Female,21,64.98993,105.7939,저체중
Male,26,64.60759,120.1567,정상
Male,28,62.01666,109.0848,정상
Female,22,65.28516,125.971,정상
Male,34,67.70163,110.2325,저체중
Male,30,70.85794,134.4706,정상
Female,22,68.17075,115.5067,저체중
Female,35,67.45006,125.1086,정상
Female,23,71.04224,116.4113,저체중
Female,25,67.83032,133.3944,정상
Female,29,67.15488,108.7478,저체중
Male,33,68.30289,134.3986,정상
Female,26,65.41208,131.2085,정상
Male,22,68.66755,130.8318,정상
Female,18,70.06733,127.0838,저체중
Male,33,69.13413,119.4067,저체중
Male,32,67.02078,105.5616,저체중
Male,20,65.52274,134.4733,정상
Female,25,70.19808,132.6897,정상
Male,29,67.66866,126.058,정상
Male,27,69.73257,126.3532,저체중
Female,35,67.61719,142.3603,정상
Female,21,70.79589,124.5873,저체중
Female,23,69.65804,122.3604,저체중
Male,26,66.73277,123.2298,정상
Female,32,67.58008,131.4049,정상
Female,32,65.25317,124.3037,정상
Male,30,70.71387,128.3836,저체중
Male,32,71.27374,136.853,정상
Male,28,66.55913,118.0569,정상
Female,33,68.04247,121.4969,저체중
Male,20,68.11699,119.2811,저체중
Female,24,71.2367,126.5545,저체중
Female,24,66.92387,129.2477,정상
Female,18,71.10381,134.7804,정상
Male,29,69.41466,146.0725,정상
Female,22,69.16807,162.4109,정상
Male,29,68.57725,130.1885,정상
Male,30,69.60315,132.1941,정상
Male,25,69.05087,127.4591,정상
Female,30,68.28699,125.3466,정상
Male,19,69.25276,134.7559,정상
Male,19,68.23862,121.9395,저체중
Male,21,67.6868,125.6688,정상
Male,24,68.84083,145.956,정상
Female,26,69.52061,119.9207,저체중
Female,32,66.97668,111.5093,저체중
Female,25,72.0053,138.676,정상
Male,23,67.44482,135.0151,정상
Male,24,66.06214,116.509,정상
Male,23,65.5747,123.9575,정상
Female,35,68.30171,136.952,정상
Male,30,71.02603,153.0797,정상
Female,21,70.76882,126.357,저체중
Female,27,67.50812,145.0614,정상
Female,18,69.50936,135.1739,정상
Male,33,66.4455,108.806,저체중
Female,21,68.5689,110.5155,저체중
Female,30,67.01296,138.2685,정상
Male,25,68.70004,119.5111,저체중
Male,20,68.23013,115.3214,저체중
Female,23,70.40713,132.3684,정상
Female,33,65.69989,93.99438,저체중
Male,33,65.7031,127.4051,정상
Female,31,68.48055,134.3024,정상
Female,33,66.62891,124.9721,정상
Male,26,66.84285,124.072,정상
Female,28,69.89734,133.5476,정상
Female,20,67.6543,134.1509,정상
Female,35,68.30917,130.2489,정상
Male,21,69.74848,138.0935,정상
Female,34,68.57906,126.6064,정상
Female,22,68.14477,131.8076,정상
Male,25,67.98093,131.7363,정상
Male,34,64.82535,117.6261,정상
Male,21,69.20785,126.1943,정상
Male,23,69.2656,127.5132,정상
Male,31,70.9403,142.4785,정상
Male,24,69.07826,139.444,정상
Female,27,66.20183,110.3204,저체중
Female,27,71.05779,131.9541,저체중
Male,25,68.99493,129.2037,정상
Male,19,70.96089,124.3513,저체중
Male,26,66.02496,126.5251,정상
Female,34,69.8641,149.2303,정상
Female,24,66.82802,142.1577,정상
Male,22,69.09424,127.1436,정상
Female,20,66.81425,122.3353,정상
Female,27,67.13183,112.6659,저체중
Male,18,64.57428,134.2647,정상
Female,23,68.68038,120.6936,저체중
Male,32,67.53724,115.783,저체중
Male,33,71.17732,128.6855,저체중
Male,34,70.53514,134.7611,정상
Female,34,71.53411,118.3419,저체중
Male,33,66.77301,106.1557,저체중
Female,27,66.33636,126.3823,정상
Female,34,64.83095,114.3716,정상
Male,32,68.38247,130.2787,정상
Female,22,68.05038,123.3066,정상
Female,25,69.09149,122.8571,저체중
Male,27,69.91046,125.6932,저체중
Male,22,68.40737,111.7247,저체중
Female,21,68.32559,125.5516,정상
Male,30,66.95555,119.9702,정상
Female,32,70.54816,132.6043,정상
Male,25,69.37805,132.6738,정상
Female,26,67.52012,117.4521,저체중
Female,19,64.87142,101.8549,저체중
Female,34,69.13396,128.4418,정상
Female,29,68.81192,134.0414,정상
Female,28,67.56446,127.7511,정상
Male,26,68.16772,127.6172,정상
Female,27,65.80687,139.3971,정상
Male,32,64.92276,113.9381,정상
Female,25,68.35584,147.5188,정상
Female,27,66.71546,132.6523,정상
Female,31,69.18196,132.8139,정상
Male,27,65.88795,105.0942,저체중
Female,34,66.03733,127.5187,정상
Male,26,69.44194,130.7305,정상
Male,22,67.14847,128.5815,정상
Female,27,65.69442,122.5699,정상
Male,32,69.42723,157.2961,정상
Female,23,66.54503,121.1097,정상
Male,23,69.04469,147.5061,정상
Male,27,67.62036,117.493,저체중
Female,21,69.59105,132.4472,정상
Male,33,68.12343,118.1774,저체중
Female,30,71.22641,123.7319,저체중
Female,23,66.43285,130.365,정상
Female,34,66.31808,122.8882,정상
Male,25,68.02724,107.8693,저체중
Male,22,68.2876,118.591,저체중
Female,32,66.91609,125.6467,정상
Female,35,71.77546,148.6016,정상
Male,22,66.04535,150.279,정상
Female,23,69.01455,127.0678,정상
Male,34,68.70744,128.7122,정상
Male,30,65.012,118.4233,정상
Female,25,66.05857,125.3879,정상
Male,26,71.16403,149.2676,정상
Female,18,67.55274,107.3484,저체중
Female,30,68.83455,133.6992,정상
Female,30,68.11811,124.8508,정상
Female,23,67.90528,112.7028,저체중
Female,20,67.64085,127.8407,정상
Male,28,69.78282,134.1615,정상
Female,29,67.99889,138.6031,정상
Female,21,69.41465,126.044,저체중
Female,31,70.42989,129.5856,저체중
Female,30,67.67519,134.1054,정상
Male,34,67.88036,106.1251,저체중
Female,32,68.06905,127.0561,정상
Male,20,66.99435,121.9241,정상
Male,23,71.57689,150.7365,정상
Male,23,64.36564,116.0061,정상
Male,26,67.93011,125.4748,정상
Male,26,69.91863,131.6099,정상
Male,31,69.93864,129.0696,정상
Male,20,66.79766,129.1117,정상
Female,34,70.11119,148.1624,정상
Male,31,68.94814,105.388,저체중
Female,22,68.02886,110.5447,저체중
Male,21,69.36148,118.6402,저체중
Female,29,68.44886,122.8151,저체중
Female,34,65.70282,124.887,정상
Male,29,69.55674,135.7695,정상
Male,30,65.84635,116.4563,정상
Male,20,68.79983,125.3617,정상
Male,21,69.03835,133.122,정상
Male,29,67.36352,138.3328,정상
Male,30,70.35788,124.4972,저체중
Male,33,69.88828,136.7205,정상
Male,26,65.15319,115.0153,정상
Female,21,69.40907,132.6366,정상
Male,23,68.50874,143.1323,정상
Female,28,65.71552,134.7422,정상
Male,32,63.98308,122.6246,정상
Female,35,70.07685,153.5634,정상
Female,23,68.42542,126.289,정상
Male,23,68.23665,134.7206,정상
Male,25,67.82856,134.5987,정상
Male,35,66.31277,118.3945,정상
Male,32,69.75128,121.2997,저체중
Female,23,65.70901,132.2844,정상
Male,24,66.88227,139.0617,정상
Female,29,67.2791,110.698,저체중
Male,19,70.63357,154.1073,정상
Female,22,69.9377,124.1592,저체중
Female,29,65.87671,134.5173,정상
Female,30,72.44694,138.2622,정상
Male,35,70.07052,149.0801,정상
Male,35,67.68486,127.0075,정상
Female,24,66.1151,117.8222,정상
Male,27,69.94355,148.9096,정상
Female,33,68.24317,128.2151,정상
Female,29,68.80144,129.6944,정상
Female,23,66.61818,125.5674,정상
Male,24,70.18701,128.7947,저체중
Male,35,65.58971,124.187,정상
Male,33,68.69566,151.4167,정상
Male,22,64.88639,106.9803,저체중
Male,21,69.81993,145.6221,정상
Male,24,66.33962,121.5926,정상
Male,33,70.4434,130.9386,정상
Male,18,69.99163,135.6203,정상
Female,34,70.13617,123.9315,저체중
Female,18,67.1793,131.9955,정상
Male,19,68.2034,117.484,저체중
Female,22,67.76121,129.6577,정상
Male,33,64.79753,122.3706,정상
Male,29,66.47871,114.5867,저체중
Male,33,66.98337,116.5401,저체중
Male,20,65.69991,139.4307,정상
Female,19,66.82705,123.4822,정상
Male,32,66.35141,132.5492,정상
Female,25,70.13491,143.4013,정상
Female,20,70.11565,132.9429,정상
Male,34,64.56145,98.8972,저체중
Male,21,68.15724,122.4342,정상
Female,21,67.1475,104.6767,저체중
Male,35,70.88927,142.7847,정상
Female,22,68.16218,130.9283,정상
Male,33,71.19657,143.827,정상
Male,28,67.92444,142.2832,정상
Female,34,65.30204,107.9441,저체중
Male,28,66.40756,105.6891,저체중
Male,18,71.30647,125.4007,저체중
Female,18,69.05997,106.4195,저체중
Male,30,65.95442,118.5371,정상
Female,32,69.63776,136.7836,정상
Male,26,71.10495,145.9328,정상
Female,29,66.21851,129.637,정상
Female,21,66.13469,108.4955,저체중
Female,32,67.7851,121.2537,정상
Female,25,66.67737,135.7399,정상
Male,24,69.99408,137.5026,정상
Female,25,71.1441,124.0052,저체중
Male,27,68.63927,128.8613,정상
Male,22,69.08548,133.6811,정상
Female,22,67.97389,106.5185,저체중
Female,21,65.94809,113.0398,저체중
Male,18,66.02102,125.9639,정상
Female,27,71.23576,140.2945,정상
Male,23,67.52674,143.229,정상
Female,28,71.06935,145.8063,정상
Male,26,68.27178,128.1697,정상
Male,23,67.31932,134.1839,정상
Female,31,68.98848,140.2166,정상
Female,18,68.404,146.3453,정상
Female,32,67.092,132.0784,정상
Male,27,66.76866,122.13,정상
Male,27,65.64636,131.4693,정상
Female,27,65.34105,129.5167,정상
Male,24,68.18299,125.7451,정상
Female,23,70.65924,153.1384,정상
Female,18,65.94401,124.5559,정상
Male,35,69.62792,134.8225,정상
Male,24,68.29965,115.3877,저체중
Male,26,70.06075,117.9618,저체중
Female,35,68.43602,124.5647,정상
Female,31,69.27012,134.4043,정상
Male,30,67.70511,129.3092,정상
Male,24,70.89315,133.1423,정상
Male,29,70.54313,147.3609,정상
Male,18,71.58086,155.0132,정상
Male,34,68.42301,126.2905,정상
Male,29,69.35781,134.4605,정상
Male,24,70.445,134.0296,정상
Female,27,67.38153,128.9248,정상
Male,21,67.50767,123.0543,정상
Male,30,68.52054,112.1788,저체중
Male,18,66.80858,111.7443,저체중
Female,34,72.38532,148.4615,정상
Male,24,68.51642,136.7459,정상
Male,20,70.79791,133.2068,정상
Female,26,66.21905,116.8855,정상
Female,29,68.31167,124.8542,정상
Male,31,67.1715,121.5809,정상
Male,24,67.7714,123.197,정상
Female,35,67.47328,137.1255,정상
Male,30,67.77463,121.4941,정상
Female,22,69.20099,150.9398,정상
Male,22,70.04297,142.3009,정상
Male,21,70.56979,134.7527,정상
Female,24,66.45379,133.5585,정상
Female,35,67.68132,136.0895,정상
Female,27,65.75638,95.20216,저체중
Male,30,69.3549,119.7404,저체중
Male,22,70.5902,152.9146,정상
Female,27,67.27626,140.1991,정상
Female,35,68.48853,145.2503,정상
Female,29,67.02188,119.4855,정상
Female,22,65.77613,123.512,정상
Male,30,65.96579,110.6754,저체중
Male,26,68.18868,111.4951,저체중
Male,31,72.08595,139.4849,정상
Male,22,66.85358,133.088,정상
Female,24,69.10929,133.5196,정상
Male,20,64.5909,112.7698,정상
Female,24,67.03849,124.7975,정상
Female,34,68.99156,123.4224,저체중
Female,27,70.59872,142.0921,정상
Female,35,70.08988,116.2814,저체중
Male,25,65.6844,131.1256,정상
Male,33,67.0982,131.2493,정상
Male,22,66.03932,127.2422,정상
Female,18,69.26423,122.4523,저체중
Female,24,66.61351,115.2431,저체중
Female,25,68.11738,126.9532,정상
Female,22,69.73059,143.4439,정상
Female,23,64.02042,125.377,정상
Male,31,66.23753,109.0095,저체중
Male,30,72.46761,139.2411,정상
Male,26,66.21938,102.182,저체중
Female,32,71.2978,144.3898,정상
Male,31,63.1255,83.08527,저체중
Male,27,70.93034,145.3938,정상
Male,19,68.25489,134.9267,정상
Male,28,64.78014,134.678,정상
Female,29,65.42982,111.4963,저체중
Female,22,68.91361,119.7951,저체중
Female,29,64.96937,95.70426,저체중
Male,25,66.15237,117.159,정상
Female,20,65.98386,127.2356,정상
Female,33,69.2435,144.9205,정상
Female,27,68.31982,122.8464,정상
Female,24,70.11607,134.19,정상
Male,20,68.63521,124.9776,정상
Female,34,67.74289,135.8441,정상
Male,18,64.58641,120.8222,정상
Male,23,64.66165,125.0174,정상
Male,19,65.90771,133.5474,정상
Female,23,65.77649,124.5583,정상
Female,24,67.1506,135.9691,정상
Male,21,72.24339,143.5738,정상
Female,18,68.73199,130.5725,정상
Male,26,67.57019,127.192,정상
Male,29,70.36234,141.2372,정상
Female,26,63.62233,107.4236,정상
Female,25,66.20711,122.3234,정상
Male,32,66.22114,111.6055,저체중
Male,31,70.0722,137.8915,정상
Male,31,69.6563,142.8742,정상
Female,26,66.25043,114.4349,저체중
Female,34,68.0704,128.2736,정상
Female,22,67.14808,134.5725,정상
Female,30,68.76609,140.1034,정상
Male,26,68.12075,121.977,저체중
Male,29,65.72987,111.4248,저체중
Female,32,69.17439,135.0756,정상
Male,30,70.36351,132.9826,정상
Male,24,70.78557,117.7566,저체중
Female,22,70.88083,134.9877,정상
Female,20,66.62148,151.6121,정상
Male,27,69.9829,128.9287,정상
Female,21,66.92866,120.1575,정상
Male,18,71.45806,125.6007,저체중
Male,20,69.66344,127.8292,정상
Female,30,69.30943,136.1354,정상
Male,28,66.59775,116.2841,저체중
Female,25,64.20209,127.0777,정상
Male,23,68.23051,125.7165,정상
Male,22,70.09021,121.0749,저체중
Female,30,70.9755,122.7382,저체중
Male,25,64.93134,119.4545,정상
Male,34,66.90106,132.9048,정상
Male,25,69.19803,132.8687,정상
Female,29,68.4149,124.3486,정상
Female,27,66.3163,132.2198,정상
Male,34,72.13467,142.804,정상
Male,27,65.74613,129.605,정상
Male,30,69.96677,128.5326,저체중
Female,22,65.11417,112.9919,정상
Female,18,67.43294,122.0795,정상
Male,19,66.39785,118.396,정상
Female,27,67.18769,130.1299,정상
Female,26,67.68597,111.6824,저체중
Male,25,67.77469,142.2452,정상
Female,18,63.62937,122.6049,정상
Female,33,66.447,122.8198,정상
Female,33,71.9233,119.1123,저체중
Female,34,67.92214,139.4335,정상
Female,30,68.01143,141.3353,정상
Male,30,67.76524,119.787,저체중
Male,27,69.19791,136.326,정상
Male,28,67.00109,118.4099,정상
Male,23,67.09659,137.692,정상
Male,20,69.85144,129.078,정상
Male,21,67.42782,123.4642,정상
Female,32,68.1104,115.4311,저체중
Male,33,68.29433,129.931,정상
Female,20,69.45176,135.9563,정상
Male,22,69.08219,127.8134,정상
Female,22,70.91753,139.1014,정상
Male,34,64.20566,109.2132,정상
Male,33,71.10315,124.6154,저체중
Female,33,72.08523,136.221,저체중
Male,21,66.15119,120.4722,정상
Male,23,67.52898,116.1659,저체중
Male,19,67.17586,115.5093,저체중
Female,23,72.92955,141.9961,정상
Female,28,65.54112,135.4869,정상
Female,28,69.08487,135.1305,정상
Male,23,65.28991,108.2494,저체중
Male,32,68.53447,125.1277,정상
Female,35,71.32802,142.8947,정상
Female,23,66.88095,128.2978,정상
Female,25,67.91196,128.268,정상
Male,20,67.00238,103.5665,저체중
Female,18,68.27584,156.1069,정상
Male,21,66.20276,104.9661,저체중
Male,22,64.24214,121.6365,정상
Male,18,67.43738,132.0066,정상
Male,19,64.50081,118.4079,정상
Female,19,68.89607,135.3898,정상
Male,19,70.32908,140.6633,정상
Male,30,64.31742,111.6703,정상
Male,35,67.11253,128.0328,정상
Male,29,68.01206,130.4737,정상
Male,33,68.25267,128.2127,정상
Male,30,67.76873,142.8202,정상
Female,28,67.44291,123.0804,정상
Male,18,65.73581,117.8771,정상
Male,34,69.64372,130.9274,정상
Female,35,71.92818,129.1735,저체중
Female,35,69.39435,144.5784,정상
Female,33,67.14717,115.8635,저체중
Female,28,69.1469,116.5322,저체중
Female,18,66.90594,141.9947,정상
Male,24,67.838,132.1304,정상
Female,33,68.09614,135.2607,정상
Female,23,66.14093,127.0684,정상
Female,20,71.16386,129.844,저체중
Female,33,67.55757,134.5066,정상
Male,29,70.01279,121.3609,저체중
Female,23,72.56431,143.1486,정상
Male,34,66.60224,124.7741,정상
Male,21,68.51802,120.1546,저체중
Male,32,66.34638,139.4163,정상
Male,20,69.02692,131.6743,정상
Female,19,69.12446,131.07,정상
Male,18,68.24578,129.8914,정상
Female,31,68.4869,123.344,저체중
Male,27,70.68261,137.5314,정상
Male,19,70.35969,136.8886,정상
Female,35,67.62401,118.4024,저체중
Male,30,69.4463,116.2441,저체중
Female,27,67.92486,124.8433,정상
Male,29,68.39347,120.9809,저체중
Male,26,66.31812,105.1208,저체중
Female,19,71.22882,145.4377,정상
Male,18,65.29169,108.1912,저체중
Male,34,66.00287,130.3778,정상
Male,20,67.61775,117.5157,저체중
Male,26,69.10276,135.8762,정상
Male,18,68.99743,127.5126,정상
Female,33,69.07531,151.3998,정상
Female,33,68.34086,112.4799,저체중
Female,29,71.68196,156.7554,정상
Male,23,68.77664,138.2098,정상
Female,21,66.18191,109.5685,저체중
Male,26,72.37092,139.9742,정상
Male,30,66.85155,124.5873,정상
Male,32,65.75688,130.5023,정상
Male,27,69.69245,151.0783,정상
Male,25,66.27915,108.7722,저체중
Male,32,66.47752,105.9927,저체중
Female,21,68.71912,143.4301,정상
Female,29,68.29244,114.7434,저체중
Male,29,67.66696,123.7736,정상
Male,23,71.29885,139.4769,정상
Female,23,67.07369,115.8201,저체중
Female,27,70.68048,146.5682,정상
Male,34,71.40114,153.9993,정상
Female,34,71.00392,137.5899,정상
Male,22,66.2799,125.9287,정상
Female,21,68.05383,139.6939,정상
Male,19,64.16346,126.3585,정상
Female,21,66.87966,113.9307,저체중
Female,20,70.52968,129.7605,저체중
Male,21,65.45595,116.1925,정상
Female,31,69.11331,139.1294,정상
Female,26,67.94221,126.9815,정상
Female,31,67.2132,125.8352,정상
Male,32,67.6372,113.524,저체중
Female,24,70.09365,123.2372,저체중
Female,26,64.41354,123.0554,정상
Male,22,69.77698,128.133,정상
Female,30,66.58181,127.9357,정상
Female,29,68.14995,110.4678,저체중
Male,29,66.18165,127.9364,정상
Male,35,66.79412,118.1678,정상
Female,29,67.1657,129.7243,정상
Female,24,68.01904,130.6094,정상
Male,33,66.95837,105.0414,저체중
Female,29,68.70397,122.6299,저체중
Male,32,69.68057,138.3259,정상
Male,22,66.52793,107.7381,저체중
Male,18,66.46981,141.4417,정상
Female,19,71.44643,153.6966,정상
Female,26,66.62648,134.5551,정상
Female,21,64.01015,109.6593,정상
Female,31,65.03312,117.2029,정상
Male,31,66.77216,124.2843,정상
Male,19,68.91932,125.2193,정상
Male,35,71.22926,133.2256,저체중
Female,18,71.10332,122.6042,저체중
Male,33,69.80699,134.8652,정상
Female,30,67.09127,111.4506,저체중
Male,24,67.27958,116.8458,저체중
Male,30,71.86593,143.1527,정상
Female,19,67.20197,99.92383,저체중
Male,26,68.44108,127.9232,정상
Female,27,67.20278,136.658,정상
Female,31,69.36588,145.3947,정상
Male,30,69.0416,126.6818,정상
Female,28,65.9056,128.1983,정상
Male,25,66.44766,122.8328,정상
Male,19,66.08009,133.2571,정상
Female,31,69.35367,116.7606,저체중
Female,35,70.83359,144.0455,정상
Male,18,67.664,132.5153,정상
Male,24,65.30966,123.9832,정상
Male,35,66.66817,113.1423,저체중
Female,20,66.93271,123.9512,정상
Female,21,67.73938,133.9787,정상
Female,30,64.27722,128.1519,정상
Female,32,66.83442,121.2878,정상
Female,20,65.89728,122.7107,정상
Female,23,67.6564,125.4136,정상
Female,29,68.68966,124.8761,정상
Female,26,66.08003,116.5903,정상
Female,25,66.91344,129.889,정상
Male,34,69.48392,123.889,저체중
Female,19,68.60001,137.6571,정상
Female,23,69.21225,130.8805,정상
Male,30,67.63342,141.9706,정상
Female,19,65.73405,125.7334,정상
Female,26,66.09947,104.4108,저체중
Male,19,67.65293,117.0685,저체중
Female,20,67.59619,131.7669,정상
Female,24,69.57859,125.4738,저체중
Male,18,66.08879,129.5734,정상
Female,28,70.08026,130.1053,정상
Male,29,65.00956,131.9305,정상
Female,26,69.16464,142.4645,정상
Female,27,69.61276,127.6431,정상
Male,23,71.48367,153.3153,정상
Female,21,69.47413,126.7609,저체중
Female,25,69.0027,114.0258,저체중
Female,20,69.5581,133.9684,정상
Male,34,68.63746,127.5869,정상
Male,26,67.20262,126.4859,정상
Female,25,66.07614,120.7651,정상
Male,23,66.18342,126.6479,정상
Male,30,70.80778,133.0747,정상
Male,27,67.158,125.9649,정상
Male,31,65.2973,121.3206,정상
Female,26,69.23494,129.7824,정상
Female,24,68.90768,130.0549,정상
Female,29,72.3478,123.4005,저체중
Male,19,68.29557,137.2791,정상
Female,32,68.34735,127.7554,정상
Female,20,67.46476,133.6853,정상
Male,35,68.86803,113.9275,저체중
Female,35,66.62471,135.6168,정상
Female,29,64.77193,122.6005,정상
Male,35,67.70647,118.9472,저체중
Female,28,72.992,134.2703,저체중
Male,27,70.95194,124.2747,저체중
Male,27,67.95677,130.6981,정상
Female,19,67.20959,124.6797,정상
Female,24,66.36959,129.0839,정상
Female,23,67.63896,121.9456,정상
Male,24,69.74444,126.2689,저체중
Male,30,68.17532,134.6122,정상
Female,29,66.89711,131.8476,정상
Male,32,67.4966,103.5828,저체중
Male,24,66.51569,116.3925,저체중
Male,20,66.88332,123.5095,정상
Male,26,69.7277,150.3395,정상
Male,22,69.78345,135.2437,정상
Female,21,65.40046,112.4584,저체중
Male,19,67.99831,137.4861,정상
Male,32,72.25581,132.7902,저체중
Female,33,70.79562,126.0286,저체중
Female,35,65.18786,141.3591,정상
Male,28,67.7123,135.9065,정상
Female,27,70.05146,134.6655,정상
Female,33,67.30497,122.0232,정상
Female,35,66.39813,128.3502,정상
Male,30,69.73637,130.6354,정상
Male,34,68.71659,131.717,정상
Female,32,63.88437,108.6132,정상
Male,22,68.40851,114.5673,저체중
Male,32,67.93251,133.5136,정상
Male,24,70.69674,135.8641,정상
Male,27,68.95083,148.1093,정상
Female,27,66.49457,123.5179,정상
Male,32,68.59369,120.8406,저체중
Female,27,66.26442,116.2666,정상
Female,29,69.58656,123.8986,저체중
Female,30,67.35651,119.32,저체중
Female,25,69.68727,119.4097,저체중
Male,31,68.44046,124.5933,정상
Male,24,68.47973,130.8802,정상
Female,32,65.45463,118.2058,정상
Male,32,66.8085,109.6357,저체중
Female,26,70.05212,140.2298,정상
Male,21,67.43558,121.5764,정상
Female,29,66.54306,98.30262,저체중
Male,30,67.32353,117.6173,저체중
Male,18,67.9725,136.5104,정상
Female,22,69.03858,148.9791,정상
Male,24,67.69453,123.9665,정상
Male,35,69.30508,133.5957,정상
Female,19,65.39643,117.2334,정상
Male,20,68.35638,123.5943,정상
Female,32,65.36888,117.7674,정상
Male,25,68.36499,137.2321,정상
Female,25,71.15702,129.1996,저체중
Female,28,69.25532,142.4032,정상
Female,26,66.6984,128.4838,정상
Male,28,69.17548,115.3008,저체중
Male,27,68.31559,119.5309,저체중
Male,24,67.81616,121.7224,정상
Male,29,68.56123,142.8442,정상
Female,19,66.23085,110.1171,저체중
Female,20,68.95099,122.0958,저체중
Male,23,67.86761,124.8188,정상
Male,19,68.05498,119.3169,저체중
Male,28,67.73986,132.4571,정상
Male,22,69.83641,133.0316,정상
Male,32,70.68574,160.8831,정상
Female,21,64.54385,119.127,정상
Male,27,67.93112,138.516,정상
Female,24,67.77291,124.8232,정상
Male,18,69.41312,135.9744,정상
Male,18,67.77213,116.2254,저체중
Male,24,67.79965,139.2002,정상
Male,34,67.98313,137.983,정상
Male,27,69.97983,144.5084,정상
Female,32,63.83261,109.1938,정상
Male,20,65.57212,127.228,정상
Male,22,69.34307,124.5517,저체중
Female,24,67.28398,114.926,저체중
Female,18,68.7435,132.5027,정상
Male,33,69.03112,125.3892,저체중
Female,31,69.64426,128.4988,정상
Male,25,66.70052,117.7319,정상
Male,26,67.9143,112.9531,저체중
Male,21,64.36849,126.1835,정상
Male,30,65.87507,118.7934,정상
Male,25,67.07427,125.4388,정상
Female,23,69.34545,124.9451,저체중
Female,18,69.83212,145.5139,정상
Female,34,66.10245,116.7836,정상
Male,18,69.26205,132.5216,정상
Female,31,68.33525,114.8933,저체중
Female,25,69.38017,122.8594,저체중
Female,32,69.12887,130.5782,정상
Female,35,68.44658,119.1058,저체중
Male,31,66.34542,133.8204,정상
Female,29,70.03275,128.5779,저체중
Female,34,70.16523,139.0179,정상
Female,34,68.18324,101.2876,저체중
Male,23,70.12378,140.958,정상
Female,23,68.4296,134.6146,정상
Male,21,66.43974,129.9482,정상
Male,22,71.72703,139.064,정상
Female,18,70.72387,135.1996,정상
Male,27,68.09022,129.682,정상
Female,31,70.12976,129.1395,저체중
Male,26,66.05393,129.0051,정상
Female,33,69.77059,112.7357,저체중
Male,29,68.15816,126.1123,정상
Female,26,69.91372,118.3724,저체중
Female,35,65.34461,122.9731,정상
Female,21,68.35621,130.3663,정상
Female,30,64.50585,114.226,정상
Male,26,67.95491,115.7854,저체중
Female,27,68.57621,137.9526,정상
Male,33,68.12257,112.2435,저체중
Female,22,68.77583,137.237,정상
Male,26,67.92593,124.9418,정상
Female,24,69.1484,135.0961,정상
Female,26,63.20539,114.4199,정상
Male,33,69.2442,122.1823,저체중
Female,34,65.88645,129.375,정상
Female,21,67.85186,129.9448,정상
Male,22,65.57418,140.4557,정상
Male,32,66.70819,120.8977,정상
Female,21,69.172,129.159,정상
Female,27,69.23593,137.1397,정상
Female,27,67.57232,145.2218,정상
Female,27,69.50518,140.0956,정상
Female,27,70.60288,124.12,저체중
Female,21,66.54152,135.6875,정상
Female,25,69.11494,127.756,정상
Male,25,69.951,144.0475,정상
Female,25,67.70347,131.9333,정상
Male,29,69.19028,135.5263,정상
Female,22,67.8047,151.3579,정상
Female,21,67.62532,124.7073,정상
Female,34,70.36898,135.274,정상
Male,35,71.02595,136.5388,정상
Female,32,69.8452,137.8778,정상
Male,18,67.08638,114.2066,저체중
Male,19,68.62013,141.5844,정상
Female,20,64.37275,111.0969,정상
Female,20,65.93523,126.3868,정상
Male,29,65.24285,132.8885,정상
Male,19,70.51481,144.7904,정상
Male,23,66.61129,108.3859,저체중
Female,27,67.13394,124.1348,정상
Male,33,66.77634,129.4462,정상
Male,27,67.69385,131.3339,정상
Female,35,67.82809,111.6411,저체중
Male,27,66.63254,111.6422,저체중
Female,35,67.62229,140.3178,정상
Female,27,69.66798,125.5286,저체중
Male,19,62.75039,114.49,정상
Male,18,64.53878,113.998,정상
Male,27,68.01929,117.1931,저체중
Male,35,66.38551,138.3156,정상
Male,30,70.18724,122.3712,저체중
Male,31,64.646,132.9431,정상
Female,33,67.48819,124.0449,정상
Female,24,72.01807,144.1591,정상
Male,33,66.61356,115.4581,저체중
Male,29,65.81803,116.5192,정상
Male,19,71.16185,139.6139,정상
Female,18,68.51977,133.2364,정상
Male,23,64.96088,120.025,정상
Male,31,66.88268,123.1111,정상
Female,22,70.3531,132.8462,정상
Female,28,67.71744,120.9359,정상
Male,28,66.03333,129.7702,정상
Female,23,68.9826,136.9118,정상
Male,33,68.60237,131.121,정상
Male,32,66.8408,133.484,정상
Female,35,68.03659,136.3871,정상
Male,24,64.79586,131.4559,정상
Female,21,70.55126,126.1986,저체중
Female,31,68.28166,115.046,저체중
Male,29,68.77574,130.3178,정상
Male,20,67.09315,131.6954,정상
Male,26,70.14303,135.6519,정상
Male,33,65.46833,120.3029,정상
Female,28,69.02275,129.1442,정상
Female,30,74.24899,150.2167,정상
Male,19,64.08575,120.2076,정상
Male,35,67.57977,132.153,정상
Female,31,69.19395,132.1247,정상
Male,23,64.48615,119.5029,정상
Female,34,68.75888,136.7629,정상
Female,18,68.45184,147.7846,정상
Male,20,66.44205,145.5992,정상
Female,34,70.1756,124.9662,저체중
Male,20,67.1386,127.902,정상
Female,24,66.91548,125.9147,정상
Male,25,68.63357,109.6821,저체중
Female,22,66.95697,107.7733,저체중
Male,32,69.97351,134.1099,정상
Female,22,66.92568,134.901,정상
Male,25,68.76347,139.6364,정상
Female,34,67.40692,127.0273,정상
Male,34,65.74615,134.7717,정상
Male,31,65.88357,99.97124,저체중
Male,20,66.77623,129.4522,정상
Female,35,66.9622,129.3592,정상
Female,31,63.46642,103.6594,저체중
Female,33,68.35224,115.7327,저체중
Male,32,64.43147,104.8874,저체중
Male,28,63.52175,131.0054,정상
Male,22,66.86196,129.0709,정상
Female,29,65.53651,102.5494,저체중
Male,25,71.82306,133.2257,저체중
Female,35,68.86538,146.3008,정상
Male,22,70.79207,140.8125,정상
Female,31,69.02139,132.4618,정상
Female,22,67.3527,118.8437,저체중
Male,33,66.3294,133.4495,정상
Female,23,67.75792,134.882,정상
Male,27,68.64796,129.6789,정상
Male,20,68.18784,136.7318,정상
Female,26,71.53978,133.9981,저체중
Female,30,68.58959,128.1324,정상
Female,35,71.33959,130.2482,저체중
Male,29,67.18757,130.2934,정상
Male,29,67.70033,128.3208,정상
Female,31,64.13048,134.0501,정상
Male,33,69.90087,140.5808,정상
Female,28,66.72044,115.1936,저체중
Male,23,69.3532,135.8445,정상
Female,21,69.70788,142.8508,정상
Male,30,67.73755,143.0931,정상
Male,19,68.16879,114.9519,저체중
Male,30,71.94697,149.4261,정상
Female,29,67.37481,132.0558,정상
Female,31,65.34039,127.0174,정상
Female,33,65.63768,103.3615,저체중
Female,25,68.91559,125.3216,정상
Female,30,65.44571,130.6423,정상
Female,25,68.11726,124.3662,정상
Female,29,69.52284,140.6019,정상
Male,21,69.40202,124.229,저체중
Male,26,70.00803,132.9642,정상
Female,24,68.59817,130.2067,정상
Male,24,64.76508,106.6241,저체중
Male,24,67.52805,108.9888,저체중
Male,35,66.71974,109.9473,저체중
Male,18,67.94808,124.363,정상
Male,26,69.09682,131.5021,정상
Female,24,70.04724,137.4264,정상
Female,32,67.92097,116.0228,저체중
Male,27,67.99135,117.9061,저체중
Male,19,68.92023,116.7259,저체중
Male,21,66.75149,115.4633,저체중
Female,23,68.07152,129.9734,정상
Female,25,68.75961,148.9128,정상
Female,20,70.93048,126.0818,저체중
Female,33,68.29873,115.4952,저체중
Male,23,69.25316,158.7833,정상
Female,22,68.39327,141.2064,정상
Female,24,68.48007,129.838,정상
Female,23,69.47286,137.0682,정상
Female,22,66.33003,123.2428,정상
Female,33,66.88679,117.9651,정상
Female,22,65.20091,102.4998,저체중
Female,25,68.37273,130.6338,정상
Male,33,67.10601,144.6224,정상
Male,32,62.64242,100.1982,저체중
Male,23,69.06906,120.2937,저체중
Male,23,71.15727,144.3108,정상
Female,30,68.93324,114.8805,저체중
Female,24,68.10686,141.5328,정상
Male,34,64.45765,114.6963,정상
Male,18,65.96736,121.6607,정상
Female,35,68.73038,119.3241,저체중
Female,33,70.53564,135.206,정상
Male,35,67.40711,115.9409,저체중
Female,18,66.11309,123.2264,정상
Male,19,69.47433,133.0619,정상
Female,31,70.95476,136.3442,정상
Male,35,65.56715,124.1401,정상
Male,30,65.49243,116.2944,정상
Female,21,68.89342,133.1669,정상
Male,28,67.59755,137.941,정상
Male,21,66.1724,133.3173,정상
Female,31,68.70371,114.2219,저체중
Female,32,65.47651,137.6516,정상
Male,33,67.72604,131.5375,정상
Female,18,70.02202,137.2221,정상
Female,27,69.72107,135.1331,정상
Female,33,67.90954,113.9257,저체중
Male,21,65.61306,132.5883,정상
Female,33,71.40631,133.5753,저체중
Male,25,66.27843,106.7793,저체중
Male,28,65.0276,95.18466,저체중
Male,25,65.68922,114.2675,정상
Male,28,66.85743,126.4804,정상
Male,26,68.23,126.7087,정상
Male,19,66.12036,110.9096,저체중
Female,29,71.32591,132.3678,저체중
Male,23,70.2075,133.7174,정상
Female,26,71.03619,144.0125,정상
Female,23,68.18528,129.9098,정상
Female,18,68.99195,106.5697,저체중
Female,22,67.95745,121.9433,정상
Male,31,69.49971,118.1623,저체중
Female,33,67.12538,106.6739,저체중
Male,27,67.75678,128.444,정상
Female,31,67.67958,127.4595,정상
Male,25,64.71984,102.93,저체중
Male,25,69.72873,127.8299,저체중
Male,28,68.50234,139.7868,정상
Female,18,70.56446,133.2813,정상
Male,33,66.58715,120.2949,정상
Female,34,63.80202,102.4047,저체중
Female,30,66.38836,134.2056,정상
Female,31,66.7895,121.4804,정상
Male,23,66.99003,108.2574,저체중
Female,23,72.61998,145.8469,정상
Male,22,67.80601,114.9258,저체중
Female,24,68.63913,124.6757,정상
Female,25,65.81803,113.619,저체중
Female,28,66.5755,126.2651,정상
Female,22,66.40067,124.0382,정상
Female,29,66.75992,120.554,정상
Male,27,69.02475,124.4235,저체중
Female,28,70.24902,130.1726,정상
Female,27,70.18308,137.2733,정상
Male,31,67.63509,126.9051,정상
Male,34,66.43547,118.2885,정상
Female,31,67.50559,119.6817,저체중
Male,34,68.19559,134.332,정상
Male,33,66.32293,120.0364,정상
Female,32,70.33673,140.2713,정상
Female,22,67.9766,139.4025,정상
Male,27,66.07451,105.1086,저체중
Male,20,68.00118,140.3289,정상
Male,29,65.48497,139.7691,정상
Male,31,66.99532,118.4896,정상
Female,31,69.89331,121.8301,저체중
Female,23,68.03229,130.3482,정상
Female,21,70.00989,138.2214,정상
Female,26,66.91337,119.9847,정상
Male,30,71.43101,141.5275,정상
Male,34,64.42386,128.0746,정상
Female,27,68.63254,122.6639,저체중
Male,23,70.14808,135.5841,정상
Male,24,69.94628,158.7993,정상
Female,31,66.40808,103.1971,저체중
Male,22,65.27161,122.9332,정상
Male,23,67.02796,119.343,정상
Female,20,66.333,139.5722,정상
Female,29,70.05322,124.1145,저체중
Female,31,71.49315,132.5483,저체중
Female,22,67.11911,116.0712,저체중
Female,32,72.52115,162.8737,정상
Male,34,68.59945,131.1394,정상
Female,32,66.72202,124.8745,정상
Male,23,68.33163,123.738,정상
Male,19,66.52804,119.0115,정상
Female,24,69.80841,135.4606,정상
Female,25,70.18855,139.6563,정상
Male,34,67.70646,120.3449,저체중
Female,34,66.73552,113.0404,저체중
Female,21,68.37589,115.658,저체중
Male,18,68.14008,128.6282,정상
Male,35,65.33269,96.52385,저체중
Female,35,68.27634,122.6695,정상
Male,21,69.17767,129.3968,정상
Male,23,66.47919,128.8422,정상
Female,19,66.27731,133.0853,정상
Female,34,67.80211,130.1248,정상
Female,26,72.66613,138.9119,저체중
Female,25,70.62111,138.9252,정상
Male,32,67.45131,105.9085,저체중
Female,26,68.51925,135.4393,정상
Female,23,72.05853,147.3129,정상
Male,22,64.71472,108.7636,저체중
Male,35,66.49054,128.9625,정상
Female,32,71.9151,147.7867,정상
Female,22,68.37932,128.5716,정상
Female,28,69.44208,127.4285,정상
Female,25,65.67788,128.9123,정상
Male,20,67.97944,123.3621,정상
Male,18,68.18702,122.0501,저체중
Female,26,67.96766,159.6644,정상
Female,31,67.69418,121.5022,정상
Male,25,66.85727,124.3686,정상
Male,18,68.50423,130.5608,정상
Female,21,66.46892,117.7781,정상
Male,26,70.53609,147.1473,정상
Female,28,68.60163,128.6512,정상
Male,30,67.13712,115.6854,저체중
Female,27,63.82574,104.102,저체중
Female,33,67.39413,122.4406,정상
Male,26,71.3131,124.6131,저체중
Female,21,67.98003,100.4089,저체중
Male,32,67.8037,131.8038,정상
Female,22,71.05584,134.7575,정상
Male,35,70.6785,148.5516,정상
Female,26,69.45454,151.3435,정상
Male,23,67.75404,121.4032,정상
Male,26,66.37759,132.7138,정상
Female,19,66.90907,118.1243,정상
Male,20,67.36022,120.412,정상
Male,35,70.03559,141.4458,정상
Female,28,74.19488,129.0597,저체중
Female,33,68.44192,129.3121,정상
Male,32,68.86465,148.5716,정상
Male,32,66.41874,112.319,저체중
Male,28,68.58215,130.0932,정상
Female,30,69.01529,123.1712,저체중
Male,28,64.12752,99.36058,저체중
Female,32,72.58824,139.1404,정상
Female,35,69.53845,131.9771,정상
Male,24,69.32255,127.7025,정상
Male,22,67.26117,136.8449,정상
Female,31,68.8089,126.4916,정상
Female,21,65.83333,111.1847,저체중
Female,22,69.14631,128.5255,정상
Female,34,66.76436,123.1419,정상
Female,29,68.10866,141.374,정상
Male,31,66.52579,127.0178,정상
Female,34,66.72267,118.0513,정상
Female,19,66.66847,115.3536,저체중
Female,34,66.13808,136.9275,정상
Male,35,68.04169,126.5685,정상
Male,19,67.37032,129.216,정상
Male,35,68.37927,142.1694,정상
Male,27,68.64261,136.578,정상
Female,32,67.06567,121.962,정상
Male,27,69.29222,146.9053,정상
Male,31,69.97624,142.657,정상
Female,22,68.36664,140.2292,정상
Male,20,68.2079,109.8398,저체중
Female,26,67.34824,134.8916,정상
Female,20,65.91384,127.6066,정상
Female,24,67.37608,108.9719,저체중
Male,35,70.77374,138.4284,정상
Male,30,72.8469,151.4509,정상
Female,26,64.95583,130.0036,정상
Male,26,68.67514,113.0897,저체중
Male,20,68.73548,129.1464,정상
Male,35,67.33471,133.1919,정상
Male,22,66.68746,124.866,정상
Male,18,65.85168,121.4815,정상
Female,32,70.81582,137.8631,정상
Female,28,65.09564,125.8314,정상
Male,21,70.61931,135.3299,정상
Male,18,67.96031,107.3931,저체중
Male,25,70.68803,144.1915,정상
Male,21,66.34093,100.5991,저체중
Female,33,71.98092,130.1721,저체중
Male,19,70.17314,140.8988,정상
Male,19,70.63179,143.6734,정상
Male,28,64.87469,90.29334,저체중
Female,27,69.62426,130.4148,정상
Female,25,65.17407,123.8754,정상
Male,23,69.09608,154.0757,정상
Male,26,71.81975,137.4948,정상
Female,20,68.66104,141.8174,정상
Female,33,67.17895,126.8401,정상
Male,27,68.00257,131.9545,정상
Female,20,70.77144,120.9803,저체중
Female,28,68.82564,119.7816,저체중
Female,20,70.04554,127.7472,저체중
Male,31,68.95339,134.2469,정상
Female,31,64.41355,108.5235,저체중
Female,25,63.82854,125.0611,정상
Female,35,68.3559,123.0197,정상
Female,24,69.25516,129.8861,정상
Male,23,73.38109,154.8178,정상
Male,33,69.36199,151.9248,정상
Female,31,70.71977,135.6969,정상
Female,34,67.59075,127.2047,정상
Female,25,70.98644,137.876,정상
Male,18,67.73825,124.4771,정상
Female,30,71.10527,154.6002,정상
Female,28,71.95975,134.0699,저체중
Female,27,65.74155,117.4639,정상
Female,22,65.64344,128.3519,정상
Male,26,68.37038,118.1031,저체중
Male,26,70.50701,127.8238,저체중
Female,26,66.43263,129.914,정상
Female,26,66.60278,131.3221,정상
Female,27,68.03472,128.1544,정상
Male,23,69.83384,122.8347,저체중
Female,22,68.22043,143.5868,정상
Male,23,67.78035,106.5681,저체중
Male,33,67.1894,124.9457,정상
Female,19,66.17013,113.6761,저체중
Male,32,65.98555,105.4988,저체중
Male,32,70.37458,125.3804,저체중
Male,23,66.98272,120.0159,정상
Female,34,69.07135,135.0513,정상
Female,22,64.39778,112.0501,정상
Female,24,70.30031,126.6445,저체중
Female,24,68.46686,126.7371,정상
Male,21,68.07287,138.6844,정상
Female,19,69.65267,143.346,정상
Female,20,67.85116,124.6758,정상
Male,32,68.81195,119.2154,저체중
Female,27,68.88093,129.5162,정상
Male,27,71.2914,141.2136,정상
Male,20,64.93822,124.9304,정상
Female,23,64.39593,117.6936,정상
Female,24,67.61191,128.117,정상
Male,22,65.36431,125.507,정상
Male,29,68.57192,139.9115,정상
Female,20,69.63015,132.5572,정상
Female,19,64.66196,129.5233,정상
Male,25,71.18005,139.3905,정상
Female,26,65.6959,121.712,정상
Female,19,66.05318,122.7607,정상
Male,19,67.04924,117.4026,저체중
Male,34,68.42541,135.9146,정상
Male,25,68.54306,123.838,정상
Female,22,65.95454,102.8468,저체중
Male,35,66.95297,119.3281,정상
Female,27,64.91704,104.4281,저체중
Female,26,66.59452,129.2376,정상
Male,20,68.17706,138.2296,정상
Male,32,69.573,138.6461,정상
Female,29,71.65878,130.4121,저체중
Male,19,65.06775,124.4317,정상
Female,32,66.85523,127.9011,정상
Male,32,67.84366,125.2683,정상
Female,21,69.22848,121.1672,저체중
Female,18,69.75159,128.1437,정상
Male,25,67.48764,121.494,정상
Male,31,68.12465,129.3746,정상
Male,34,68.50207,127.4765,정상
Female,32,67.50188,113.1406,저체중
Male,32,68.83511,132.5812,정상
Female,18,65.40895,110.5741,저체중
Male,19,68.31175,139.194,정상
Male,28,68.78411,128.757,정상
Male,31,65.39974,132.9714,정상
Male,18,66.754,125.0153,정상
Female,23,65.37482,95.80713,저체중
Female,23,70.65043,152.9084,정상
Female,35,70.97634,121.217,저체중
Male,28,66.75895,127.448,정상
Male,21,66.26857,120.2754,정상
Female,34,67.34174,127.4945,정상
Female,34,67.39093,111.026,저체중
Female,19,71.04158,153.5447,정상
Male,25,63.7418,110.9415,정상
Male,30,66.91954,121.0967,정상
Male,32,65.84956,123.5086,정상
Female,18,67.03723,116.363,저체중
Female,19,67.92717,134.9384,정상
Female,33,66.72742,113.8451,저체중
Male,18,66.34696,113.0531,저체중
Female,26,66.53015,127.5692,정상
Male,24,68.60951,125.1506,정상
Female,34,66.11208,115.4493,정상
Male,34,67.01143,138.9409,정상
Female,29,70.45763,133.292,정상
Male,24,65.3277,130.5079,정상
Male,31,67.28212,114.2578,저체중
Male,19,70.37548,137.6167,정상
Female,20,68.04608,114.5218,저체중
Female,30,70.36839,139.4884,정상
Female,28,68.38089,124.6962,정상
Male,30,67.78852,130.045,정상
Male,32,69.77907,141.782,정상
Male,34,69.59613,125.4556,저체중
Male,35,67.9806,119.1796,저체중
Female,35,65.84256,107.0361,저체중
Male,22,66.99247,125.3591,정상
Male,29,63.54764,115.7565,정상
Male,32,71.50943,128.7986,저체중
Male,34,69.94093,129.3747,정상
Female,35,71.21029,145.662,정상
Male,21,71.56281,123.6062,저체중
Female,32,65.31159,124.6278,정상
Female,33,65.18491,122.7439,정상
Female,22,65.25283,120.2892,정상
Female,24,67.46596,128.6295,정상
Male,30,67.27426,111.5271,저체중
Female,27,64.97376,117.7437,정상
Male,33,64.60687,109.4645,저체중
Female,27,69.736,132.9405,정상
Female,34,67.7749,124.1881,정상
Female,30,69.30528,136.8094,정상
Male,35,71.38338,143.1901,정상
Female,18,65.60915,117.3002,정상
Male,24,66.23041,130.8166,정상
Female,28,66.53307,137.4417,정상
Male,28,67.51649,128.97,정상
Male,18,67.72325,114.6422,저체중
Male,31,68.57113,138.4685,정상
Male,33,66.23808,123.19,정상
Male,19,67.75308,121.9934,정상
Female,18,68.2829,149.3778,정상
Male,18,68.40175,137.21,정상
Female,28,66.09433,138.6653,정상
Male,35,70.03545,118.8309,저체중
Male,24,65.46717,116.7297,정상
Male,26,66.46693,131.5675,정상
Male,25,67.85512,129.5762,정상
Male,19,70.36596,131.4946,정상
Male,30,68.09483,125.1984,정상
Female,20,70.06267,131.8467,정상
Female,18,67.65661,121.0286,정상
Male,22,69.08508,121.8685,저체중
Female,30,68.40932,147.9118,정상
Male,26,69.12972,130.6309,정상
Female,30,67.97094,139.9751,정상
Male,28,67.62895,126.6522,정상
Female,34,66.80442,116.7992,저체중
Female,29,68.57388,132.4308,정상
Female,31,67.45375,130.6493,정상
Male,28,68.6366,132.6351,정상
Female,29,65.92344,124.4934,정상
Female,28,70.69799,129.6396,저체중
Male,28,68.09362,131.2952,정상
Male,22,69.50493,121.3845,저체중
Female,27,67.03953,116.8423,저체중
Female,34,69.04839,143.4353,정상
Female,18,70.66314,140.0996,정상
Female,18,67.94574,127.1524,정상
Female,25,68.5127,116.4033,저체중
Male,33,68.81282,145.5938,정상
Female,34,67.15097,136.0613,정상
Female,22,68.34367,126.2249,정상
Male,31,67.38561,130.9905,정상
Female,26,64.88607,131.7105,정상
Male,18,65.5339,125.1818,정상
Male,30,69.3919,147.0456,정상
Male,21,66.46889,109.3503,저체중
Male,26,63.25683,120.7578,정상
Female,31,67.61546,112.4772,저체중
Male,27,69.88085,138.4517,정상
Female,33,70.15703,136.7186,정상
Male,27,70.61107,136.0144,정상
Male,31,71.3845,148.7104,정상
Female,27,66.53779,120.4476,정상
Female,20,71.05961,133.5431,정상
Male,34,67.63928,140.0484,정상
Male,28,63.8441,129.0091,정상
Male,29,66.79275,121.0921,정상
Female,26,68.61061,125.6694,정상
Female,24,70.40975,117.6691,저체중
Female,34,65.20379,133.959,정상
Male,33,69.08499,121.968,저체중
Female,23,68.29678,135.3754,정상
Male,22,65.83832,111.6269,저체중
Female,22,67.18313,117.3099,저체중
Male,22,67.87544,131.75,정상
Female,21,67.51672,130.3517,정상
Female,31,67.98827,124.7463,정상
Male,18,70.33848,127.5476,저체중
Female,34,67.29728,118.5713,저체중
Female,27,65.95685,118.7344,정상
Female,28,65.2832,117.239,정상
Male,33,71.86035,127.4872,저체중
Male,30,67.32069,128.9596,정상
Male,18,68.52503,147.7036,정상
Female,23,69.74627,132.158,정상
Female,25,65.75926,129.6624,정상
Female,26,67.26104,142.583,정상
Female,23,67.59186,123.1966,정상
Male,29,65.54701,114.619,정상
Male,30,70.57745,134.1679,정상
Female,33,64.93595,129.3978,정상
Male,30,69.85715,133.0797,정상
Female,30,70.81884,130.0722,저체중
Male,26,68.30112,139.2852,정상
Male,32,67.54828,131.5521,정상
Male,23,71.89737,135.3276,저체중
Male,21,68.81871,130.5668,정상
Female,34,68.57948,144.8947,정상
Female,22,66.01716,121.8662,정상
Female,27,67.25756,110.649,저체중
Male,22,70.5545,150.0971,정상
Female,24,66.29452,123.8581,정상
Male,23,68.57082,128.4226,정상
Male,18,68.60497,125.197,정상
Female,26,67.99508,129.7427,정상
Female,34,66.12931,125.7215,정상
Male,21,66.41232,132.001,정상
Male,33,68.42482,140.054,정상
Male,22,66.80813,114.1178,저체중
Female,34,67.72371,116.1322,저체중
Female,29,70.99035,117.7071,저체중
Female,22,67.56098,131.2855,정상
Female,30,69.12684,113.6105,저체중
Female,25,67.97635,144.7629,정상
Female,27,66.30036,141.6047,정상
Male,35,69.30957,140.0213,정상
Female,19,65.63213,108.4237,저체중
Male,22,66.22333,117.2512,정상
Male,26,66.74595,126.77,정상
Female,20,69.66252,135.074,정상
Female,22,68.21548,132.0189,정상
Male,35,69.28403,109.2101,저체중
Male,22,69.64359,127.8589,정상
Male,24,71.48035,122.0737,저체중
Female,18,69.37451,137.6851,정상
Male,33,65.19039,127.5918,정상
Female,25,64.02516,111.5819,정상
Male,35,66.58522,121.3966,정상
Female,25,65.81355,138.8427,정상
Female,26,66.10408,116.5048,정상
Male,34,68.56408,137.4424,정상
Male,32,67.89191,121.9768,정상
Female,19,71.42475,116.8105,저체중
Male,21,65.98772,126.0482,정상
Female,22,70.95594,114.7284,저체중
Male,19,64.37344,126.7487,정상
Male,32,69.76692,131.342,정상
Female,21,66.46755,119.0926,정상
Female,30,67.76109,137.8646,정상
Male,29,71.17728,129.5914,저체중
Female,18,67.31413,128.105,정상
Female,32,70.22181,137.4504,정상
Female,30,69.28985,129.6324,정상
Female,28,66.35778,133.4823,정상
Female,25,69.27648,124.7911,저체중
Female,32,66.3778,113.9428,저체중
Female,29,63.24012,116.8399,정상
Female,35,69.18211,138.7521,정상
Female,18,69.11432,125.4607,저체중
Female,32,67.48024,130.5948,정상
Female,28,69.75327,134.2699,정상
Female,30,69.62313,143.4724,정상
Female,28,65.95463,142.254,정상
Female,33,68.89125,139.8464,정상
Female,30,67.23829,132.4897,정상
Female,33,67.73728,138.5529,정상
Female,23,68.72443,123.1153,저체중
Female,18,65.20195,132.6998,정상
Female,34,66.2865,106.6149,저체중
Female,28,68.01878,134.9917,정상
Female,19,66.89261,130.92,정상
Female,32,67.79814,122.4887,정상
Male,18,66.6555,136.0645,정상
Female,26,69.77338,119.5334,저체중
Female,27,68.42446,117.7405,저체중
Male,31,65.55531,115.5734,정상
Male,24,68.34513,104.7006,저체중
Female,19,66.26115,123.6592,정상
Male,30,66.40599,138.5289,정상
Female,28,68.64386,132.2257,정상
Male,30,68.70476,117.2914,저체중
Female,23,68.03119,141.6933,정상
Female,19,66.25774,129.6313,정상
Female,34,64.0967,94.51219,저체중
Female,27,67.0669,120.6412,정상
Male,28,65.80509,121.3762,정상
Male,19,68.05092,133.2667,정상
Male,24,67.52718,127.9032,정상
Male,20,66.35888,123.3962,정상
Female,21,70.87196,136.9675,정상
Female,22,68.29448,114.1357,저체중
Female,23,67.0344,118.0845,저체중
Female,31,70.91179,121.8608,저체중
Female,34,68.77458,145.5199,정상
Female,19,68.8064,128.9862,정상
Male,34,66.80841,110.4729,저체중
Male,24,65.02676,126.9126,정상
Male,35,71.83389,141.1132,정상
Female,24,67.41125,138.183,정상
Male,19,68.8635,132.6335,정상
Male,18,66.39633,127.2025,정상
Female,23,67.90122,146.2561,정상
Female,27,69.04019,141.6517,정상
Female,29,66.26552,126.5209,정상
Male,22,68.4645,121.554,저체중
Female,19,66.8815,116.5904,저체중
Female,26,71.36376,139.0275,정상
Male,31,66.06344,116.2031,정상
Female,21,66.64834,115.7431,저체중
Male,28,67.3297,116.8138,저체중
Female,33,68.20575,138.6574,정상
Male,24,69.59793,108.5229,저체중
Male,30,67.50819,133.6747,정상
Male,21,68.00385,128.0916,정상
Female,34,69.51431,128.6687,정상
Female,32,68.00582,115.4484,저체중
Female,18,67.59357,125.0018,정상
Female,27,69.78942,136.4816,정상
Male,35,72.36491,121.9301,저체중
Female,26,68.13393,126.8874,정상
Male,23,67.83776,119.9595,저체중
Male,24,68.87619,142.2743,정상
Male,22,66.04124,129.9792,정상
Male,23,65.81569,131.1604,정상
Male,27,69.22762,128.8601,정상
Female,33,64.72395,111.9433,정상
Male,23,68.48588,132.3867,정상
Female,25,68.28041,134.2844,정상
Female,32,65.5087,127.6919,정상
Female,35,66.73361,114.5415,저체중
Female,28,69.20114,138.1499,정상
Male,25,71.44618,140.358,정상
Male,19,70.08869,125.9099,저체중
Male,28,69.6745,134.4383,정상
Female,32,71.68575,136.6572,정상
Male,22,71.09849,123.5248,저체중
Male,21,67.65215,130.345,정상
Female,35,70.41131,149.8413,정상
Female,20,68.33638,115.5647,저체중
Male,34,64.72321,109.6661,저체중
Male,23,64.6035,108.8823,저체중
Female,29,66.92416,112.3914,저체중
Male,31,68.46553,130.0139,정상
Male,25,67.19789,136.8066,정상
Female,27,67.78929,111.1892,저체중
Male,27,66.6783,119.3179,정상
Female,23,67.38496,120.1224,정상
Female,31,68.00018,124.093,정상
Female,32,65.27378,117.8442,정상
Male,28,69.14142,142.1545,정상
Male,22,67.46178,122.3342,정상
Female,28,68.87277,115.7081,저체중
Male,18,68.02365,136.5833,정상
Male,28,70.33914,120.5965,저체중
Female,32,68.05498,121.269,저체중
Female,19,66.63059,133.5937,정상
Female,30,66.23781,127.541,정상
Female,23,70.68625,139.1153,정상
Female,18,67.92487,140.4052,정상
Female,23,67.98283,124.3543,정상
Female,29,67.83966,136.9707,정상
Male,26,70.87256,136.9799,정상
Male,30,68.67371,129.9913,정상
Male,32,65.63433,113.6199,정상
Male,21,66.98566,127.6126,정상
Male,24,69.39665,117.966,저체중
Male,34,67.97483,127.2407,정상
Female,29,69.02449,123.8412,저체중
Male,18,65.06479,121.2687,정상
Female,33,68.67376,118.5378,저체중
Female,32,67.57063,115.4182,저체중
Male,20,66.86965,131.2651,정상
Male,28,66.42749,110.3212,저체중
Male,19,68.42186,129.2128,정상
Female,30,69.83543,140.8802,정상
Female,27,66.38544,121.1068,정상
Female,35,69.67951,134.4281,정상
Female,28,66.10079,116.2489,정상
Male,34,65.82617,117.8009,정상
Male,19,68.71368,126.455,정상
Male,29,71.38503,137.1076,정상
Female,25,69.73254,152.1776,정상
Male,35,68.37367,128.6175,정상
Male,29,65.05453,113.9725,정상
Female,35,64.38195,105.9582,저체중
Male,35,69.22384,134.3052,정상
Female,23,66.67906,132.4565,정상
Male,21,69.15689,134.3756,정상
Male,22,67.53215,146.8833,정상
Male,30,70.71198,131.2724,저체중
Female,25,69.06844,132.9619,정상
Male,20,66.36641,140.4684,정상
Male,30,69.74416,144.838,정상
Male,27,69.72221,129.261,정상
Male,19,67.005,138.036,정상
Male,20,68.39904,125.5747,정상
Male,29,65.72237,129.4743,정상
Male,25,70.41527,129.4677,저체중
Male,24,66.08413,105.1944,저체중
Female,21,66.34093,125.2679,정상
Male,34,65.25134,128.237,정상
Female,31,67.53562,123.3362,정상
Male,31,68.21037,110.8623,저체중
Female,23,67.41542,114.4586,저체중
Female,18,69.8279,137.2435,정상
Female,26,66.30495,125.8706,정상
Female,18,69.06175,140.8451,정상
Male,32,69.64603,131.2554,정상
Female,28,70.75572,140.12,정상
Female,23,67.51414,138.8613,정상
Female,35,67.50856,117.374,저체중
Male,22,67.30225,109.9978,저체중
Female,18,67.76966,129.4122,정상
Female,18,70.13058,135.1643,정상
Female,31,66.28125,108.1378,저체중
Female,34,72.48112,146.3046,정상
Female,22,66.93464,127.6499,정상
Female,29,67.24385,133.5096,정상
Male,29,69.30013,124.8396,저체중
Male,25,71.68649,123.4209,저체중
Male,21,69.69329,125.1731,저체중
Female,24,68.22858,116.5013,저체중
Female,34,70.77195,124.5635,저체중
Male,27,69.63875,132.8562,정상
Female,18,67.5239,124.2136,정상
Female,21,70.26869,137.6254,정상
Male,18,67.32622,112.2365,저체중
Male,32,65.82766,117.92,정상
Male,28,67.28046,107.1366,저체중
Male,30,68.47687,127.8631,정상
Female,34,66.16499,119.5914,정상
Male,31,71.12585,129.7663,저체중
Female,20,67.51094,126.2753,정상
Female,21,67.98365,120.6916,저체중
Male,18,70.76255,147.2496,정상
Male,29,68.13751,123.8089,정상
Female,28,69.7139,124.9097,저체중
Female,24,69.28011,129.2576,정상
Female,23,67.72134,133.2142,정상
Female,28,71.35771,134.9818,정상
Male,33,65.01169,115.4612,정상
Male,27,66.57282,114.2201,저체중
Female,22,66.2121,126.4372,정상
Male,35,68.42587,121.5315,저체중
Male,28,68.25899,137.3384,정상
Male,31,71.66231,130.1496,저체중
Male,22,70.73674,149.3463,정상
Male,34,68.81489,131.8088,정상
Female,35,67.8052,124.5172,정상
Male,27,67.28023,124.094,정상
Male,34,75.1528,146.9701,저체중
Male,23,70.18385,135.8346,정상
Male,32,70.11018,121.4131,저체중
Male,28,67.55479,131.3549,정상
Male,33,65.19685,135.1309,정상
Female,18,71.09811,141.27,정상
Female,34,63.42211,106.4187,정상
Female,34,69.87338,140.1507,정상
Female,33,67.2773,140.0055,정상
Female,19,66.189,124.8413,정상
Male,26,65.71651,134.9238,정상
Male,33,68.09428,136.0939,정상
Male,26,69.12266,133.6055,정상
Female,27,69.44989,114.209,저체중
Female,22,67.09671,144.4419,정상
Female,35,68.50605,127.578,정상
Female,35,68.14059,114.5292,저체중
Female,26,66.53479,118.9804,정상
Female,32,67.30796,118.8584,저체중
Female,22,66.46388,114.4406,저체중
Female,18,68.23072,117.1258,저체중
Male,31,70.06314,139.3579,정상
Male,25,69.26881,141.7621,정상
Female,27,70.1554,117.3159,저체중
Female,30,66.0776,136.9107,정상
Male,21,68.95747,130.915,정상
Male,25,66.76727,124.4251,정상
Female,27,69.8097,141.0605,정상
Female,23,67.93231,125.3143,정상
Male,33,69.44794,151.3939,정상
Female,34,71.14183,118.1643,저체중
Male,32,66.84818,114.446,저체중
Male,28,67.75431,118.5776,저체중
Female,21,70.83193,129.1185,저체중
Female,24,69.21843,126.5898,정상
Male,25,68.20571,133.0472,정상
Female,35,67.32344,133.0028,정상
Female,19,67.46411,130.5289,정상
Female,22,67.70673,110.4494,저체중
Male,33,68.5877,131.6199,정상
Female,18,70.18028,142.8787,정상
Male,32,69.85138,137.0263,정상
Male,35,68.82396,141.9518,정상
Male,19,68.58454,123.7734,정상
Female,20,66.17491,121.7871,정상
Male,26,68.29599,112.7853,저체중
Female,33,66.01446,121.0144,정상
Female,20,70.42725,124.4965,저체중
Male,18,65.95003,125.2296,정상
Male,26,67.28507,121.1903,정상
Male,29,70.23598,140.1737,정상
Male,35,66.37594,136.5133,정상
Male,19,65.72229,124.2645,정상
Male,18,72.69022,150.1384,정상
Female,24,65.52858,107.7887,저체중
Male,20,68.71508,128.8673,정상
Male,27,69.34245,133.2224,정상
Male,31,67.38242,125.7706,정상
Male,31,68.05083,130.8925,정상
Female,29,69.86498,151.5925,정상
Male,22,64.51717,114.9571,정상
Male,33,69.20595,139.6118,정상
Female,29,67.98607,127.7814,정상
Male,32,70.14776,139.3701,정상
Female,28,70.4986,130.907,정상
Male,25,66.86758,134.945,정상
Male,18,68.64908,104.7127,저체중
Male,27,67.91149,113.4475,저체중
Female,32,69.24385,116.3492,저체중
Female,30,64.48072,109.5586,정상
Female,24,71.64447,126.9269,저체중
Female,31,70.04642,146.8967,정상
Male,24,68.12343,126.8031,정상
Male,21,65.23383,122.345,정상
Male,21,68.27239,127.8701,정상
Male,35,66.17894,124.9103,정상
Female,35,65.83059,123.0154,정상
Male,18,65.62889,107.4306,저체중
Female,20,70.92752,111.6473,저체중
Female,28,69.29069,130.6183,정상
Male,33,69.91684,132.766,정상
Male,26,72.73301,125.9357,저체중
Female,28,68.44904,113.1008,저체중
Female,22,66.49335,123.1309,정상
Female,32,72.21533,122.7007,저체중
Male,26,69.53524,139.1563,정상
Female,25,64.79882,122.5688,정상
Male,19,67.38254,126.915,정상
Female,27,67.65345,131.7026,정상
Female,29,70.01257,144.6798,정상
Female,26,66.05945,133.332,정상
Male,30,65.21051,109.8084,저체중
Female,34,68.39529,132.9511,정상
Female,28,63.99095,123.6623,정상
Male,30,70.31847,120.0304,저체중
Male,19,70.15159,123.1364,저체중
Male,35,68.01671,122.7495,정상
Male,28,68.06098,125.8274,정상
Male,21,66.98618,117.2347,저체중
Male,25,68.8061,142.7741,정상
Female,24,70.30067,114.5538,저체중
Female,31,65.68106,111.1723,저체중
Female,19,69.27665,141.7056,정상
Female,31,71.68898,126.5743,저체중
Male,26,67.17092,148.2722,정상
Female,30,69.24215,132.6836,정상
Male,32,68.73563,126.8221,정상
Male,32,69.00812,125.4763,정상
Female,29,68.69462,130.1342,정상
Female,30,68.53874,123.2715,저체중
Female,29,67.68634,129.9806,정상
Female,23,69.60608,138.6734,정상
Female,30,68.91393,130.7056,정상
Female,21,66.17148,113.3707,저체중
Female,32,67.46209,139.6833,정상
Male,34,72.83513,148.8002,정상
Female,18,64.01976,90.91793,저체중
Male,32,68.02868,123.7533,정상
Male,20,68.51623,132.4995,정상
Female,26,70.88524,131.3128,저체중
Female,24,65.29862,116.5172,정상
Female,18,65.7635,109.1144,저체중
Male,23,65.46143,129.339,정상
Female,28,65.99098,114.6394,정상
Female,19,65.57951,136.1447,정상
Male,33,69.70616,144.5925,정상
Female,32,66.1974,107.9777,저체중
Female,22,68.23074,122.0759,저체중
Female,19,65.97964,123.3232,정상
Female,35,71.26857,133.6208,저체중
Male,34,72.01497,159.2724,정상
Female,27,68.93137,148.7762,정상
Female,29,67.36601,120.2868,정상
Female,30,70.12256,110.3036,저체중
Female,30,68.84918,137.6134,정상
Male,33,67.62215,132.4802,정상
Female,22,67.13659,136.4192,정상
Male,29,70.39143,137.2703,정상
Male,28,68.68117,134.8569,정상
Female,32,66.92629,118.8555,정상
Female,33,69.87266,144.0381,정상
Female,24,67.94061,128.518,정상
Male,32,68.495,125.988,정상
Male,23,69.45516,121.0884,저체중
Male,20,67.72991,125.3854,정상
Female,30,69.85473,141.3991,정상
Female,25,66.63111,141.1397,정상
Female,34,66.36326,116.8585,정상
Female,27,68.2269,131.1664,정상
Male,33,68.40577,134.5811,정상
Male,21,68.44489,133.1242,정상
Female,25,70.94089,137.7195,정상
Male,19,69.65687,130.2491,정상
Female,35,65.06613,109.5825,저체중
Female,26,71.81628,142.8719,정상
Female,29,65.92674,101.6217,저체중
Female,34,66.52018,112.3553,저체중
Female,31,70.52744,131.0845,정상
Male,33,66.25032,131.0484,정상
Male,33,64.72936,111.5548,정상
Female,27,63.79906,110.8498,정상
Male,22,65.38373,127.4708,정상
Female,32,65.57359,107.7067,저체중
Male,24,66.57608,115.1232,저체중
Male,24,67.28745,112.1197,저체중
Female,26,66.14358,128.0777,정상
Male,24,66.11741,119.4651,정상
Male,34,67.68233,124.5983,정상
Female,30,68.74723,126.0285,정상
Male,21,66.5915,111.3977,저체중
Female,22,65.01782,127.722,정상
Male,18,69.28345,124.8207,저체중
Male,29,67.19343,122.9788,정상
Male,26,69.81336,117.7117,저체중
Female,32,66.55388,120.7289,정상
Female,19,66.14617,121.3302,정상
Male,19,69.93036,146.6089,정상
Female,25,66.70056,126.013,정상
Male,32,67.68095,128.1474,정상
Male,27,67.87796,129.5415,정상
Female,20,67.65549,121.5145,정상
Male,23,71.1713,157.9626,정상
Male,27,69.01806,127.8941,정상
Female,26,70.58265,127.1594,저체중
Female,20,70.89693,140.8109,정상
Female,25,68.51895,140.1451,정상
Female,20,66.61835,132.7723,정상
Female,27,66.07169,116.0089,정상
Female,27,68.1535,121.2886,저체중
Male,27,72.89832,147.5384,정상
Male,32,69.90164,138.8642,정상
Male,22,66.50525,120.8563,정상
Female,21,69.27168,125.8179,저체중
Male,26,70.53643,135.3753,정상
Male,23,65.1243,107.6247,저체중
Female,18,70.34418,122.9851,저체중
Male,32,69.13083,131.7164,정상
Female,34,65.21067,110.3376,저체중
Female,19,67.08781,100.2532,저체중
Female,33,64.65639,106.579,저체중
Female,30,66.28071,121.223,정상
Male,27,71.30341,130.5588,저체중
Female,20,66.91234,132.6182,정상
Female,21,70.84318,132.613,정상
Male,33,66.65796,117.8331,정상
Male,34,64.54303,94.29987,저체중
Female,19,66.43942,125.1826,정상
Male,19,66.60747,125.3684,정상
Female,27,66.38807,117.4577,정상
Male,25,66.85611,130.8168,정상
Female,26,68.50863,128.3144,정상
Female,21,63.45049,118.4083,정상
Female,31,67.54653,129.4669,정상
Female,23,65.41398,116.7348,정상
Female,25,66.91885,146.8505,정상
Female,24,67.59652,120.2168,저체중
Female,19,67.05552,136.2774,정상
Female,29,68.00153,130.1697,정상
Male,27,70.33681,134.8282,정상
Male,28,69.10376,126.2799,정상
Female,22,68.12704,142.6738,정상
Male,21,67.5512,121.2891,정상
Male,23,68.78357,111.1965,저체중
Female,30,66.62497,130.424,정상
Male,28,67.88387,138.8309,정상
Female,19,67.75152,125.105,정상
Male,20,68.3286,141.6323,정상
Male,18,71.05207,149.779,정상
Male,28,68.11943,118.6268,저체중
Male,30,66.44223,119.4357,정상
Male,21,71.4563,134.9113,정상
Male,34,68.60548,133.1629,정상
Male,27,70.82734,147.2884,정상
Female,22,68.89076,117.6717,저체중
Female,26,67.15411,122.843,정상
Female,33,68.76271,125.7926,정상
Female,27,70.53185,143.2531,정상
Male,19,66.47953,127.2118,정상
Male,25,67.94262,113.7238,저체중
Female,20,68.79538,130.932,정상
Female,18,69.95518,129.5075,정상
Female,23,69.99489,157.6149,정상
Male,20,66.55505,125.4636,정상
Female,28,65.14815,105.3601,저체중
Female,35,70.40094,130.4476,정상
Female,20,68.32002,152.0527,정상
Female,30,65.60842,143.9545,정상
Male,35,70.63864,136.1993,정상
Female,34,65.08404,117.4157,정상
Male,32,64.31842,114.5616,정상
Female,31,66.0525,115.1065,정상
Male,33,67.35994,121.8544,정상
Female,28,70.1376,150.2085,정상
Male,31,67.49796,122.1628,정상
Male,32,67.1125,115.5902,저체중
Female,24,67.27925,133.3105,정상
Female,34,66.55492,141.4402,정상
Male,20,68.1384,130.7908,정상
Female,22,68.54096,143.1515,정상
Female,28,68.52593,138.0426,정상
Female,28,70.77318,120.9532,저체중
Male,31,66.72984,104.5502,저체중
Female,18,66.30573,120.3066,정상
Female,29,66.1654,116.7474,정상
Male,23,65.52686,127.6185,정상
Female,23,71.0176,128.7638,저체중
Female,19,64.0731,132.1263,정상
Male,35,67.07894,136.2565,정상
Female,18,66.92118,114.2461,저체중
Male,22,63.92073,117.7804,정상
Male,18,66.76895,121.7656,정상
Male,25,67.31046,117.4512,저체중
Male,28,66.94519,137.7336,정상
Female,23,69.97793,133.2135,정상
Female,21,66.4156,114.16,저체중
Female,22,69.46121,136.8798,정상
Male,32,66.47267,125.4235,정상
Female,21,67.69989,121.4915,정상
Female,21,68.6046,123.3492,저체중
Male,21,66.82256,107.8004,저체중
Female,19,66.31555,117.1775,정상
Male,33,69.11039,126.3083,정상
Female,34,65.94386,115.3139,정상
Female,19,69.86148,143.7522,정상
Male,28,64.55479,113.2482,정상
Male,21,65.56126,131.7643,정상
Male,26,65.07865,125.8387,정상
Female,32,66.30496,115.8846,정상
Female,24,68.63331,139.0539,정상
Male,32,67.39243,121.7331,정상
Female,32,66.73104,141.1317,정상
Male,26,65.57961,127.9611,정상
Female,23,67.97668,132.1352,정상
Female,18,62.60611,129.76,정상
Male,25,66.26361,129.4162,정상
Male,24,65.65796,118.7804,정상
Female,28,66.31902,105.7105,저체중
Male,33,65.15141,124.8365,정상
Female,20,67.06755,141.8106,정상
Female,24,68.07294,123.0209,정상
Female,26,68.73375,118.3051,저체중
Male,18,66.50974,123.1286,정상
Female,18,71.35483,125.0842,저체중
Male,20,67.36943,118.0443,저체중
Male,26,66.53342,134.41,정상
Female,19,67.44518,132.5899,정상
Female,34,69.37871,123.6421,저체중
Female,33,68.47617,136.737,정상
Male,34,66.81962,130.4451,정상
Female,29,68.62691,121.9836,저체중
Male,27,70.55478,124.8816,저체중
Female,24,65.26709,110.6805,저체중
Male,21,65.35329,108.9072,저체중
Male,28,65.63866,129.7145,정상
Female,27,69.57228,140.2426,정상
Male,31,66.41871,137.8126,정상
Male,21,68.25694,140.6602,정상
Male,32,70.74604,136.5621,정상
Male,24,68.35787,121.0365,저체중
Male,28,69.64013,141.548,정상
Female,35,65.35452,137.184,정상
Female,29,71.92675,156.5442,정상
Female,22,70.13403,137.22,정상
Female,35,65.16717,121.5264,정상
Male,25,69.31063,122.0461,저체중
Female,22,66.33317,131.3132,정상
Male,31,68.65304,127.5565,정상
Male,24,70.27541,135.3191,정상
Male,19,67.57713,128.8936,정상
Female,35,69.1971,134.756,정상
Male,23,69.6239,129.9452,정상
Female,31,65.86809,127.9121,정상
Female,27,69.92456,134.6123,정상
Male,32,68.42315,138.5594,정상
Male,25,67.61231,145.1953,정상
Male,35,68.12858,113.7951,저체중
Female,33,64.76601,118.6754,정상
Male,19,65.33382,129.7622,정상
Female,19,67.64472,133.5081,정상
Female,35,69.06267,139.8787,정상
Female,26,67.17574,117.2661,저체중
Male,20,65.69758,116.9811,정상
Male,28,68.57486,141.1557,정상
Female,19,66.34328,138.224,정상
Male,35,62.78196,119.847,정상
Male,26,65.28308,112.5769,정상
Male,21,69.9312,139.7362,정상
Male,35,65.2271,130.6158,정상
Male,18,71.57674,142.2788,정상
Female,21,69.1121,134.2085,정상
Female,19,68.83916,123.6683,저체중
Female,25,66.39741,119.1475,정상
Female,29,66.69861,133.9891,정상
Female,35,64.95406,115.6216,정상
Female,18,69.50341,135.2493,정상
Female,32,69.43668,115.9697,저체중
Female,21,67.07002,121.3118,정상
Male,31,70.49846,134.3579,정상
Female,23,69.18776,143.0344,정상
Female,20,67.48622,119.856,정상
Male,31,67.40826,124.8424,정상
Female,27,69.43651,127.9505,정상
Male,22,64.15318,112.225,정상
Male,18,69.14007,137.3179,정상
Male,34,68.8929,120.1185,저체중
Male,18,64.95274,93.44115,저체중
Female,24,66.41945,137.0321,정상
Female,27,67.42646,124.5909,정상
Female,20,65.63755,126.3297,정상
Male,24,70.16858,128.3273,저체중
Female,27,66.23711,130.688,정상
Male,23,66.49138,138.4146,정상
Female,18,65.0471,116.7381,정상
Male,27,67.08449,118.1314,저체중
Male,21,64.3389,128.2028,정상
Male,30,64.20833,113.1561,정상
Female,21,66.89449,113.1405,저체중
Male,27,65.79218,126.8992,정상
Male,21,68.843,131.3916,정상
Female,33,71.09755,143.3004,정상
Female,20,63.8882,122.9986,정상
Female,18,68.35671,136.7665,정상
Female,22,69.47682,140.3565,정상
Male,18,69.0265,138.7555,정상
Male,22,70.29803,135.4454,정상
Male,30,70.84459,135.3925,정상
Female,25,71.86799,144.6497,정상
Female,21,69.57461,139.8465,정상
Female,34,70.88841,136.5899,정상
Female,33,67.94317,123.7762,정상
Male,19,67.70347,127.8934,정상
Female,27,68.59478,148.9399,정상
Female,25,66.91402,128.9211,정상
Female,28,68.33449,125.5417,정상
Male,20,64.65946,140.4392,정상
Male,29,66.05221,115.642,정상
Female,20,70.24304,130.7133,정상
Female,21,67.37048,119.0077,저체중
Female,35,69.95831,128.0902,저체중
Male,28,70.64717,153.0286,정상
Male,18,70.5802,127.6482,저체중
Male,18,68.86101,134.8113,정상
Female,19,68.7432,121.5345,저체중
Female,34,67.17409,128.304,정상
Male,19,65.78148,107.3133,저체중
Female,28,67.52494,136.2616,정상
Female,20,67.08075,149.1684,정상
Male,21,67.69345,129.6252,정상
Female,26,64.64051,105.8442,저체중
Male,19,69.36402,113.9182,저체중
Male,25,69.2178,142.8796,정상
Female,33,67.36034,119.1631,저체중
Male,25,65.63764,117.8529,정상
Female,21,68.76324,126.8712,정상
Female,21,68.17144,124.9338,정상
Female,32,65.83305,103.8489,저체중
Male,29,69.30622,130.2827,정상
Male,34,70.8049,123.8101,저체중
Female,34,66.59071,137.5423,정상
Female,20,64.67352,104.9377,저체중
Male,20,71.93986,129.2747,저체중
Female,33,67.64634,120.458,정상
Female,21,68.73411,126.8398,정상
Female,33,66.95634,127.1688,정상
Male,28,72.56549,130.0389,저체중
Male,21,67.36934,136.9061,정상
Male,28,70.02946,135.9857,정상
Female,33,66.54034,110.9114,저체중
Male,22,67.74769,113.6583,저체중
Male,32,67.57706,144.701,정상
Male,28,66.52633,133.8333,정상
Male,18,69.15551,152.127,정상
Male,31,69.19157,122.7961,저체중
Male,31,66.60061,118.2649,정상
Female,21,67.07004,106.2097,저체중
Male,25,69.57028,148.5705,정상
Male,30,69.23016,101.4527,저체중
Male,19,69.26795,137.5001,정상
Male,23,67.56717,123.1061,정상
Male,23,69.10176,142.433,정상
Male,21,68.54151,127.3761,정상
Male,29,70.86149,151.2788,정상
Male,24,67.9873,124.5609,정상
Female,35,71.04092,127.1598,저체중
Male,34,66.70805,140.2543,정상
Female,22,65.77676,113.7058,저체중
Male,26,66.79414,116.248,저체중
Male,29,65.93191,109.5517,저체중
Male,19,67.72422,131.8711,정상
Female,23,66.72423,112.366,저체중
Female,26,66.68607,115.4197,저체중
Male,22,67.25768,119.9769,정상
Female,32,70.52978,128.2009,저체중
Female,33,69.74125,128.6789,정상
Female,24,68.75608,115.2882,저체중
Male,33,67.61299,136.677,정상
Male,28,72.13419,137.7854,정상
Female,30,67.91004,126.6205,정상
Female,29,66.18756,125.3221,정상
Female,22,71.71529,144.446,정상
Female,18,70.6841,137.8075,정상
Female,19,71.87845,143.0609,정상
Female,29,67.75918,131.826,정상
Female,34,67.09216,122.1749,정상
Male,28,66.79895,105.8924,저체중
Male,28,63.56132,118.8125,정상
Male,21,66.49532,139.3133,정상
Male,23,68.50215,124.2763,정상
Male,26,66.83975,116.7159,저체중
Male,29,70.64111,134.415,정상
Female,24,66.0167,117.703,정상
Female,18,67.3482,126.8963,정상
Female,27,67.26092,120.9883,정상
Male,27,70.82199,140.3611,정상
Female,28,68.33332,102.5002,저체중
Male,23,69.37897,132.5554,정상
Male,19,64.7609,119.6373,정상
Female,29,68.699,125.9149,정상
Female,26,69.49404,125.5505,저체중
Male,21,68.0849,122.5232,정상
Female,28,66.37539,134.8766,정상
Male,27,66.75613,121.5063,정상
Male,31,69.64206,123.3271,저체중
Male,20,69.77774,133.0832,정상
Male,30,69.49214,118.9607,저체중
Female,28,65.84828,101.1193,저체중
Female,24,70.71369,143.1946,정상
Male,19,68.48099,126.7384,정상
Female,22,69.37374,141.1484,정상
Male,33,70.52541,135.1763,정상
Male,27,68.70978,128.8899,정상
Male,18,67.62641,109.3522,저체중
Female,25,68.33709,137.5541,정상
Male,20,68.23178,139.1303,정상
Female,34,67.91161,132.0641,정상
Male,19,70.32186,136.4673,정상
Female,25,66.39807,128.5349,정상
Female,35,66.51667,134.4822,정상
Female,34,69.61525,122.5729,저체중
Male,32,67.63565,140.0854,정상
Male,20,71.06313,139.9112,정상
Female,22,70.62246,127.4324,저체중
Male,26,73.99549,142.9016,저체중
Male,27,67.4663,125.8276,정상
Male,27,65.91279,101.2434,저체중
Male,28,65.60691,115.9997,정상
Female,24,69.50033,126.7393,저체중
Female,20,69.43735,133.5447,정상
Male,20,69.00905,116.1499,저체중
Female,35,68.58614,124.1333,정상
Female,19,66.96198,118.7229,정상
Male,35,64.56606,135.4686,정상
Female,33,69.48658,132.5799,정상
Female,33,65.65789,145.9751,정상
Female,32,66.80094,112.1247,저체중
Female,25,68.93784,135.9755,정상
Female,32,68.90478,120.921,저체중
Male,35,68.50005,132.7228,정상
Female,31,68.02851,135.0685,정상
Female,33,69.2145,134.8578,정상
Male,29,68.48721,141.7791,정상
Female,33,68.80928,151.4206,정상
Female,25,67.04824,134.1504,정상
Female,33,68.89055,139.3242,정상
Female,18,68.75779,132.5058,정상
Male,18,72.33195,143.5202,정상
Male,21,66.51286,121.8849,정상
Male,23,66.7188,122.9302,정상
Male,22,67.20628,118.5206,저체중
Female,27,70.19428,131.9154,정상
Female,27,65.51378,122.5787,정상
Male,26,68.83979,113.5812,저체중
Male,32,66.95528,129.9893,정상
Male,21,68.03878,123.9609,정상
Female,29,71.01151,119.9164,저체중
Female,28,69.14341,124.9403,저체중
Male,31,68.86125,131.6645,정상
Male,26,64.6203,109.2955,저체중
Male,31,68.44749,110.9724,저체중
Male,21,68.82404,121.5044,저체중
Male,26,66.41585,127.7426,정상
Male,21,68.86164,147.5692,정상
Female,34,65.7798,148.7053,정상
Female,34,63.82215,109.0177,정상
Male,21,67.97504,119.6017,저체중
Male,33,68.39135,123.7223,정상
Female,25,66.54816,124.8416,정상
Female,24,71.1807,144.0008,정상
Male,29,66.03415,136.0093,정상
Female,28,66.19208,127.1191,정상
Male,25,65.8689,121.6531,정상
Female,19,68.65011,128.9604,정상
Male,23,68.79753,135.4419,정상
Male,30,66.39828,123.0735,정상
Male,34,68.08765,120.0428,저체중
Female,24,68.20122,120.2027,저체중
Female,29,64.65154,124.8094,정상
Female,29,69.30569,133.7108,정상
Male,34,67.89566,118.2086,저체중
Male,34,66.23676,131.8546,정상
Male,20,66.84304,113.6315,저체중
Male,28,68.77237,131.1206,정상
Male,25,68.78389,141.022,정상
Female,21,70.30029,128.1661,저체중
Female,23,67.68475,124.7755,정상
Male,20,69.56671,131.8861,정상
Female,21,69.36532,124.6139,저체중
Female,33,66.46909,112.5943,저체중
Female,28,71.37399,146.4358,정상
Male,23,68.12643,126.6456,정상
Female,34,69.49226,136.9902,정상
Female,18,65.07859,118.1795,정상
Female,20,66.27357,144.6287,정상
Male,33,70.26356,154.9408,정상
Male,28,67.37111,116.9522,저체중
Male,34,68.38613,140.6401,정상
Male,21,68.68559,116.6275,저체중
Female,23,66.67024,136.6266,정상
Female,20,71.15168,131.1853,저체중
Female,30,63.86399,113.9441,정상
Female,28,69.25001,134.6576,정상
Male,18,67.20448,107.6304,저체중
Male,19,66.94316,106.9521,저체중
Female,21,67.99592,146.6396,정상
Female,27,67.12143,114.9585,저체중
Female,27,69.87331,131.0168,정상
Female,27,67.35332,127.6156,정상
Male,28,71.53386,145.1178,정상
Female,22,75.11519,153.9562,정상
Male,19,67.61043,133.6125,정상
Male,34,64.23075,127.6976,정상
Male,28,65.51542,126.4846,정상
Female,19,63.1937,90.6784,저체중
Female,21,68.69521,109.923,저체중
Female,34,66.22516,101.8528,저체중
Female,22,69.44849,114.3461,저체중
Female,20,70.73043,125.1501,저체중
Female,28,70.1737,157.2751,정상
Female,29,64.7817,111.8687,정상
Male,28,63.91382,102.5247,저체중
Female,20,68.02246,129.9915,정상
Female,18,70.48458,156.3703,정상
Female,33,68.31433,122.7189,저체중
Male,21,68.63014,125.6964,정상
Male,22,68.12174,126.2062,정상
Female,30,67.40773,155.2615,정상
Female,26,68.97304,142.8808,정상
Male,33,65.72097,121.262,정상
Female,29,68.32077,124.3155,정상
Female,34,67.56613,111.6843,저체중
Female,19,69.50262,124.186,저체중
Female,22,67.82427,126.4867,정상
Female,23,70.85958,142.6651,정상
Female,18,64.04489,108.8473,정상
Male,23,66.43905,116.66,정상
Male,30,68.79621,143.6181,정상
Female,26,70.05244,123.0933,저체중
Female,35,66.04605,115.0598,정상
Female,27,69.05127,132.1098,정상
Female,29,65.61974,120.7598,정상
Male,23,67.60382,119.7671,저체중
Female,35,67.89065,122.1496,정상
Female,18,70.01739,123.9711,저체중
Female,35,67.80728,121.4194,정상
Female,18,67.14185,123.66,정상
Male,20,65.39888,98.05813,저체중
Female,29,68.70988,133.8099,정상
Male,30,69.04936,141.6987,정상
Female,29,67.91969,117.5158,저체중
Female,25,72.30217,132.1645,저체중
Female,25,63.7019,124.5106,정상
Female,25,70.475,105.7802,저체중
Male,31,67.64613,133.4242,정상
Female,18,67.75898,125.3875,정상
Female,28,69.1102,132.6382,정상
Female,19,65.59124,121.0751,정상
Female,19,67.63581,121.5355,정상
Female,18,70.74732,142.0038,정상
Male,32,70.99416,135.1886,정상
Male,26,67.66798,118.3373,저체중
Female,35,67.19997,122.9425,정상
Female,32,67.4785,116.4973,저체중
Female,30,67.66945,133.004,정상
Male,31,70.62281,146.4085,정상
Male,26,68.85256,137.2776,정상
Female,20,65.32564,122.0439,정상
Female,20,68.76499,140.8147,정상
Female,35,70.56586,136.7946,정상
Male,33,69.11378,127.4421,정상
Male,25,69.47685,130.272,정상
Female,24,70.13374,131.169,정상
Female,29,66.07211,129.6342,정상
Female,32,68.40149,125.6933,정상
Female,34,65.13161,104.973,저체중
Female,30,64.07239,120.2984,정상
Female,32,63.84484,102.4259,저체중
Male,22,65.55111,123.8357,정상
Female,18,66.41112,117.7,정상
Female,29,65.05758,121.8919,정상
Male,21,69.2384,128.4571,정상
Female,20,68.75803,113.1578,저체중
Female,29,68.17548,125.2742,정상
Female,29,70.1552,139.8009,정상
Female,29,67.70652,121.3818,정상
Male,18,66.95169,114.5435,저체중
Male,30,70.92538,133.8388,정상
Female,25,66.06089,135.6656,정상
Female,18,66.10974,127.3786,정상
Male,22,70.57236,140.6434,정상
Male,20,66.67735,113.9708,저체중
Male,19,65.99458,120.7042,정상
Male,32,63.44297,116.0752,정상
Male,21,66.32955,131.0291,정상
Male,21,66.53488,134.6458,정상
Male,23,66.80528,111.616,저체중
Female,24,67.9896,110.0452,저체중
Female,27,64.99295,106.053,저체중
Female,25,66.56539,124.0282,정상
Male,29,66.804,113.4492,저체중
Female,27,67.96612,132.3117,정상
Female,22,64.71711,118.356,정상
Male,27,65.82856,106.1109,저체중
Female,28,69.08496,136.7244,정상
Male,33,68.28753,125.6799,정상
Male,26,71.11334,126.4908,저체중
Female,33,69.34872,148.1527,정상
Male,35,67.62203,117.9474,저체중
Female,20,66.06295,124.5018,정상
Female,24,70.00342,127.0128,저체중
Female,26,66.52881,127.605,정상
Male,34,68.60366,129.5427,정상
Female,25,69.53265,142.0317,정상
Male,35,69.5404,134.8729,정상
Female,29,68.42714,124.9955,정상
Male,24,70.12002,137.7196,정상
Male,29,68.89234,116.8002,저체중
Female,22,67.64467,123.6212,정상
Female,27,68.97063,129.4071,정상
Male,21,71.51466,151.9696,정상
Male,27,70.71134,142.4361,정상
Male,21,66.90583,114.3278,저체중
Female,28,69.57597,106.1963,저체중
Female,33,66.48164,111.3787,저체중
Female,28,66.89809,118.3329,정상
Male,35,69.13909,138.206,정상
Male,18,68.61774,132.7075,정상
Female,25,66.16611,111.9004,저체중
Male,26,66.64128,114.0856,저체중
Female,33,69.54521,123.4319,저체중
Male,23,62.86795,98.05815,저체중
Male,31,67.85282,125.754,정상
Male,27,68.54477,133.7416,정상
Male,23,68.66811,143.6143,정상
Male,28,70.12714,123.7248,저체중
Male,20,66.78985,127.694,정상
Male,25,67.27782,126.7293,정상
Female,34,66.9553,121.6118,정상
Male,26,69.44337,123.5342,저체중
Female,34,71.51895,143.988,정상
Male,31,69.66995,137.9075,정상
Male,25,68.47294,109.4371,저체중
Male,26,66.19926,110.991,저체중
Male,29,68.78565,144.0145,정상
Female,35,67.86643,121.9737,정상
Female,26,67.76132,128.252,정상
Male,25,68.54873,117.4352,저체중
Female,21,68.46365,130.4536,정상
Male,24,67.00444,93.78282,저체중
Female,19,68.04189,121.4741,저체중
Female,22,70.80235,140.4798,정상
Male,19,67.7232,120.5494,저체중
Male,22,68.05748,126.1797,정상
Male,25,69.86881,128.3204,저체중
Male,19,67.67538,105.9584,저체중
Male,31,68.32806,126.9252,정상
Male,34,69.88401,142.7832,정상
Female,21,68.80968,111.1686,저체중
Male,21,68.36811,114.3121,저체중
Male,26,68.8827,143.8443,정상
Female,35,64.85888,121.0848,정상
Male,23,67.02277,136.9794,정상
Female,35,65.65821,123.2681,정상
Female,23,70.01384,130.2018,정상
Female,24,68.95576,129.1215,정상
Male,22,69.72231,135.8375,정상
Male,29,68.26031,138.5268,정상
Male,27,67.79651,146.5558,정상
Male,30,66.57574,114.2481,저체중
Male,27,70.38311,146.8498,정상
Male,23,66.49668,122.807,정상
Female,22,68.21731,127.527,정상
Female,35,68.08084,130.6424,정상
Female,30,66.89732,125.6947,정상
Female,23,71.03529,135.7172,정상
Male,34,67.69483,110.6572,저체중
Male,31,66.71312,122.9811,정상
Male,25,66.19389,115.5235,정상
Male,26,70.84883,125.1626,저체중
Female,21,60.61265,88.04646,저체중
Male,34,69.33158,109.2915,저체중
Male,33,68.82694,127.2504,정상
Male,31,68.76714,110.0752,저체중
Female,34,68.3665,121.2376,저체중
Male,20,68.8963,113.0423,저체중
Female,34,71.52552,144.707,정상
Female,26,66.3396,111.3345,저체중
Male,27,69.24295,139.3186,정상
Female,26,65.44706,129.4057,정상
Female,24,64.98078,121.7515,정상
Male,28,64.73308,112.2606,정상
Female,26,65.95421,123.4114,정상
Male,18,69.23656,113.0173,저체중
Female,33,66.6319,113.3885,저체중
Male,29,65.56464,111.7275,저체중
Female,29,67.89517,127.8383,정상
Female,31,66.72053,134.4433,정상
Female,34,67.33628,133.6352,정상
Female,21,68.00682,128.9038,정상
Male,29,69.59907,140.7606,정상
Male,35,65.7514,121.8273,정상
Male,25,66.54868,133.0094,정상
Female,20,68.67978,122.6398,저체중
Male,29,67.29012,149.083,정상
Female,35,67.91637,136.5971,정상
Female,23,65.73796,111.1435,저체중
Male,28,67.89939,107.5045,저체중
Female,18,72.78908,137.0203,저체중
Female,35,65.98489,129.277,정상
Female,18,69.67441,121.7105,저체중
Male,25,66.75669,116.2148,저체중
Female,32,67.43375,117.4727,저체중
Male,25,67.67624,123.6071,정상
Female,29,71.25079,133.5001,저체중
Male,24,69.21284,122.3603,저체중
Male,25,70.47954,134.4949,정상
Female,24,65.27987,134.6225,정상
Male,23,71.09122,139.2202,정상
Male,32,69.56615,124.2333,저체중
Female,29,66.89046,128.8185,정상
Male,27,67.70276,138.9186,정상
Female,21,66.77085,121.5008,정상
Male,20,67.85276,148.7195,정상
Female,26,70.78378,124.5162,저체중
Male,30,67.09928,121.3383,정상
Female,32,70.44992,133.1712,정상
Male,31,69.80734,137.2218,정상
Female,19,69.2187,156.353,정상
Male,26,69.75148,147.7342,정상
Female,20,69.25709,142.5795,정상
Female,34,69.00485,122.6004,저체중
Female,32,66.51077,127.8756,정상
Female,31,71.06999,121.0861,저체중
Female,32,73.10762,151.6868,정상
Male,31,71.20673,137.8023,정상
Female,19,64.27555,102.5237,저체중
Female,28,70.05278,122.6111,저체중
Female,22,66.79032,105.706,저체중
Female,23,68.34193,113.765,저체중
Male,32,68.51775,134.1383,정상
Female,35,68.93108,138.9163,정상
Male,28,66.41503,110.2628,저체중
Female,34,66.67827,108.1567,저체중
Male,19,70.52101,146.2975,정상
Female,21,68.30664,134.6639,정상
Female,28,67.0116,136.9904,정상
Female,24,69.88845,125.9301,저체중
Female,33,69.26417,131.5566,정상
Male,22,67.90954,120.4869,저체중
Female,31,62.73809,105.2201,정상
Male,29,67.25447,117.0512,저체중
Female,19,65.59876,117.1139,정상
Female,25,69.77845,122.691,저체중
Female,25,70.90472,150.021,정상
Male,18,67.19538,111.1027,저체중
Female,32,67.90593,122.2626,정상
Female,25,69.80063,145.7116,정상
Female,31,66.6932,139.5749,정상
Male,23,67.39204,119.839,정상
Male,20,67.05894,120.139,정상
Male,30,69.77321,143.6484,정상
Female,28,68.61434,142.6088,정상
Female,20,68.04448,114.4534,저체중
Male,22,69.71027,160.8859,정상
Male,29,69.63078,132.8733,정상
Female,28,71.04817,138.0744,정상
Female,19,67.8894,128.7946,정상
Female,31,69.08591,139.7656,정상
Female,34,70.50786,127.2788,저체중
Male,20,66.75964,140.3527,정상
Female,28,66.45788,118.3607,정상
Male,28,64.38452,109.4539,정상
Male,18,67.70213,135.3701,정상
Female,24,72.16119,141.8671,정상
Female,25,66.73368,134.3878,정상
Male,32,64.59658,113.6028,정상
Male,18,69.18583,136.7389,정상
Female,34,67.70525,142.2085,정상
Male,22,70.46124,132.8252,정상
Female,26,66.84239,135.3456,정상
Female,25,68.09464,126.5742,정상
Female,22,69.27278,141.667,정상
Male,21,66.06118,114.3427,저체중
Female,19,68.85839,142.794,정상
Male,29,68.24827,109.1823,저체중
Male,30,69.68789,123.3539,저체중
Female,31,70.34077,139.9099,정상
Female,35,68.47674,118.7857,저체중
Female,35,66.78425,122.2756,정상
Female,35,67.06985,124.811,정상
Male,34,68.38893,112.4658,저체중
Male,33,67.18538,111.7251,저체중
Male,33,66.8759,109.1189,저체중
Male,24,72.46405,138.8395,정상
Male,21,68.05495,125.6718,정상
Male,22,68.9238,129.8238,정상
Female,24,66.55309,117.9982,정상
Female,21,68.00334,133.4084,정상
Female,21,62.53614,120.647,정상
Male,20,70.71058,140.2181,정상
Female,30,68.53707,125.2862,정상
Male,23,70.0098,151.713,정상
Male,23,68.65745,120.2825,저체중
Female,19,68.89097,119.1438,저체중
Female,20,67.25272,133.3836,정상
Female,28,67.39484,133.6104,정상
Male,29,63.37237,128.7288,정상
Female,19,67.9351,120.8477,저체중
Female,23,68.38418,131.7234,정상
Female,25,68.37863,134.8459,정상
Female,24,65.57367,137.9377,정상
Male,30,65.23577,128.5973,정상
Male,27,71.3169,139.8829,정상
Female,34,70.16627,129.0204,저체중
Female,32,67.42392,122.5717,정상
Female,30,70.49904,114.3634,저체중
Female,20,68.30668,135.853,정상
Male,26,67.14412,135.207,정상
Male,35,64.68621,94.21971,저체중
Male,25,66.82203,140.4193,정상
Female,22,66.17213,123.9367,정상
Female,34,67.40223,129.5135,정상
Male,34,69.65239,148.1859,정상
Female,22,64.6447,120.4178,정상
Male,22,63.86895,97.02574,저체중
Female,30,67.7235,114.9802,저체중
Female,31,66.78698,104.0527,저체중
Female,34,68.37223,140.6462,정상
Female,21,68.04613,118.4149,저체중
Male,32,70.70988,146.6187,정상
Female,26,68.42309,133.7406,정상
Female,25,69.39765,118.5079,저체중
Female,22,71.73856,150.9213,정상
Female,25,70.69601,121.8109,저체중
Female,34,69.79586,146.1372,정상
Male,19,69.20814,128.8862,정상
Female,24,66.49242,128.4737,정상
Female,25,67.16108,139.2681,정상
Female,20,68.76219,126.9364,정상
Male,18,66.64609,134.9489,정상
Female,30,69.91623,141.9177,정상
Male,19,70.71477,137.8023,정상
Female,19,68.86691,117.7445,저체중
Male,21,65.56879,119.5334,정상
Male,29,70.7695,147.1214,정상
Male,30,68.31719,134.2732,정상
Male,18,63.7678,97.04078,저체중
Male,18,66.49473,122.836,정상
Male,28,69.21965,129.9591,정상
Male,31,71.49924,149.1274,정상
Female,31,67.75486,128.5848,정상
Female,25,66.19603,117.3529,정상
Male,26,65.29404,112.1173,저체중
Female,33,68.37324,129.5659,정상
Male,23,69.09809,121.057,저체중
Male,19,68.5956,110.0357,저체중
Male,19,67.78989,120.7787,저체중
Male,34,67.02507,122.308,정상
Male,27,66.31844,126.8147,정상
Male,33,66.33367,140.2312,정상
Male,23,65.50586,111.649,저체중
Male,32,68.05216,124.0093,정상
Female,32,69.33545,135.4809,정상
Male,34,66.39304,126.1881,정상
Female,24,69.2076,143.3931,정상
Female,22,70.21379,122.1613,저체중
Female,35,69.178,142.7784,정상
Male,30,66.76739,134.2148,정상
Male,34,64.88316,125.5308,정상
Male,21,70.25427,130.1801,정상
Female,34,68.38013,130.1171,정상
Female,21,66.62364,121.8803,정상
Male,20,67.96737,116.8868,저체중
Male,30,69.07966,128.4637,정상
Male,29,65.49639,108.2566,저체중
Female,27,67.94823,131.4797,정상
Female,29,67.69124,131.0789,정상
Female,22,69.9714,134.3432,정상
Female,27,67.69387,112.2898,저체중
Male,28,65.98735,113.6996,저체중
Male,24,68.3664,128.5446,정상
Male,33,69.52877,136.7997,정상
Male,30,69.27294,130.2612,정상
Female,27,69.41669,128.4186,정상
Female,19,70.15337,139.8741,정상
Female,29,69.82573,132.6543,정상
Male,20,65.91827,115.9192,정상
Male,19,67.98945,118.7202,저체중
Male,21,72.12813,135.5268,저체중
Male,22,67.48301,113.3464,저체중
Male,35,68.26193,117.904,저체중
Female,20,69.41184,130.5207,정상
Male,27,67.82148,123.5959,정상
Female,32,69.69729,141.3599,정상
Male,18,63.45113,104.2273,저체중
Female,32,66.9028,122.3933,정상
Female,23,69.05969,134.2747,정상
Male,28,69.02413,120.2068,저체중
Female,25,65.1896,127.2096,정상
Female,21,65.30411,119.1556,정상
Male,20,67.8454,100.2365,저체중
Female,26,67.09743,121.1992,정상
Female,27,65.5786,108.1626,저체중
Male,19,68.31828,129.8971,정상
Female,20,67.77752,125.3103,정상
Male,20,67.83922,130.7952,정상
Male,18,67.09143,127.9221,정상
Male,27,68.6965,135.3072,정상
Male,21,70.66714,141.6093,정상
Male,35,65.74989,134.5339,정상
Male,34,68.51671,135.9882,정상
Male,25,67.59335,125.5196,정상
Male,25,65.84344,123.0473,정상
Female,18,64.9153,118.3384,정상
Male,29,64.58123,119.5443,정상
Female,25,66.90827,136.7318,정상
Female,27,68.0883,129.1382,정상
Male,28,65.46098,117.3543,정상
Male,22,69.62403,133.886,정상
Female,28,70.62668,127.1567,저체중
Male,18,65.82364,118.264,정상
Female,34,65.06787,120.8378,정상
Male,22,66.22122,132.7183,정상
Female,24,69.68826,125.88,저체중
Male,26,69.70612,129.4925,정상
Male,26,67.65097,136.1796,정상
Male,18,69.95219,133.0623,정상
Male,20,70.00937,129.9978,정상
Male,25,67.61783,125.53,정상
Female,29,69.31318,139.8597,정상
Female,30,68.22656,132.6316,정상
Male,26,68.55723,118.8729,저체중
Male,19,64.22112,122.1174,정상
Female,25,66.05632,127.3063,정상
Male,25,66.90354,113.6921,저체중
Male,26,66.84621,121.585,정상
Male,23,69.4938,146.0665,정상
Male,21,68.55353,113.6965,저체중
Male,30,65.61282,110.3262,저체중
Male,21,67.37674,124.0148,정상
Male,25,68.09175,128.9185,정상
Male,28,66.65804,117.0019,정상
Male,31,69.54961,144.9385,정상
Male,31,66.25728,123.9976,정상
Female,29,67.98509,135.5365,정상
Male,34,66.09544,126.996,정상
Male,21,70.52477,134.6828,정상
Male,23,67.19875,111.0968,저체중
Female,19,68.24137,121.9514,저체중
Female,23,70.97253,134.2293,정상
Female,27,66.62434,128.3887,정상
Female,22,65.60995,124.7491,정상
Male,20,67.79978,111.9651,저체중
Male,20,67.56776,128.4301,정상
Male,20,65.14281,113.4592,정상
Female,32,65.46067,129.2624,정상
Female,26,68.4843,131.5885,정상
Female,26,68.24746,126.4105,정상
Male,35,68.62227,137.2275,정상
Female,31,67.23277,123.8138,정상
Male,25,70.9315,124.931,저체중
Male,19,70.41644,145.2017,정상
Male,26,67.76785,125.2728,정상
Male,21,68.93413,128.9511,정상
Male,27,66.63682,123.6178,정상
Male,28,68.50584,123.3779,저체중
Female,23,66.74655,103.455,저체중
Male,32,68.34022,121.1823,저체중
Female,21,68.64082,104.9272,저체중
Female,33,67.7798,119.9736,저체중
Female,35,68.01308,132.8794,정상
Male,22,64.20657,119.5831,정상
Female,25,68.16944,128.8536,정상
Female,27,67.55289,125.4723,정상
Male,22,67.94972,120.232,저체중
Female,32,65.82888,110.4565,저체중
Male,20,67.43166,138.2801,정상
Male,27,69.76313,124.4852,저체중
Male,21,66.74117,117.0476,저체중
Female,24,67.23078,127.707,정상
Female,30,66.219,121.3801,정상
Female,34,65.57556,126.3779,정상
Female,31,66.46532,105.6146,저체중
Male,20,71.70666,150.0118,정상
Male,23,68.32124,127.4253,정상
Female,28,65.81092,123.0644,정상
Female,20,68.90095,119.241,저체중
Male,25,66.25545,124.3161,정상
Female,30,67.63532,119.8268,저체중
Female,33,69.60217,135.871,정상
Male,30,69.19207,129.4251,정상
Male,33,68.12331,116.5582,저체중
Female,22,67.47898,116.8066,저체중
Male,32,66.24642,113.4835,저체중
Male,33,68.50173,121.5935,저체중
Male,18,62.87696,102.6336,저체중
Female,25,65.24352,109.5423,저체중
Female,24,69.99091,136.7711,정상
Male,20,68.75121,125.0167,정상
Male,34,66.26559,132.9041,정상
Male,18,67.33988,137.9208,정상
Female,34,66.08783,128.0748,정상
Male,34,69.10841,141.3046,정상
Female,27,68.02947,136.2458,정상
Female,28,71.4988,144.147,정상
Male,22,66.42022,128.7172,정상
Male,28,68.53037,127.7893,정상
Female,28,69.54256,134.6098,정상
Female,31,68.89587,149.2571,정상
Male,29,65.34144,118.4045,정상
Female,32,68.85953,147.4612,정상
Male,34,67.9932,115.8792,저체중
Female,27,70.34681,132.0704,정상
Female,31,65.40868,123.2475,정상
Male,35,69.67377,134.0875,정상
Male,20,70.37964,137.3754,정상
Female,19,68.23626,128.6996,정상
Male,20,67.40948,133.7103,정상
Male,32,69.72564,131.2636,정상
Female,23,66.96911,112.5541,저체중
Female,34,67.05246,118.0263,저체중
Male,32,68.0873,127.3013,정상
Female,32,70.4947,125.7998,저체중
Male,20,68.59715,126.259,정상
Female,22,66.45012,119.3414,정상
Female,30,67.24533,122.5965,정상
Male,30,69.22665,135.3375,정상
Male,26,68.4148,137.2091,정상
Female,28,70.51338,143.7382,정상
Male,35,70.63103,145.4599,정상
Female,26,69.83323,133.1488,정상
Male,19,69.76098,132.4917,정상
Female,31,68.11679,126.8125,정상
Female,22,66.53431,120.2043,정상
Male,23,71.0373,127.177,저체중
Female,31,65.66484,119.1195,정상
Male,30,67.11404,131.011,정상
Female,23,70.93121,151.9596,정상
Male,34,68.25011,147.9148,정상
Male,25,67.04474,120.1896,정상
Male,19,69.40034,121.6422,저체중
Female,24,68.35952,131.7405,정상
Male,20,65.7936,105.584,저체중
Male,18,65.16867,125.1514,정상
Male,20,64.31223,132.5808,정상
Female,29,70.65237,116.5383,저체중
Male,26,68.04397,141.8528,정상
Male,32,67.60186,130.1925,정상
Female,27,67.58242,120.4606,정상
Female,35,68.50821,128.9264,정상
Male,32,65.84079,119.5386,정상
Female,28,69.13492,137.8896,정상
Female,35,68.00897,122.4403,정상
Male,28,67.56761,129.7133,정상
Female,33,66.79775,127.9067,정상
Male,18,70.41567,146.7498,정상
Female,20,66.6532,111.2623,저체중
Male,25,68.94427,138.8701,정상
Female,21,69.2921,119.7773,저체중
Male,19,71.21679,128.0274,저체중
Male,35,68.26773,106.61,저체중
Female,30,65.73369,113.3707,저체중
Male,29,63.63362,106.5873,정상
Male,28,69.44197,125.085,저체중
Male,25,67.08087,125.2055,정상
Female,19,66.03614,123.3208,정상
Female,19,66.75256,109.923,저체중
Male,21,69.05655,129.0132,정상
Male,24,66.02949,108.5156,저체중
Female,25,67.62446,138.1906,정상
Female,19,66.54145,121.1649,정상
Female,24,71.4012,133.5965,저체중
Female,33,68.54057,132.5515,정상
Male,24,66.23601,123.6908,정상
Female,35,71.74579,148.3826,정상
Male,18,64.8262,124.0167,정상
Female,27,69.13628,150.4434,정상
Male,21,63.85309,113.5616,정상
Female,26,65.88387,118.8276,정상
Female,30,70.20793,152.1525,정상
Male,29,69.83569,121.8741,저체중
Female,23,66.51127,127.3143,정상
Female,30,71.09805,147.2711,정상
Female,32,64.60825,112.4456,정상
Male,30,70.23276,137.7724,정상
Female,34,64.68824,108.5133,저체중
Female,28,67.16361,124.8309,정상
Female,25,69.32709,133.656,정상
Female,25,68.45934,142.1525,정상
Female,22,66.99209,125.4821,정상
Male,34,68.44693,132.342,정상
Female,32,67.41731,128.0697,정상
Male,26,69.21256,120.7853,저체중
Female,25,65.23174,129.8998,정상
Male,19,65.42771,117.499,정상
Male,23,66.99225,121.0608,정상
Female,31,69.66303,118.2405,저체중
Female,21,67.29207,117.7533,저체중
Male,21,64.37238,124.134,정상
Male,35,68.90985,106.8616,저체중
Male,23,70.80439,124.5028,저체중
Male,19,68.7004,129.2788,정상
Female,18,68.29255,113.5292,저체중
Female,29,65.50586,125.7542,정상
Male,24,68.97897,121.0893,저체중
Female,34,69.65275,125.5083,저체중
Female,32,69.49526,133.7579,정상
Female,24,66.61841,131.7656,정상
Male,24,64.46226,117.407,정상
Female,27,69.10304,131.1557,정상
Female,31,67.86149,128.0879,정상
Male,29,67.83106,107.8007,저체중
Female,26,67.66576,133.9987,정상
Male,28,67.93384,123.2716,정상
Female,21,71.95735,142.6244,정상
Male,34,66.88443,115.1191,저체중
Male,18,71.25927,130.7929,저체중
Male,35,63.13444,111.3605,정상
Female,25,70.25703,131.1771,정상
Male,29,67.68872,109.8541,저체중
Female,27,63.45505,113.3017,정상
Male,26,71.59334,117.9625,저체중
Female,23,68.69094,140.3001,정상
Male,27,64.36556,122.4675,정상
Female,29,68.84021,139.5953,정상
Male,20,67.79238,130.4642,정상
Male,18,65.97475,121.9744,정상
Female,32,64.23339,106.8916,저체중
Female,26,65.46597,113.5834,정상
Female,21,65.22202,94.61233,저체중
Female,35,67.90056,120.3075,저체중
Male,32,64.42244,131.5245,정상
Female,28,68.23998,113.3743,저체중
Female,32,70.01671,128.8175,저체중
Male,35,67.25105,131.9522,정상
Male,26,67.28007,117.6487,저체중
Male,22,69.48821,129.6283,정상
Male,19,69.50486,136.9585,정상
Male,25,68.0898,120.5675,저체중
Male,27,68.09624,127.7017,정상
Female,32,64.59835,113.0571,정상
Male,25,67.63863,117.784,저체중
Female,35,69.07559,145.8644,정상
Male,25,65.43751,123.7503,정상
Female,32,66.04755,116.2935,정상
Female,18,67.38822,113.2922,저체중
Female,35,68.74094,121.8236,저체중
Female,21,66.68207,132.4644,정상
Male,23,67.10251,116.5027,저체중
Female,32,68.72578,148.798,정상
Female,23,69.95585,134.2309,정상
Female,28,71.48969,151.6437,정상
Male,25,66.69291,128.2832,정상
Female,27,65.37967,110.6266,저체중
Male,35,67.59507,126.1888,정상
Male,33,67.65455,113.8593,저체중
Male,25,68.68263,125.494,정상
Male,24,69.58679,125.2317,저체중
Male,31,68.37402,123.4402,정상
Male,33,67.93581,131.6798,정상
Male,32,65.44645,133.7783,정상
Male,21,68.37812,117.4608,저체중
Female,18,70.02962,134.5618,정상
Male,32,66.48126,125.3948,정상
Female,25,69.02608,114.1902,저체중
Female,18,69.55202,144.8532,정상
Male,24,64.80997,132.2021,정상
Female,19,65.70656,107.7373,저체중
Male,27,65.72803,140.2288,정상
Male,20,68.21876,121.7152,저체중
Male,22,65.86034,125.5649,정상
Female,33,65.16426,126.6267,정상
Male,25,66.96428,135.9602,정상
Female,27,63.75844,105.6245,저체중
Male,21,69.96035,146.4008,정상
Female,21,69.29626,106.2849,저체중
Female,31,65.18388,117.985,정상
Male,27,67.37365,107.4966,저체중
Male,20,69.76312,119.6316,저체중
Male,21,65.20697,116.4881,정상
Male,23,66.31364,124.9947,정상
Male,33,66.74365,118.0293,정상
Male,18,65.57241,128.5441,정상
Female,28,71.05515,134.7298,정상
Female,18,69.28167,135.8658,정상
Male,29,71.77797,136.3061,정상
Male,22,63.53338,104.7024,저체중
Male,33,69.75851,120.3953,저체중
Female,32,66.7395,118.3091,정상
Male,30,66.76099,122.1245,정상
Female,22,72.16716,156.2465,정상
Male,21,64.34648,117.265,정상
Male,34,69.25366,128.9281,정상
Male,18,68.20016,129.2408,정상
Male,29,67.84238,131.1469,정상
Male,20,70.54498,136.6229,정상
Female,19,65.25826,110.8818,저체중
Male,24,67.78738,115.5424,저체중
Female,28,66.79884,132.1508,정상
Female,25,68.13317,137.9186,정상
Male,21,67.48449,123.0402,정상
Male,35,70.4411,148.7687,정상
Female,24,68.33621,123.88,정상
Male,33,68.67946,138.1734,정상
Female,35,67.95136,122.3842,정상
Female,32,65.92021,120.5629,정상
Female,19,68.14026,121.2805,저체중
Female,23,67.29912,133.4119,정상
Male,22,67.43318,121.7736,정상
Female,33,66.07076,122.2608,정상
Male,30,69.32562,135.9047,정상
Female,23,65.89875,134.5927,정상
Female,35,67.23868,117.4154,저체중
Female,26,68.01261,129.311,정상
Female,32,68.62709,122.403,저체중
Male,27,67.76031,143.2106,정상
Female,28,67.54784,128.0734,정상
Female,25,67.26315,107.2961,저체중
Male,25,71.53453,145.4266,정상
Female,23,65.06551,123.2535,정상
Female,29,67.43465,115.9394,저체중
Female,20,69.15557,131.1976,정상
Male,32,67.10856,110.8966,저체중
Male,25,68.48481,132.9513,정상
Female,29,68.05629,143.3736,정상
Female,33,68.40527,142.3615,정상
Male,33,71.97264,138.5403,정상
Female,18,67.88635,145.0092,정상
Female,30,68.93287,133.8419,정상
Male,30,68.24127,106.3258,저체중
Male,33,66.01267,117.3092,정상
Female,31,67.37485,134.7795,정상
Male,35,68.21364,141.9627,정상
Female,30,68.34543,131.9721,정상
Male,22,68.65931,137.013,정상
Female,22,68.84427,144.7351,정상
Male,29,69.03818,143.485,정상
Female,22,68.11385,127.8782,정상
Male,27,67.3109,126.0281,정상
Female,25,69.49562,126.4439,저체중
Female,27,69.39962,127.7448,정상
Male,19,67.57502,126.2983,정상
Female,25,66.43096,106.7579,저체중
Female,23,69.2189,122.9471,저체중
Male,19,66.19304,120.9485,정상
Male,18,66.59157,107.8202,저체중
Male,29,66.81548,135.6921,정상
Male,34,68.00225,124.7943,정상
Male,34,69.09045,123.456,저체중
Male,21,68.6133,133.9338,정상
Male,23,71.62355,157.659,정상
Male,20,67.4363,133.6369,정상
Female,21,65.12769,113.7514,정상
Male,18,68.87788,139.7284,정상
Female,27,65.8284,123.9196,정상
Female,31,67.27468,117.2019,저체중
Male,34,68.36412,114.74,저체중
Male,25,67.98858,135.5863,정상
Female,21,69.99934,130.2303,정상
Male,22,66.73116,132.3482,정상
Female,20,67.47372,116.7746,저체중
Male,23,65.0195,122.0863,정상
Male,18,71.12723,147.136,정상
Male,22,67.6698,133.6517,정상
Male,32,68.77095,153.9969,정상
Female,27,68.48264,135.3549,정상
Male,35,66.8768,119.5152,정상
Female,26,70.54119,134.2581,정상
Male,30,67.04893,126.7798,정상
Female,27,67.63647,118.7652,저체중
Female,33,67.57626,120.3951,정상
Female,31,70.87537,148.4787,정상
Female,27,66.23513,125.14,정상
Female,25,67.01055,121.4965,정상
Male,32,67.64118,129.0488,정상
Male,34,67.9016,134.8018,정상
Male,25,69.31483,136.4644,정상
Female,25,68.22857,119.5528,저체중
Male,19,66.98456,135.7446,정상
Male,26,67.00963,126.1537,정상
Male,23,69.95272,144.3773,정상
Male,19,65.80355,99.51504,저체중
Female,33,68.92933,134.0114,정상
Male,25,67.70136,136.4446,정상
Male,28,67.91607,133.3008,정상
Male,23,66.84068,131.6362,정상
Female,28,69.99456,135.2158,정상
Female,20,66.4718,118.2191,정상
Female,28,64.18564,111.0182,정상
Female,21,66.246,128.8387,정상
Female,31,68.80963,130.791,정상
Female,20,67.65907,128.573,정상
Female,23,66.77115,130.2165,정상
Male,33,65.37953,131.9436,정상
Male,26,66.7844,120.2342,정상
Female,30,71.27461,137.3123,정상
Female,25,66.61529,120.9979,정상
Male,30,65.83005,123.3074,정상
Female,35,69.57158,130.6931,정상
Male,22,68.00656,139.9829,정상
Female,32,68.69628,111.38,저체중
Male,18,66.42314,124.9978,정상
Female,18,66.99259,122.1147,정상
Female,21,67.96518,129.2041,정상
Female,35,68.66471,116.8008,저체중
Male,32,66.61581,110.2205,저체중
Female,27,67.63645,131.1351,정상
Male,24,70.31626,139.0315,정상
Female,27,69.75296,124.5872,저체중
Male,30,67.08745,124.9637,정상
Female,26,68.16256,127.0057,정상
Female,31,68.10701,134.1875,정상
Female,18,69.7191,155.7074,정상
Male,35,66.6639,109.6815,저체중
Male,32,69.21432,142.3644,정상
Male,21,64.6701,125.2237,정상
Female,34,67.6419,116.4677,저체중
Female,25,70.95584,129.5297,저체중
Male,25,67.68754,129.9618,정상
Female,31,68.39041,131.11,정상
Male,23,70.94659,149.2299,정상
Male,30,69.3929,138.8501,정상
Female,34,64.29056,128.0364,정상
Female,29,70.36687,136.6274,정상
Female,29,67.04642,127.3941,정상
Male,28,66.03627,130.0724,정상
Male,34,67.23901,132.3301,정상
Female,21,68.4523,115.3808,저체중
Male,35,68.00298,121.4437,저체중
Male,22,68.19927,133.5988,정상
Female,30,69.15154,135.7115,정상
Female,23,72.36766,138.8835,정상
Female,33,70.17575,138.5825,정상
Female,31,66.89187,130.3881,정상
Female,25,67.86089,130.8938,정상
Male,28,69.3241,126.4663,정상
Male,23,68.85085,125.6815,정상
Female,29,63.59867,108.3695,정상
Female,18,67.68177,146.0547,정상
Female,22,65.92195,128.9527,정상
Male,20,66.04233,138.9407,정상
Female,35,68.07077,136.7048,정상
Female,31,68.53269,136.9208,정상
Male,26,66.41329,121.4656,정상
Female,24,67.6551,139.0278,정상
Female,26,69.39574,124.2868,저체중
Male,35,70.72068,135.4026,정상
Male,31,69.39895,127.7865,정상
Female,22,68.70993,134.9467,정상
Male,20,69.38351,130.8867,정상
Female,28,69.01409,133.5517,정상
Female,24,68.84671,121.2891,저체중
Female,24,66.67972,130.3173,정상
Male,32,64.14012,136.6169,정상
Male,18,65.45315,120.6706,정상
Female,33,67.16684,132.1766,정상
Male,34,67.52493,124.0382,정상
Female,31,67.17756,133.8366,정상
Female,18,66.73401,131.714,정상
Female,30,70.0236,117.9912,저체중
Female,27,67.17283,116.4658,저체중
Male,34,65.18918,138.7007,정상
Male,32,68.32763,127.9768,정상
Male,27,72.55002,139.9074,정상
Male,19,70.71251,148.0151,정상
Female,33,70.88049,140.65,정상
Male,25,66.96285,130.6093,정상
Male,28,69.82684,143.0451,정상
Female,20,65.16431,128.951,정상
Female,25,68.23622,140.5259,정상
Female,35,66.73023,142.5733,정상
Male,24,72.29547,138.9453,정상
Male,28,69.16314,127.5533,정상
Female,19,67.56202,115.1545,저체중
Male,20,65.7718,119.6649,정상
Female,20,67.4295,100.7527,저체중
Male,20,67.235,122.7841,정상
Female,31,69.86435,146.7835,정상
Male,31,71.88676,144.7958,정상
Male,20,68.87227,138.991,정상
Female,25,70.04608,137.0023,정상
Female,30,68.73409,137.8343,정상
Female,21,69.03486,138.8044,정상
Male,26,69.26447,128.3303,정상
Female,26,70.09459,124.8418,저체중
Male,33,70.12595,131.6374,정상
Male,32,66.54739,120.0134,정상
Male,34,66.3726,117.0774,정상
Male,19,65.72273,113.9648,정상
Male,34,67.65602,126.6406,정상
Male,34,64.69649,108.3562,저체중
Female,18,66.41005,127.2142,정상
Male,23,69.27872,134.603,정상
Male,22,68.63208,121.5365,저체중
Female,32,68.60374,145.1284,정상
Male,24,70.38104,135.204,정상
Male,18,69.28461,127.5704,정상
Male,20,71.64455,153.6515,정상
Male,35,70.37091,155.869,정상
Male,20,65.45196,121.4609,정상
Female,22,69.65595,133.8526,정상
Female,29,67.69863,108.9521,저체중
Male,35,70.04255,130.5425,정상
Female,34,67.69758,124.0931,정상
Female,28,66.856,132.5109,정상
Female,28,69.87691,154.5701,정상
Male,19,68.5184,124.004,정상
Male,26,67.68314,127.6985,정상
Female,35,67.61985,114.26,저체중
Male,30,69.25373,142.7731,정상
Female,32,68.98349,115.897,저체중
Female,33,66.98194,125.1081,정상
Female,23,63.41013,119.8153,정상
Female,22,68.3495,127.3052,정상
Female,21,70.14263,130.255,정상
Male,24,67.67369,125.3486,정상
Female,22,67.83046,118.0148,저체중
Female,22,71.15629,129.468,저체중
Male,19,70.04469,138.4503,정상
Female,18,69.45013,138.6964,정상
Female,22,67.78201,134.9735,정상
Female,23,65.27229,119.6325,정상
Female,31,69.44983,132.0852,정상
Male,22,67.90892,132.1945,정상
Male,20,68.1636,146.9576,정상
Male,35,66.37934,112.0144,저체중
Female,28,68.73896,129.7229,정상
Female,20,69.75201,128.9392,정상
Male,29,69.44655,125.5484,저체중
Male,32,64.92283,102.8549,저체중
Male,24,64.80108,119.4034,정상
Male,33,65.84217,143.8547,정상
Male,21,68.34828,129.9632,정상
Female,33,68.13534,125.1662,정상
Female,21,66.32414,126.9552,정상
Male,33,70.74868,112.1237,저체중
Male,24,67.48997,115.0831,저체중
Male,29,65.8077,120.0188,정상
Male,21,67.41008,122.7409,정상
Male,27,68.39969,133.5177,정상
Female,27,72.19938,144.1058,정상
Male,34,71.65513,146.9261,정상
Male,18,70.19523,134.0839,정상
Male,25,65.92306,112.9231,저체중
Male,32,73.35034,142.4875,정상
Male,31,64.21849,121.3899,정상
Female,29,65.70466,122.7506,정상
Male,25,68.90463,136.1054,정상
Male,19,68.06195,127.8162,정상
Female,33,66.85163,139.0505,정상
Female,20,69.58698,124.5701,저체중
Male,21,69.42478,126.8527,정상
Female,35,68.02716,145.8616,정상
Female,31,71.71699,136.8975,정상
Female,32,66.95183,133.4618,정상
Female,27,69.74699,122.1901,저체중
Female,35,68.80049,115.6403,저체중
Male,34,67.89371,125.377,정상
Male,34,68.57659,129.2547,정상
Female,22,68.72581,129.1874,정상
Male,31,69.63584,133.0704,정상
Male,19,68.9713,138.0269,정상
Female,26,66.8827,118.8532,정상
Male,29,69.21469,142.7606,정상
Female,19,67.98056,126.2747,정상
Male,35,68.56045,119.1386,저체중
Female,26,67.92182,117.0603,저체중
Male,35,69.15108,120.454,저체중
Male,31,69.09773,132.1603,정상
Female,25,66.92076,108.7441,저체중
Male,27,67.43796,106.5115,저체중
Female,20,67.67848,130.2144,정상
Female,25,70.02323,140.4403,정상
Male,33,67.78297,124.5214,정상
Male,24,72.83169,139.3706,저체중
Male,24,68.05868,129.4378,정상
Male,27,67.44814,129.0994,정상
Female,19,65.57065,118.2219,정상
Female,29,67.59465,117.6786,저체중
Male,28,67.82155,140.8622,정상
Male,19,68.47258,122.6694,저체중
Female,35,63.58771,104.467,저체중
Male,22,67.95929,129.0106,정상
Male,35,65.22442,124.3217,정상
Female,34,66.44894,101.9139,저체중
Female,27,67.33704,139.416,정상
Female,34,65.69507,132.7342,정상
Female,31,70.72749,132.8116,정상
Female,28,67.41511,124.3421,정상
Male,35,69.76325,126.7586,저체중
Female,27,65.37021,119.848,정상
Female,33,70.00296,111.9376,저체중
Female,35,66.22804,117.26,정상
Female,28,71.01952,131.8577,저체중
Male,22,66.66825,122.6517,정상
Male,27,65.766,117.0445,정상
Female,31,69.19585,117.8609,저체중
Female,24,66.01043,130.8876,정상
Female,28,65.81063,124.3575,정상
Female,33,69.63647,131.0505,정상
Female,23,67.20188,142.083,정상
Female,19,67.84033,100.3696,저체중
Female,27,63.55149,127.0979,정상
Male,25,68.31141,124.2054,정상
Female,33,65.48001,116.5552,정상
Male,35,69.58827,123.5653,저체중
Male,28,66.1176,111.8548,저체중
Male,19,71.49457,150.1752,정상
Male,29,70.91224,128.172,저체중
Male,22,65.08904,120.4457,정상
Female,25,66.85324,110.6689,저체중
Female,21,67.33053,135.7821,정상
Male,20,70.41812,145.8887,정상
Female,18,70.74812,144.6908,정상
Female,27,69.897,128.3047,저체중
Female,23,68.29767,137.1886,정상
Female,35,67.83703,127.2593,정상
Male,32,65.24423,122.1945,정상
Male,23,67.84894,139.6043,정상
Female,19,70.42564,129.817,저체중
Male,35,70.55525,152.9847,정상
Male,19,67.88636,123.5425,정상
Female,32,69.7096,137.7755,정상
Male,20,67.07269,116.3106,저체중
Female,18,71.88822,125.4909,저체중
Male,25,71.28254,134.9234,정상
Female,33,66.61757,116.9673,정상
Male,33,69.33248,131.029,정상
Female,24,69.17119,138.2493,정상
Male,21,68.93099,117.0109,저체중
Male,31,65.39211,117.1889,정상
Female,31,66.40145,133.3265,정상
Male,29,65.97157,121.4286,정상
Female,28,65.61777,122.2767,정상
Female,22,67.1943,129.2964,정상
Female,18,65.74682,106.9673,저체중
Female,30,64.34058,118.7342,정상
Female,31,65.27557,112.0218,저체중
Female,21,71.37011,133.4833,저체중
Male,30,68.13757,127.5429,정상
Female,31,72.05393,131.366,저체중
Female,29,65.7047,114.9957,정상
Female,22,67.07598,125.5866,정상
Male,18,63.96935,84.86345,저체중
Female,29,65.26358,129.4427,정상
Female,34,65.97301,126.9647,정상
Female,29,68.28892,139.8538,정상
Male,24,65.81249,120.6804,정상
Male,22,64.11914,127.4184,정상
Female,21,67.02094,120.0865,정상
Male,34,69.03252,132.7904,정상
Female,34,68.99289,123.4864,저체중
Male,29,64.41882,114.4503,정상
Female,25,67.15633,112.938,저체중
Female,33,68.76733,116.9251,저체중
Male,19,69.01892,133.9261,정상
Female,30,66.76233,128.2645,정상
Male,18,68.18232,107.0685,저체중
Male,27,67.28745,128.2196,정상
Female,20,68.65317,126.5592,정상
Female,24,71.06665,125.8611,저체중
Male,29,70.31177,134.6115,정상
Male,20,72.4691,152.1181,정상
Male,24,68.8736,135.5056,정상
Female,22,64.68847,115.9514,정상
Male,30,68.1288,127.6565,정상
Male,22,67.36526,141.0621,정상
Male,31,65.60339,109.572,저체중
Female,21,68.0437,122.3788,정상
Male,21,69.28083,134.2059,정상
Female,32,68.87006,134.8058,정상
Male,21,68.5515,108.4165,저체중
Female,25,70.402,121.5254,저체중
Female,23,70.89245,131.4848,저체중
Female,20,63.57508,112.824,정상
Female,30,69.96784,129.2959,정상
Female,18,69.86404,144.6551,정상
Male,22,67.43349,123.2584,정상
Female,19,65.953,130.0755,정상
Male,21,66.51685,97.84025,저체중
Female,34,66.59374,133.7803,정상
Female,25,64.82036,106.5226,저체중
Female,28,68.76391,139.4665,정상
Female,32,67.24653,116.868,저체중
Female,32,67.62134,133.7579,정상
Female,25,66.16322,118.9108,정상
Female,20,67.42497,122.3291,정상
Male,34,68.65199,127.3678,정상
Male,25,67.41315,114.0066,저체중
Male,25,68.24549,137.0083,정상
Female,33,66.02486,110.0077,저체중
Male,30,65.25809,132.9911,정상
Male,27,69.91392,132.3932,정상
Male,20,65.79089,117.5234,정상
Female,33,67.71449,130.4334,정상
Female,18,68.29458,117.7587,저체중
Female,22,65.61141,117.7477,정상
Female,21,67.78179,129.0761,정상
Male,23,64.30338,105.6364,저체중
Male,18,67.30706,131.7766,정상
Male,18,68.96485,131.8757,정상
Male,35,64.97931,125.9879,정상
Male,25,69.07887,123.8861,저체중
Male,24,67.39433,133.0366,정상
Male,25,67.27351,131.1858,정상
Female,22,67.64179,126.7371,정상
Male,29,70.45489,151.614,정상
Male,24,69.09422,147.1926,정상
Female,24,66.0667,134.7624,정상
Male,26,67.70438,133.445,정상
Female,33,66.985,111.2501,저체중
Male,31,65.46653,117.0386,정상
Male,28,68.69845,129.8079,정상
Male,30,66.04072,99.27518,저체중
Female,29,66.09431,128.5692,정상
Female,27,69.80498,151.548,정상
Male,25,67.73859,139.3895,정상
Female,19,66.68205,120.0516,정상
Female,26,68.9189,124.0676,저체중
Male,28,67.06468,137.5999,정상
Male,28,65.256,129.4912,정상
Female,35,68.3313,139.801,정상
Female,25,68.39086,148.5226,정상
Male,26,67.84685,120.6246,저체중
Male,27,66.37815,138.6642,정상
Male,26,63.32113,92.37513,저체중
Female,23,66.57084,136.5421,정상
Male,34,67.88983,118.2089,저체중
Male,23,70.94094,138.6145,정상
Male,28,69.91224,135.6715,정상
Male,19,64.89822,104.5861,저체중
Female,23,69.46685,128.2748,정상
Female,23,68.56738,125.4858,정상
Female,27,66.53162,143.8794,정상
Female,31,68.6378,125.3511,정상
Male,33,70.90025,126.3358,저체중
Female,19,71.26396,139.7274,정상
Female,19,67.13527,116.2366,저체중
Male,34,64.80236,97.79781,저체중
Female,20,70.67036,136.8521,정상
Male,21,66.13501,112.7896,저체중
Female,24,64.77081,112.5529,정상
Male,23,68.35648,120.7636,저체중
Female,24,68.24493,119.3536,저체중
Female,31,67.7318,135.4753,정상
Female,18,67.04488,140.4543,정상
Female,20,69.94917,142.0555,정상
Male,27,64.50981,126.8512,정상
Female,19,67.87716,123.1267,정상
Male,33,68.61556,118.3477,저체중
Female,31,68.08104,134.5331,정상
Female,18,66.35068,116.8814,정상
Female,20,66.71224,108.9156,저체중
Male,25,71.16146,134.9529,정상
Female,34,64.76054,109.5924,저체중
Male,18,66.75144,106.5216,저체중
Male,33,66.73685,119.4936,정상
Female,34,69.68151,137.7906,정상
Female,22,70.72413,151.0354,정상
Male,19,68.34441,121.4853,저체중
Female,32,67.6858,146.7791,정상
Male,26,66.98729,140.0306,정상
Female,26,69.43833,116.5077,저체중
Male,18,70.35311,140.7913,정상
Male,31,68.29063,140.0969,정상
Female,20,69.81605,131.6661,정상
Male,30,68.07763,144.0462,정상
Female,29,69.63007,136.5389,정상
Male,18,67.94658,124.5183,정상
Female,22,66.66861,123.3439,정상
Male,20,72.54964,140.3326,정상
Male,30,65.96495,125.1353,정상
Male,33,68.73999,142.2247,정상
Male,35,73.25271,156.3537,정상
Female,33,63.8433,113.8671,정상
Male,31,66.96921,120.7632,정상
Male,19,67.68747,120.6478,정상
Female,35,66.81228,139.8202,정상
Male,31,66.72332,119.0638,정상
Female,32,68.9021,141.0105,정상
Female,26,69.92563,143.4254,정상
Male,23,69.85536,133.5108,정상
Female,33,69.32382,137.0878,정상
Female,21,66.59092,121.7154,정상
Female,33,68.85426,127.9174,정상
Male,26,66.54029,113.4724,저체중
Male,35,65.65814,128.0828,정상
Male,33,69.30998,131.776,정상
Male,18,70.17204,138.2634,정상
Male,31,67.97014,125.758,정상
Male,29,66.85274,120.3874,정상
Female,35,67.93626,129.0463,정상
Female,18,72.43693,136.391,저체중
Female,29,67.58597,130.0804,정상
Female,30,68.61381,118.5302,저체중
Female,33,70.42389,129.8475,저체중
Male,35,66.40833,119.5325,정상
Male,20,70.57091,138.3516,정상
Female,20,69.79777,128.9593,정상
Female,19,67.34701,116.8005,저체중
Female,22,66.40224,123.1326,정상
Female,35,64.68881,116.9304,정상
Female,30,69.53955,126.5974,저체중
Male,28,69.43648,141.1934,정상
Male,34,69.36832,131.6094,정상
Female,34,67.02639,109.3029,저체중
Male,32,68.60035,116.408,저체중
Female,33,64.90605,101.3305,저체중
Female,24,73.6704,147.9165,정상
Male,22,68.37014,141.2402,정상
Male,26,68.3104,138.8869,정상
Female,22,64.51584,148.5007,과체중
Male,26,66.12992,101.0513,저체중
Male,23,65.38495,125.7223,정상
Male,23,65.11549,106.3269,저체중
Male,31,67.05783,126.3894,정상
Male,27,66.99532,134.2725,정상
Male,23,67.08079,125.6528,정상
Female,34,65.28833,113.2531,정상
Female,19,68.09544,119.5911,저체중
Female,23,66.6868,116.2576,저체중
Female,29,68.33953,143.6987,정상
Female,28,66.84266,112.5571,저체중
Female,26,68.83968,131.1388,정상
Female,20,61.8934,95.74545,저체중
Male,35,65.73799,113.6203,저체중
Male,20,68.72588,141.3191,정상
Female,31,67.8244,116.9133,저체중
Female,28,67.01202,124.2022,정상
Female,33,65.5611,117.5665,정상
Male,28,67.55321,119.2307,저체중
Male,29,67.1303,114.5048,저체중
Male,25,67.64061,130.0058,정상
Male,18,66.83182,140.4851,정상
Male,29,68.27516,144.0058,정상
Female,28,69.44828,131.2024,정상
Female,26,69.58545,126.2305,저체중
Female,35,66.7071,104.6225,저체중
Female,19,68.19325,121.5126,저체중
Female,29,69.13191,135.9547,정상
Female,23,66.59378,136.2738,정상
Female,25,66.48656,131.7593,정상
Male,20,66.37289,118.7403,정상
Male,24,70.71575,139.42,정상
Female,26,67.15897,129.0818,정상
Male,25,67.76901,114.4204,저체중
Female,30,65.18164,113.1913,정상
Female,26,67.83932,112.5536,저체중
Male,19,68.0491,157.6543,정상
Female,21,68.58692,121.5904,저체중
Male,35,65.95317,119.206,정상
Female,18,71.02002,136.1093,정상
Female,18,69.2108,116.8245,저체중
Female,29,67.16712,133.9377,정상
Male,34,64.82773,119.5375,정상
Female,21,71.89734,125.1534,저체중
Female,32,66.29137,119.6552,정상
Male,25,69.63011,136.2859,정상
Male,25,66.65205,112.4741,저체중
Male,31,70.56251,132.5837,정상
Male,24,67.79995,131.5466,정상
Female,23,68.74825,128.4833,정상
Male,18,66.84629,137.0769,정상
Female,21,67.47997,112.9767,저체중
Male,32,67.13893,124.5135,정상
Male,20,68.40021,138.2798,정상
Male,23,68.86099,136.6706,정상
Male,21,66.17409,119.2702,정상
Female,19,68.84978,131.2561,정상
Female,35,68.67678,129.8508,정상
Male,31,69.82135,156.1101,정상
Male,24,64.2599,108.0741,저체중
Male,30,69.71651,136.2846,정상
Male,26,70.94085,136.9681,정상
Male,25,70.06779,139.4128,정상
Male,34,70.88342,135.7171,정상
Male,33,65.49529,118.6689,정상
Male,29,68.4804,138.799,정상
Male,21,68.51303,138.9157,정상
Female,34,68.16142,118.2547,저체중
Female,21,71.95866,135.3357,저체중
Female,26,64.75487,129.262,정상
Female,22,70.30789,135.1908,정상
Female,29,67.4222,115.1791,저체중
Male,27,68.24432,112.2308,저체중
Male,31,68.24598,122.3013,저체중
Female,26,68.67772,128.2031,정상
Female,33,69.45147,157.3486,정상
Female,23,67.00023,128.2287,정상
Male,28,68.53583,115.0374,저체중
Male,24,68.09648,149.9119,정상
Female,26,66.8815,118.7213,정상
Female,35,64.35721,111.8923,정상
Male,33,64.95432,119.5408,정상
Male,29,68.10575,121.9841,저체중
Female,24,66.80947,111.1912,저체중
Female,27,63.88864,112.1842,정상
Male,30,67.38665,106.1061,저체중
Male,22,68.92239,132.2605,정상
Male,26,68.34907,118.027,저체중
Female,21,65.8834,131.8548,정상
Female,29,65.81926,122.7493,정상
Male,28,67.6519,126.4083,정상
Male,22,69.91178,135.567,정상
Male,22,69.43847,144.6145,정상
Male,33,68.6245,133.9108,정상
Male,35,68.5874,139.0597,정상
Male,33,69.96201,143.3765,정상
Female,20,68.48251,133.9215,정상
Male,26,70.14044,132.9707,정상
Male,32,67.69318,151.5436,정상
Male,20,69.74263,140.4279,정상
Female,21,64.14704,115.8887,정상
Male,26,71.15494,146.3078,정상
Male,19,70.42127,135.2438,정상
Female,31,69.4086,130.0152,정상
Male,33,67.23391,113.361,저체중
Female,22,69.52859,109.7608,저체중
Female,28,69.78153,155.0882,정상
Female,33,65.86011,116.5987,정상
Male,32,68.53242,115.8963,저체중
Female,21,69.43053,123.8453,저체중
Female,27,70.51721,132.1602,정상
Male,27,72.46195,150.0174,정상
Male,20,70.57152,123.4049,저체중
Female,24,64.81039,113.7813,정상
Female,34,69.14193,124.9768,저체중
Male,25,72.59694,140.1938,정상
Male,30,67.29902,125.6349,정상
Female,33,69.3501,124.6512,저체중
Female,21,69.0374,115.7152,저체중
Female,33,71.50733,147.7946,정상
Female,33,68.58383,123.7158,저체중
Female,25,68.9172,137.4837,정상
Male,33,69.94709,119.3727,저체중
Male,21,68.63514,111.791,저체중
Female,19,68.30987,140.6815,정상
Female,23,68.95399,142.1807,정상
Male,30,65.52576,130.6623,정상
Female,22,66.58753,131.0557,정상
Male,35,69.43486,118.7635,저체중
Female,22,70.6428,147.6001,정상
Male,34,68.57866,140.395,정상
Male,30,68.1007,129.3231,정상
Female,32,70.56771,125.4514,저체중
Female,26,64.97452,107.0565,저체중
Male,29,67.85384,128.0846,정상
Male,26,71.17071,131.245,저체중
Female,25,67.67057,112.3113,저체중
Female,31,66.04283,106.7968,저체중
Female,32,68.89472,125.9164,정상
Female,22,66.42827,138.7008,정상
Female,21,69.42646,137.7593,정상
Female,29,62.6568,110.266,정상
Male,34,65.79319,128.2726,정상
Male,20,71.35208,150.3381,정상
Female,29,68.54117,120.4207,저체중
Female,33,66.64205,118.7461,정상
Female,33,67.1013,132.3003,정상
Male,26,68.09912,122.8586,정상
Male,24,67.44749,116.2164,저체중
Male,19,68.5689,105.9279,저체중
Male,34,66.74451,111.2084,저체중
Female,18,67.91191,115.9255,저체중
Female,19,67.61468,132.6425,정상
Female,25,66.79956,128.7716,정상
Male,21,66.08205,105.5009,저체중
Female,27,69.43398,130.8951,정상
Female,31,70.06177,159.8542,정상
Male,35,67.34245,113.1131,저체중
Male,27,65.68008,104.7032,저체중
Male,26,67.65289,130.0791,정상
Male,18,72.35481,146.3133,정상
Male,19,64.56198,117.9061,정상
Female,30,66.56321,125.872,정상
Female,21,71.88064,138.7186,정상
Male,32,69.05855,119.1382,저체중
Male,27,68.84729,130.1311,정상
Male,22,68.33558,127.2486,정상
Female,27,67.20373,120.0823,정상
Female,27,66.94024,116.7898,저체중
Male,21,65.6925,112.1004,저체중
Female,30,70.55858,137.4236,정상
Female,26,66.3239,112.1502,저체중
Male,23,66.31961,141.3789,정상
Male,24,68.77019,121.7461,저체중
Female,31,68.93596,130.3465,정상
Male,28,70.19784,129.2123,저체중
Male,34,69.15846,141.6059,정상
Male,28,66.52917,107.7722,저체중
Male,34,69.76951,141.4952,정상
Male,30,68.33707,112.1581,저체중
Male,24,66.71052,116.3208,저체중
Female,27,64.93669,128.5199,정상
Male,27,65.06581,102.9057,저체중
Male,34,67.19588,114.4447,저체중
Male,34,65.6155,114.5452,정상
Female,23,68.21154,115.0009,저체중
Male,25,71.8127,151.5781,정상
Female,30,65.23439,118.7079,정상
Female,26,67.84537,132.6379,정상
Male,22,66.17647,115.3378,정상
Male,22,69.61315,133.5897,정상
Male,33,66.18245,132.5006,정상
Male,34,67.84508,134.514,정상
Female,24,69.0936,126.1625,정상
Male,27,66.12316,131.3628,정상
Male,24,65.15822,116.0727,정상
Female,35,69.79407,141.3766,정상
Male,18,67.00234,127.3607,정상
Male,27,69.13726,140.2001,정상
Male,31,65.81826,126.6507,정상
Female,18,68.20344,121.9858,저체중
Female,18,66.89907,134.2045,정상
Male,20,65.04452,102.086,저체중
Female,26,66.1717,117.7314,정상
Male,27,62.93166,114.6211,정상
Female,21,64.48357,117.4963,정상
Male,19,66.64624,111.7542,저체중
Male,20,72.41441,151.933,정상
Male,21,71.79969,122.983,저체중
Male,24,65.66078,123.3884,정상
Male,20,66.93932,107.7347,저체중
Female,33,70.22759,138.8617,정상
Male,26,68.20998,130.7491,정상
Female,19,67.03876,108.817,저체중
Male,21,70.72651,119.7924,저체중
Male,26,67.43797,132.67,정상
Male,23,69.02832,144.247,정상
Female,35,71.08333,130.1898,저체중
Male,29,66.59033,119.8506,정상
Male,31,62.84458,112.1475,정상
Male,33,65.01513,112.6016,정상
Female,18,68.89573,126.6749,정상
Female,24,67.52318,120.368,정상
Male,22,71.56209,136.2017,정상
Male,30,69.91081,114.942,저체중
Female,35,65.74474,116.1331,정상
Female,31,67.86476,131.3966,정상
Female,19,69.34915,126.219,저체중
Female,22,66.56305,126.8313,정상
Male,32,64.98952,106.6708,저체중
Male,31,66.28774,136.3548,정상
Male,29,68.22623,144.8283,정상
Male,30,68.71834,121.2425,저체중
Male,26,67.34642,113.9096,저체중
Female,34,69.45129,133.1979,정상
Male,31,68.58821,118.7312,저체중
Male,24,67.13792,139.5328,정상
Female,21,66.17703,122.4766,정상
Female,32,65.11882,136.7334,정상
Female,26,68.98184,162.1526,정상
Female,21,69.70654,116.1377,저체중
Male,34,65.9028,116.3873,정상
Male,33,66.40799,122.7559,정상
Female,19,69.68697,125.8107,저체중
Female,19,71.32231,127.1985,저체중
Male,22,69.39616,126.21,저체중
Female,35,67.10007,127.4093,정상
Male,21,64.84823,121.4686,정상
Female,34,65.97406,120.1281,정상
Male,30,69.40242,130.8887,정상
Male,19,70.24875,148.6699,정상
Male,18,66.76364,108.979,저체중
Male,22,68.54135,132.1438,정상
Female,32,72.31585,145.2904,정상
Female,20,66.13369,124.1218,정상
Female,18,65.52533,106.0457,저체중
Male,31,66.8421,140.4934,정상
Male,20,68.54828,122.1607,저체중
Male,25,67.23496,135.7089,정상
Female,34,67.89102,137.9068,정상
Male,18,67.07543,123.7723,정상
Female,28,68.87056,131.1289,정상
Female,25,65.48833,127.832,정상
Female,32,66.94598,131.0884,정상
Female,31,67.94876,116.698,저체중
Male,22,65.11113,139.1882,정상
Female,21,69.22852,144.2813,정상
Female,23,68.87917,117.3348,저체중
Male,23,69.73424,127.2578,저체중
Female,24,70.79565,138.2181,정상
Female,34,68.12213,143.3238,정상
Female,28,67.55313,122.4926,정상
Male,21,66.07053,137.4736,정상
Female,35,66.64782,113.759,저체중
Female,22,67.54927,135.4559,정상
Male,25,67.41612,111.8086,저체중
Female,20,64.1913,123.1259,정상
Female,18,67.52166,133.1484,정상
Male,24,65.95635,107.8398,저체중
Male,29,67.61855,125.8836,정상
Female,25,65.95909,129.0219,정상
Male,35,69.49194,113.9079,저체중
Female,18,67.69417,134.568,정상
Male,30,64.78748,127.7878,정상
Male,31,71.3001,139.1262,정상
Female,31,66.61133,112.8285,저체중
Female,33,66.40129,121.8472,정상
Female,31,70.76906,124.1304,저체중
Female,25,68.70195,118.0629,저체중
Male,23,69.27545,135.7574,정상
Male,31,67.14179,109.264,저체중
Male,18,69.40629,144.7036,정상
Female,30,69.69594,142.5173,정상
Male,32,67.20823,137.1694,정상
Male,21,67.59632,113.3993,저체중
Female,31,70.77557,144.7135,정상
Female,28,66.95587,128.8462,정상
Female,22,67.91794,117.0118,저체중
Female,31,65.76874,116.0326,정상
Male,28,69.03038,132.8327,정상
Female,27,67.53969,134.5132,정상
Male,23,64.10668,124.705,정상
Male,30,68.20174,128.7712,정상
Female,23,68.42812,135.5603,정상
Female,29,70.21228,146.5841,정상
Male,19,68.22553,123.0704,정상
Male,25,67.75587,132.6394,정상
Female,19,70.5536,139.4887,정상
Male,29,67.1115,130.7106,정상
Male,33,66.50872,102.3817,저체중
Female,27,67.80339,121.6264,정상
Female,33,66.82898,114.8121,저체중
Female,28,66.51285,117.0249,정상
Male,24,68.00268,116.0381,저체중
Female,23,67.30483,116.7343,저체중
Male,28,67.32611,119.0783,저체중
Female,23,69.00102,126.7983,정상
Female,23,67.75162,131.9365,정상
Female,29,67.085,135.9003,정상
Female,18,69.0139,151.5006,정상
Female,35,66.13638,143.9136,정상
Male,25,66.74555,131.5241,정상
Female,29,66.32903,130.233,정상
Female,20,65.30345,123.9503,정상
Female,25,69.79829,126.6311,저체중
Female,35,67.5243,115.4643,저체중
Female,31,71.02928,148.2436,정상
Female,26,69.46091,129.9518,정상
Female,26,69.36777,135.4124,정상
Female,21,68.57098,141.1859,정상
Male,24,62.44964,109.5643,정상
Female,20,68.97793,124.3412,저체중
Male,25,65.21731,118.4281,정상
Male,20,67.07967,126.0679,정상
Male,34,68.77673,132.1985,정상
Male,35,68.66629,132.1617,정상
Male,33,65.65796,121.8407,정상
Male,31,67.81659,147.0148,정상
Male,32,68.49369,135.6229,정상
Male,26,67.72209,131.8871,정상
Male,21,67.18182,149.6975,정상
Female,20,68.74487,132.2867,정상
Male,31,70.54344,145.1882,정상
Male,34,67.49034,113.6369,저체중
Male,25,70.04011,121.888,저체중
Female,28,66.14103,131.9355,정상
Female,23,63.03853,116.7342,정상
Female,31,65.8375,113.1662,저체중
Female,20,70.09381,132.9761,정상
Female,18,65.46276,101.8479,저체중
Female,32,66.72609,119.4606,정상
Male,34,67.15508,126.3196,정상
Female,24,67.89972,116.5061,저체중
Female,27,66.83955,124.3345,정상
Male,21,66.33542,137.2975,정상
Female,29,69.98947,157.9877,정상
Female,26,69.19394,136.793,정상
Female,34,71.8433,144.8892,정상
Female,28,67.96111,116.363,저체중
Male,20,67.8762,125.536,정상
Male,34,64.85023,109.135,저체중
Male,32,71.00028,128.7879,저체중
Female,23,68.9177,148.7167,정상
Female,25,68.11801,108.4191,저체중
Female,31,68.45508,120.7972,저체중
Female,26,66.1659,119.9403,정상
Male,33,68.09431,141.8006,정상
Male,23,67.04148,116.4363,저체중
Female,35,67.9941,136.4958,정상
Female,18,70.03532,162.0645,정상
Female,34,69.71898,137.99,정상
Female,27,66.11294,127.9705,정상
Female,30,66.512,124.0973,정상
Male,19,72.14119,147.0929,정상
Male,34,66.26162,136.034,정상
Male,28,68.6341,134.9883,정상
Male,33,67.01999,108.4088,저체중
Male,26,68.50946,115.87,저체중
Male,27,66.65107,132.7811,정상
Female,34,69.13504,150.0321,정상
Male,26,66.3268,124.4084,정상
Male,29,69.03467,125.2378,저체중
Male,23,68.41501,131.125,정상
Female,22,68.81498,120.474,저체중
Female,28,69.71434,126.7877,저체중
Male,18,69.71611,119.4332,저체중
Female,23,68.46316,121.7583,저체중
Female,19,66.76387,127.8974,정상
Female,31,65.40254,113.6724,정상
Male,29,70.56984,123.8685,저체중
Male,32,65.94172,123.6931,정상
Male,24,68.02141,122.0341,정상
Female,34,67.1732,114.7014,저체중
Male,22,65.497,117.2034,정상
Male,19,67.67185,121.3213,정상
Male,31,65.52488,125.4382,정상
Female,24,71.02076,138.2195,정상
Male,27,66.22083,130.9358,정상
Female,24,68.98001,115.4355,저체중
Male,25,66.95762,137.2853,정상
Male,26,67.11276,127.0824,정상
Female,31,68.4405,129.3152,정상
Female,33,67.69709,131.4005,정상
Female,32,63.22395,116.1956,정상
Male,35,65.22711,127.0613,정상
Female,27,68.43,131.3423,정상
Female,29,66.57506,121.9677,정상
Male,35,63.5966,113.2103,정상
Female,19,67.20354,123.3458,정상
Male,26,66.03224,99.66224,저체중
Male,30,67.24122,124.0545,정상
Male,32,66.79748,130.086,정상
Female,29,68.48589,137.1664,정상
Female,21,69.29654,141.1792,정상
Female,29,66.60912,101.7777,저체중
Male,35,66.26464,128.8128,정상
Male,30,69.37333,129.9046,정상
Female,30,67.3275,127.3943,정상
Male,21,63.91658,113.9444,정상
Male,18,67.23806,103.9784,저체중
Female,18,65.93291,117.1245,정상
Male,33,70.35586,135.3823,정상
Female,23,68.57141,131.0931,정상
Female,29,66.82713,130.6498,정상
Male,31,64.43271,119.4229,정상
Female,21,71.08973,127.4216,저체중
Male,28,72.07911,124.3172,저체중
Female,24,68.90533,114.8714,저체중
Female,29,68.44145,121.075,저체중
Female,35,68.46055,115.3401,저체중
Male,28,65.13343,106.3017,저체중
Male,28,71.17466,131.6919,저체중
Male,27,69.39047,139.886,정상
Female,24,66.81513,118.6787,정상
Male,20,68.62714,121.1908,저체중
Male,34,68.09304,134.8095,정상
Female,34,68.22911,128.3543,정상
Female,29,67.79469,135.8259,정상
Male,33,67.60704,127.516,정상
Male,24,70.47713,135.5209,정상
Male,33,68.89196,119.3961,저체중
Male,32,67.18902,141.7312,정상
Male,24,69.52776,138.0107,정상
Male,21,64.00428,106.2963,저체중
Male,29,67.23705,129.0392,정상
Female,30,66.57904,110.0436,저체중
Male,33,73.08886,143.597,정상
Female,21,70.23666,135.6427,정상
Male,34,65.9154,120.8619,정상
Female,23,70.20771,129.7829,정상
Male,32,65.25899,110.1349,저체중
Male,20,67.70538,122.3278,정상
Female,34,66.65382,125.1019,정상
Female,31,66.90522,121.2072,정상
Female,33,69.73584,135.8864,정상
Female,27,68.71515,120.8681,저체중
Male,33,65.97593,125.6805,정상
Female,32,66.04025,129.139,정상
Male,28,69.22349,147.1694,정상
Female,22,68.01411,124.9845,정상
Female,31,70.44079,141.5704,정상
Male,33,66.62715,138.6126,정상
Male,34,68.47642,126.7582,정상
Male,24,68.20132,134.1926,정상
Male,35,69.18686,148.1132,정상
Female,24,66.55515,122.4609,정상
Female,23,67.24936,125.9051,정상
Female,33,68.23976,134.1521,정상
Male,25,68.93236,140.8846,정상
Male,32,69.16831,127.3274,정상
Male,35,68.15988,127.5146,정상
Female,18,70.47785,135.4777,정상
Female,34,71.46159,134.7474,정상
Male,21,69.56493,139.1714,정상
Male,19,72.04678,147.9343,정상
Female,32,68.11706,122.1187,정상
Female,28,67.11974,136.1107,정상
Female,28,65.25882,112.8949,정상
Male,32,67.9316,127.1332,정상
Male,22,68.62153,134.6362,정상
Female,30,68.96662,110.1335,저체중
Female,29,67.70641,137.8451,정상
Male,21,64.82138,132.6417,정상
Female,32,69.74734,130.7984,정상
Male,23,67.83743,126.8633,정상
Female,27,66.47424,119.564,정상
Male,33,70.29564,136.1613,정상
Male,31,67.99529,136.5186,정상
Male,22,71.46156,132.6211,저체중
Male,18,66.73734,114.2795,저체중
Male,25,66.34826,116.7421,정상
Female,18,69.25165,137.7726,정상
Male,20,67.54427,130.0454,정상
Female,29,70.67379,135.7083,정상
Male,26,67.30702,135.6941,정상
Female,23,64.62951,101.3328,저체중
Female,29,66.57405,130.5342,정상
Male,30,69.29679,137.3539,정상
Male,33,69.27554,121.0292,저체중
Female,22,69.50607,120.3639,저체중
Female,29,68.26403,141.0864,정상
Male,27,69.86553,139.0365,정상
Female,27,70.7672,136.4844,정상
Female,25,69.24893,142.8621,정상
Male,34,67.01021,104.1735,저체중
Female,32,69.1245,145.5379,정상
Female,35,71.27947,120.9881,저체중
Male,27,74.03777,139.5953,저체중
Male,20,67.16426,120.8184,정상
Male,35,69.16282,125.9266,정상
Female,26,68.09796,126.298,정상
Male,29,67.77952,133.2805,정상
Male,28,71.11526,123.3401,저체중
Female,30,64.98837,105.6441,저체중
Male,21,70.31512,142.3548,정상
Female,27,69.06438,130.4546,정상
Male,34,65.46827,110.4915,저체중
Male,33,65.9316,114.9535,정상
Male,26,68.42739,133.4786,정상
Female,32,70.30053,139.3092,정상
Female,27,67.09535,129.4262,정상
Male,27,68.43342,121.8407,저체중
Female,21,65.83898,136.3506,정상
Female,29,67.54012,143.6547,정상
Male,26,68.48012,126.9991,정상
Female,20,71.57695,139.6645,정상
Male,27,69.72167,139.1423,정상
Female,24,66.29363,126.9897,정상
Male,28,68.937,142.7584,정상
Male,27,71.41489,149.8921,정상
Male,32,69.62838,143.7861,정상
Female,31,71.18773,152.4615,정상
Male,26,68.30221,143.546,정상
Female,28,67.75946,152.9883,정상
Female,22,68.11064,133.9839,정상
Female,20,69.47284,135.5993,정상
Male,33,70.16644,134.6592,정상
Male,26,67.64262,124.1779,정상
Male,18,66.81134,118.271,정상
Female,23,64.94018,121.7107,정상
Female,26,65.36721,121.3633,정상
Male,26,68.54428,133.1727,정상
Male,35,67.97819,114.8234,저체중
Female,19,68.34252,137.7084,정상
Male,30,68.31923,122.5531,저체중
Male,32,66.1507,105.4808,저체중
Male,31,67.80629,119.5263,저체중
Male,34,70.13434,135.1981,정상
Male,22,65.63247,122.1851,정상
Female,29,65.52678,114.9083,정상
Male,31,68.04573,136.5998,정상
Male,22,68.17956,143.4398,정상
Male,18,66.65253,103.9121,저체중
Male,33,68.05725,133.6935,정상
Female,31,67.34998,119.11,저체중
Female,25,70.00498,129.4393,정상
Male,29,66.55749,127.0247,정상
Male,24,66.82552,144.7401,정상
Male,27,70.07322,123.0627,저체중
Female,24,65.9202,126.0649,정상
Male,28,69.54043,147.8452,정상
Female,24,63.89592,117.0034,정상
Male,19,69.03457,131.5836,정상
Female,25,67.22877,125.3671,정상
Male,28,66.12426,128.6776,정상
Male,24,67.87785,132.3484,정상
Female,30,66.8531,115.879,저체중
Male,22,69.05041,117.2786,저체중
Female,22,70.87198,140.1922,정상
Male,20,67.4692,135.8756,정상
Female,28,70.22874,132.974,정상
Female,35,66.93905,117.9845,정상
Female,34,69.928,127.9273,저체중
Male,26,67.46962,122.3518,정상
Male,30,65.00765,109.2661,저체중
Male,23,68.97698,134.6605,정상
Male,25,67.28864,129.1099,정상
Male,32,69.65152,129.9016,정상
Male,25,67.41038,135.7013,정상
Female,27,67.80162,140.9551,정상
Female,29,66.75484,101.615,저체중
Male,28,67.9469,127.0723,정상
Male,19,65.43768,127.1338,정상
Male,32,68.54153,125.4375,정상
Female,31,66.7501,120.7329,정상
Female,30,66.75808,124.1194,정상
Female,33,67.14647,118.2882,저체중
Male,21,64.69559,116.7241,정상
Female,22,69.18516,113.5275,저체중
Female,35,66.84281,128.2428,정상
Male,27,66.4464,130.5346,정상
Male,25,69.49077,106.2307,저체중
Female,20,68.32951,119.3464,저체중
Female,23,68.38974,120.9379,저체중
Male,20,69.42584,120.7725,저체중
Male,26,64.39313,123.2547,정상
Female,34,66.61651,118.437,정상
Male,35,65.86548,115.3497,정상
Male,22,68.17805,123.2437,정상
Male,27,67.39926,116.7036,저체중
Female,18,66.31407,116.4127,정상
Female,23,70.68802,132.3031,정상
Male,33,67.26683,123.296,정상
Female,19,67.1325,117.0996,저체중
Female,32,67.61674,132.7665,정상
Female,21,66.91216,122.0016,정상
Male,19,70.58226,146.1837,정상
Female,20,66.47926,132.2434,정상
Female,26,69.5459,146.3853,정상
Female,24,66.60835,119.6048,정상
Female,21,67.34376,137.8448,정상
Female,18,64.77135,124.6944,정상
Female,34,66.46439,128.8286,정상
Female,21,66.64913,119.3743,정상
Female,29,70.56844,123.43,저체중
Male,25,65.31528,106.8598,저체중
Male,33,72.48479,134.4771,저체중
Female,22,67.86837,129.8224,정상
Female,33,68.52634,109.2449,저체중
Female,34,68.61738,123.566,저체중
Female,33,66.50536,125.5915,정상
Female,29,70.46311,126.8938,저체중
Female,29,64.63883,137.3284,정상
Female,33,64.12338,108.9028,정상
Female,32,69.28959,135.4082,정상
Female,18,66.52926,131.7847,정상
Male,28,69.30883,122.2514,저체중
Female,19,68.54471,134.4462,정상
Male,31,67.25904,108.6926,저체중
Male,18,67.96864,124.3293,정상
Male,20,65.3382,131.6971,정상
Female,20,68.51678,129.4089,정상
Male,35,68.1636,127.5867,정상
Female,35,64.67487,128.3635,정상
Male,29,66.13689,130.3095,정상
Female,35,68.58303,132.5038,정상
Female,35,68.34844,145.901,정상
Male,27,64.6569,126.4447,정상
Female,31,68.68484,136.1093,정상
Female,32,67.75816,121.0123,정상
Male,27,68.48014,132.472,정상
Male,33,67.7747,126.7129,정상
Male,29,64.7249,115.7365,정상
Female,29,66.6102,118.9776,정상
Female,35,72.2969,145.854,정상
Male,23,70.30878,148.238,정상
Female,19,66.77503,122.7048,정상
Male,24,66.70433,120.42,정상
Female,32,69.39368,126.5408,저체중
Male,24,67.37433,131.6976,정상
Female,30,67.20466,123.5504,정상
Female,35,67.9947,119.9449,저체중
Female,32,67.08886,123.5117,정상
Male,27,68.81947,123.5561,저체중
Female,26,71.07494,134.0842,정상
Male,29,68.98151,136.7907,정상
Female,31,69.80853,121.3415,저체중
Male,26,70.21339,132.8196,정상
Female,30,67.33679,112.8553,저체중
Female,31,73.52131,168.881,정상
Female,32,67.45857,131.4655,정상
Female,22,68.65576,121.3053,저체중
Female,21,68.77267,126.5212,정상
Female,21,67.03704,125.3926,정상
Male,33,66.86733,114.7951,저체중
Female,33,67.01919,134.5043,정상
Male,35,68.52514,133.6321,정상
Male,26,67.69771,121.778,정상
Female,30,68.43487,126.847,정상
Female,30,67.71514,128.0152,정상
Female,30,70.39987,113.918,저체중
Male,23,68.44396,134.0367,정상
Female,34,66.80834,131.6397,정상
Female,35,67.35984,126.8163,정상
Female,30,67.79903,131.89,정상
Male,35,64.83853,115.6714,정상
Female,35,69.57892,126.2769,저체중
Female,30,64.85426,102.1079,저체중
Male,22,69.318,139.4982,정상
Female,19,69.58868,151.474,정상
Male,35,66.52781,122.1092,정상
Female,29,67.93528,125.7438,정상
Male,21,66.39941,123.1702,정상
Male,28,68.28614,136.4907,정상
Female,25,68.17646,116.4352,저체중
Male,35,65.36868,117.4086,정상
Female,26,67.96446,112.4388,저체중
Female,27,69.02437,139.9596,정상
Male,19,68.08001,121.2457,저체중
Female,18,67.68973,128.3855,정상
Male,28,67.05199,120.0329,정상
Female,24,65.62946,109.3694,저체중
Female,19,64.31704,129.4821,정상
Female,29,69.08279,152.901,정상
Female,18,66.7653,136.5692,정상
Female,35,72.77662,133.6427,저체중
Male,29,66.97685,137.0715,정상
Female,20,70.10322,124.931,저체중
Female,21,68.92731,131.7141,정상
Female,28,65.24486,119.642,정상
Female,23,68.7959,131.2416,정상
Male,33,69.0613,119.2979,저체중
Female,20,67.39122,115.0093,저체중
Female,28,63.14333,122.7882,정상
Female,20,68.43035,124.8597,정상
Female,21,65.72614,98.39409,저체중
Female,28,66.71343,124.0144,정상
Female,32,68.2317,124.296,정상
Female,18,67.07728,124.0139,정상
Male,21,68.10745,132.0081,정상
Female,30,67.23206,134.8625,정상
Female,23,69.76432,136.0319,정상
Female,21,66.65442,127.9094,정상
Male,21,67.20022,136.8048,정상
Male,23,71.20749,138.9045,정상
Male,28,71.64258,154.3787,정상
Male,29,68.09536,139.4726,정상
Male,32,68.11601,138.099,정상
Female,25,69.57164,133.752,정상
Male,23,67.897,123.706,정상
Male,34,68.92362,133.4767,정상
Female,34,68.85579,129.4416,정상
Male,20,66.93016,145.6689,정상
Male,25,71.03782,126.1809,저체중
Female,32,66.94058,121.4461,정상
Male,24,69.32304,142.2131,정상
Female,29,67.21622,119.7238,정상
Male,20,64.26905,106.7157,저체중
Female,26,67.43203,130.1147,정상
Male,20,68.98981,138.5589,정상
Male,23,67.38395,120.821,정상
Female,18,67.72313,112.5397,저체중
Female,22,67.79721,127.7983,정상
Female,21,67.98674,133.9054,정상
Male,21,66.87883,99.56439,저체중
Male,25,69.75841,122.1663,저체중
Male,21,67.87888,131.3067,정상
Male,24,69.23586,143.7584,정상
Male,28,68.7266,151.6764,정상
Male,29,67.19957,115.6396,저체중
Male,31,66.58109,107.1456,저체중
Female,34,68.82634,150.2899,정상
Male,22,67.67068,118.7544,저체중
Male,34,64.81833,108.9651,저체중
Male,29,68.88452,136.5556,정상
Female,21,65.39146,124.8106,정상
Female,24,69.91503,119.8377,저체중
Male,23,63.54206,99.76986,저체중
Female,20,70.13123,148.4142,정상
Female,24,67.05703,133.3179,정상
Female,27,69.45941,135.9285,정상
Male,31,66.94935,128.028,정상
Female,35,67.81851,122.8946,정상
Male,22,63.65292,127.5172,정상
Female,32,67.11763,127.4499,정상
Female,31,68.64794,136.7766,정상
Female,25,69.3026,132.8961,정상
Female,35,68.60861,122.4088,저체중
Female,32,66.80109,113.3951,저체중
Male,22,70.87196,115.3527,저체중
Male,23,67.90794,136.4296,정상
Female,20,64.88167,131.3802,정상
Male,24,70.78203,151.4922,정상
Female,24,70.35834,112.2811,저체중
Male,23,66.99549,129.9559,정상
Female,35,68.83182,116.898,저체중
Female,35,67.33693,124.2691,정상
Male,23,68.98465,127.9153,정상
Male,35,67.60913,139.9747,정상
Male,34,65.38645,117.6032,정상
Male,21,68.16769,133.1749,정상
Male,28,68.17351,119.293,저체중
Female,18,69.88287,122.8937,저체중
Female,26,67.58588,123.5244,정상
Female,20,68.5846,131.1773,정상
Female,26,67.00383,95.88791,저체중
Female,34,69.99553,158.3578,정상
Female,35,72.53259,133.576,저체중
Female,34,65.08427,135.3471,정상
Male,32,66.11127,128.7408,정상
Male,34,69.9046,129.0113,정상
Female,27,67.97472,118.2064,저체중
Female,25,66.82932,136.9731,정상
Female,20,69.3533,134.4424,정상
Male,32,71.39534,124.8929,저체중
Male,23,66.59922,136.3075,정상
Female,27,69.40189,120.8579,저체중
Male,35,70.27495,135.9954,정상
Female,23,67.31858,124.6169,정상
Female,34,71.45173,131.5614,저체중
Male,19,68.83931,157.078,정상
Female,24,68.99723,124.6289,저체중
Female,34,67.73454,132.1244,정상
Female,23,64.8353,118.2692,정상
Female,34,70.74426,139.9319,정상
Male,20,72.26598,149.2389,정상
Female,32,64.72663,126.0976,정상
Male,35,67.5752,119.6545,저체중
Male,32,69.51645,140.2187,정상
Female,22,70.48831,111.7304,저체중
Male,34,69.32666,128.4377,정상
Female,26,68.52587,109.5741,저체중
Male,22,73.16001,135.1826,저체중
Female,21,64.28542,119.4849,정상
Male,28,66.65608,135.1861,정상
Male,32,64.71064,111.5654,정상
Male,21,62.99042,115.6669,정상
Male,22,68.70787,123.0031,저체중
Male,34,68.12126,126.6086,정상
Female,22,66.77899,122.0006,정상
Female,32,68.23149,119.6607,저체중
Male,28,68.42894,122.0538,저체중
Male,31,64.0197,127.9519,정상
Female,29,71.09565,117.1362,저체중
Female,33,69.87248,147.2908,정상
Female,26,66.51831,125.4061,정상
Female,20,68.57445,123.3187,저체중
Male,24,67.46212,139.4874,정상
Male,28,69.61527,137.9174,정상
Male,34,66.86386,119.266,정상
Male,26,66.18998,115.9555,정상
Female,29,69.7905,130.5095,정상
Female,32,70.21174,131.2829,정상
Female,20,71.14846,130.8226,저체중
Male,27,74.28376,147.7877,정상
Female,34,64.48835,102.7518,저체중
Female,22,65.97201,124.009,정상
Female,29,66.51754,134.4456,정상
Female,22,67.83224,125.095,정상
Male,18,68.7614,138.5499,정상
Female,30,70.18641,134.395,정상
Female,26,65.12676,118.875,정상
Female,21,71.25743,136.5501,정상
Male,20,67.75602,127.7343,정상
Male,35,67.80062,120.5416,저체중
Male,21,66.71286,137.1043,정상
Male,26,65.9331,119.1788,정상
Female,29,70.75201,124.9258,저체중
Male,27,64.36337,100.9973,저체중
Female,31,66.51439,111.0706,저체중
Female,28,69.03382,143.6707,정상
Female,18,65.454,124.8217,정상
Female,28,68.82248,136.6368,정상
Female,30,69.35365,136.1504,정상
Female,33,68.4663,126.8492,정상
Female,29,69.50765,133.1992,정상
Male,18,67.68823,138.961,정상
Male,19,69.41031,136.4148,정상
Male,30,69.67469,118.0784,저체중
Male,23,68.04007,149.4074,정상
Male,28,65.16827,124.2854,정상
Female,18,66.15991,131.0075,정상
Male,35,65.87678,122.0955,정상
Female,18,66.73303,125.1468,정상
Male,21,66.77722,107.7781,저체중
Male,32,67.93868,131.2999,정상
Female,28,67.48863,128.1304,정상
Male,22,70.19163,111.1449,저체중
Female,34,66.40732,111.0917,저체중
Male,20,68.05629,115.4242,저체중
Female,34,65.52001,132.1594,정상
Female,29,65.64331,121.3271,정상
Male,26,65.63637,136.2254,정상
Female,31,67.70932,115.7406,저체중
Female,19,67.49917,133.5066,정상
Male,24,66.29127,127.8453,정상
Female,25,69.74138,142.3054,정상
Male,27,63.45437,106.2611,정상
Male,24,69.46406,134.3778,정상
Female,24,68.05326,120.6881,저체중
Female,19,67.07399,139.5754,정상
Female,35,65.59536,124.4232,정상
Female,20,70.01907,122.7936,저체중
Male,21,67.13432,122.1132,정상
Female,23,69.95471,139.8142,정상
Male,23,68.31764,130.2584,정상
Female,29,67.93284,111.6216,저체중
Male,22,68.37831,109.8238,저체중
Female,27,69.38169,138.2864,정상
Female,19,67.83912,121.4831,정상
Female,25,66.76314,120.3041,정상
Male,35,69.13398,124.0916,저체중
Female,18,65.58554,119.738,정상
Male,24,67.12002,132.4267,정상
Female,28,68.20826,126.163,정상
Male,31,69.83352,124.5901,저체중
Male,32,68.52243,129.9774,정상
Male,19,66.61883,114.8356,저체중
Male,34,67.03413,123.505,정상
Female,32,68.58395,124.7217,정상
Male,20,68.48187,126.5771,정상
Male,35,68.22285,143.9747,정상
Male,21,70.11615,127.6471,저체중
Female,31,64.31068,119.6461,정상
Male,32,68.91069,103.7011,저체중
Female,26,68.01192,140.6438,정상
Male,33,68.44067,130.1721,정상
Female,19,69.5139,132.2547,정상
Female,22,69.20247,118.3357,저체중
Female,33,66.04611,107.3271,저체중
Female,35,66.015,134.3205,정상
Male,21,69.00199,128.0736,정상
Female,27,69.61754,143.0774,정상
Male,29,69.41293,127.4879,정상
Female,19,68.42341,117.5081,저체중
Female,25,68.59122,132.3095,정상
Female,18,70.47426,126.1309,저체중
Female,34,70.13001,138.7704,정상
Female,26,69.01521,128.4133,정상
Male,34,70.97422,129.5877,저체중
Female,30,69.42301,116.2255,저체중
Male,21,66.84684,111.121,저체중
Male,34,68.37668,118.7218,저체중
Male,21,67.80923,131.6974,정상
Female,33,66.4699,141.4318,정상
Male,27,70.23437,138.4311,정상
Female,18,70.16075,139.4051,정상
Female,18,66.23907,109.824,저체중
Male,24,68.76154,125.4809,정상
Female,31,64.64843,122.8828,정상
Male,24,69.51686,150.847,정상
Female,23,67.7263,128.1654,정상
Female,29,68.53926,121.0356,저체중
Female,25,68.16448,137.2303,정상
Male,27,70.16738,131.504,정상
Male,20,66.92499,127.9481,정상
Male,29,67.18215,127.5982,정상
Male,27,65.35392,125.9641,정상
Female,20,67.71159,128.942,정상
Male,30,69.35197,123.6344,저체중
Male,25,67.54023,132.426,정상
Female,30,68.43556,122.0015,저체중
Female,31,66.50187,130.4876,정상
Female,18,68.9358,127.2358,정상
Male,19,65.99168,119.7409,정상
Female,26,69.45486,140.6464,정상
Male,32,66.9045,137.6207,정상
Female,22,67.63969,118.1787,저체중
Female,18,66.1437,128.4443,정상
Female,21,67.59159,134.3476,정상
Male,33,71.78019,166.3016,정상
Female,19,69.44107,123.4122,저체중
Female,29,71.98935,142.7132,정상
Male,31,70.15393,123.8781,저체중
Female,32,70.10971,126.9465,저체중
Male,31,66.68738,117.3343,정상
Female,21,70.49701,137.1545,정상
Male,34,65.43499,105.8885,저체중
Female,31,69.52902,123.5902,저체중
Female,20,66.08382,128.3405,정상
Female,19,67.53462,122.189,정상
Female,35,66.70738,119.1554,정상
Male,28,67.68437,127.9357,정상
Male,34,64.9133,117.8536,정상
Female,21,66.99054,114.2598,저체중
Male,29,66.90392,124.3436,정상
Male,28,68.30928,121.873,저체중
Male,23,67.78254,107.1698,저체중
Male,20,66.67402,105.6942,저체중
Male,28,68.02345,105.9209,저체중
Male,34,66.26386,110.0377,저체중
Female,22,68.65872,126.4691,정상
Male,20,68.8758,133.5623,정상
Male,24,70.66494,110.5288,저체중
Female,29,67.46764,142.8422,정상
Male,24,66.86561,131.3179,정상
Male,34,68.07938,142.0148,정상
Male,22,66.97214,105.1855,저체중
Male,35,67.09087,119.0616,정상
Female,19,66.25477,131.6159,정상
Male,27,68.48544,123.1869,저체중
Male,21,67.56328,114.1342,저체중
Male,33,67.94652,127.8594,정상
Male,25,67.63842,123.8136,정상
Female,19,69.49172,139.1029,정상
Female,24,69.35023,117.3644,저체중
Female,27,68.48414,155.8502,정상
Female,28,67.34242,133.4692,정상
Female,35,63.7973,128.2173,정상
Female,24,66.47145,128.9056,정상
Female,35,68.39396,145.1997,정상
Female,24,67.86356,117.7852,저체중
Male,24,69.62777,129.2314,정상
Female,35,65.50648,110.3151,저체중
Male,18,72.72292,145.1721,정상
Male,27,70.14217,132.9902,정상
Male,21,68.78695,121.1068,저체중
Male,27,68.67806,137.4109,정상
Female,35,71.31953,141.1587,정상
Male,33,67.84642,137.6199,정상
Male,32,68.40321,111.129,저체중
Female,34,65.63922,129.8425,정상
Female,26,70.43045,130.4964,저체중
Male,21,68.00444,124.4823,정상
Female,24,67.39155,138.9571,정상
Male,23,68.0015,136.2141,정상
Male,18,69.24153,131.2422,정상
Female,23,68.36251,106.3978,저체중
Female,32,68.48326,124.4191,정상
Female,30,63.36476,110.7614,정상
Male,21,64.47663,125.7709,정상
Male,18,65.29852,114.0163,정상
Male,31,66.60327,135.8777,정상
Female,31,71.58316,133.3415,저체중
Female,20,69.32199,138.8873,정상
Female,23,69.28785,132.6007,정상
Male,24,65.72065,123.9237,정상
Female,33,70.17847,127.4536,저체중
Female,22,67.75328,148.2412,정상
Female,31,68.02834,122.158,정상
Male,29,67.12107,119.7528,정상
Female,20,69.66713,117.5732,저체중
Male,25,69.00275,125.9822,정상
Male,25,65.31244,137.7114,정상
Female,30,67.28896,108.2831,저체중
Male,25,68.80003,133.9222,정상
Female,22,68.98651,128.5798,정상
Male,31,67.06068,136.4265,정상
Male,28,68.05695,128.2201,정상
Male,27,66.84523,112.124,저체중
Female,22,68.59912,135.1695,정상
Female,20,67.74997,127.2095,정상
Male,18,67.38104,119.7502,정상
Female,32,69.44609,119.5742,저체중
Male,28,66.16242,137.4896,정상
Female,18,68.41685,129.0061,정상
Female,19,71.03861,147.6293,정상
Male,31,66.91687,126.9994,정상
Female,25,68.77967,110.6833,저체중
Female,26,69.49877,137.0191,정상
Male,33,65.22814,125.0944,정상
Female,23,66.60077,142.9751,정상
Male,35,69.16164,129.2245,정상
Female,22,67.09027,142.6689,정상
Female,32,67.51801,133.2004,정상
Male,28,63.13165,135.8015,정상
Male,35,73.45251,155.9981,정상
Female,35,63.47897,110.1628,정상
Male,21,67.17019,137.8439,정상
Male,35,66.73316,121.0711,정상
Female,28,67.93199,115.9738,저체중
Male,24,70.64087,129.3937,저체중
Male,18,65.33506,111.071,저체중
Female,29,66.92901,111.5159,저체중
Female,18,71.16317,144.9723,정상
Female,20,68.19393,123.3543,정상
Female,23,68.17463,127.3197,정상
Male,34,65.15114,111.6275,저체중
Male,21,66.95485,123.4444,정상
Female,34,68.71217,116.1338,저체중
Male,23,66.21228,106.3145,저체중
Female,32,68.06876,129.3926,정상
Male,20,70.20125,145.3962,정상
Female,23,67.33368,130.253,정상
Male,20,67.63632,144.0878,정상
Male,30,66.23692,122.5351,정상
Male,28,67.59318,133.0454,정상
Female,18,67.82746,107.4374,저체중
Male,20,71.17149,149.076,정상
Female,29,64.72317,116.8801,정상
Male,34,63.55844,103.049,저체중
Female,27,69.71436,117.5245,저체중
Female,29,68.3598,130.8889,정상
Male,30,68.51115,143.0422,정상
Male,18,66.59144,105.2595,저체중
Female,25,68.90018,120.1055,저체중
Female,28,68.62103,143.016,정상
Female,23,67.84607,126.8695,정상
Male,27,68.54416,138.9043,정상
Female,20,66.54197,121.5207,정상
Male,33,70.09349,131.7383,정상
Female,28,68.07186,120.9546,저체중
Male,31,69.12659,138.612,정상
Female,35,70.69432,147.3622,정상
Female,31,68.92726,130.0261,정상
Female,33,67.10353,124.1674,정상
Female,32,68.07727,143.489,정상
Female,31,65.82037,123.8217,정상
Male,26,68.89326,130.7247,정상
Male,22,66.85902,123.2355,정상
Female,31,69.44484,114.1544,저체중
Female,31,68.71047,153.0572,정상
Male,28,69.65196,126.5914,저체중
Male,32,66.28558,120.8002,정상
Male,26,69.30112,129.099,정상
Female,32,70.5502,145.7179,정상
Female,29,67.09825,121.1429,정상
Male,34,66.43672,119.0362,정상
Female,22,68.01988,134.8026,정상
Male,30,65.04188,132.806,정상
Female,23,69.12072,127.696,정상
Female,22,66.70731,131.1142,정상
Male,19,71.77408,129.1887,저체중
Female,25,68.2889,114.3058,저체중
Female,22,64.9734,114.0111,정상
Female,28,71.4599,141.1522,정상
Male,23,65.03556,113.4672,정상
Male,27,69.05564,136.4157,정상
Female,32,70.76986,134.7036,정상
Male,21,67.74608,129.3842,정상
Female,33,65.393,97.8247,저체중
Female,25,68.01276,130.7321,정상
Female,29,70.21576,146.9626,정상
Female,19,69.68073,139.0045,정상
Male,35,67.54382,126.4992,정상
Male,29,70.15526,138.6155,정상
Female,33,68.40203,123.6083,정상
Male,30,65.77722,132.5113,정상
Male,31,66.97553,125.2087,정상
Female,20,69.02762,116.7207,저체중
Male,22,68.43486,140.1941,정상
Female,23,68.55513,115.1087,저체중
Female,25,69.0732,129.883,정상
Female,35,68.09033,124.4072,정상
Male,21,69.05185,127.8751,정상
Female,30,66.95318,118.9592,정상
Male,33,69.27087,136.2203,정상
Male,35,64.46096,114.2431,정상
Male,23,64.9549,111.1484,정상
Male,28,66.87663,134.4741,정상
Male,34,68.23273,125.8111,정상
Female,25,69.044,137.9178,정상
Female,25,69.87691,109.3782,저체중
Male,31,66.17919,115.505,정상
Male,33,65.71652,120.607,정상
Male,19,65.66691,130.3822,정상
Male,27,70.42201,130.8399,정상
Male,21,68.53986,141.4287,정상
Male,25,67.62274,113.1045,저체중
Female,19,69.96111,120.7486,저체중
Female,21,65.83646,111.1042,저체중
Male,35,68.88975,136.915,정상
Female,30,66.11515,125.3766,정상
Female,21,68.70642,132.7497,정상
Female,27,65.79474,118.1206,정상
Male,24,68.52388,129.7188,정상
Male,32,70.82503,138.2801,정상
Female,35,69.38767,127.8541,정상
Female,18,64.99997,106.3608,저체중
Female,35,67.55168,118.5889,저체중
Female,27,67.1831,117.5862,저체중
Female,19,68.17915,133.4329,정상
Male,33,69.20783,120.0598,저체중
Female,20,69.94376,124.5943,저체중
Male,30,64.18266,118.6707,정상
Female,25,68.05417,135.4153,정상
Male,18,66.24238,121.9611,정상
Male,30,69.33374,133.7451,정상
Female,29,67.55372,118.1307,저체중
Male,22,67.24855,128.5772,정상
Female,21,66.37183,124.8378,정상
Male,21,66.21681,135.8262,정상
Male,18,68.48138,115.2564,저체중
Female,21,65.99503,146.0235,정상
Female,18,68.20817,143.0554,정상
Male,32,64.83886,120.4189,정상
Female,34,69.47052,136.1018,정상
Male,19,70.66531,135.2724,정상
Male,34,65.31799,113.9184,정상
Male,20,73.62592,144.2733,정상
Female,35,65.64183,139.218,정상
Female,29,66.1763,137.8042,정상
Female,32,68.20944,123.0101,정상
Female,32,67.33013,126.067,정상
Male,30,70.70642,148.5372,정상
Female,35,69.27187,110.7831,저체중
Male,31,66.49201,120.029,정상
Male,18,63.73844,122.7468,정상
Male,29,68.73929,128.6261,정상
Female,35,65.95611,120.8344,정상
Female,30,68.2791,125.4675,정상
Female,21,66.29813,127.7337,정상
Female,25,67.26906,132.8131,정상
Male,27,70.01685,141.7715,정상
Female,19,66.99124,121.3387,정상
Female,23,63.33461,116.4184,정상
Male,19,66.48133,114.4604,저체중
Female,19,66.96424,126.3607,정상
Male,35,67.76229,129.6594,정상
Female,32,68.64237,128.845,정상
Male,22,70.16208,141.6777,정상
Female,27,70.96379,140.0763,정상
Male,35,69.50635,126.771,저체중
Male,30,63.75673,104.9152,저체중
Female,34,67.97424,152.1104,정상
Female,20,66.1089,119.3998,정상
Male,35,63.30114,102.7788,저체중
Male,23,68.76435,104.4743,저체중
Male,24,67.68224,122.9173,정상
Female,29,71.11972,130.0384,저체중
Male,18,68.865,121.9668,저체중
Female,31,70.02623,131.5675,정상
Male,22,65.6918,107.2827,저체중
Female,21,63.3557,117.6886,정상
Female,27,66.86873,143.4791,정상
Female,26,63.65356,102.6027,저체중
Male,32,65.50331,116.8988,정상
Female,30,68.61979,123.9844,정상
Male,20,71.06865,136.2899,정상
Female,34,67.90434,123.2082,정상
Female,27,69.04428,144.3998,정상
Male,23,68.23808,145.3389,정상
Female,30,67.60055,119.9359,저체중
Male,26,68.72349,131.6298,정상
Female,27,69.72755,133.7225,정상
Female,35,67.39229,146.2703,정상
Male,25,67.19624,119.8227,정상
Male,35,65.56913,107.9515,저체중
Male,31,65.93896,109.1714,저체중
Female,31,68.3392,134.1385,정상
Male,31,66.37854,130.6212,정상
Male,28,68.06195,116.0239,저체중
Female,33,72.14804,134.4365,저체중
Male,22,66.3,134.8203,정상
Female,35,70.52384,116.5449,저체중
Male,31,65.956,126.3619,정상
Male,32,69.77937,127.6585,저체중
Male,18,68.01271,125.5257,정상
Female,29,71.04627,134.624,정상
Female,30,70.30748,129.3855,저체중
Male,18,69.8685,127.9899,저체중
Male,23,68.55351,119.5254,저체중
Male,34,68.04279,111.4427,저체중
Male,24,68.32377,143.6406,정상
Female,19,68.43992,124.9,정상
Male,30,69.70106,125.39,저체중
Female,27,69.86274,126.7733,저체중
Female,25,65.28588,120.2017,정상
Female,32,68.23316,120.3497,저체중
Male,34,67.56772,130.5236,정상
Female,35,67.92319,137.9222,정상
Female,23,65.9763,118.559,정상
Female,18,66.72703,126.2936,정상
Female,21,67.16036,135.8841,정상
Female,28,67.7804,122.1423,정상
Female,31,64.55365,106.3292,저체중
Female,33,67.47804,131.5261,정상
Female,28,67.29005,122.7303,정상
Female,18,66.84522,114.8025,저체중
Male,33,63.83743,120.2347,정상
Female,29,64.04876,122.1794,정상
Female,23,69.05705,145.6834,정상
Male,29,66.07726,117.709,정상
Male,18,69.83849,131.9638,정상
Female,25,70.33978,128.3473,저체중
Female,33,67.88517,132.8351,정상
Male,31,66.30635,120.4227,정상
Male,34,70.70419,127.4847,저체중
Male,27,64.63844,111.2536,정상
Female,33,67.37468,118.4249,저체중
Female,22,67.32338,132.2462,정상
Male,22,68.79557,137.0621,정상
Female,19,69.49827,130.716,정상
Male,18,69.18297,133.2681,정상
Female,24,68.05335,120.2172,저체중
Female,26,65.60027,124.9529,정상
Female,20,69.84728,135.0017,정상
Female,29,71.20265,155.3163,정상
Male,19,66.1002,114.3986,저체중
Male,19,68.91567,143.1158,정상
Male,33,65.88189,111.2503,저체중
Female,27,67.45521,121.8782,정상
Male,30,67.21505,122.1602,정상
Male,22,65.97609,124.7486,정상
Male,20,67.96746,130.7902,정상
Female,33,66.85926,128.0209,정상
Female,27,67.62991,120.2907,저체중
Male,34,67.1994,125.7923,정상
Male,21,65.68971,131.2235,정상
Female,31,68.65173,131.3886,정상
Female,29,68.37333,126.8527,정상
Female,26,66.48906,112.4772,저체중
Male,28,66.03608,126.3124,정상
Female,26,67.01056,118.5625,정상
Female,34,67.52148,141.824,정상
Male,31,68.94504,135.164,정상
Female,20,65.95216,138.0343,정상
Female,32,68.70893,111.9057,저체중
Male,32,64.0908,109.4352,정상
Female,18,66.00548,106.1651,저체중
Male,31,70.50014,138.7377,정상
Male,20,69.06617,138.8835,정상
Male,21,67.20849,131.6754,정상
Female,19,68.71365,133.501,정상
Female,35,70.4988,123.6003,저체중
Male,24,70.09293,120.5015,저체중
Female,25,67.10959,127.9008,정상
Female,28,67.94613,108.2182,저체중
Female,31,69.9019,132.8392,정상
Male,29,68.45258,112.1406,저체중
Female,33,69.5192,131.5346,정상
Female,23,65.52153,124.897,정상
Male,26,67.62906,115.9246,저체중
Male,32,69.24378,138.2668,정상
Male,23,68.39542,131.5288,정상
Female,26,64.77157,110.1024,저체중
Male,20,70.23436,137.102,정상
Male,18,65.18062,109.788,저체중
Male,32,66.20453,112.9286,저체중
Female,31,70.60819,148.2754,정상
Male,21,65.64079,119.3393,정상
Female,21,69.72804,141.9129,정상
Male,20,67.49767,139.6238,정상
Female,31,69.18779,119.7962,저체중
Male,19,66.83553,115.7201,저체중
Male,33,67.17618,121.334,정상
Male,24,68.75179,159.3608,정상
Male,19,66.51066,133.2151,정상
Female,29,67.34769,141.3034,정상
Male,27,71.80087,129.831,저체중
Female,34,67.69782,120.7103,정상
Male,28,69.0048,141.5982,정상
Female,22,69.06523,125.8677,정상
Male,22,65.88747,112.3178,저체중
Female,32,65.84895,118.9697,정상
Female,18,67.18311,112.7574,저체중
Female,19,63.79598,111.7201,정상
Female,19,67.47173,110.5494,저체중
Female,20,67.15867,103.8433,저체중
Female,35,70.38311,159.9758,정상
Female,29,66.68444,130.2472,정상
Female,24,66.66715,123.7624,정상
Female,32,66.82297,125.297,정상
Male,24,66.6039,122.711,정상
Female,25,70.88882,160.0364,정상
Female,31,70.28146,131.6777,정상
Female,25,68.61527,124.199,정상
Female,22,68.94252,122.5949,저체중
Female,21,70.00817,143.777,정상
Female,33,63.92219,106.1497,저체중
Male,30,68.18982,135.6658,정상
Female,28,66.93297,112.8116,저체중
Female,25,67.12819,118.7819,정상
Male,35,67.29436,119.1211,저체중
Female,25,70.49073,121.0715,저체중
Female,32,66.8532,113.7029,저체중
Female,27,68.51902,116.3811,저체중
Male,20,68.68968,128.0095,정상
Male,23,67.64082,116.0115,저체중
Male,24,68.69251,133.2729,정상
Female,27,67.6248,127.7888,정상
Female,22,68.8846,123.8782,저체중
Female,33,69.76061,139.5499,정상
Male,25,67.56118,126.6252,정상
Male,20,69.78513,141.3982,정상
Male,22,70.21612,151.0506,정상
Male,35,66.27644,126.0282,정상
Male,18,67.40846,148.4483,정상
Male,18,68.20932,129.2407,정상
Male,18,65.79974,132.286,정상
Male,19,64.49618,106.4894,저체중
Female,26,65.69093,125.0984,정상
Female,30,68.48055,130.2433,정상
Female,24,66.17897,123.5842,정상
Female,22,63.55273,101.2994,저체중
Male,20,67.68025,118.3701,저체중
Female,22,65.4426,109.8414,저체중
Female,34,67.53819,131.1827,정상
Male,29,67.20388,125.2316,정상
Female,20,65.10901,131.8946,정상
Male,34,67.71775,116.0773,저체중
Female,27,66.27965,98.28455,저체중
Female,26,71.03656,127.6602,저체중
Female,35,69.39922,134.0168,정상
Male,31,67.60067,123.7417,정상
Male,26,69.41439,125.4915,저체중
Male,30,67.06842,135.2419,정상
Female,32,68.06961,122.0361,정상
Male,18,63.88211,117.4632,정상
Male,26,65.9194,120.1212,정상
Female,29,70.23642,124.4872,저체중
Male,23,63.84676,116.313,정상
Female,33,68.9074,121.8405,저체중
Female,22,64.0135,126.9209,정상
Female,26,67.36541,111.5266,저체중
Male,18,69.06481,132.1843,정상
Female,27,67.06091,131.9966,정상
Female,20,68.71498,118.7562,저체중
Female,22,70.10334,138.9367,정상
Male,21,70.90589,132.6605,정상
Female,23,66.77943,117.0903,저체중
Male,31,69.55338,121.8668,저체중
Female,28,68.45538,128.6212,정상
Female,24,68.10538,130.0686,정상
Female,35,64.46289,109.0084,저체중
Female,27,67.78582,110.3563,저체중
Female,28,65.82491,126.3494,정상
Female,32,66.22711,130.879,정상
Female,31,65.4258,130.8643,정상
Female,35,69.33268,123.4765,저체중
Male,20,65.30644,111.1681,저체중
Female,25,70.66767,151.1334,정상
Male,20,67.86539,127.2278,정상
Female,20,65.68213,114.755,정상
Female,27,66.27532,131.1304,정상
Male,33,64.15129,117.3512,정상
Female,19,68.93691,126.7825,정상
Female,35,66.77623,130.4524,정상
Female,23,68.66098,110.209,저체중
Male,23,66.03851,120.0319,정상
Female,29,71.34562,131.9006,저체중
Male,35,66.26107,118.9925,정상
Male,23,70.96703,136.5441,정상
Female,24,65.92505,114.2363,저체중
Male,35,66.47783,119.0131,정상
Male,18,68.65041,144.86,정상
Female,20,68.22052,130.8069,정상
Male,24,69.53697,144.8661,정상
Female,23,71.31389,130.7968,저체중
Male,29,68.65623,138.8268,정상
Male,35,63.90685,130.0556,정상
Male,22,69.54723,124.231,저체중
Female,26,63.83536,119.8695,정상
Male,35,69.43228,110.2776,저체중
Female,24,68.8923,127.6997,정상
Female,34,65.97989,142.5486,정상
Female,22,73.25816,157.0989,정상
Male,27,65.69314,138.5876,정상
Female,27,69.95721,128.1607,저체중
Female,31,69.93565,130.3446,정상
Female,25,67.55601,119.1028,저체중
Male,19,67.47638,115.6698,저체중
Female,22,69.05674,128.3985,정상
Male,27,68.54497,136.1737,정상
Female,29,70.44462,116.6906,저체중
Male,18,67.11656,131.4909,정상
Female,34,67.60673,115.494,저체중
Female,28,67.76797,116.0487,저체중
Female,26,64.22799,116.596,정상
Male,19,67.64933,138.6958,정상
Male,18,66.94828,126.0413,정상
Male,27,68.83697,145.686,정상
Male,24,69.03861,128.7906,정상
Male,31,67.88536,142.1595,정상
Female,22,69.15298,138.9115,정상
Female,24,65.76655,122.0769,정상
Male,22,66.41848,119.0393,정상
Male,22,69.98636,136.7085,정상
Male,23,69.33663,124.8379,저체중
Female,31,68.14856,129.218,정상
Male,26,69.61056,124.5365,저체중
Male,29,70.24424,132.7187,정상
Male,24,64.66037,110.1455,정상
Female,34,67.14089,132.4193,정상
Male,29,66.55536,120.6308,정상
Female,31,67.02821,134.6226,정상
Male,29,66.61015,131.3866,정상
Male,35,67.87365,134.9717,정상
Male,27,68.48489,121.162,저체중
Female,31,71.46727,146.1977,정상
Male,23,67.52509,130.7501,정상
Female,30,69.14416,123.9601,저체중
Female,33,66.34347,105.9251,저체중
Male,19,68.8517,147.2738,정상
Male,32,66.59398,128.4305,정상
Male,34,68.79421,116.2545,저체중
Male,28,65.60404,128.8795,정상
Female,28,69.60759,124.4609,저체중
Female,28,71.79002,131.1114,저체중
Male,33,65.39644,133.017,정상
Female,23,68.186,123.0559,정상
Female,26,70.64194,128.8506,저체중
Male,30,69.27806,146.6325,정상
Female,35,65.41192,125.2607,정상
Female,27,69.74131,135.9477,정상
Male,28,69.68791,149.0918,정상
Female,32,67.61616,129.9896,정상
Female,35,65.33279,115.5896,정상
Female,29,68.09827,122.5938,정상
Female,23,67.78589,130.5478,정상
Female,35,66.37325,110.4683,저체중
Male,20,70.70383,147.9488,정상
Female,21,67.77536,135.435,정상
Male,35,70.16781,132.2276,정상
Male,18,65.08294,124.8522,정상
Female,32,68.09864,139.5397,정상
Male,19,69.72378,127.9841,정상
Female,24,66.10587,129.5105,정상
Male,29,68.81614,128.4016,정상
Male,24,66.34879,136.5927,정상
Female,35,68.85181,131.0471,정상
Male,26,67.88949,135.8495,정상
Male,25,67.3565,124.7415,정상
Male,18,67.87392,123.9916,정상
Male,27,67.82355,120.0348,저체중
Female,30,68.93013,119.6138,저체중
Male,19,66.72655,104.4695,저체중
Male,18,69.96413,141.4657,정상
Male,33,70.92472,133.859,정상
Female,33,68.15966,130.2032,정상
Female,26,65.71158,120.7602,정상
Male,18,66.88241,116.1838,저체중
Female,19,67.87445,129.3543,정상
Male,34,69.77941,140.2507,정상
Male,20,65.39579,114.7891,정상
Female,20,70.51058,117.7705,저체중
Female,33,66.56644,121.7629,정상
Male,34,68.74163,146.386,정상
Male,29,68.50865,142.5118,정상
Female,23,67.86683,136.538,정상
Female,33,65.68959,108.1989,저체중
Female,19,68.1756,126.6541,정상
Female,32,67.27204,128.769,정상
Female,32,65.3007,130.2829,정상
Female,32,68.37952,126.2574,정상
Male,28,70.39798,119.4655,저체중
Female,19,65.3603,112.0012,저체중
Female,19,68.8706,129.9499,정상
Female,30,66.21022,116.362,정상
Male,31,68.94788,142.8095,정상
Male,33,68.04951,123.9961,정상
Male,32,66.09906,118.4749,정상
Female,20,65.89673,138.4134,정상
Female,33,67.19993,111.4001,저체중
Male,34,69.40899,105.0894,저체중
Male,28,69.07487,129.1519,정상
Male,21,67.65384,120.3397,저체중
Male,21,68.48956,120.7475,저체중
Female,31,68.34723,124.124,정상
Female,30,69.67407,140.3264,정상
Male,35,65.19464,119.1674,정상
Male,20,69.81691,139.3101,정상
Male,31,64.26605,115.7719,정상
Female,20,68.77984,128.1583,정상
Female,29,64.94194,119.9868,정상
Male,18,69.40853,136.2726,정상
Male,18,66.60982,120.7165,정상
Male,20,68.74031,143.4148,정상
Male,24,72.8443,146.7131,정상
Female,28,65.56742,114.1088,정상
Male,27,67.30672,119.2437,정상
Male,30,67.87438,129.1951,정상
Male,26,67.37272,110.0987,저체중
Male,34,68.52976,132.8156,정상
Male,34,67.2006,120.7292,정상
Male,35,71.326,133.6295,저체중
Female,29,66.99797,113.5302,저체중
Male,28,70.15071,144.6167,정상
Male,20,67.56198,111.4511,저체중
Female,23,67.84632,131.1354,정상
Female,33,67.99597,124.7397,정상
Male,23,71.45949,136.4103,정상
Male,25,65.98938,133.9456,정상
Female,29,70.30094,148.0703,정상
Female,26,69.63548,118.8671,저체중
Female,19,68.12716,130.0225,정상
Male,27,67.19533,117.8517,저체중
Male,19,69.96297,131.029,정상
Female,23,70.75433,139.7372,정상
Female,23,64.90027,99.29265,저체중
Female,23,67.53863,122.6701,정상
Male,21,66.93918,112.5864,저체중
Female,29,66.74599,114.6931,저체중
Male,29,67.53267,124.3523,정상
Male,19,67.03579,113.4992,저체중
Female,35,66.19745,119.4549,정상
Female,19,66.16514,116.2537,정상
Male,27,70.4784,141.2563,정상
Female,29,66.71437,112.926,저체중
Male,20,67.52916,120.8297,정상
Female,29,70.87923,144.9908,정상
Female,25,70.87713,120.3404,저체중
Female,20,62.52373,101.0402,저체중
Female,23,67.78636,136.2587,정상
Male,20,67.1394,121.6793,정상
Female,25,67.39241,124.8535,정상
Female,29,65.87821,127.8471,정상
Male,24,66.55073,137.5442,정상
Male,23,65.77153,103.9089,저체중
Male,21,67.98557,141.2212,정상
Male,33,66.84341,115.4613,저체중
Male,29,69.21199,128.5016,정상
Male,30,66.35945,122.8733,정상
Male,34,69.23369,130.3051,정상
Male,31,68.82616,133.9048,정상
Male,30,69.36336,139.0361,정상
Male,33,70.20959,134.7929,정상
Male,32,68.15011,136.8965,정상
Female,24,68.06755,112.9757,저체중
Female,35,66.61783,113.0753,저체중
Female,23,66.84021,131.2762,정상
Female,33,70.60805,145.9398,정상
Female,19,70.98349,143.2473,정상
Female,23,68.09578,136.2662,정상
Male,23,68.63828,134.4078,정상
Female,20,69.50947,135.2759,정상
Female,27,67.27908,118.9625,저체중
Male,35,67.62248,106.5357,저체중
Female,35,65.98498,124.1788,정상
Male,22,70.60025,143.1552,정상
Female,35,65.18921,118.4354,정상
Male,28,66.32422,120.6698,정상
Female,34,67.62091,136.1237,정상
Male,27,69.19727,113.7928,저체중
Female,27,66.1129,124.6016,정상
Male,33,68.12418,133.7479,정상
Female,22,69.48945,143.7332,정상
Male,32,67.16699,122.6097,정상
Male,34,66.45846,127.9224,정상
Female,34,68.57463,119.9155,저체중
Female,27,70.02842,158.2521,정상
Male,34,65.46377,101.8393,저체중
Male,25,66.48352,125.5619,정상
Female,28,65.78847,112.7934,저체중
Male,26,69.14324,113.9947,저체중
Female,23,66.10192,120.5016,정상
Male,27,68.5156,110.4182,저체중
Male,32,64.2164,129.756,정상
Female,18,69.15358,129.065,정상
Male,30,66.83911,126.2087,정상
Male,29,64.05746,109.798,정상
Female,21,67.80361,134.8236,정상
Male,21,67.78006,146.6249,정상
Male,32,66.0792,121.5591,정상
Female,27,67.54866,119.1681,저체중
Male,25,67.18499,111.7433,저체중
Male,31,66.36282,123.4684,정상
Female,33,66.21209,120.9058,정상
Male,26,69.61635,123.0992,저체중
Female,32,66.83693,123.2452,정상
Male,35,71.80311,132.7094,저체중
Female,32,67.0625,126.7332,정상
Male,18,72.96339,135.2564,저체중
Female,27,70.34828,151.3674,정상
Male,33,70.09653,150.9294,정상
Male,24,69.20104,140.2394,정상
Female,18,70.35624,132.7655,정상
Female,34,69.78453,144.8798,정상
Male,28,71.39937,129.2934,저체중
Male,28,67.0059,116.8217,저체중
Male,35,66.79299,124.906,정상
Male,21,67.86676,125.3757,정상
Male,20,67.25419,103.8437,저체중
Female,29,68.56236,122.4352,저체중
Female,21,66.43275,136.132,정상
Male,27,68.91151,125.792,정상
Female,26,67.50477,126.8799,정상
Male,21,69.08511,145.0689,정상
Female,25,68.7803,148.623,정상
Male,20,66.66053,135.6636,정상
Female,28,68.66602,114.7145,저체중
Male,20,68.47595,114.8512,저체중
Male,22,67.53608,128.0852,정상
Female,18,66.23142,121.6196,정상
Female,26,69.17542,124.7148,저체중
Male,34,67.34508,120.9551,정상
Male,28,67.77776,117.0167,저체중
Female,28,66.91716,115.5379,저체중
Male,18,68.65138,130.497,정상
Male,28,66.97762,136.012,정상
Male,29,69.11727,140.2511,정상
Male,28,65.2278,132.8841,정상
Female,30,66.3529,126.9573,정상
Female,28,67.90441,122.0685,정상
Male,29,67.14182,107.8829,저체중
Female,22,69.26936,139.1728,정상
Female,35,67.55353,123.1504,정상
Male,20,69.1191,127.1047,정상
Male,30,66.5787,130.5048,정상
Female,33,68.34422,126.8956,정상
Male,20,70.87732,142.4991,정상
Male,18,66.25515,109.9755,저체중
Male,22,70.20374,142.2116,정상
Male,26,65.37244,119.6729,정상
Male,31,69.21393,139.5979,정상
Male,32,66.65743,125.0117,정상
Female,28,70.90598,144.8867,정상
Female,35,67.63273,116.9137,저체중
Male,29,67.44579,133.6929,정상
Male,29,69.61543,149.4255,정상
Male,32,70.72786,134.2975,정상
Male,31,67.81233,134.3642,정상
Male,35,68.88371,130.2664,정상
Female,21,67.59685,128.0565,정상
Male,26,66.18908,129.8912,정상
Female,27,67.0619,122.516,정상
Female,20,71.40566,142.8255,정상
Male,34,69.94381,144.2052,정상
Female,34,68.12088,129.3957,정상
Male,21,70.07833,132.5733,정상
Female,26,69.21921,138.4788,정상
Female,32,65.07625,120.4977,정상
Male,24,66.64317,86.982,저체중
Female,26,69.09678,136.2561,정상
Male,26,67.29797,128.014,정상
Female,24,70.07962,138.1994,정상
Female,27,68.17719,128.9954,정상
Male,24,70.62613,147.3147,정상
Female,35,72.75675,155.6063,정상
Male,23,65.50945,114.2107,정상
Female,29,69.80503,118.0632,저체중
Male,27,68.48037,122.2135,저체중
Female,27,69.39191,132.1548,정상
Male,28,69.89743,132.8384,정상
Male,28,71.03366,120.7296,저체중
Male,32,64.18042,105.3415,저체중
Male,27,67.25981,115.6019,저체중
Male,18,69.88668,133.1821,정상
Male,31,68.77416,143.2226,정상
Female,28,70.75119,132.8196,정상
Female,24,69.77175,140.4321,정상
Female,31,66.47653,135.1056,정상
Female,18,68.16365,127.6326,정상
Female,34,66.4353,134.5752,정상
Female,18,70.13482,122.9368,저체중
Male,27,71.70658,136.632,정상
Male,27,66.92527,123.4431,정상
Male,18,67.12563,123.5752,정상
Male,23,69.16564,125.887,정상
Female,33,68.8406,125.7733,정상
Male,30,70.75604,166.2812,정상
Female,35,71.42444,131.7763,저체중
Female,23,69.45553,134.4084,정상
Male,27,67.59746,131.5971,정상
Male,25,69.20977,129.3553,정상
Female,30,68.55325,132.7205,정상
Female,20,68.57877,120.9452,저체중
Male,22,66.26275,100.455,저체중
Female,28,65.96056,113.3895,저체중
Female,26,69.5447,134.9309,정상
Male,29,69.03723,121.8168,저체중
Male,35,70.25581,149.6514,정상
Male,35,65.24262,118.8877,정상
Female,23,66.61174,123.9036,정상
Male,30,65.44916,129.4155,정상
Male,31,68.46313,115.2733,저체중
Male,24,70.08288,130.4398,정상
Female,30,68.28223,134.7568,정상
Female,18,67.00556,125.5138,정상
Male,26,66.02293,109.5969,저체중
Male,35,69.16478,135.6481,정상
Female,31,67.21577,131.9731,정상
Female,34,69.00086,135.9877,정상
Male,21,70.75525,135.7754,정상
Female,19,69.25232,127.8223,정상
Male,34,67.57183,119.3432,저체중
Female,24,67.67452,132.6705,정상
Male,28,67.40515,124.2707,정상
Female,34,64.86031,100.9173,저체중
Male,29,69.39033,112.2069,저체중
Female,28,65.9698,129.9153,정상
Male,21,67.55171,123.0908,정상
Male,30,68.46426,116.498,저체중
Male,29,66.23821,104.1053,저체중
Male,29,70.6257,119.2626,저체중
Male,28,66.61423,116.9318,정상
Male,27,70.66932,148.9742,정상
Male,29,67.57132,119.5476,저체중
Female,32,69.45353,117.3488,저체중
Male,33,66.26159,125.5437,정상
Female,31,68.73293,124.2368,저체중
Female,28,68.82534,133.8431,정상
Male,20,70.13099,131.2805,정상
Male,24,71.82375,146.9215,정상
Male,24,65.90074,103.4218,저체중
Male,33,63.727,120.0775,정상
Female,28,66.99543,121.7611,정상
Female,35,67.3499,132.3056,정상
Female,20,67.16004,112.2736,저체중
Male,25,70.5283,128.9156,저체중
Male,29,68.45206,121.7201,저체중
Female,19,66.09346,105.8554,저체중
Female,31,64.7808,125.8367,정상
Female,28,68.29845,132.8929,정상
Female,20,66.31173,125.5959,정상
Male,32,64.36944,122.6652,정상
Male,22,69.23895,132.3741,정상
Male,35,70.56453,122.723,저체중
Female,31,63.44115,93.29146,저체중
Female,22,67.49847,113.1057,저체중
Female,22,69.85577,118.0316,저체중
Male,18,69.07982,130.5538,정상
Female,21,69.56211,137.4123,정상
Male,22,68.17484,142.9581,정상
Female,27,70.23972,137.4064,정상
Male,27,70.6554,143.3564,정상
Male,20,66.4574,122.5937,정상
Male,31,64.31855,119.3805,정상
Female,29,65.49751,110.3743,저체중
Female,33,69.47428,139.4867,정상
Male,23,67.88158,125.4501,정상
Female,28,69.53913,124.3466,저체중
Male,31,63.83987,92.65767,저체중
Female,23,69.07601,123.9516,저체중
Female,35,69.47709,126.9161,저체중
Female,25,67.08504,121.9957,정상
Female,21,70.95488,139.7854,정상
Male,26,68.64084,123.2444,저체중
Female,31,65.86462,113.0349,저체중
Female,21,67.72662,119.5902,저체중
Female,22,65.32212,102.5086,저체중
Male,28,69.00392,128.9232,정상
Male,35,69.63523,132.2697,정상
Male,30,66.71665,128.5803,정상
Male,25,69.5893,127.2246,저체중
Male,20,68.66987,120.1516,저체중
Female,24,67.85418,113.5575,저체중
Male,26,68.78852,120.1342,저체중
Male,30,68.2002,134.9707,정상
Male,24,63.0824,109.7702,정상
Male,33,67.2833,122.8477,정상
Male,33,71.21834,131.494,저체중
Female,27,71.01583,138.9013,정상
Female,27,69.88229,143.1039,정상
Male,26,67.19375,121.1828,정상
Male,19,68.76347,130.2964,정상
Male,32,66.83011,120.5375,정상
Female,25,70.56089,132.0461,정상
Male,33,69.67899,140.8938,정상
Female,33,66.96319,122.3291,정상
Female,25,68.67573,115.6268,저체중
Male,31,66.39372,121.1097,정상
Male,20,69.81996,125.3109,저체중
Male,33,68.00995,124.8272,정상
Female,31,66.95032,118.4744,정상
Male,24,70.96239,144.0736,정상
Female,18,66.27024,126.7344,정상
Male,34,68.21726,115.0624,저체중
Female,27,66.56206,112.4637,저체중
Female,30,69.03964,137.6269,정상
Female,33,68.68271,131.7407,정상
Female,31,68.91258,115.3276,저체중
Female,27,68.02805,123.1233,정상
Female,33,68.64452,111.4743,저체중
Female,25,67.98404,120.7929,저체중
Female,24,65.72168,123.0248,정상
Female,24,68.50899,125.2258,정상
Female,31,68.74484,118.5521,저체중
Male,19,65.70055,121.1912,정상
Male,26,68.13231,126.9522,정상
Female,24,69.1712,102.8732,저체중
Female,31,70.67886,122.3412,저체중
Female,19,68.837,118.7874,저체중
Male,34,69.60496,130.4536,정상
Male,32,67.41523,126.8208,정상
Female,25,71.4,154.97,정상
Male,34,69.57502,130.0883,정상
Male,20,69.04149,116.7796,저체중
Female,18,68.5837,143.8448,정상
Male,23,66.89024,126.5347,정상
Male,25,67.12473,111.1866,저체중
Male,31,67.83542,111.946,저체중
Female,29,70.46759,138.7422,정상
Male,34,67.7864,142.7435,정상
Female,23,69.58276,143.2414,정상
Male,31,67.16684,125.1273,정상
Male,27,67.13791,108.6479,저체중
Male,24,68.79915,132.8302,정상
Female,29,67.64203,127.7226,정상
Male,31,64.70508,111.3172,정상
Male,27,68.08348,133.8261,정상
Female,35,67.56671,124.2366,정상
Male,30,64.28754,102.4825,저체중
Male,29,64.85395,111.9585,정상
Female,26,73.24733,138.1346,저체중
Female,26,64.89302,114.3071,정상
Male,19,67.43272,133.0682,정상
Male,22,65.7765,118.0115,정상
Male,24,70.7064,145.9957,정상
Male,24,67.52445,125.9386,정상
Female,23,67.01528,116.8078,저체중
Female,28,68.16565,113.8239,저체중
Female,20,67.99779,149.3131,정상
Male,31,68.52996,110.5189,저체중
Female,22,67.53327,120.1058,정상
Female,26,67.30047,123.1704,정상
Female,29,67.63847,134.5804,정상
Male,35,68.52047,138.8459,정상
Female,21,68.03264,127.8527,정상
Female,25,67.28722,118.5444,저체중
Female,22,68.42927,127.9474,정상
Female,21,69.7329,125.5398,저체중
Male,29,69.72725,127.1998,저체중
Male,25,69.73079,152.3984,정상
Male,25,69.97947,137.3347,정상
Male,30,68.9122,119.5773,저체중
Female,25,66.70355,122.2617,정상
Female,30,68.64652,136.3536,정상
Female,28,67.56584,136.2134,정상
Female,35,67.35146,123.6386,정상
Male,31,66.98205,107.619,저체중
Female,18,65.44633,135.5837,정상
Female,31,68.81325,129.6697,정상
Female,26,67.16659,107.8736,저체중
Female,21,70.28813,150.9046,정상
Male,28,66.62449,139.4685,정상
Male,33,64.39542,115.1983,정상
Male,35,67.23695,112.4262,저체중
Female,30,69.67397,156.7309,정상
Male,28,68.43681,127.8894,정상
Female,21,68.00999,131.2092,정상
Male,31,70.8081,135.2499,정상
Male,22,70.50871,122.7718,저체중
Male,19,70.00808,117.6198,저체중
Male,28,66.06797,101.461,저체중
Female,18,67.87768,116.3499,저체중
Female,23,69.36261,126.9441,정상
Female,27,69.29301,139.7644,정상
Male,32,67.3539,133.1416,정상
Male,33,66.1525,110.9469,저체중
Male,28,67.47153,115.3734,저체중
Female,30,68.56556,121.8413,저체중
Male,33,72.40237,157.4235,정상
Female,18,67.28205,128.5724,정상
Female,25,65.7493,122.6496,정상
Female,23,65.90868,132.421,정상
Female,31,67.32651,133.7645,정상
Male,24,67.04617,112.1093,저체중
Female,25,67.21086,122.6801,정상
Female,19,66.49245,109.2367,저체중
Male,18,69.2678,122.5007,저체중
Male,31,70.07489,149.6391,정상
Female,19,69.74977,141.1522,정상
Male,30,66.75226,139.719,정상
Female,32,65.50834,114.5278,정상
Male,30,73.13491,127.8612,저체중
Male,19,65.37072,125.7601,정상
Female,31,72.07311,142.2552,정상
Male,23,67.65702,120.8003,정상
Female,22,71.13971,149.4626,정상
Male,26,69.56951,138.5706,정상
Female,35,68.47465,116.2406,저체중
Female,23,68.65104,135.3612,정상
Female,22,69.29567,146.4768,정상
Male,23,65.94966,131.8327,정상
Male,35,67.88775,137.3897,정상
Female,24,66.01091,107.5225,저체중
Female,31,64.69531,124.1449,정상
Male,31,68.76234,111.5343,저체중
Male,30,70.14278,129.6087,정상
Male,20,65.29027,126.534,정상
Female,24,67.02973,130.5432,정상
Female,29,72.18645,153.9204,정상
Male,24,68.32435,130.9603,정상
Female,23,65.37779,114.4,정상
Female,20,70.98789,126.8208,저체중
Female,21,69.32981,125.881,저체중
Male,22,68.08517,125.3363,정상
Male,25,67.72864,117.6713,저체중
Male,24,69.41996,126.183,저체중
Female,30,65.86211,112.0669,저체중
Female,18,69.96526,151.6467,정상
Male,21,67.91088,124.1618,정상
Female,30,68.78786,130.6754,정상
Male,33,65.74585,119.2501,정상
Male,34,72.368,132.7354,저체중
Male,35,68.18716,129.4416,정상
Male,32,69.84822,130.4897,정상
Male,25,68.77683,132.0897,정상
Male,23,69.84154,117.5002,저체중
Male,24,68.21258,108.6233,저체중
Male,26,66.95108,127.1378,정상
Male,33,66.85975,122.3951,정상
Male,20,66.15618,118.9815,정상
Male,18,67.45204,125.2554,정상
Female,35,67.60013,121.8996,정상
Male,25,66.75233,120.7738,정상
Female,21,60.8634,106.1939,정상
Female,35,66.19796,107.8874,저체중
Female,19,65.67776,122.0686,정상
Female,27,68.99828,117.3948,저체중
Male,31,68.02827,140.866,정상
Female,27,70.31743,149.3078,정상
Male,20,64.89375,125.5845,정상
Female,19,65.54201,131.28,정상
Male,22,68.67927,120.8432,저체중
Female,30,66.50307,123.0181,정상
Male,31,67.06639,143.1561,정상
Male,20,68.34809,122.9334,정상
Female,19,67.7237,118.4002,저체중
Female,20,71.2729,133.799,정상
Male,23,66.02325,115.9951,정상
Female,20,67.64412,117.6164,저체중
Female,23,70.5122,133.0952,정상
Male,30,65.81299,111.2517,저체중
Female,27,67.72994,134.9223,정상
Male,24,70.37065,142.7071,정상
Female,18,67.12868,128.8292,정상
Female,20,67.7056,126.9298,정상
Female,32,67.17205,115.2964,저체중
Female,22,68.10555,136.4014,정상
Male,30,70.02968,139.6796,정상
Male,29,67.74365,132.6488,정상
Female,32,64.0239,131.5816,정상
Female,26,65.72062,109.6616,저체중
Female,34,72.30502,138.1492,정상
Male,32,68.49538,132.5811,정상
Male,34,68.88875,126.3917,정상
Male,30,66.99923,133.9106,정상
Male,30,68.12136,137.1759,정상
Male,32,69.35409,135.8339,정상
Female,34,65.94423,130.5612,정상
Male,23,69.1535,134.0018,정상
Male,30,68.9858,133.0763,정상
Female,18,66.5432,109.9605,저체중
Male,35,67.00921,132.5041,정상
Female,29,71.09758,126.9142,저체중
Male,18,68.07213,124.4069,정상
Male,22,69.49666,146.5182,정상
Female,23,70.21782,140.9199,정상
Female,32,67.58857,133.1095,정상
Female,20,67.57075,138.0985,정상
Female,29,69.42517,137.6923,정상
Male,29,68.28537,136.6422,정상
Female,29,69.72848,149.467,정상
Female,35,69.92365,138.0429,정상
Female,27,68.79953,113.512,저체중
Male,28,69.09202,130.8401,정상
Male,33,68.82166,125.858,정상
Female,22,68.79217,113.7784,저체중
Female,18,68.20921,118.9215,저체중
Female,19,64.85301,114.4354,정상
Male,27,68.43265,123.9837,정상
Male,28,68.41712,135.6646,정상
Female,35,68.48985,97.85054,저체중
Male,18,67.77927,130.3916,정상
Female,32,66.72234,138.3614,정상
Male,32,66.17694,125.4018,정상
Male,30,68.07653,118.6076,저체중
Male,18,68.39248,109.8622,저체중
Male,34,66.36527,120.0788,정상
Female,29,62.87732,86.669,저체중
Male,19,68.7832,142.6252,정상
Male,31,70.32779,135.5365,정상
Female,21,65.23714,130.1058,정상
Male,31,70.09673,141.5957,정상
Male,35,72.58203,125.2756,저체중
Male,26,68.95451,131.6178,정상
Female,20,70.08286,129.0769,저체중
Male,35,66.60565,108.4805,저체중
Male,20,70.12381,139.1288,정상
Female,18,68.9783,145.3523,정상
Female,27,65.41373,125.9004,정상
Female,24,70.84046,126.4751,저체중
Male,18,65.25996,119.209,정상
Male,30,67.59199,123.0037,정상
Male,34,69.34865,129.4727,정상
Male,22,69.39296,141.9344,정상
Male,19,63.75403,108.9765,정상
Female,23,67.96208,118.2419,저체중
Female,26,70.15448,141.4635,정상
Male,18,70.04724,136.5986,정상
Male,22,66.06389,105.223,저체중
Female,25,71.07997,127.8639,저체중
Female,32,66.6113,134.331,정상
Male,35,66.86237,140.5931,정상
Male,23,70.25969,127.8158,저체중
Female,23,65.89945,110.9553,저체중
Male,33,68.29227,112.17,저체중
Female,34,64.95871,117.7368,정상
Male,20,67.1086,133.5058,정상
Male,23,67.39014,119.9727,정상
Female,25,64.25871,115.9128,정상
Male,35,69.27316,131.0059,정상
Male,21,67.87387,121.2352,정상
Female,35,65.53554,121.5301,정상
Male,27,71.08776,130.4852,저체중
Female,31,67.36554,127.386,정상
Female,21,65.41184,115.7506,정상
Female,28,68.03292,127.3987,정상
Male,27,66.72356,134.9064,정상
Male,32,68.02466,131.4015,정상
Male,31,67.36662,117.1467,저체중
Female,23,68.93518,116.5689,저체중
Male,23,68.578,127.307,정상
Female,33,64.74187,115.184,정상
Female,20,66.2743,114.0988,저체중
Female,31,69.71458,131.5924,정상
Female,31,68.54427,137.3566,정상
Male,28,71.35055,135.1059,정상
Female,18,67.21472,137.3314,정상
Female,26,65.09449,113.229,정상
Female,28,67.50111,111.4446,저체중
Female,34,70.80356,138.282,정상
Female,28,66.74779,126.8547,정상
Female,31,67.30525,135.6227,정상
Female,33,69.16712,128.8532,정상
Male,25,69.35292,139.9225,정상
Female,35,64.91373,101.2648,저체중
Female,29,67.68617,132.6457,정상
Male,23,69.23168,133.9763,정상
Male,19,67.53083,138.6939,정상
Male,25,73.47519,156.5556,정상
Female,33,68.0664,128.1673,정상
Male,32,65.82069,125.261,정상
Male,34,69.01169,132.9188,정상
Male,26,69.72285,134.5923,정상
Female,22,70.52947,114.1222,저체중
Male,30,67.2635,114.8907,저체중
Female,28,69.0027,132.8863,정상
Female,24,67.91407,133.1336,정상
Male,35,66.94962,137.487,정상
Female,21,68.04101,118.2847,저체중
Female,23,71.93262,133.1505,저체중
Female,22,68.266,127.4658,정상
Female,26,67.22047,133.3136,정상
Female,35,70.82076,151.6654,정상
Male,23,67.97316,131.4318,정상
Female,24,67.86163,116.9394,저체중
Male,33,66.75865,130.2682,정상
Male,22,68.68619,122.1336,저체중
Male,19,68.55174,118.5602,저체중
Male,32,70.64074,136.0448,정상
Male,22,64.54667,101.3587,저체중
Female,32,70.20971,139.6653,정상
Male,21,65.24926,122.592,정상
Female,24,70.56077,142.8022,정상
Female,26,70.2161,119.6591,저체중
Male,22,69.26794,130.0904,정상
Female,23,68.71495,142.531,정상
Male,18,69.83226,150.4973,정상
Male,35,67.95044,125.4476,정상
Female,28,66.69106,132.6528,정상
Female,30,66.69388,109.0486,저체중
Female,24,68.85787,108.4688,저체중
Male,30,66.75904,113.7091,저체중
Female,21,69.47691,125.2285,저체중
Female,35,69.16535,135.7451,정상
Female,21,66.17003,125.3914,정상
Female,21,65.52416,120.5974,정상
Female,27,65.51245,124.223,정상
Female,31,67.09453,131.6406,정상
Male,27,70.25624,130.8484,정상
Male,26,66.23165,123.4666,정상
Female,21,68.47727,125.3201,정상
Female,30,69.71255,135.4164,정상
Female,33,67.91161,135.2628,정상
Male,32,66.40266,127.9538,정상
Female,34,67.8244,117.6057,저체중
Female,18,66.18945,120.9807,정상
Female,19,67.43176,122.2844,정상
Male,33,69.20081,120.9584,저체중
Female,32,66.10694,124.0101,정상
Male,21,65.78863,113.8094,저체중
Male,33,70.78459,145.5794,정상
Male,24,68.58712,124.2324,정상
Female,35,68.57242,106.2736,저체중
Male,34,66.9078,114.6637,저체중
Female,33,68.24046,116.8464,저체중
Female,29,70.33099,137.315,정상
Male,23,66.34712,121.422,정상
Male,25,69.51991,139.1533,정상
Male,25,68.24002,138.3138,정상
Female,22,68.81582,128.7253,정상
Male,32,67.46373,140.8966,정상
Female,31,68.39019,144.1242,정상
Male,25,66.67797,128.4131,정상
Female,27,68.80968,126.858,정상
Female,26,69.4337,131.1752,정상
Male,23,66.65083,125.386,정상
Male,25,66.85582,122.8987,정상
Male,26,68.77332,146.0516,정상
Male,30,64.63102,113.7093,정상
Male,20,68.71508,143.0982,정상
Male,19,68.75348,133.4762,정상
Male,29,66.51489,113.0104,저체중
Male,29,68.37401,106.2333,저체중
Male,28,62.34907,92.08858,저체중
Female,29,68.92916,129.1092,정상
Female,35,71.68363,129.1334,저체중
Male,19,66.322,110.1751,저체중
Female,24,69.50661,131.645,정상
Male,23,67.40328,139.6598,정상
Female,24,67.19077,112.4249,저체중
Female,31,67.19175,135.4273,정상
Male,35,69.88968,135.0597,정상
Male,31,67.71483,131.9399,정상
Male,18,69.1943,123.0009,저체중
Female,33,68.43015,126.813,정상
Female,29,71.52141,135.1442,정상
Female,21,66.03545,124.7625,정상
Male,20,66.75322,110.7626,저체중
Male,23,67.97544,132.68,정상
Male,33,70.43693,148.038,정상
Female,29,66.97159,129.2555,정상
Female,22,64.39987,122.562,정상
Male,28,67.69987,128.6123,정상
Female,22,68.06251,125.5895,정상
Male,19,69.63558,124.3082,저체중
Female,35,67.44679,116.4591,저체중
Male,26,65.89161,115.974,정상
Female,18,69.51355,124.6651,저체중
Female,20,63.64185,117.6007,정상
Female,28,66.78862,117.3315,저체중
Female,26,67.36831,144.5431,정상
Male,33,64.77625,146.0965,정상
Female,32,69.18543,122.701,저체중
Male,20,66.26194,118.7813,정상
Female,30,68.65178,121.752,저체중
Female,20,69.14357,161.7266,정상
Male,19,68.66398,123.2472,저체중
Male,31,70.5741,132.7715,정상
Male,33,67.54965,126.7619,정상
Female,25,68.71849,130.7257,정상
Male,23,67.01063,120.9484,정상
Female,21,67.36634,127.3686,정상
Male,18,68.16669,147.874,정상
Female,22,69.81134,141.3724,정상
Female,32,66.73085,115.7089,저체중
Female,30,65.96768,114.223,저체중
Female,33,66.26164,125.0622,정상
Male,23,70.12583,124.0039,저체중
Female,29,66.31984,120.267,정상
Male,34,68.89732,124.8329,저체중
Female,22,69.22677,128.9729,정상
Female,27,71.16343,143.5928,정상
Female,31,64.12514,134.7727,정상
Female,29,71.17117,152.651,정상
Female,19,66.91345,120.0058,정상
Male,35,66.64158,118.8403,정상
Male,32,66.52425,123.8263,정상
Female,22,70.46871,145.1333,정상
Male,30,65.93944,122.5218,정상
Female,21,66.70213,133.2482,정상
Male,25,64.60008,113.2583,정상
Male,31,67.22989,124.304,정상
Male,26,67.76131,140.08,정상
Female,23,65.63379,111.9369,저체중
Female,33,69.74489,135.7224,정상
Male,18,69.74892,125.5452,저체중
Female,18,66.1265,121.3924,정상
Female,35,69.56993,134.1461,정상
Female,25,69.4781,129.5945,정상
Female,29,69.251,135.8543,정상
Female,29,65.88081,116.0534,정상
Female,35,65.85276,117.3475,정상
Female,22,69.53098,138.892,정상
Male,23,67.702,119.1475,저체중
Female,18,66.31858,132.1847,정상
Female,27,65.68324,111.7099,저체중
Male,35,66.8561,142.4656,정상
Female,34,69.0744,120.1102,저체중
Male,25,66.66269,110.537,저체중
Female,25,66.5834,127.299,정상
Female,20,67.70926,132.0492,정상
Male,21,68.19135,116.3223,저체중
Male,25,66.85165,117.069,저체중
Female,32,68.99365,124.2528,저체중
Male,26,68.96601,130.3402,정상
Female,26,70.93465,137.3957,정상
Male,31,69.53833,133.2753,정상
Female,29,66.13819,107.2152,저체중
Female,19,66.02829,110.0063,저체중
Female,18,70.24533,149.8284,정상
Male,21,67.86194,117.9091,저체중
Male,31,67.23322,126.0349,정상
Male,20,67.50164,113.9574,저체중
Female,35,71.23342,140.2096,정상
Male,35,69.88821,151.7165,정상
Female,31,67.85973,117.4995,저체중
Male,28,69.22897,129.2885,정상
Male,18,65.35526,120.6695,정상
Male,30,65.52588,112.762,저체중
Female,33,70.8509,130.0362,저체중
Male,29,65.17021,111.9882,정상
Female,19,65.35895,107.5214,저체중
Male,19,64.77466,127.5588,정상
Male,19,65.07433,119.1591,정상
Male,25,66.32264,109.9997,저체중
Female,34,70.25829,129.6662,저체중
Female,29,68.46057,135.197,정상
Male,33,67.32406,133.8561,정상
Male,27,69.53655,132.6168,정상
Female,34,66.72552,111.4197,저체중
Female,30,69.04313,109.6263,저체중
Female,33,67.63395,123.3522,정상
Female,19,67.68225,130.9284,정상
Male,19,67.20527,132.5174,정상
Male,23,68.57727,113.3802,저체중
Female,28,69.81593,124.0074,저체중
Female,32,67.27727,111.7334,저체중
Male,30,70.77213,140.6956,정상
Male,30,64.39879,112.6936,정상
Female,20,67.32911,119.5627,정상
Female,23,68.56564,137.7463,정상
Male,25,70.12937,128.2247,저체중
Male,24,70.50405,111.7906,저체중
Male,31,67.69242,135.8347,정상
Female,34,66.15337,123.5173,정상
Female,23,67.04967,121.4366,정상
Female,28,67.14891,132.7812,정상
Female,19,68.06454,131.8433,정상
Female,22,66.40213,141.9992,정상
Male,24,68.74408,123.0744,저체중
Male,25,68.28835,129.5032,정상
Male,23,68.49705,148.1317,정상
Male,19,69.61735,131.6342,정상
Female,25,65.46622,118.5369,정상
Female,19,68.4357,102.342,저체중
Male,32,66.21604,118.1429,정상
Female,35,71.1547,137.0264,정상
Male,25,65.50148,106.2971,저체중
Male,34,70.46899,140.2618,정상
Male,26,67.60018,123,정상
Male,21,69.30591,123.2186,저체중
Male,32,65.67069,122.2368,정상
Female,23,67.36778,117.442,저체중
Female,23,68.47589,137.8969,정상
Male,33,69.72743,134.3279,정상
Male,23,68.84393,117.6781,저체중
Male,32,69.19121,129.7261,정상
Male,27,68.51219,133.2155,정상
Male,26,66.30328,113.0214,저체중
Male,22,72.1518,124.9451,저체중
Male,19,68.31371,128.7378,정상
Female,20,66.21908,99.78213,저체중
Male,21,64.60633,120.786,정상
Male,19,70.23266,127.1388,저체중
Female,22,68.73753,144.4456,정상
Male,25,69.49503,132.1904,정상
Female,33,67.25261,137.7559,정상
Male,20,71.46246,141.305,정상
Female,18,67.7491,139.5633,정상
Female,21,68.80025,128.2314,정상
Male,18,66.8725,119.1075,정상
Male,34,68.4765,120.8274,저체중
Male,18,64.86316,116.4621,정상
Male,24,67.91753,139.5891,정상
Male,28,67.84233,138.0376,정상
Female,21,69.38148,124.8913,저체중
Male,27,66.94613,127.2921,정상
Male,35,67.45924,117.4689,저체중
Female,23,69.99586,132.8246,정상
Male,23,67.45856,123.6045,정상
Female,30,64.09151,138.3749,정상
Female,35,66.37835,122.9717,정상
Male,33,70.12316,122.3759,저체중
Male,28,67.34219,121.3154,정상
Female,26,70.14728,136.3431,정상
Female,19,69.0379,123.907,저체중
Female,29,67.0297,107.5287,저체중
Female,24,64.85652,130.1924,정상
Male,18,65.94007,109.5656,저체중
Female,27,64.69116,115.9239,정상
Female,20,62.53019,109.5766,정상
Female,18,67.78541,124.236,정상
Female,24,68.27657,133.3359,정상
Female,27,65.93553,118.4802,정상
Female,20,67.48252,120.3425,정상
Female,26,67.80949,131.0862,정상
Female,34,70.04498,129.9862,정상
Male,20,66.0988,121.7657,정상
Female,33,67.87462,145.1821,정상
Female,30,65.04519,134.0519,정상
Male,22,64.96125,105.489,저체중
Female,32,64.82767,112.1873,정상
Male,25,70.08844,137.1698,정상
Female,27,70.70944,142.7307,정상
Male,24,66.80032,123.4484,정상
Male,28,67.14141,120.8645,정상
Female,31,67.04259,135.9558,정상
Female,22,68.48662,148.4587,정상
Female,21,72.31757,144.881,정상
Female,25,66.47968,139.3578,정상
Female,18,66.82557,109.1264,저체중
Male,31,70.06934,135.3785,정상
Female,31,67.217,113.8089,저체중
Male,26,67.12457,148.5183,정상
Male,28,68.4131,144.8827,정상
Male,20,66.02919,114.9248,정상
Female,35,66.84654,114.9225,저체중
Male,32,68.94666,122.8046,저체중
Female,33,68.91853,133.5443,정상
Male,35,65.5914,131.9386,정상
Male,21,65.51261,120.6623,정상
Male,32,69.27083,145.653,정상
Male,28,69.57316,130.7801,정상
Female,21,67.86325,118.8413,저체중
Male,29,72.33364,133.6214,저체중
Female,25,67.21175,104.1953,저체중
Female,32,68.83481,117.464,저체중
Female,25,68.46136,145.8766,정상
Female,25,68.1713,135.6227,정상
Female,30,69.69391,129.1389,정상
Male,26,67.12571,149.7706,정상
Male,34,70.36279,134.1039,정상
Male,29,71.4732,143.9365,정상
Female,21,68.51565,132.4801,정상
Female,21,70.06817,149.4329,정상
Female,24,68.04516,132.5979,정상
Female,26,67.47227,133.6407,정상
Male,30,70.56501,147.4583,정상
Female,33,67.64197,100.025,저체중
Female,27,72.23026,140.2179,정상
Male,23,67.45255,120.8849,정상
Female,33,66.97768,109.3834,저체중
Male,22,67.28894,136.1833,정상
Male,26,66.02667,115.1345,정상
Female,30,64.15728,130.0889,정상
Female,27,67.78574,131.8054,정상
Male,27,71.05897,125.119,저체중
Female,35,68.55136,149.0059,정상
Male,32,71.11228,129.2335,저체중
Male,27,65.22518,120.5247,정상
Female,26,67.13777,123.2162,정상
Female,35,67.98084,117.4022,저체중
Female,22,67.45039,106.9632,저체중
Female,32,67.58732,119.6435,저체중
Male,23,67.40106,134.1122,정상
Female,29,69.75732,129.9282,정상
Male,35,67.78374,130.1554,정상
Female,23,65.01631,106.8729,저체중
Female,28,68.98708,126.6898,정상
Female,33,67.84236,115.7457,저체중
Male,34,70.91418,130.1665,저체중
Male,32,68.44803,110.8115,저체중
Female,25,63.23903,119.8366,정상
Male,34,66.75371,113.1127,저체중
Male,33,66.13148,118.4705,정상
Male,31,66.57052,135.6863,정상
Male,33,68.43743,111.4731,저체중
Male,26,68.12826,129.3106,정상
Female,31,65.66194,116.9965,정상
Male,18,68.64587,128.6098,정상
Male,18,67.01908,137.8634,정상
Male,22,66.3869,135.486,정상
Male,22,67.43419,112.9047,저체중
Female,35,67.0218,143.1287,정상
Male,24,70.98964,136.9279,정상
Male,32,64.47574,113.9935,정상
Female,29,66.48783,121.2945,정상
Male,22,68.28864,130.4347,정상
Female,30,66.11987,133.8865,정상
Female,30,68.73539,153.3002,정상
Male,27,67.61776,123.3522,정상
Female,31,65.99257,105.2183,저체중
Female,31,71.79273,144.2173,정상
Female,25,69.76151,155.9849,정상
Female,24,67.65103,111.6875,저체중
Female,31,64.82727,125.8154,정상
Male,21,68.38678,121.5078,저체중
Female,20,68.35981,129.6506,정상
Male,18,67.56773,116.2672,저체중
Female,27,67.70372,125.3254,정상
Female,35,70.42781,165.7172,정상
Male,20,66.27416,133.3637,정상
Female,21,68.61263,145.4779,정상
Female,22,69.9746,135.8348,정상
Female,30,69.38629,130.2342,정상
Female,25,63.38805,114.0297,정상
Female,19,68.40181,117.6173,저체중
Male,20,65.89607,123.5651,정상
Male,31,66.25442,124.9826,정상
Female,31,68.43563,131.054,정상
Male,26,68.43069,152.1767,정상
Female,34,67.44333,118.6275,저체중
Male,34,68.75899,112.2566,저체중
Female,31,65.87903,127.7575,정상
Male,33,67.3794,120.4361,정상
Male,35,67.20197,104.816,저체중
Male,21,71.72566,119.2446,저체중
Female,31,68.326,125.8377,정상
Female,27,69.07214,131.3704,정상
Female,21,70.39663,125.35,저체중
Female,26,68.46942,118.3351,저체중
Female,21,70.75069,129.7989,저체중
Male,26,68.25077,126.6471,정상
Male,34,69.4218,129.0352,정상
Female,33,67.75693,134.8437,정상
Female,19,68.78237,150.5262,정상
Female,27,68.93468,132.4508,정상
Female,25,64.36411,131.0136,정상
Male,23,69.45069,151.8922,정상
Male,28,68.70335,122.5303,저체중
Female,33,69.17716,127.2585,정상
Female,33,73.32701,147.9296,정상
Female,18,69.01245,108.8242,저체중
Female,34,65.2012,127.7629,정상
Male,19,67.65215,130.3,정상
Female,24,68.59028,124.4653,정상
Male,34,70.1527,159.2435,정상
Female,26,70.35282,130.4261,정상
Female,24,67.14863,144.1876,정상
Male,34,72.11654,136.8595,정상
Male,35,64.54112,105.9232,저체중
Female,27,68.94058,131.888,정상
Female,21,68.18651,129.5985,정상
Male,26,72.69199,121.7006,저체중
Male,33,68.2263,128.3129,정상
Male,22,70.40403,130.5713,정상
Female,24,65.32887,126.0176,정상
Male,19,65.29057,109.782,저체중
Female,30,65.58939,109.7956,저체중
Male,28,65.28916,128.021,정상
Male,19,69.91649,132.3785,정상
Female,31,66.59848,127.7981,정상
Female,21,69.24885,133.7892,정상
Male,35,68.81944,124.2264,저체중
Male,27,68.79688,122.0913,저체중
Male,34,67.19139,127.5538,정상
Female,29,68.40568,142.3945,정상
Female,34,70.58364,135.3762,정상
Male,23,68.401,143.1102,정상
Female,32,70.95629,139.016,정상
Male,24,69.85706,120.7675,저체중
Male,23,65.61593,129.3528,정상
Female,18,65.39064,96.54815,저체중
Female,20,67.95175,128.2412,정상
Female,26,70.05209,123.2307,저체중
Female,30,68.18199,134.9267,정상
Male,20,68.79938,116.6928,저체중
Female,31,67.36607,118.689,저체중
Male,24,70.62204,125.7371,저체중
Male,34,71.7953,158.2326,정상
Female,25,66.53015,117.0002,정상
Male,32,65.09768,134.3973,정상
Male,23,64.76077,128.8129,정상
Male,26,69.03578,130.8927,정상
Male,23,65.44403,109.9232,저체중
Male,30,66.15236,110.353,저체중
Male,21,69.55012,138.8793,정상
Female,33,64.92792,116.1101,정상
Male,18,67.75727,122.6048,정상
Female,32,69.05062,143.6487,정상
Male,30,64.93136,94.59876,저체중
Male,24,70.18691,130.8536,정상
Male,32,67.72971,148.7955,정상
Male,24,67.32869,130.6884,정상
Female,22,69.70995,151.1615,정상
Male,24,71.38761,144.922,정상
Female,29,67.33116,132.6171,정상
Male,30,68.52212,120.6801,저체중
Male,30,70.20145,117.236,저체중
Female,27,66.58931,117.0805,정상
Female,19,69.02084,131.2609,정상
Female,33,68.78726,123.945,저체중
Male,27,69.06258,120.0654,저체중
Female,30,70.13521,126.9799,저체중
Male,28,69.71943,136.3826,정상
Female,19,69.37398,131.2544,정상
Male,35,69.05735,132.3124,정상
Male,35,70.05472,132.6614,정상
Male,23,68.34561,133.09,정상
Female,26,67.52209,121.4611,정상
Female,29,70.0784,133.6073,정상
Male,23,68.1606,142.0494,정상
Male,20,66.76219,133.1326,정상
Female,35,67.39828,119.6178,정상
Male,33,69.23848,129.4479,정상
Female,21,63.37741,121.7897,정상
Female,19,68.52886,129.8267,정상
Female,19,66.21498,131.2149,정상
Female,34,66.87539,136.5157,정상
Male,34,67.37879,113.5019,저체중
Female,19,66.66129,133.4427,정상
Female,34,68.08244,133.4736,정상
Female,18,65.97344,135.5212,정상
Female,18,65.8609,122.3441,정상
Male,33,67.68464,124.7005,정상
Male,31,69.1243,126.6651,정상
Female,25,71.24086,127.2719,저체중
Female,22,69.075,125.6317,정상
Male,34,69.07254,128.9997,정상
Female,35,65.76779,121.7671,정상
Female,23,69.5003,142.9457,정상
Male,19,69.21009,129.2261,정상
Male,22,66.131,128.9078,정상
Male,23,66.45404,109.0055,저체중
Male,22,65.43012,129.1382,정상
Male,26,68.37789,132.0082,정상
Male,30,69.25871,126.1872,저체중
Female,28,68.55917,131.6865,정상
Female,21,69.82956,152.9133,정상
Male,21,68.56366,135.9443,정상
Female,35,69.89716,135.4161,정상
Male,22,67.22911,126.9908,정상
Female,30,68.27784,151.4986,정상
Male,18,67.70956,120.9284,정상
Male,30,68.63497,143.909,정상
Female,28,66.24494,148.3015,정상
Male,30,65.9282,98.38391,저체중
Female,22,68.6507,134.6537,정상
Female,35,67.66363,91.26068,저체중
Male,20,68.1538,129.1524,정상
Female,31,63.79264,116.3877,정상
Female,19,65.46251,128.8832,정상
Male,34,70.75386,135.3328,정상
Female,27,66.29608,119.843,정상
Male,35,66.17127,132.3032,정상
Female,22,70.22032,129.6479,저체중
Male,20,68.38254,135.7889,정상
Male,31,68.72417,119.4445,저체중
Female,27,69.03554,131.3376,정상
Male,29,69.23422,119.5137,저체중
Female,19,68.75012,142.7779,정상
Male,23,68.70768,142.0977,정상
Female,19,67.9005,125.3087,정상
Male,24,69.60629,146.4574,정상
Female,20,66.8099,129.1352,정상
Male,24,65.01465,100.5445,저체중
Female,23,67.35337,131.1702,정상
Male,32,63.03599,112.098,정상
Male,28,68.79753,117.0905,저체중
Female,33,68.69337,132.2144,정상
Female,28,66.37421,123.5625,정상
Female,25,68.3918,123.9172,정상
Male,18,66.86315,123.8108,정상
Male,22,69.64423,130.3421,정상
Female,20,68.98795,128.7153,정상
Female,18,68.7025,131.4076,정상
Male,24,67.0616,110.9624,저체중
Male,22,67.14099,120.8645,정상
Female,25,66.31361,127.8163,정상
Male,24,69.6794,140.4675,정상
Female,19,66.24529,117.5554,정상
Male,29,66.79284,138.8735,정상
Female,31,69.9798,132.5518,정상
Female,31,68.20436,144.968,정상
Male,21,67.80794,141.1958,정상
Female,34,71.49761,146.9498,정상
Female,19,71.80853,136.9644,정상
Female,23,67.83517,137.1286,정상
Male,30,68.34113,129.0216,정상
Female,33,69.08567,117.0247,저체중
Male,31,66.75809,141.0586,정상
Female,30,65.40628,126.6997,정상
Male,23,65.53954,119.8531,정상
Female,21,69.0588,111.6993,저체중
Male,34,67.7959,117.9009,저체중
Male,25,71.39265,118.7488,저체중
Male,34,66.70088,131.8821,정상
Male,27,69.67472,140.8053,정상
Male,30,69.23373,138.6932,정상
Female,31,70.9753,143.1101,정상
Male,33,67.65321,129.5612,정상
Male,21,65.60536,117.7563,정상
Male,35,67.32889,135.7928,정상
Female,34,69.521,128.0812,정상
Female,29,67.66563,121.5679,정상
Female,28,67.22662,130.5827,정상
Male,34,67.13201,118.4574,저체중
Female,32,67.2819,119.473,정상
Male,22,66.45431,116.4503,정상
Male,18,68.42039,142.5478,정상
Female,18,67.14612,122.8747,정상
Male,21,62.98619,113.4143,정상
Female,18,63.66845,131.0824,정상
Male,22,65.28612,104.5026,저체중
Female,26,64.30048,106.3191,저체중
Male,27,66.10993,103.9913,저체중
Male,31,65.91527,125.8579,정상
Male,29,67.82866,125.7767,정상
Female,33,69.87356,131.063,정상
Female,33,66.24116,112.8657,저체중
Female,34,66.05187,121.3259,정상
Male,28,65.53557,119.5436,정상
Female,32,67.6665,144.1403,정상
Male,30,68.3058,119.0695,저체중
Male,21,70.74075,137.7395,정상
Male,33,67.06837,122.4245,정상
Female,30,69.88488,145.2255,정상
Female,31,69.24424,141.3037,정상
Female,28,68.25133,115.4675,저체중
Female,20,67.09232,138.4092,정상
Female,27,69.06273,112.7855,저체중
Male,35,68.33125,131.4942,정상
Male,30,68.94119,134.7967,정상
Female,22,69.59518,115.4751,저체중
Female,19,71.28803,157.5443,정상
Female,20,66.42491,127.2222,정상
Female,33,68.63305,131.8311,정상
Female,34,66.21553,111.216,저체중
Male,25,67.47736,116.7243,저체중
Female,20,64.51185,86.49925,저체중
Male,18,67.33792,126.9632,정상
Female,34,67.41203,125.8066,정상
Female,19,67.89703,126.1505,정상
Male,32,65.08935,122.4771,정상
Female,20,70.58024,139.0572,정상
Female,35,70.26786,124.0146,저체중
Male,20,68.09574,138.602,정상
Female,21,70.04702,133.2217,정상
Female,29,67.1535,115.3322,저체중
Male,31,67.87558,127.5807,정상
Female,21,72.24161,144.0286,정상
Female,27,70.21055,131.3894,정상
Female,30,68.77272,134.0195,정상
Male,20,68.96749,122.9673,저체중
Male,34,66.95136,111.7026,저체중
Female,23,,,
Female,31,64.13956,93.09256,저체중
Male,30,71.56149,153.1117,정상
Female,31,68.86042,153.6386,정상
Female,28,66.79593,127.4353,정상
Male,35,64.54504,113.8478,정상
Male,25,70.00599,142.7425,정상
Female,27,69.19904,145.2462,정상
Female,29,69.09444,140.8653,정상
Male,23,67.19525,105.4341,저체중
Female,33,67.96947,105.7521,저체중
Female,19,70.02533,139.9395,정상
Female,35,66.87761,122.6013,정상
Female,22,64.45014,131.0252,정상
Female,25,68.24912,135.3378,정상
Male,29,70.07101,152.8499,정상
Female,29,66.9759,113.9803,저체중
Female,23,70.36787,140.2859,정상
Male,24,68.6591,146.4581,정상
Female,35,69.95361,141.0113,정상
Male,21,68.48425,128.0158,정상
Male,31,71.25946,164.5588,정상
Female,27,67.80922,130.3115,정상
Male,22,63.58671,117.3091,정상
Male,34,67.40848,135.3097,정상
Female,18,68.20701,128.4742,정상
Male,27,68.89247,124.929,정상
Male,30,66.05981,117.8305,정상
Female,31,65.66067,123.4769,정상
Male,25,69.39748,133.3201,정상
Female,26,65.92174,108.8612,저체중
Female,31,64.78001,102.3802,저체중
Female,18,67.59062,117.6786,저체중
Female,19,71.00127,149.2434,정상
Female,24,69.48254,121.6221,저체중
Female,29,68.48246,159.2052,정상
Male,35,68.09616,133.6355,정상
Female,23,69.48115,122.3265,저체중
Female,18,70.50577,141.2895,정상
Male,34,69.5883,140.0531,정상
Male,34,69.31491,124.1149,저체중
Male,18,68.39399,139.9906,정상
Male,28,62.23548,94.80998,저체중
Male,19,69.8972,148.2548,정상
Male,26,68.06989,146.5246,정상
Male,28,69.12319,111.1013,저체중
Male,30,69.95192,126.322,저체중
Female,33,67.93156,137.8815,정상
Female,28,69.32167,130.0449,정상
Female,30,66.67312,141.5919,정상
Male,29,67.96604,123.8124,정상
Male,34,69.19829,130.9459,정상
Male,29,68.15828,114.9747,저체중
Male,33,68.03235,116.2177,저체중
Male,25,68.43761,102.8575,저체중
Male,22,67.34517,103.4353,저체중
Female,28,68.64435,127.6291,정상
Male,19,64.83459,112.7336,정상
Male,26,64.11121,111.5238,정상
Female,30,67.52032,101.0851,저체중
Male,34,66.72676,128.6718,정상
Male,24,68.76169,132.1914,정상
Female,34,68.50268,123.0143,저체중
Male,31,67.35174,122.898,정상
Male,25,66.64565,123.7642,정상
Male,20,67.11109,120.5121,정상
Male,20,67.92539,140.0124,정상
Male,27,65.7078,116.2137,정상
Male,23,67.65793,138.142,정상
Male,20,68.60162,134.1922,정상
Female,35,69.30603,130.9022,정상
Female,23,67.1095,137.4821,정상
Male,23,65.59186,103.921,저체중
Male,21,67.66742,139.2905,정상
Male,33,68.63966,112.1105,저체중
Female,34,64.7652,92.20107,저체중
Male,18,67.60131,120.6972,정상
Female,20,67.31966,126.8577,정상
Male,26,66.51157,122.8182,정상
Male,28,69.93026,135.7746,정상
Female,33,67.60868,131.5309,정상
Female,25,65.7309,121.011,정상
Male,22,67.29622,118.9762,저체중
Female,20,66.84201,120.7153,정상
Male,33,67.91374,137.0166,정상
Male,32,65.33921,109.9667,저체중
Male,34,67.10739,127.3581,정상
Male,27,66.39279,131.2489,정상
Female,21,65.77143,118.5557,정상
Female,35,66.08581,122.4064,정상
Female,26,67.95467,136.8644,정상
Male,25,63.31058,113.5932,정상
Male,20,70.10242,123.0639,저체중
Female,30,69.72937,130.3103,정상
Male,18,67.62461,118.9278,저체중
Male,26,69.23113,111.379,저체중
Male,35,67.38459,116.0054,저체중
Male,26,70.68647,146.7535,정상
Female,29,71.42291,141.3565,정상
Male,35,68.60167,112.7169,저체중
Male,26,65.01908,120.2538,정상
Male,32,68.22216,137.5639,정상
Male,30,66.18504,122.2857,정상
Male,24,67.34507,122.5287,정상
Female,25,69.8637,134.646,정상
Female,32,68.63027,121.5066,저체중
Male,24,69.01165,130.7259,정상
Male,23,68.57992,116.8032,저체중
Female,20,70.02954,135.12,정상
Male,31,67.8609,130.8429,정상
Female,29,67.071,128.6312,정상
Female,20,67.25316,121.6315,정상
Female,20,68.45752,138.1129,정상
Male,30,66.08131,110.8231,저체중
Female,28,65.5926,104.7464,저체중
Female,25,68.56861,118.8964,저체중
Female,25,69.69795,143.2327,정상
Male,22,66.67277,108.3892,저체중
Female,28,61.59011,99.81074,저체중
Male,29,65.40277,114.1857,정상
Male,33,68.44756,127.5778,정상
Female,33,66.73714,118.4245,정상
Female,33,72.205,154.2642,정상
Male,27,68.46802,121.7574,저체중
Male,28,70.10294,142.4799,정상
Female,21,66.48949,112.2608,저체중
Male,35,67.19112,121.4096,정상
Female,35,65.22879,121.375,정상
Male,23,67.00396,127.1951,정상
Male,19,67.72317,107.6196,저체중
Male,20,70.09165,152.4262,정상
Female,35,66.07538,128.1418,정상
Male,21,66.91173,146.0408,정상
Male,35,68.65328,117.6621,저체중
Female,21,67.75543,135.4845,정상
Male,20,66.36233,131.4949,정상
Male,30,67.6272,127.833,정상
Female,19,68.21944,123.405,정상
Female,31,67.57571,136.8255,정상
Male,35,67.02379,137.789,정상
Female,29,67.57237,141.6039,정상
Male,27,65.6522,109.4063,저체중
Male,21,65.44991,102.5063,저체중
Female,33,70.32828,163.8992,정상
Female,27,69.08622,118.9012,저체중
Female,24,68.33335,126.7698,정상
Female,19,66.29224,134.6024,정상
Female,33,68.16586,120.86,저체중
Female,28,66.04152,136.2559,정상
Male,33,70.48553,147.5044,정상
Female,18,66.67757,125.5265,정상
Male,35,66.65461,115.3878,저체중
Male,18,69.63744,140.8728,정상
Male,33,67.68649,108.0794,저체중
Female,25,66.58507,98.00565,저체중
Male,31,68.3482,119.2853,저체중
Female,30,68.92806,112.4171,저체중
Female,34,68.53403,146.0566,정상
Female,32,71.3806,133.3801,저체중
Male,22,70.11959,152.4782,정상
Male,23,66.25934,130.2875,정상
Female,34,69.53489,155.4037,정상
Female,21,67.46936,139.8139,정상
Male,29,66.51039,119.1722,정상
Male,32,69.92009,138.286,정상
Female,20,67.79021,107.2949,저체중
Female,30,66.83271,108.3566,저체중
Female,33,70.99707,117.9595,저체중
Female,31,66.68384,130.0104,정상
Female,30,65.32131,105.6657,저체중
Female,19,67.3587,115.0555,저체중
Female,20,64.04389,103.6805,저체중
Female,28,67.25724,117.0895,저체중
Male,23,70.83582,129.5163,저체중
Male,28,69.2102,129.1965,정상
Male,33,65.91382,119.2019,정상
Male,34,68.89983,128.3612,정상
Male,29,68.6346,133.2154,정상
Male,28,65.36955,121.3485,정상
Male,31,66.25718,109.8669,저체중
Male,21,69.18027,130.5783,정상
Male,35,69.53816,118.921,저체중
Male,27,66.66547,122.2455,정상
Male,32,69.35299,131.5557,정상
Female,33,65.99078,103.7061,저체중
Male,25,67.55311,134.4433,정상
Female,18,65.95292,130.1628,정상
Male,30,69.74893,109.4178,저체중
Female,20,68.13165,120.4415,저체중
Female,23,64.53068,114.9703,정상
Male,26,65.95702,132.643,정상
Female,19,70.27411,120.3263,저체중
Male,23,68.30787,132.9732,정상
Male,29,69.93158,136.795,정상
Female,33,68.76325,128.7979,정상
Male,31,68.68206,142.8603,정상
Male,18,68.32988,133.13,정상
Female,18,68.04129,143.2981,정상
Male,32,67.9522,117.0683,저체중
Female,35,65.7157,118.3454,정상
Male,24,72.12643,124.3554,저체중
Male,21,66.79918,118.7239,정상
Male,20,67.49036,123.5892,정상
Female,34,66.88022,126.7582,정상
Male,33,68.25984,137.6865,정상
Female,31,66.6257,130.5098,정상
Male,23,64.15701,113.9842,정상
Male,25,65.30643,110.9035,저체중
Female,21,71.83145,146.3799,정상
Female,18,68.43502,128.2374,정상
Male,20,64.79043,115.6001,정상
Female,21,69.24446,129.4057,정상
Female,35,70.28435,125.6591,저체중
Female,21,72.99453,126.8912,저체중
Female,25,70.41651,131.3277,정상
Female,22,65.79611,132.5054,정상
Female,26,69.49913,129.3703,정상
Male,29,65.87009,110.5038,저체중
Male,29,65.0852,106.2354,저체중
Female,20,70.61194,129.5963,저체중
Male,34,71.39877,131.9176,저체중
Female,24,66.29704,122.9437,정상
Male,23,65.64143,121.4597,정상
Female,27,69.78249,138.3473,정상
Male,29,68.32625,135.247,정상
Male,21,69.02806,100.8881,저체중
Female,25,68.87437,122.2625,저체중
Female,21,66.7959,119.0778,정상
Male,19,68.62814,139.7986,정상
Female,18,71.19139,136.2042,정상
Male,19,65.4116,122.3825,정상
Female,21,68.84184,134.2696,정상
Male,23,68.8806,123.1216,저체중
Female,18,65.73631,127.6449,정상
Female,21,69.30987,131.7523,정상
Male,34,64.15534,114.2796,정상
Female,25,72.89442,133.7642,저체중
Male,35,66.41814,142.6604,정상
Female,34,65.886,119.2969,정상
Male,33,69.06664,131.9619,정상
Male,21,67.96217,125.9612,정상
Male,25,68.68041,131.3237,정상
Male,31,68.515,118.9934,저체중
Female,22,67.37231,127.9334,정상
Female,32,63.67556,114.3381,정상
Female,35,65.76516,123.8141,정상
Female,30,68.71711,137.0437,정상
Male,29,69.62402,119.3894,저체중
Female,30,66.8157,107.8753,저체중
Female,21,64.54403,123.3058,정상
Male,19,68.37687,116.9408,저체중
Female,30,67.70961,120.4639,저체중
Female,25,69.79282,107.1216,저체중
Male,25,70.33109,134.1242,정상
Female,31,71.11525,142.3554,정상
Male,25,70.50683,131.8652,정상
Female,24,67.3265,117.8718,저체중
Male,35,70.37423,134.2731,정상
Male,33,68.93535,136.6499,정상
Female,20,68.74748,139.4778,정상
Female,31,66.31697,126.7884,정상
Female,26,67.96141,137.7632,정상
Male,22,68.02516,125.7112,정상
Male,18,68.54611,134.6283,정상
Male,29,73.72628,142.811,저체중
Male,26,66.30109,124.8609,정상
Male,26,69.84513,134.2394,정상
Female,25,66.34608,112.6472,저체중
Male,22,69.22406,120.5706,저체중
Male,30,65.20241,126.6356,정상
Male,31,68.16207,122.2711,정상
Male,31,66.17376,114.6814,저체중
Female,34,65.82561,137.7805,정상
Female,30,70.49243,122.7935,저체중
Female,28,66.86335,129.0675,정상
Female,28,69.00819,121.8091,저체중
Male,28,69.09268,139.8642,정상
Female,33,68.4858,137.6952,정상
Female,19,70.05821,124.648,저체중
Female,29,63.92011,136.3251,정상
Male,27,69.10662,124.9316,저체중
Female,34,68.37383,124.5664,정상
Female,21,67.81685,147.8495,정상
Female,31,68.35014,121.062,저체중
Female,20,66.20868,134.3163,정상
Female,29,69.82296,145.8658,정상
Male,32,69.83591,128.6599,정상
Male,18,70.09777,148.3039,정상
Female,34,65.74923,118.5265,정상
Male,33,67.2496,121.1303,정상
Male,31,67.01302,106.3264,저체중
Female,35,67.86604,142.5205,정상
Female,19,69.51352,143.2796,정상
Female,20,68.79671,119.9716,저체중
Female,26,71.3044,142.1026,정상
Female,25,68.74348,130.4,정상
Male,19,68.21948,129.4293,정상
Male,34,72.8674,128.4835,저체중
Female,21,67.8235,113.0689,저체중
Male,31,65.2038,116.4099,정상
Male,28,64.55504,115.4541,정상
Male,32,68.46274,121.7866,저체중
Female,32,66.08879,114.1458,저체중
Male,25,66.53332,109.2672,저체중
Female,20,66.75524,102.657,저체중
Male,21,68.20629,130.9008,정상
Female,19,69.60968,141.8457,정상
Female,19,65.68272,138.0014,정상
Male,28,66.5195,122.4759,정상
Female,24,63.30338,120.175,정상
Female,19,67.19227,115.3758,저체중
Male,27,64.59287,115.1326,정상
Female,25,67.61165,134.6538,정상
Female,31,69.54174,123.5377,저체중
Female,24,72.4977,133.2865,저체중
Female,23,68.60441,135.2291,정상
Female,19,68.26375,118.0737,저체중
Female,28,66.51715,125.0585,정상
Female,27,66.7498,134.2382,정상
Male,26,68.57715,126.5512,정상
Male,23,68.15554,118.1801,저체중
Male,33,67.67131,116.6818,저체중
Male,33,69.25188,149.0548,정상
Male,22,67.63059,122.7405,정상
Female,28,70.5553,128.8346,저체중
Female,27,66.51049,122.1635,정상
Male,33,70.06291,134.2863,정상
Female,29,68.95425,140.8941,정상
Female,20,67.76337,115.7462,저체중
Female,28,66.16295,122.7829,정상
Male,18,70.23017,148.6758,정상
Male,19,66.85157,128.1767,정상
Female,35,69.98998,135.2626,정상
Female,21,69.57826,129.3778,정상
Female,19,67.82307,113.7661,저체중
Male,23,66.16931,118.1876,정상
Male,19,64.97487,119.7272,정상
Male,22,66.75172,111.0794,저체중
Male,24,67.03147,122.6207,정상
Male,34,70.78522,149.449,정상
Female,18,69.08702,127.2521,정상
Female,21,66.56877,140.5165,정상
Female,27,65.65581,103.6644,저체중
Female,22,69.91828,129.1403,정상
Male,26,68.10072,143.8415,정상
Male,21,65.21574,115.4829,정상
Male,21,65.92987,131.1892,정상
Female,28,66.78368,134.2093,정상
Male,31,66.63773,137.8539,정상
Female,19,70.115,136.2478,정상
Female,25,71.87742,145.386,정상
Female,30,69.37969,143.8422,정상
Female,23,67.09682,120.5931,정상
Male,35,68.90441,122.8529,저체중
Female,28,67.59411,124.496,정상
Male,28,69.73864,107.3653,저체중
Female,30,66.47251,136.4277,정상
Male,29,68.96672,149.0714,정상
Male,35,69.183,137.1885,정상
Male,22,69.12592,137.31,정상
Male,31,67.06716,139.6149,정상
Female,22,66.43504,116.7063,정상
Female,35,68.03354,133.7463,정상
Male,33,70.66473,134.2961,정상
Female,22,66.95512,118.338,정상
Male,28,71.13236,144.4866,정상
Female,22,64.10697,120.6126,정상
Male,29,69.43162,145.1667,정상
Female,20,67.23457,113.2283,저체중
Female,24,70.20178,112.7536,저체중
Male,21,65.73987,123.1815,정상
Male,34,66.55121,121.9317,정상
Female,33,67.72679,119.4187,저체중
Female,31,71.22324,132.9604,저체중
Female,20,64.72674,127.4027,정상
Female,33,67.36195,122.3824,정상
Female,20,68.42406,132.2244,정상
Male,34,69.81064,124.3983,저체중
Female,32,70.14812,111.3963,저체중
Female,33,66.31497,123.1817,정상
Female,18,67.25945,103.6091,저체중
Female,26,66.24777,123.5493,정상
Male,33,67.13633,142.1095,정상
Male,34,68.44022,129.7913,정상
Male,28,72.07034,136.4478,저체중
Female,23,68.48039,120.6969,저체중
Male,35,67.12369,122.3988,정상
Female,27,67.94203,138.1901,정상
Male,34,68.01522,119.8895,저체중
Female,21,67.83753,110.6977,저체중
Female,20,67.08281,131.6536,정상
Female,31,66.13397,125.3077,정상
Female,24,70.17398,138.519,정상
Female,22,73.12686,139.2637,저체중
Female,22,66.29478,132.4121,정상
Female,28,67.48723,128.3885,정상
Male,24,63.84013,127.6618,정상
Male,33,71.23226,137.9139,정상
Male,26,68.93456,131.205,정상
Female,20,65.31508,126.5417,정상
Female,21,72.89094,144.8666,정상
Female,23,66.85445,123.4989,정상
Female,33,67.71429,129.7462,정상
Female,23,66.99515,145.3356,정상
Female,27,62.48643,115.2889,정상
Male,29,68.4545,119.9549,저체중
Male,25,66.18029,112.1502,저체중
Male,22,68.29449,127.8367,정상
Male,22,68.5935,137.6326,정상
Female,33,68.13211,121.9201,저체중
Female,22,70.55532,131.9945,정상
Female,32,71.26895,135.8511,정상
Male,35,70.71689,133.3027,정상
Female,27,68.27433,123.0711,정상
Male,23,65.85545,125.7077,정상
Male,27,67.19789,130.9707,정상
Female,21,69.03473,143.7162,정상
Female,20,70.96078,138.1647,정상
Male,26,68.99354,146.7285,정상
Female,34,66.75706,133.1515,정상
Male,34,67.73694,123.5134,정상
Female,21,68.31951,129.2444,정상
Female,20,66.24969,121.9078,정상
Male,29,68.70678,128.4009,정상
Female,30,68.0356,140.9392,정상
Female,27,68.96343,137.3493,정상
Female,29,67.50309,129.5348,정상
Female,18,65.02611,131.0273,정상
Male,29,70.0671,146.3213,정상
Female,24,65.36984,97.06459,저체중
Female,32,66.73719,119.8514,정상
Male,23,68.25009,124.1159,정상
Female,21,68.91447,144.9636,정상
Female,28,69.42874,117.0746,저체중
Female,31,69.11436,126.7865,정상
Female,18,67.99857,112.9692,저체중
Male,26,70.26098,141.588,정상
Female,34,68.64432,124.0298,정상
Female,23,66.17354,125.5482,정상
Female,34,70.00471,122.1783,저체중
Female,19,66.31189,118.2902,정상
Female,23,65.90206,116.5597,정상
Female,27,68.25885,116.5077,저체중
Female,31,70.75448,147.473,정상
Male,32,67.08351,131.7851,정상
Male,35,67.02122,132.2825,정상
Male,22,70.51041,134.3807,정상
Female,20,67.60778,119.8518,저체중
Female,33,68.83486,136.1642,정상
Male,18,64.254,114.5097,정상
Female,26,71.91722,138.2213,정상
Male,35,67.82529,133.2127,정상
Male,29,66.34443,126.5382,정상
Female,29,69.22459,129.8661,정상
Male,29,65.53683,122.7073,정상
Female,30,66.65738,111.8648,저체중
Male,35,69.74106,128.2887,정상
Female,29,68.77304,120.5732,저체중
Female,19,67.66713,122.1059,정상
Female,26,71.04389,145.6585,정상
Female,18,67.97438,116.155,저체중
Male,30,69.01111,137.4236,정상
Male,21,70.97446,137.894,정상
Female,29,66.09937,114.8329,저체중
Male,24,68.2026,136.3654,정상
Male,22,71.18778,148.7839,정상
Female,26,70.10012,118.7125,저체중
Male,28,67.40562,118.3544,저체중
Male,31,71.0495,152.5436,정상
Male,32,69.10354,128.9651,정상
Female,33,66.99674,124.5497,정상
Male,24,67.55177,118.077,저체중
Female,35,66.04561,100.3573,저체중
Male,24,69.97684,120.8445,저체중
Male,18,69.59421,136.3666,정상
Male,27,69.50004,129.3228,정상
Male,29,66.70728,129.9114,정상
Female,19,67.74378,116.261,저체중
Female,21,69.52156,137.5933,정상
Male,18,68.65583,106.9772,저체중
Male,28,66.58063,118.7891,정상
Female,32,67.31123,127.0282,정상
Female,27,69.21023,135.7681,정상
Male,21,69.76802,127.8121,저체중
Male,29,71.36846,127.9637,저체중
Male,22,64.91466,121.4664,정상
Female,22,65.91717,100.2395,저체중
Male,26,68.79172,115.6267,저체중
Male,34,66.86831,124.0965,정상
Male,32,68.85311,124.2217,저체중
Female,33,64.99322,112.2167,정상
Female,29,70.31634,132.5438,정상
Male,22,65.07995,107.1524,저체중
Female,19,68.55692,119.8364,저체중
Female,26,65.03755,123.5259,정상
Male,28,68.97846,134.4521,정상
Female,34,68.1677,125.5112,정상
Male,21,70.25241,133.5386,정상
Female,18,68.35771,133.3158,정상
Male,25,71.59998,144.3195,정상
Female,19,67.62775,140.8419,정상
Male,25,71.9168,147.5959,정상
Female,22,64.91759,114.7572,정상
Female,20,68.03944,117.7686,저체중
Male,23,68.83719,140.7958,정상
Male,19,68.42447,134.2855,정상
Female,25,67.19277,110.2144,저체중
Female,32,67.95936,107.3158,저체중
Male,26,69.13031,122.8845,저체중
Male,23,66.53698,118.2503,정상
Male,23,69.3362,125.8938,저체중
Male,32,69.66919,127.4892,저체중
Male,18,69.32642,153.3295,정상
Male,27,71.67815,124.592,저체중
Male,22,66.81763,106.8565,저체중
Male,28,67.96098,133.7046,정상
Male,20,70.27599,124.6664,저체중
Male,29,70.83387,132.0587,정상
Male,29,71.95684,138.0874,정상
Male,19,65.53739,130.3727,정상
Male,23,67.20098,118.1746,저체중
Female,33,66.84158,134.8257,정상
Female,33,72.22081,123.7257,저체중
Male,22,68.23933,128.9637,정상
Male,31,69.34904,151.0629,정상
Female,18,67.54027,126.6496,정상
Female,26,66.55953,114.8614,저체중
Female,23,69.42919,133.6709,정상
Male,26,68.77479,137.1665,정상
Male,27,67.11564,139.5681,정상
Male,28,69.7283,127.7704,저체중
Male,35,69.71847,119.206,저체중
Male,22,67.00926,131.5259,정상
Male,24,70.23583,124.1454,저체중
Female,24,68.05243,140.9604,정상
Female,23,66.81973,111.675,저체중
Male,35,64.33826,131.6378,정상
Female,20,69.21901,133.7032,정상
Male,27,70.30269,133.0611,정상
Female,30,67.7681,115.596,저체중
Female,25,68.28813,127.7475,정상
Male,32,70.67229,136.774,정상
Male,19,67.56648,135.1199,정상
Male,34,68.2033,117.4256,저체중
Male,22,70.82652,128.3953,저체중
Male,32,68.76882,124.6462,정상
Male,33,66.21644,140.4212,정상
Male,29,69.94665,129.9599,정상
Male,31,66.82673,116.1417,저체중
Female,23,70.62106,138.8435,정상
Male,22,65.96267,131.9172,정상
Female,35,68.32852,120.174,저체중
Male,23,68.14281,117.9655,저체중
Male,18,67.68342,132.2259,정상
Male,31,62.29058,100.38,저체중
Male,18,66.56289,112.8575,저체중
Female,23,67.53601,127.3499,정상
Male,26,69.9728,128.0357,저체중
Female,28,71.62721,148.2612,정상
Female,19,68.87831,118.697,저체중
Male,19,68.90985,125.1128,정상
Male,23,68.48804,126.9495,정상
Female,33,64.492,116.0879,정상
Female,30,68.05258,130.1563,정상
Male,33,70.97223,128.6877,저체중
Male,21,67.73294,124.8016,정상
Male,28,64.42714,122.3703,정상
Male,26,66.89249,121.6673,정상
Male,25,72.00652,126.211,저체중
Male,28,67.8034,127.3033,정상
Female,21,70.31843,133.3873,정상
Male,26,69.6285,136.3986,정상
Male,25,68.90652,112.0078,저체중
Male,24,71.01122,146.1389,정상
Female,25,69.03379,126.0906,정상
Male,23,64.16792,100.7711,저체중
Female,34,67.46005,132.1034,정상
Male,32,66.31981,142.7429,정상
Male,20,61.4055,119.2652,정상
Female,33,69.07292,123.567,저체중
Female,35,69.04136,129.2791,정상
Female,19,65.63933,130.0454,정상
Male,25,68.98367,146.821,정상
Female,21,67.08789,102.0192,저체중
Female,35,66.9645,122.3346,정상
Male,24,64.88959,113.4712,정상
Male,20,70.18743,134.5754,정상
Female,32,70.24701,136.6864,정상
Female,18,68.65855,127.6595,정상
Female,35,66.65856,112.9117,저체중
Female,34,70.81437,139.8524,정상
Male,29,62.86676,100.8983,저체중
Male,30,70.1981,134.0086,정상
Female,27,67.74387,134.1832,정상
Female,21,67.78774,124.2984,정상
Male,28,66.8155,113.8397,저체중
Female,23,70.47312,126.8411,저체중
Male,24,67.28529,138.4671,정상
Female,23,67.63923,135.8226,정상
Male,19,69.54133,134.1394,정상
Female,20,72.09163,147.1709,정상
Male,33,69.40312,124.7091,저체중
Female,21,66.90419,128.6304,정상
Male,29,64.77967,126.6038,정상
Male,21,67.71305,117.6067,저체중
Male,26,67.98558,131.2976,정상
Male,19,67.39091,130.2718,정상
Male,22,66.59739,123.9308,정상
Male,20,66.03491,111.1245,저체중
Female,20,71.32563,150.9399,정상
Male,27,70.89299,138.5366,정상
Female,26,69.29039,123.6542,저체중
Female,20,72.50612,135.4202,저체중
Female,34,66.39209,131.7184,정상
Female,24,70.22429,148.9964,정상
Male,31,70.61033,129.818,저체중
Male,22,67.43213,113.7404,저체중
Female,25,67.08964,142.8879,정상
Male,20,69.52539,133.248,정상
Male,30,64.80112,123.5309,정상
Female,31,69.50292,131.3393,정상
Male,35,68.89136,138.7052,정상
Female,28,69.82676,121.5695,저체중
Female,26,66.19549,134.9518,정상
Female,35,67.74861,107.9783,저체중
Female,28,66.53997,122.5054,정상
Male,30,67.32858,140.5876,정상
Male,19,65.01159,113.4278,정상
Male,20,68.85847,115.1244,저체중
Male,29,67.21657,126.9035,정상
Female,33,68.82472,122.0827,저체중
Male,19,68.38527,117.6941,저체중
Male,27,67.5943,112.418,저체중
Male,20,67.82269,110.7359,저체중
Male,19,67.83166,134.7077,정상
Male,33,66.31882,124.513,정상
Male,20,66.99476,100.1673,저체중
Female,19,66.87892,122.5671,정상
Male,29,68.38919,139.537,정상
Male,18,66.4759,123.509,정상
Male,31,68.5542,137.4336,정상
Female,35,67.83647,131.4485,정상
Female,27,70.39431,148.3386,정상
Female,24,67.58981,127.5607,정상
Female,35,65.26024,107.7349,저체중
Male,21,66.7406,119.5494,정상
Male,19,68.93702,135.9338,정상
Male,27,66.45697,129.6703,정상
Male,31,67.80572,138.3332,정상
Female,25,65.5528,111.1973,저체중
Female,29,66.09202,109.7177,저체중
Female,34,67.50397,138.7697,정상
Male,19,68.11816,117.8952,저체중
Female,33,67.24076,118.436,저체중
Female,22,66.5412,139.4789,정상
Male,22,71.02195,140.13,정상
Female,32,68.32773,106.9353,저체중
Male,30,69.9594,123.1594,저체중
Male,32,68.32581,130.2541,정상
Male,21,69.1247,127.0935,정상
Female,23,66.52031,141.2168,정상
Male,32,66.54596,106.5251,저체중
Female,19,68.83517,135.2336,정상
Female,18,69.46929,116.2368,저체중
Male,31,63.84823,107.2539,저체중
Male,28,67.369,125.2445,정상
Female,19,66.46618,126.7497,정상
Female,21,68.00188,124.7855,정상
Female,26,66.55544,130.3081,정상
Male,24,67.93518,129.0813,정상
Male,25,71.09441,136.352,정상
Male,20,71.90701,127.3129,저체중
Male,31,66.45996,115.5565,저체중
Female,26,66.28668,122.6641,정상
Male,22,67.60595,121.1687,정상
Male,33,66.90904,123.3812,정상
Male,35,66.93917,138.1009,정상
Female,34,68.73882,142.0686,정상
Female,28,69.22875,140.783,정상
Female,24,67.50325,118.1483,저체중
Female,29,68.374,116.9901,저체중
Male,21,65.04856,134.1878,정상
Female,32,67.64236,128.8601,정상
Male,29,66.68778,127.995,정상
Male,22,68.92306,110.6146,저체중
Male,33,68.29892,147.2812,정상
Female,19,69.50429,124.4182,저체중
Male,30,71.313,154.0956,정상
Male,34,68.43807,138.7187,정상
Male,20,67.13923,118.2185,저체중
Female,24,71.65034,129.9864,저체중
Male,27,65.08982,108.6521,저체중
Male,22,65.9342,121.5126,정상
Female,30,69.09728,131.8032,정상
Female,26,67.26581,122.3023,정상
Male,30,64.38799,117.6848,정상
Male,18,66.66263,123.165,정상
Male,19,69.12113,128.1987,정상
Male,21,68.00116,120.519,저체중
Female,19,66.01521,132.6177,정상
Female,23,69.06381,153.8047,정상
Female,31,65.36307,114.7964,정상
Female,24,68.5666,120.8603,저체중
Female,22,64.96461,110.8094,저체중
Male,32,68.04672,116.8675,저체중
Male,30,68.55896,140.4034,정상
Male,25,68.99092,118.0107,저체중
Female,20,66.53254,116.871,정상
Female,31,65.54329,99.65617,저체중
Female,23,66.37032,123.1376,정상
Female,18,67.35006,131.78,정상
Male,27,67.37973,107.3991,저체중
Female,32,68.37168,125.2837,정상
Female,32,69.43348,140.256,정상
Male,19,68.83415,126.4995,정상
Male,32,68.35128,132.1206,정상
Female,28,69.7299,126.5069,저체중
Male,23,66.76921,116.9988,저체중
Male,31,68.59913,113.4002,저체중
Female,23,66.77606,114.8109,저체중
Female,25,66.92936,108.9786,저체중
Female,26,69.08265,137.5979,정상
Female,29,69.06212,122.6742,저체중
Male,20,66.44597,120.8244,정상
Male,31,70.37422,139.8095,정상
Male,20,64.52265,117.7043,정상
Male,21,67.58351,149.6098,정상
Female,29,70.31109,139.4191,정상
Female,33,70.50002,137.8864,정상
Female,20,66.50098,113.2406,저체중
Female,19,65.35631,117.0282,정상
Female,26,67.80355,129.6957,정상
Female,20,66.06759,137.8167,정상
Female,34,68.51708,125.1696,정상
Female,35,64.11949,112.7134,정상
Female,18,66.96134,122.761,정상
Female,31,67.96643,118.005,저체중
Female,21,67.0344,143.2701,정상
Female,19,70.02335,122.6553,저체중
Male,18,68.2267,139.9412,정상
Female,32,68.92581,110.0091,저체중
Male,31,66.98588,136.5209,정상
Female,19,66.60277,126.6768,정상
Female,33,71.395,133.8678,저체중
Female,26,67.86413,136.4188,정상
Male,25,69.13237,126.8823,정상
Female,35,67.87654,117.7937,저체중
Male,20,68.76083,132.8404,정상
Female,25,67.36789,116.0168,저체중
Male,32,65.16072,135.585,정상
Female,25,70.55072,125.9307,저체중
Male,21,66.4049,121.0867,정상
Female,27,66.83446,136.2764,정상
Male,21,67.26086,120.1009,정상
Female,35,70.00579,133.7637,정상
Male,22,70.13397,138.0896,정상
Female,28,67.04961,127.2923,정상
Female,34,67.13933,116.9931,저체중
Male,32,68.39594,143.1639,정상
Female,30,67.26621,138.2081,정상
Male,22,70.70541,140.5597,정상
Female,19,64.81425,117.1367,정상
Female,34,67.63186,134.8175,정상
Female,26,63.99001,130.4298,정상
Female,21,67.89236,120.5148,저체중
Female,29,65.72178,118.9157,정상
Female,25,67.34324,124.2062,정상
Female,23,71.7701,143.3808,정상
Male,22,65.51898,102.0683,저체중
Male,23,67.25056,120.3717,정상
Female,31,68.26108,134.7602,정상
Female,35,67.88764,133.5285,정상
Male,19,69.86454,151.4865,정상
Female,27,68.69896,125.0424,정상
Female,28,70.16294,133.275,정상
Male,26,64.9089,114.8393,정상
Female,26,69.99566,136.6724,정상
Female,24,66.28872,124.6184,정상
Male,21,71.21582,153.9191,정상
Male,22,67.42305,130.0958,정상
Male,32,68.73146,126.8497,정상
Female,19,67.73615,130.1305,정상
Male,25,68.15963,137.0062,정상
Male,20,69.62686,143.488,정상
Male,32,68.1477,139.4233,정상
Male,18,67.65882,111.2477,저체중
Female,28,64.6576,115.7454,정상
Female,30,71.4186,152.3875,정상
Male,20,66.99874,101.7823,저체중
Male,20,70.37822,138.2295,정상
Female,23,66.51704,144.9564,정상
Female,22,67.18007,126.0652,정상
Female,21,68.03524,129.5533,정상
Male,18,63.49286,100.8383,저체중
Male,32,67.48731,135.685,정상
Male,21,68.98253,130.124,정상
Female,25,68.48716,114.3281,저체중
Male,22,68.43382,119.7082,저체중
Male,35,66.82633,117.9674,정상
Male,30,68.58959,136.604,정상
Female,32,68.21922,126.5181,정상
Male,33,68.79074,139.2679,정상
Male,18,66.59109,132.4449,정상
Male,29,65.72831,129.9469,정상
Female,27,69.45052,105.7793,저체중
Male,23,67.07052,120.3329,정상
Female,33,66.06131,110.5079,저체중
Female,31,64.13507,122.0272,정상
Female,21,65.8497,121.6887,정상
Male,28,68.81954,140.3287,정상
Male,35,68.01948,130.2994,정상
Male,20,66.17253,130.1025,정상
Male,28,69.20803,133.1917,정상
Male,21,69.09409,128.1301,정상
Male,31,69.50502,137.3243,정상
Female,18,69.27992,139.0344,정상
Female,25,69.8233,152.5737,정상
Male,28,69.33597,145.3588,정상
Male,34,69.64967,131.4688,정상
Female,19,68.92694,135.01,정상
Female,24,67.99845,120.3701,저체중
Male,29,66.80329,131.1969,정상
Male,18,64.69195,116.3957,정상
Female,29,69.49096,133.2719,정상
Female,25,68.30048,114.0233,저체중
Female,32,65.80058,110.1396,저체중
Male,32,69.8954,127.7667,저체중
Male,24,68.42628,122.4339,저체중
Female,26,69.50113,130.9145,정상
Female,24,69.29251,143.7263,정상
Male,29,67.7469,140.5105,정상
Female,26,68.04911,117.309,저체중
Female,33,69.58269,128.3045,정상
Male,29,66.98591,132.42,정상
Male,29,70.06189,151.3699,정상
Female,34,67.95494,103.0898,저체중
Male,31,69.72035,135.2409,정상
Male,22,67.76978,125.5754,정상
Male,18,71.50252,134.2854,저체중
Female,25,66.8927,116.1475,저체중
Male,26,69.78987,145.157,정상
Female,18,69.18094,97.38482,저체중
Female,32,69.55195,141.5296,정상
Male,33,66.76773,124.1834,정상
Male,28,70.68901,119.41,저체중
Male,22,67.44662,110.9564,저체중
Male,26,70.43882,152.882,정상
Male,34,69.38655,133.4961,정상
Female,26,67.25475,131.5363,정상
Female,28,70.51274,147.9493,정상
Female,32,68.07194,107.2294,저체중
Female,26,66.82279,123.3618,정상
Female,27,72.79602,119.6208,저체중
Male,32,66.80265,109.7922,저체중
Female,35,68.40038,130.909,정상
Male,24,66.53305,135.1808,정상
Female,32,66.19168,110.6117,저체중
Male,20,70.86937,145.8197,정상
Female,33,67.03655,118.0754,저체중
Female,33,70.32482,136.9369,정상
Male,33,63.52966,111.5511,정상
Male,31,65.38477,125.863,정상
Female,25,67.61447,126.7202,정상
Female,25,69.8557,157.414,정상
Male,21,64.02049,108.3825,정상
Female,26,64.67575,112.1651,정상
Male,27,67.23841,118.3111,저체중
Male,20,65.11543,108.6568,저체중
Male,21,66.20656,119.9807,정상
Female,25,69.70118,126.3537,저체중
Male,31,70.47463,119.7988,저체중
Female,31,68.64678,126.5725,정상
Female,18,67.34344,119.4016,정상
Female,19,65.62668,120.6734,정상
Female,20,66.96462,122.5543,정상
Female,21,68.23983,119.0203,저체중
Female,20,69.3839,126.4594,저체중
Male,29,66.51058,112.3129,저체중
Male,22,66.37135,118.6985,정상
Male,19,71.9533,132.4024,저체중
Female,34,70.8278,136.0832,정상
Male,33,69.65515,129.2316,정상
Male,35,67.97516,137.9614,정상
Female,35,67.6667,131.5778,정상
Female,30,69.76989,141.3806,정상
Male,23,68.36656,134.1194,정상
Male,24,68.80647,118.5526,저체중
Female,35,67.12544,116.3449,저체중
Female,24,68.11498,136.6981,정상
Male,21,67.29381,131.0281,정상
Female,26,70.70649,112.1012,저체중
Male,18,65.08928,131.0829,정상
Male,24,71.1406,127.4022,저체중
Male,25,70.56025,150.4959,정상
Female,18,68.47391,130.8527,정상
Female,34,68.99078,147.5658,정상
Male,27,70.76446,128.8298,저체중
Female,19,69.76717,131.0973,정상
Female,25,65.74663,118.725,정상
Female,29,66.98775,143.9424,정상
Male,34,64.41271,112.5632,정상
Female,28,67.19909,125.5583,정상
Female,26,67.00659,136.9352,정상
Male,25,67.64628,132.7607,정상
Female,35,67.50257,142.7019,정상
Female,18,67.6803,139.2383,정상
Female,21,73.81695,140.0915,저체중
Male,26,64.48825,134.3808,정상
Male,25,64.58578,120.986,정상
Female,31,66.58703,114.208,저체중
Male,19,68.7568,128.8771,정상
Male,18,67.84196,127.669,정상
Female,28,69.0289,129.4355,정상
Male,18,70.24106,122.759,저체중
Male,21,66.48991,126.8856,정상
Male,27,69.47393,132.2408,정상
Male,24,66.15579,132.3362,정상
Male,24,66.50286,137.7408,정상
Male,35,71.5695,148.1165,정상
Female,24,67.4536,119.7771,정상
Male,29,65.97892,122.5452,정상
Male,24,68.36647,147.1068,정상
Female,25,67.64033,142.18,정상
Male,20,68.45333,134.8398,정상
Female,19,67.641,131.9221,정상
Female,25,65.33383,135.0619,정상
Female,30,71.61624,140.3879,정상
Female,33,69.96497,144.7957,정상
Female,31,70.31945,133.4026,정상
Male,18,68.04474,134.0615,정상
Male,34,70.72336,140.8089,정상
Female,23,68.49315,136.7987,정상
Female,18,67.94018,117.5218,저체중
Male,18,66.67637,125.0994,정상
Female,29,66.33467,120.3094,정상
Male,25,68.4344,131.5393,정상
Male,23,66.06591,128.7348,정상
Male,26,68.27948,145.317,정상
Female,21,71.13503,139.9063,정상
Male,27,65.90755,111.1929,저체중
Male,31,66.34423,134.0435,정상
Female,31,65.3504,109.4509,저체중
Male,20,66.77512,125.6017,정상
Male,28,70.15968,125.4635,저체중
Female,26,64.87603,108.8633,저체중
Male,26,66.39882,122.1298,정상
Female,19,70.19458,134.7721,정상
Male,31,65.14868,118.2586,정상
Male,24,69.13566,134.8389,정상
Female,31,68.66753,149.9199,정상
Female,21,68.58656,120.5065,저체중
Female,18,68.54078,131.3163,정상
Male,24,69.04324,120.7318,저체중
Female,21,67.79093,145.3154,정상
Female,33,70.54534,128.9349,저체중
Male,31,67.88231,132.4517,정상
Female,26,66.60399,125.7715,정상
Female,19,65.36397,88.81051,저체중
Female,25,69.68018,138.3541,정상
Male,29,68.57678,127.8418,정상
Female,21,66.22321,127.7406,정상
Male,30,68.5423,117.28,저체중
Male,25,67.7995,133.4251,정상
Female,29,68.63948,140.4405,정상
Female,28,67.95206,131.4384,정상
Male,19,67.73545,111.3263,저체중
Male,31,67.6113,115.9311,저체중
Male,25,70.69283,141.2872,정상
Male,22,68.26736,129.9806,정상
Female,24,65.89008,134.8798,정상
Female,22,73.01042,156.0944,정상
Male,32,67.67587,134.7738,정상
Female,23,66.78503,135.5158,정상
Male,18,68.32888,120.9929,저체중
Male,34,70.73417,133.0843,정상
Male,21,69.43571,128.0102,정상
Female,28,69.95298,111.8821,저체중
Female,24,68.38192,108.5709,저체중
Male,24,66.70985,141.8568,정상
Male,24,70.25069,134.9127,정상
Female,29,67.62069,118.2398,저체중
Male,33,67.58186,123.5611,정상
Male,24,65.98681,110.9755,저체중
Female,33,68.78521,121.7078,저체중
Female,24,68.62075,128.9687,정상
Female,26,67.27841,132.6356,정상
Male,32,65.34695,111.0262,저체중
Male,28,69.76109,143.2576,정상
Female,32,69.89052,125.2298,저체중
Female,21,69.03762,136.3245,정상
Male,21,67.52712,126.3744,정상
Female,34,69.42798,133.2845,정상
Male,29,69.25325,122.813,저체중
Female,26,67.20804,121.3649,정상
Female,29,68.00991,139.8288,정상
Female,18,72.35641,130.8996,저체중
Female,33,65.18365,137.4973,정상
Female,19,67.18597,124.8715,정상
Male,18,67.76811,122.6361,정상
Male,34,69.67532,128.1323,정상
Female,19,68.04481,110.4944,저체중
Male,22,70.36942,130.4623,정상
Male,34,64.41718,124.1877,정상
Female,29,66.85948,140.3651,정상
Male,20,70.20287,132.4583,정상
Female,28,67.02928,129.9706,정상
Female,25,69.26978,144.3226,정상
Male,32,67.42833,118.4512,저체중
Female,29,70.54165,133.0559,정상
Female,24,64.53151,123.7602,정상
Male,29,68.24766,125.6892,정상
Female,20,65.98542,129.7971,정상
Male,22,66.86053,106.1024,저체중
Male,18,66.122,139.3225,정상
Female,30,67.34277,130.4799,정상
Male,28,67.62678,119.9616,저체중
Female,28,67.02834,124.4751,정상
Male,22,67.42969,126.0978,정상
Female,35,66.99899,128.2102,정상
Male,33,69.26638,136.238,정상
Male,19,67.67848,121.8698,정상
Female,29,68.48995,112.3066,저체중
Female,33,69.15514,134.703,정상
Female,29,69.54796,127.4389,정상
Female,29,67.40434,106.6406,저체중
Male,20,66.14023,107.8906,저체중
Female,35,63.61758,117.2843,정상
Female,33,65.16034,110.2457,저체중
Female,30,68.08398,121.0482,저체중
Male,33,67.93785,124.3501,정상
Male,27,67.52815,128.1553,정상
Female,23,68.97399,121.222,저체중
Male,20,63.48592,121.0895,정상
Female,31,66.16304,117.5089,정상
Male,18,64.82835,97.5369,저체중
Male,22,66.42971,119.6172,정상
Female,21,68.43495,118.9727,저체중
Female,30,66.52114,137.8509,정상
Male,33,68.74805,121.5155,저체중
Female,18,65.97323,132.5458,정상
Male,24,67.03314,100.0056,저체중
Male,34,68.58693,141.2024,정상
Male,28,66.32704,126.5394,정상
Male,28,72.83685,155.3977,정상
Female,22,70.3984,134.7797,정상
Male,22,68.05803,125.6942,정상
Female,23,65.14364,115.004,정상
Female,18,69.14854,125.904,정상
Female,22,64.25558,123.25,정상
Male,18,63.75162,117.198,정상
Female,28,72.02677,148.7849,정상
Male,29,65.65417,128.8653,정상
Female,21,67.21431,118.7941,저체중
Male,31,69.10937,123.3988,저체중
Female,24,64.55084,90.03145,저체중
Male,20,69.84948,120.5746,저체중
Male,30,70.64157,126.2191,저체중
Male,32,67.02268,126.7902,정상
Female,24,66.05177,124.9625,정상
Female,22,67.36082,143.185,정상
Female,26,67.63802,129.4889,정상
Male,32,67.75642,131.3101,정상
Female,28,69.01775,139.614,정상
Male,30,66.81603,120.3352,정상
Female,26,68.1264,128.0491,정상
Female,21,69.39699,144.2164,정상
Male,26,68.0198,107.2461,저체중
Male,28,71.13762,140.6199,정상
Female,29,66.92045,110.6346,저체중
Male,28,68.51978,123.7867,정상
Male,35,67.49444,134.2646,정상
Female,18,67.69485,135.7343,정상
Female,29,70.48607,132.574,정상
Female,30,64.47721,101.3696,저체중
Female,19,69.08046,138.2492,정상
Female,34,67.60168,131.9158,정상
Male,30,68.3217,99.18847,저체중
Female,28,68.73792,104.5348,저체중
Male,27,65.82668,108.8067,저체중
Female,30,67.5949,129.1996,정상
Female,31,69.82714,132.2253,정상
Female,33,69.24298,132.0935,정상
Male,33,66.8406,121.3455,정상
Male,24,69.53579,120.1047,저체중
Male,35,66.37498,122.0791,정상
Male,27,66.07098,125.3647,정상
Female,22,64.61507,112.5542,정상
Female,21,68.42049,121.1324,저체중
Male,33,69.56459,115.4338,저체중
Male,26,69.39142,140.7167,정상
Male,20,68.43529,123.0205,저체중
Male,35,67.05497,127.0142,정상
Male,24,67.7922,130.0494,정상
Male,31,71.94893,144.1957,정상
Female,29,69.63726,129.699,정상
Male,32,72.0813,143.083,정상
Female,29,68.45988,117.2453,저체중
Female,22,65.46367,139.3682,정상
Male,35,67.27282,106.0456,저체중
Female,27,68.18818,131.0038,정상
Female,19,67.28198,119.6203,정상
Female,20,63.91125,112.35,정상
Female,35,67.71167,132.679,정상
Male,34,72.1432,139.7611,정상
Male,34,68.25521,135.8145,정상
Male,22,67.53778,133.3183,정상
Male,29,68.60468,121.2002,저체중
Female,23,67.59235,111.6109,저체중
Female,24,65.19918,114.0807,정상
Female,32,62.40921,110.2593,정상
Female,35,70.58047,122.8997,저체중
Female,20,68.8901,134.8572,정상
Male,21,68.74666,119.1949,저체중
Male,22,66.29907,118.4403,정상
Male,34,66.65775,134.1269,정상
Female,18,66.55058,125.0959,정상
Female,30,67.70659,123.8787,정상
Male,18,69.75302,125.8733,저체중
Female,21,67.72124,114.2514,저체중
Male,21,69.36439,135.5384,정상
Male,18,66.44274,115.7687,저체중
Male,32,67.19566,119.574,정상
Female,22,66.4343,114.6366,저체중
Male,25,65.08244,117.4341,정상
Female,20,70.47208,153.8939,정상
Male,32,67.66172,107.8835,저체중
Female,22,67.5012,113.0245,저체중
Male,27,68.91253,131.5965,정상
Male,32,67.64257,131.1377,정상
Female,20,68.50697,139.4594,정상
Female,31,67.21841,133.7691,정상
Male,23,65.88687,113.0185,저체중
Male,34,69.8779,118.3424,저체중
Female,29,70.37038,138.2626,정상
Male,26,68.66927,139.6973,정상
Female,33,68.70197,132.6589,정상
Male,21,69.8006,141.7412,정상
Male,27,70.90949,150.0568,정상
Female,30,65.1748,118.2564,정상
Female,23,66.21658,118.9631,정상
Male,27,69.61605,135.4832,정상
Female,20,69.87508,154.3167,정상
Male,25,65.58734,133.1199,정상
Female,30,66.083,115.4637,정상
Male,25,70.48212,135.9939,정상
Male,24,67.84056,112.9479,저체중
Male,26,68.47217,136.3002,정상
Female,26,66.79221,128.7134,정상
Male,22,68.54694,124.5508,정상
Female,27,64.80177,114.0726,정상
Female,29,66.60203,106.2728,저체중
Female,32,67.21014,121.7322,정상
Male,24,66.73678,114.8589,저체중
Female,33,66.53306,110.7923,저체중
Female,24,68.6929,132.2393,정상
Male,33,68.19062,141.1859,정상
Male,23,63.92606,121.3297,정상
Male,29,69.5829,117.6169,저체중
Female,25,70.98816,140.1896,정상
Male,31,70.76388,141.9068,정상
Male,23,65.02684,126.1456,정상
Female,25,66.90201,128.0042,정상
Female,23,69.23204,130.8349,정상
Male,34,66.09344,143.7256,정상
Male,22,69.49427,138.9172,정상
Female,34,68.05,140.3419,정상
Female,30,67.49402,131.6908,정상
Female,31,68.85025,140.8144,정상
Female,31,68.23896,125.7072,정상
Male,25,68.38393,116.0417,저체중
Female,25,68.95408,113.6366,저체중
Male,29,67.65103,125.5184,정상
Female,18,66.20531,111.8929,저체중
Female,34,68.93726,134.5124,정상
Female,28,67.80014,127.1,정상
Female,24,65.2647,121.8737,정상
Male,29,68.09232,130.421,정상
Male,29,68.65955,115.7811,저체중
Male,27,67.81543,120.4567,저체중
Male,27,65.20035,133.6623,정상
Female,35,65.84472,105.3131,저체중
Male,18,67.38545,141.2867,정상
Female,35,67.92876,124.5046,정상
Male,31,66.27859,120.0427,정상
Female,24,70.74889,121.0602,저체중
Female,31,69.97731,147.2286,정상
Male,19,67.20964,125.5631,정상
Male,24,67.31481,126.7142,정상
Male,21,70.24038,147.5274,정상
Female,27,68.99325,134.3203,정상
Female,33,68.59389,131.2151,정상
Female,24,67.98396,137.5212,정상
Female,22,70.36114,149.4448,정상
Male,28,68.91001,125.7485,정상
Male,22,66.87767,123.1591,정상
Female,28,66.79704,122.6614,정상
Female,27,66.1317,107.0973,저체중
Female,26,72.32421,126.4469,저체중
Female,28,68.51105,130.1897,정상
Male,33,68.79547,128.0733,정상
Male,23,70.50895,147.6337,정상
Female,34,67.21348,124.8905,정상
Male,25,67.40794,140.4072,정상
Female,23,67.35628,135.5266,정상
Female,22,68.38489,129.793,정상
Male,28,71.91894,140.7337,정상
Male,31,68.43062,121.2177,저체중
Male,25,67.77666,139.6088,정상
Male,34,68.99119,117.0843,저체중
Female,22,66.21266,129.6054,정상
Female,33,67.7385,123.8408,정상
Male,32,70.30638,129.3636,저체중
Female,31,68.12954,118.034,저체중
Male,27,69.86354,127.871,저체중
Male,29,68.46795,129.2263,정상
Male,19,70.82723,130.3162,저체중
Male,26,70.53312,125.3443,저체중
Male,20,66.68491,114.5746,저체중
Female,30,67.9728,123.6368,정상
Male,27,67.22708,111.5203,저체중
Male,23,69.68289,135.3127,정상
Male,34,66.59604,126.2811,정상
Male,30,66.10015,128.3855,정상
Female,20,67.86074,110.5005,저체중
Male,27,68.01097,125.1627,정상
Female,34,67.5839,131.7113,정상
Male,29,67.5159,129.2797,정상
Male,23,68.53632,127.2682,정상
Female,33,65.53007,116.1557,정상
Male,21,67.01862,115.6411,저체중
Female,33,71.70261,130.089,저체중
Male,19,67.42779,119.1357,저체중
Male,28,67.40744,138.6263,정상
Male,27,70.61318,132.1391,정상
Female,33,71.40194,133.7259,저체중
Female,35,64.09089,103.413,저체중
Female,28,68.57917,140.5224,정상
Female,26,70.44562,139.2476,정상
Male,34,68.78892,137.1816,정상
Female,21,68.17666,128.6937,정상
Male,34,67.25766,119.6812,정상
Male,20,69.58706,134.283,정상
Male,26,65.62971,117.5826,정상
Male,20,70.16689,149.014,정상
Female,19,66.6029,125.2519,정상
Female,30,66.8357,137.9874,정상
Female,19,67.74481,114.0989,저체중
Female,25,67.01471,105.5528,저체중
Female,27,68.82323,129.1214,정상
Female,28,66.53189,121.6671,정상
Female,19,64.95852,125.6806,정상
Female,35,66.39552,106.5133,저체중
Female,24,69.15387,145.4679,정상
Female,18,67.3919,137.8311,정상
Female,21,66.46185,108.3132,저체중
Female,28,66.04052,117.8311,정상
Female,32,70.38614,137.0213,정상
Male,26,65.65727,94.93893,저체중
Female,18,67.33538,121.7877,정상
Male,30,69.28239,127.8304,정상
Male,34,70.2126,136.728,정상
Female,21,64.3484,113.3811,정상
Female,25,69.31893,139.7068,정상
Male,23,71.18364,137.8162,정상
Female,24,66.69679,104.8015,저체중
Female,33,69.94556,129.3583,정상
Female,31,66.51505,138.6321,정상
Female,29,64.14991,116.5963,정상
Female,22,69.92795,124.8835,저체중
Male,22,66.73025,137.4516,정상
Male,20,68.51984,140.2377,정상
Male,30,67.32388,136.2189,정상
Female,21,64.05124,104.3901,저체중
Female,32,68.15534,119.4984,저체중
Female,28,67.71709,118.2663,저체중
Male,19,66.70415,130.1457,정상
Female,30,67.41672,129.0666,정상
Male,26,68.76344,132.7511,정상
Female,22,67.84973,117.4982,저체중
Female,35,67.26853,130.8403,정상
Female,19,68.45943,125.5251,정상
Female,29,67.22402,115.863,저체중
Female,31,66.8748,128.8302,정상
Female,30,66.74881,109.3304,저체중
Male,31,69.44453,125.8588,저체중
Female,35,65.4609,107.2491,저체중
Female,34,68.67207,125.2769,정상
Male,18,69.85604,129.2856,정상
Male,30,69.12214,122.2752,저체중
Male,34,69.21372,130.3915,정상
Male,32,67.02625,132.8653,정상
Female,18,67.69648,130.4108,정상
Male,23,70.06564,154.3757,정상
Female,30,69.36177,137.7144,정상
Female,31,69.0855,123.928,저체중
Female,25,68.21874,127.1621,정상
Male,28,68.60997,126.3357,정상
Female,23,66.55127,114.9381,저체중
Female,18,68.71959,118.2746,저체중
Male,20,68.58571,122.5043,저체중
Male,18,69.08825,120.3915,저체중
Female,29,66.85375,98.47908,저체중
Female,20,68.56317,131.2951,정상
Male,25,66.72783,116.8011,저체중
Male,35,66.73504,131.919,정상
Male,25,68.65369,118.3939,저체중
Male,27,66.11318,120.0249,정상
Female,27,66.7098,126.7391,정상
Male,33,67.44065,152.5009,정상
Female,35,69.25731,120.6596,저체중
Male,31,68.75465,130.2,정상
Male,26,70.94505,138.8221,정상
Female,20,67.77684,136.6213,정상
Male,27,66.24745,105.4542,저체중
Female,23,62.64956,130.3208,정상
Female,28,67.42044,129.5017,정상
Male,29,64.44748,112.1223,정상
Male,20,67.88848,107.7735,저체중
Male,29,70.5403,142.2364,정상
Male,34,70.31573,130.1736,정상
Female,26,67.8145,133.648,정상
Female,19,64.61064,106.9745,저체중
Female,34,68.75828,127.1369,정상
Female,22,70.67508,141.6155,정상
Male,27,64.79201,123.8881,정상
Female,33,67.22238,124.7274,정상
Male,35,66.7514,133.492,정상
Male,27,69.90536,140.1252,정상
Male,23,71.96265,135.2445,저체중
Male,29,65.42972,129.5831,정상
Female,24,66.60135,120.7322,정상
Female,19,66.4318,133.7433,정상
Male,31,66.34089,104.3528,저체중
Female,25,69.96979,140.0099,정상
Female,34,71.64134,120.8264,저체중
Male,25,66.24195,115.9752,정상
Male,26,68.69749,117.0558,저체중
Female,33,67.15067,129.4873,정상
Male,28,71.9673,133.6015,저체중
Male,28,68.5542,126.6594,정상
Female,30,67.05171,122.6178,정상
Female,18,67.50469,132.9071,정상
Male,18,68.78436,125.2964,정상
Female,25,67.07846,114.7138,저체중
Male,32,65.46411,131.4842,정상
Female,21,69.49787,123.4755,저체중
Male,21,64.67323,120.1682,정상
Male,18,69.32483,134.088,정상
Female,24,64.39847,121.9653,정상
Female,28,67.9694,103.3546,저체중
Male,32,68.17004,112.4828,저체중
Male,23,66.87249,105.3961,저체중
Male,22,67.30874,135.062,정상
Female,19,68.26251,132.1296,정상
Female,33,65.36754,127.2412,정상
Male,20,68.94823,125.0147,저체중
Male,23,67.50617,113.585,저체중
Female,23,64.29247,120.1023,정상
Female,19,65.5634,129.7442,정상
Female,22,68.65306,128.7635,정상
Male,34,67.66637,104.2348,저체중
Female,23,66.46271,125.962,정상
Male,26,69.61949,138.3373,정상
Male,28,70.151,144.0366,정상
Male,24,68.00747,137.1058,정상
Female,25,68.85235,130.6387,정상
Female,19,70.34804,124.7815,저체중
Female,26,65.0196,134.4502,정상
Female,31,67.58782,132.8462,정상
Female,19,67.96341,135.425,정상
Female,28,64.23356,124.1334,정상
Female,27,71.82677,143.9272,정상
Male,18,68.40776,124.9954,정상
Female,33,72.92705,155.452,정상
Female,24,68.2634,124.8133,정상
Male,35,71.32032,128.3211,저체중
Female,27,69.04566,142.9052,정상
Female,20,65.18871,115.9,정상
Male,34,66.94576,121.9962,정상
Female,33,69.21635,136.23,정상
Male,28,65.53434,120.8577,정상
Female,23,64.91416,107.684,저체중
Female,21,66.40921,104.361,저체중
Male,20,66.51021,130.011,정상
Male,26,68.98924,127.6238,정상
Female,24,70.39002,142.0184,정상
Female,18,67.27302,134.5354,정상
Female,29,68.27392,124.1453,정상
Male,24,66.13665,125.066,정상
Female,27,69.8415,138.2726,정상
Male,28,69.24298,125.4025,저체중
Male,19,69.49259,107.8487,저체중
Male,28,68.01659,138.7248,정상
Female,34,67.14071,126.4965,정상
Female,20,67.32799,122.5994,정상
Female,29,67.22067,117.1647,저체중
Female,32,67.2075,122.9325,정상
Female,34,71.22072,133.3385,저체중
Male,28,62.61388,127.7046,정상
Female,24,66.05642,112.4733,저체중
Male,21,68.6259,111.0985,저체중
Male,19,66.42125,128.5118,정상
Male,23,67.66226,122.9677,정상
Female,27,67.87257,125.7629,정상
Male,21,69.43314,142.9565,정상
Female,26,66.91873,108.1239,저체중
Female,28,67.0773,131.3885,정상
Male,29,66.38627,123.3667,정상
Female,21,66.88154,118.5143,정상
Male,19,70.13999,135.2062,정상
Male,32,65.0467,129.3282,정상
Male,20,67.94255,147.0635,정상
Female,35,65.69521,126.7902,정상
Female,19,65.69631,123.84,정상
Female,23,68.06505,118.6554,저체중
Male,23,65.57689,127.0804,정상
Male,35,69.51367,137.4305,정상
Female,25,68.01036,132.4546,정상
Female,35,65.97185,113.2777,저체중
Female,30,68.50408,117.6372,저체중
Female,18,68.6578,125.8654,정상
Male,22,64.90631,128.857,정상
Male,23,66.86878,121.5519,정상
Female,25,67.45601,101.7983,저체중
Male,34,70.57507,136.4959,정상
Female,24,65.50493,113.2549,정상
Female,31,68.03809,139.6333,정상
Male,25,70.44638,132.7411,정상
Male,31,66.83931,111.3947,저체중
Female,30,66.38356,102.0057,저체중
Male,34,68.33698,124.0644,정상
Female,31,69.41356,137.8685,정상
Female,33,67.82728,134.7202,정상
Male,31,69.1966,139.0328,정상
Male,31,66.58126,118.1128,정상
Female,27,65.86804,132.2918,정상
Female,18,67.92387,127.8828,정상
Male,18,67.65969,114.3964,저체중
Male,32,69.00849,135.8661,정상
Female,21,68.02905,110.9974,저체중
Male,32,67.90776,113.0832,저체중
Male,35,67.89813,102.687,저체중
Female,29,70.78714,159.3967,정상
Male,23,66.32968,129.7132,정상
Female,35,71.20406,141.4122,정상
Male,23,67.87705,129.9013,정상
Female,29,65.94546,116.2096,정상
Female,31,69.87679,126.6121,저체중
Male,19,65.79065,114.8391,정상
Male,31,70.22362,130.9476,정상
Male,21,68.85931,117.224,저체중
Female,25,67.99466,128.0368,정상
Female,27,67.08757,129.2199,정상
Male,30,68.85889,124.9153,정상
Male,26,66.06887,119.7681,정상
Female,23,70.41331,137.758,정상
Male,33,68.26431,124.0211,정상
Female,20,70.00963,125.9789,저체중
Male,31,65.69038,125.507,정상
Female,35,70.94803,118.2146,저체중
Male,28,70.40454,152.6344,정상
Female,19,67.93137,124.0016,정상
Male,35,67.24148,130.8507,정상
Male,31,67.43967,132.5789,정상
Female,29,67.97769,137.5606,정상
Male,31,69.69329,134.532,정상
Male,30,68.88,120.9022,저체중
Female,19,66.22857,117.7639,정상
Male,18,64.74463,113.2767,정상
Female,21,71.14304,147.1355,정상
Female,22,65.97479,113.5152,저체중
Female,20,69.43298,159.7844,정상
Female,31,65.39464,125.1913,정상
Male,31,68.47642,127.5662,정상
Female,27,67.68893,125.6505,정상
Male,25,69.77827,118.6649,저체중
Female,27,73.85521,136.0667,저체중
Female,21,68.65677,122.8314,저체중
Male,29,68.88401,133.0347,정상
Female,21,66.74014,136.451,정상
Female,18,68.04482,126.3811,정상
Male,33,64.85449,114.2042,정상
Male,25,67.03991,120.3379,정상
Male,18,65.56486,119.8795,정상
Female,21,68.13322,134.1961,정상
Male,27,65.6523,125.6206,정상
Male,29,72.22353,138.8165,정상
Female,30,67.93045,126.3497,정상
Male,19,70.43116,135.7442,정상
Male,28,68.08474,138.0519,정상
Female,26,69.8667,126.1461,저체중
Male,25,68.70872,120.9616,저체중
Male,20,68.58329,139.8337,정상
Female,28,66.67676,122.2411,정상
Female,33,69.96239,129.7149,정상
Male,32,66.29991,137.1631,정상
Female,18,65.76482,104.5086,저체중
Female,27,69.11191,135.7377,정상
Male,27,66.87869,111.5493,저체중
Male,18,67.36932,147.7067,정상
Male,30,69.93728,150.4786,정상
Male,19,69.81301,133.0872,정상
Male,31,66.56086,140.7383,정상
Male,27,70.95923,130.441,저체중
Male,28,69.19946,127.5606,정상
Female,33,70.28687,133.9221,정상
Male,27,69.97118,145.462,정상
Male,26,69.9306,133.8265,정상
Female,28,67.23945,126.2885,정상
Female,30,67.2735,117.1077,저체중
Female,28,66.48165,128.5263,정상
Male,27,68.44572,120.2431,저체중
Male,27,66.89716,114.7654,저체중
Female,28,65.29685,132.424,정상
Male,24,69.06524,132.1972,정상
Female,29,68.02311,135.255,정상
Female,30,70.02667,113.9045,저체중
Male,22,65.82948,117.297,정상
Male,29,70.21039,150.618,정상
Female,31,68.55081,143.2179,정상
Male,33,66.17612,132.1823,정상
Male,30,67.36138,134.9196,정상
Female,35,69.98058,122.1659,저체중
Female,31,65.49847,122.904,정상
Female,19,67.22664,108.7074,저체중
Male,30,67.28114,132.6449,정상
Female,30,66.27424,121.0436,정상
Male,30,67.20346,117.715,저체중
Female,28,69.96933,133.341,정상
Male,27,70.33173,138.2921,정상
Male,18,67.60168,130.4579,정상
Male,19,70.12592,117.4415,저체중
Female,19,65.79449,107.1855,저체중
Female,31,67.9113,128.3023,정상
Male,22,66.60677,114.237,저체중
Female,19,66.36069,116.3676,정상
Female,32,69.37216,124.5841,저체중
Female,21,69.08983,131.53,정상
Female,19,68.03826,137.6548,정상
Male,28,66.72346,127.1615,정상
Male,35,65.5982,110.4732,저체중
Female,30,66.56595,125.4882,정상
Male,30,68.54091,124.8483,정상
Male,27,71.80497,136.4508,정상
Female,33,69.41584,123.6033,저체중
Female,19,67.91457,126.7841,정상
Female,33,66.63057,141.1367,정상
Female,33,70.00844,127.3606,저체중
Female,25,67.21345,134.9724,정상
Female,27,69.9974,135.8397,정상
Female,31,70.44321,142.7681,정상
Female,28,69.99219,126.5143,저체중
Female,22,71.11277,131.7103,저체중
Female,20,68.42954,126.6811,정상
Male,26,71.73402,122.6931,저체중
Male,24,68.25089,134.2315,정상
Male,34,72.13361,120.9306,저체중
Female,35,69.0911,132.2909,정상
Female,19,66.02501,132.287,정상
Female,26,65.3813,126.1785,정상
Female,26,67.27872,118.2022,저체중
Male,21,68.98874,126.4329,정상
Male,21,68.9963,120.3791,저체중
Female,32,66.75512,103.6353,저체중
Female,21,66.09072,112.3691,저체중
Male,26,68.70395,119.6693,저체중
Male,34,64.72417,106.3895,저체중
Male,27,69.53108,120.2067,저체중
Male,24,71.32029,156.5971,정상
Female,32,69.25388,132.4808,정상
Female,18,70.01373,132.0505,정상
Female,27,72.0594,148.9722,정상
Male,29,68.49943,128.9143,정상
Male,23,67.20711,109.9494,저체중
Male,35,67.4277,121.8319,정상
Female,35,67.38905,136.4146,정상
Male,23,68.81456,154.4947,정상
Male,29,65.56306,116.8189,정상
Male,34,68.86564,123.4374,저체중
Female,26,67.63208,128.5252,정상
Female,25,63.64527,114.5546,정상
Female,31,69.12102,142.8329,정상
Male,21,70.19208,124.5284,저체중
Male,30,68.62725,109.5514,저체중
Male,33,68.58176,137.4034,정상
Male,32,66.78338,119.4607,정상
Male,28,67.68417,122.7447,정상
Female,18,68.79943,143.4836,정상
Female,30,66.72578,116.2868,저체중
Male,21,67.68983,120.3912,저체중
Female,25,67.24673,117.8198,저체중
Female,25,70.80139,131.9536,정상
Female,18,69.81422,128.8624,정상
Male,27,67.41926,118.315,저체중
Male,27,68.10832,140.7132,정상
Male,19,69.52176,138.7414,정상
Male,35,66.44673,123.6693,정상
Female,18,66.50938,104.0396,저체중
Female,26,68.27624,122.9904,정상
Female,28,67.51054,131.6367,정상
Male,34,68.2331,122.1745,저체중
Male,28,69.20004,128.2344,정상
Female,27,68.22569,135.757,정상
Female,18,69.67618,116.2938,저체중
Female,31,69.15372,134.0076,정상
Female,29,67.44681,127.5092,정상
Female,29,71.4192,145.7932,정상
Male,32,66.01984,141.9976,정상
Female,22,67.5773,127.9425,정상
Female,33,64.49893,140.2004,정상
Female,21,70.19674,126.914,저체중
Female,29,67.51149,123.7364,정상
Female,29,66.75836,119.0958,정상
Male,34,66.36645,132.4222,정상
Female,23,65.96947,126.7739,정상
Male,25,67.47588,138.5358,정상
Male,21,65.8521,115.0837,정상
Male,27,67.1238,122.7868,정상
Female,25,69.1103,138.6654,정상
Female,21,64.77536,113.5556,정상
Female,31,68.77562,126.086,정상
Male,22,69.56475,128.952,정상
Male,24,66.86676,137.0564,정상
Female,19,67.45183,142.6514,정상
Male,24,66.7056,127.0386,정상
Male,29,69.45967,130.8347,정상
Male,29,67.83848,120.0967,저체중
Male,26,67.65053,137.3509,정상
Female,20,69.02638,135.0166,정상
Female,20,68.05329,125.4398,정상
Male,30,65.0137,113.7752,정상
Female,32,67.74935,128.7894,정상
Female,26,67.3018,110.3175,저체중
Female,30,69.57329,169.1268,정상
Female,26,66.46916,127.2647,정상
Male,27,67.37618,121.7823,정상
Male,29,66.03128,123.2914,정상
Male,25,67.88652,126.5258,정상
Female,22,66.60311,124.1856,정상
Female,34,67.72857,119.5459,저체중
Female,35,66.20895,125.1912,정상
Male,21,69.24463,126.2716,정상
Female,27,68.69724,110.894,저체중
Male,21,66.70205,120.3019,정상
Female,19,71.16914,135.0369,정상
Male,34,65.43614,152.6168,과체중
Female,34,67.25401,130.5463,정상
Female,30,68.05015,123.7466,정상
Female,32,70.48365,134.9316,정상
Female,20,69.03379,129.6641,정상
Male,29,65.4187,118.1433,정상
Female,35,68.94762,136.9932,정상
Female,34,68.75178,107.7319,저체중
Female,20,69.54295,135.5159,정상
Female,25,66.34532,123.7345,정상
Male,27,69.9271,146.4336,정상
Male,26,66.65813,127.9335,정상
Female,30,68.55262,123.4302,저체중
Female,32,65.96412,122.5101,정상
Male,32,69.48892,119.1983,저체중
Male,28,66.3432,137.1607,정상
Male,27,68.28599,123.3591,정상
Female,21,68.39674,126.1915,정상
Female,27,65.75868,111.5519,저체중
Male,35,68.36155,133.9494,정상
Male,31,69.21078,134.4253,정상
Female,18,67.22096,114.8024,저체중
Male,25,68.65998,124.7691,정상
Male,24,68.44603,110.3778,저체중
Male,28,70.35705,125.9397,저체중
Male,18,71.52468,137.9496,정상
Female,31,67.94061,141.0108,정상
Female,28,70.04339,127.3467,저체중
Male,24,64.54078,130.1828,정상
Male,28,66.18181,127.6085,정상
Male,25,68.11241,124.1533,정상
Female,30,69.5091,151.7634,정상
Male,26,71.46618,135.5982,정상
Female,27,67.79009,131.2158,정상
Female,28,64.8491,121.2608,정상
Female,32,66.50511,137.4995,정상
Male,24,70.0677,144.6209,정상
Male,28,69.80295,116.8405,저체중
Male,24,70.14185,131.8359,정상
Female,31,67.22436,133.605,정상
Male,34,71.97836,138.1052,정상
Female,33,69.32003,136.5839,정상
Male,35,67.41409,123.8328,정상
Male,24,68.08026,131.0779,정상
Male,27,68.13257,136.8494,정상
Male,32,70.37547,130.5691,정상
Male,21,70.31686,132.9542,정상
Female,21,65.5543,121.2351,정상
Male,30,64.65127,118.3996,정상
Male,20,69.73363,122.1652,저체중
Male,26,67.69405,121.728,정상
Male,34,70.20483,118.4049,저체중
Male,21,64.46691,120.621,정상
Male,26,69.64553,134.4838,정상
Female,33,69.29407,131.2404,정상
Male,23,68.98608,121.228,저체중
Female,28,67.32147,110.6602,저체중
Female,26,69.65674,134.4204,정상
Male,33,69.91295,148.5606,정상
Male,26,70.938,129.7384,저체중
Female,21,68.91523,109.4881,저체중
Female,25,68.55359,131.1947,정상
Male,35,66.76524,121.931,정상
Male,28,70.89744,138.8549,정상
Male,18,73.09657,134.9595,저체중
Male,29,69.22647,145.0718,정상
Female,22,63.65093,116.5654,정상
Male,31,66.46411,129.734,정상
Male,32,68.35474,123.7944,정상
Male,35,67.57134,124.2097,정상
Female,29,66.83183,135.5006,정상
Female,22,69.62922,143.0166,정상
Female,24,68.05903,126.0365,정상
Female,23,67.54296,134.5517,정상
Female,34,69.303,116.7611,저체중
Male,18,67.38937,128.9351,정상
Female,22,71.45669,134.6404,정상
Female,22,68.49029,128.3649,정상
Male,23,65.84126,125.7087,정상
Male,19,69.25123,133.4489,정상
Female,34,64.51431,103.0865,저체중
Male,35,67.82414,127.065,정상
Male,25,65.84897,118.2251,정상
Male,30,70.67116,122.6757,저체중
Male,30,67.11351,124.6458,정상
Male,18,67.59487,138.5996,정상
Male,26,66.33295,116.4343,정상
Female,21,69.89298,140.0236,정상
Female,27,66.38557,142.4689,정상
Female,35,67.1027,125.1139,정상
Male,29,66.43884,113.1903,저체중
Female,23,66.12177,120.4629,정상
Male,35,67.00531,133.6411,정상
Male,22,64.16307,101.9669,저체중
Female,32,67.32597,135.9051,정상
Female,21,66.94272,121.8755,정상
Female,28,69.08751,142.7891,정상
Male,24,70.44232,132.9498,정상
Female,25,67.9102,125.3998,정상
Male,31,66.51569,119.5183,정상
Male,23,67.3862,128.4407,정상
Female,23,68.10423,120.9619,저체중
Female,24,67.51842,110.0212,저체중
Male,31,68.2832,108.7627,저체중
Female,27,67.79292,128.0636,정상
Female,30,68.30939,121.2109,저체중
Female,32,66.19976,113.9021,저체중
Female,27,65.84849,142.3934,정상
Male,26,68.82083,135.0981,정상
Male,22,68.96333,135.9867,정상
Female,35,69.04066,133.625,정상
Male,31,64.90924,123.5221,정상
Female,21,64.53827,121.1495,정상
Male,29,71.75047,139.379,정상
Female,30,66.93045,132.2175,정상
Male,33,65.54236,129.4864,정상
Female,25,64.84131,91.8085,저체중
Male,24,66.98431,130.0474,정상
Female,27,66.14261,118.8111,정상
Male,20,70.81757,145.2176,정상
Male,24,68.91444,152.0833,정상
Female,31,66.66634,100.2743,저체중
Female,21,70.48203,137.6556,정상
Female,29,69.91213,135.5083,정상
Male,32,66.64902,118.6405,정상
Female,21,69.01354,145.8844,정상
Female,23,66.26097,115.3104,저체중
Male,28,68.89543,119.3074,저체중
Female,35,71.22325,132.1547,저체중
Female,31,68.68597,124.6849,정상
Female,19,69.89911,135.1557,정상
Female,29,68.69947,116.0361,저체중
Female,21,69.8535,136.027,정상
Male,34,63.44123,112.1713,정상
Male,31,64.11532,133.1515,정상
Female,21,71.75025,132.088,저체중
Male,21,66.19729,135.4905,정상
Female,21,65.72997,126.827,정상
Female,20,72.16986,137.5684,정상
Male,20,66.48739,127.293,정상
Male,30,69.31215,124.2118,저체중
Male,27,68.02947,119.5556,저체중
Male,20,65.97774,91.25752,저체중
Male,27,71.29851,142.5115,정상
Female,28,71.5143,127.7847,저체중
Female,35,68.60076,128.8566,정상
Male,26,68.18368,135.9276,정상
Female,27,69.8811,151.879,정상
Female,30,67.93999,132.0277,정상
Male,31,69.80319,123.1697,저체중
Female,19,65.19641,117.6912,정상
Male,28,67.8403,127.0545,정상
Female,19,68.50897,137.9252,정상
Female,32,65.14879,115.1881,정상
Female,26,66.95341,120.6277,정상
Male,34,68.25949,136.41,정상
Female,30,68.03615,149.0647,정상
Female,25,64.54579,111.3072,정상
Female,18,71.52318,127.8014,저체중
Male,25,69.57994,137.7495,정상
Female,33,66.84427,129.9887,정상
Female,31,68.5828,123.3208,저체중
Male,26,69.51119,146.7832,정상
Male,27,67.49702,135.4823,정상
Female,34,67.20475,129.0149,정상
Female,29,67.66461,136.768,정상
Female,26,70.03691,122.5324,저체중
Female,22,68.89205,118.0131,저체중
Female,31,68.85894,135.317,정상
Male,21,68.40447,143.2456,정상
Male,32,69.51754,137.8977,정상
Female,21,69.63896,135.0191,정상
Male,23,68.27563,135.026,정상
Male,26,65.59198,122.9795,정상
Female,18,64.35791,120.4781,정상
Female,25,67.63682,135.534,정상
Female,22,69.47515,137.0927,정상
Male,23,68.93408,133.3871,정상
Male,20,65.98502,133.4505,정상
Female,24,67.65672,124.4906,정상
Male,34,68.79529,144.5481,정상
Female,31,66.82439,133.8378,정상
Male,19,68.7321,109.9033,저체중
Female,21,66.33945,122.7443,정상
Male,26,67.47277,99.0744,저체중
Female,29,67.72698,134.7996,정상
Male,19,65.20132,116.8893,정상
Female,31,71.49103,135.6049,정상
Female,34,65.24026,113.6473,정상
Female,30,69.99307,139.7899,정상
Male,20,65.18268,121.4679,정상
Male,27,70.06241,134.3005,정상
Female,30,68.61652,125.2,정상
Female,29,68.15831,124.9999,정상
Female,23,63.48187,117.5449,정상
Male,32,71.29462,142.6142,정상
Male,22,70.11496,143.9751,정상
Female,34,68.83929,141.5128,정상
Female,20,70.15775,113.8639,저체중
Male,34,69.59681,133.7791,정상
Female,19,65.83263,122.5777,정상
Female,23,71.32785,135.4846,정상
Female,34,68.20864,143.309,정상
Male,32,71.87288,134.3715,저체중
Female,22,69.35277,128.963,정상
Male,27,67.94055,142.3413,정상
Male,21,69.71919,138.7374,정상
Male,24,64.67334,113.3238,정상
Female,31,65.33432,118.6681,정상
Male,22,67.46316,144.152,정상
Male,22,71.08038,155.0439,정상
Male,26,66.66043,135.3184,정상
Female,34,67.7645,109.9437,저체중
Male,28,67.23122,124.4395,정상
Male,18,67.43133,134.417,정상
Female,35,69.74968,130.7336,정상
Male,25,68.14016,128.6113,정상
Male,28,68.9402,133.3423,정상
Male,29,69.35342,136.4262,정상
Male,32,69.8643,140.5089,정상
Male,30,69.31822,136.0998,정상
Male,28,65.9301,105.284,저체중
Female,31,68.42378,127.227,정상
Male,22,65.94139,120.6136,정상
Female,18,68.18063,115.003,저체중
Male,22,70.25983,129.9544,정상
Male,23,66.05596,104.3081,저체중
Male,18,67.73703,131.4725,정상
Male,35,65.29545,126.3612,정상
Female,22,68.16479,121.2363,저체중
Female,32,68.95501,140.2805,정상
Male,35,68.19061,129.2682,정상
Male,34,69.5707,126.2858,저체중
Female,25,70.02356,137.4431,정상
Male,34,69.14845,117.2798,저체중
Female,29,70.24309,121.0725,저체중
Female,29,70.66018,142.7478,정상
Female,35,67.45148,125.9385,정상
Female,30,65.03584,114.225,정상
Male,20,70.45839,133.1533,정상
Male,18,67.11299,120.7303,정상
Male,32,68.24423,137.3349,정상
Male,28,66.7588,105.3169,저체중
Female,35,68.7307,116.3236,저체중
Female,30,63.45132,118.147,정상
Male,33,69.32305,133.6457,정상
Female,31,69.07258,123.9537,저체중
Male,28,70.51044,143.4905,정상
Female,28,67.29369,117.9183,저체중
Female,29,69.33952,142.08,정상
Female,24,67.33993,136.4499,정상
Female,23,66.34535,120.6503,정상
Female,31,64.39297,125.5261,정상
Female,29,66.67639,113.1137,저체중
Male,27,72.36601,134.7475,저체중
Female,18,68.24893,111.0142,저체중
Male,25,65.53245,122.3297,정상
Male,32,67.60693,130.4762,정상
Male,30,68.68598,124.5562,정상
Female,20,68.61117,129.6617,정상
Female,33,70.92173,141.8458,정상
Female,34,69.31458,123.953,저체중
Male,21,68.56604,130.441,정상
Male,25,68.63936,127.0952,정상
Female,34,66.36369,136.0598,정상
Female,33,68.99555,114.0398,저체중
Male,19,67.46519,122.2341,정상
Male,27,67.80467,123.7772,정상
Male,35,71.52782,116.7279,저체중
Female,20,72.49367,154.5031,정상
Male,20,66.60755,123.1233,정상
Female,18,71.07038,138.9521,정상
Male,23,66.33447,150.3119,정상
Male,19,71.17232,129.6463,저체중
Male,26,69.03651,138.4825,정상
Female,30,69.34919,137.7115,정상
Female,23,68.05366,126.4259,정상
Female,29,71.4948,132.8622,저체중
Female,28,69.06112,115.3726,저체중
Male,22,68.23732,110.6226,저체중
Male,35,67.93276,120.392,저체중
Female,35,68.55485,130.1554,정상
Female,30,67.5741,125.7973,정상
Female,28,66.36239,117.4231,정상
Male,23,70.76127,133.7229,정상
Male,21,67.10716,131.2588,정상
Female,27,64.5143,127.8143,정상
Female,18,67.47838,120.9216,정상
Female,34,67.23335,141.0636,정상
Male,23,67.99254,144.1656,정상
Female,19,67.458,121.6819,정상
Male,24,66.80866,121.3264,정상
Male,32,66.09963,124.8608,정상
Male,22,66.12053,124.1474,정상
Female,29,64.70924,130.2642,정상
Male,29,69.01541,119.7938,저체중
Male,22,67.46277,137.7862,정상
Female,25,71.60898,137.8791,정상
Female,27,69.08877,130.997,정상
Male,27,67.81669,115.8327,저체중
Female,25,70.74181,128.5074,저체중
Female,35,64.4356,119.3601,정상
Male,24,70.81481,139.7362,정상
Female,28,64.90712,129.5891,정상
Female,20,68.30316,126.8148,정상
Male,26,68.41201,132.9198,정상
Female,18,66.35212,99.69835,저체중
Female,34,67.27049,124.5827,정상
Female,29,66.63726,120.3137,정상
Female,25,65.00921,84.26295,저체중
Female,35,67.69319,124.4028,정상
Male,27,70.26676,128.8174,저체중
Male,28,66.19211,121.0948,정상
Male,25,65.62693,126.6962,정상
Male,27,71.58993,135.744,정상
Male,35,68.54869,108.706,저체중
Male,20,68.52266,122.0975,저체중
Male,28,66.21562,109.3178,저체중
Male,18,65.71102,113.8038,정상
Male,33,72.23909,159.4608,정상
Male,24,66.533,139.0226,정상
Male,32,67.42805,125.9181,정상
Male,21,64.33729,123.4824,정상
Female,34,68.29721,140.0057,정상
Male,19,69.15487,128.4365,정상
Female,25,69.50939,132.4955,정상
Male,31,65.75398,112.9736,저체중
Male,20,67.22359,155.7617,정상
Female,20,66.0023,116.0386,정상
Male,24,67.83406,115.5906,저체중
Female,34,71.42677,138.3516,정상
Female,34,68.93168,112.8601,저체중
Female,26,68.26056,133.5413,정상
Male,21,65.24947,112.2883,정상
Male,18,66.60071,137.7297,정상
Male,18,69.48187,122.6836,저체중
Male,30,66.24301,108.3135,저체중
Female,33,65.05662,139.3953,정상
Female,19,69.89977,119.9003,저체중
Female,26,69.30058,149.1915,정상
Male,23,72.0775,127.4068,저체중
Female,18,65.99698,118.3092,정상
Female,34,68.87245,135.0451,정상
Male,27,68.64611,120.4317,저체중
Female,28,67.65677,131.041,정상
Male,33,69.15197,128.0926,정상
Female,30,70.05894,141.614,정상
Female,32,71.40809,135.1406,정상
Male,27,69.03498,147.5304,정상
Female,23,66.53406,104.5216,저체중
Male,18,67.71834,124.1642,정상
Male,22,67.63519,130.3102,정상
Female,25,66.43601,120.5525,정상
Female,19,68.15413,117.8028,저체중
Female,31,68.81782,124.0657,저체중
Male,27,70.69194,140.2734,정상
Female,18,66.05342,124.0408,정상
Male,27,72.41769,143.68,정상
Female,31,66.93146,117.7358,저체중
Female,28,65.53734,118.2815,정상
Female,30,67.54175,127.8454,정상
Female,20,67.76318,136.177,정상
Male,18,66.14528,113.1378,저체중
Female,19,66.70349,117.5526,정상
Male,26,65.09221,133.8826,정상
Male,30,68.49307,131.2102,정상
Male,27,65.16644,94.21964,저체중
Female,26,67.50707,127.7961,정상
Male,24,65.76724,100.2388,저체중
Male,22,67.14094,124.5368,정상
Female,22,67.34801,139.8293,정상
Female,35,68.64599,129.0105,정상
Male,30,69.94177,125.379,저체중
Male,30,67.30477,123.9033,정상
Female,18,68.78142,147.1507,정상
Male,25,66.12327,113.5479,저체중
Female,19,66.30368,117.2405,정상
Male,35,69.18567,128.0275,정상
Female,21,66.90853,118.8067,정상
Female,30,68.70313,124.6767,정상
Female,18,71.08677,148.1246,정상
Male,26,65.52597,122.9936,정상
Female,23,66.20537,116.068,정상
Male,29,66.6718,107.6202,저체중
Male,35,68.72702,137.0353,정상
Female,28,66.7039,120.6447,정상
Female,20,64.89628,118.8854,정상
Male,29,68.21209,129.5464,정상
Male,18,70.50017,134.0139,정상
Male,19,66.65252,127.2599,정상
Female,25,68.51303,135.6923,정상
Male,26,68.45497,142.98,정상
Female,20,68.61334,110.3751,저체중
Female,30,67.78067,116.6516,저체중
Female,29,68.61734,130.0152,정상
Male,24,70.42853,142.6604,정상
Male,23,65.45001,108.0995,저체중
Male,33,70.69777,119.4805,저체중
Male,23,67.28034,111.5318,저체중
Female,28,66.4768,129.6186,정상
Female,28,65.08921,125.0064,정상
Female,25,66.56312,119.046,정상
Male,23,65.84797,129.5537,정상
Male,18,69.45763,133.2109,정상
Female,29,70.28788,144.2612,정상
Female,33,65.38017,131.5842,정상
Male,32,66.49187,90.16983,저체중
Male,19,67.43263,135.136,정상
Female,24,68.81347,125.0421,정상
Female,19,62.92771,95.73883,저체중
Female,26,69.3757,135.4546,정상
Female,25,64.73432,112.0029,정상
Male,24,68.97699,143.0838,정상
Female,25,69.37021,133.1309,정상
Female,33,65.63449,110.4167,저체중
Female,20,68.33529,129.8376,정상
Male,22,65.0522,122.3385,정상
Female,23,68.70485,122.1685,저체중
Female,20,66.64719,150.0087,정상
Female,18,67.91847,135.8583,정상
Female,25,64.00018,128.5779,정상
Male,33,68.90973,127.6864,정상
Male,23,67.83403,116.6157,저체중
Female,33,72.14918,161.6214,정상
Male,29,65.93135,119.386,정상
Male,34,66.35334,121.8461,정상
Female,20,68.14895,130.6059,정상
Male,32,65.85562,124.2612,정상
Female,22,65.85908,126.2855,정상
Female,18,67.61041,111.3166,저체중
Female,25,67.74703,131.1387,정상
Male,20,67.43873,118.814,저체중
Female,22,68.20254,130.0191,정상
Male,19,67.42837,127.2159,정상
Male,32,69.06903,140.8074,정상
Male,21,67.77306,138.4305,정상
Female,19,67.11898,129.8077,정상
Female,21,69.69668,141.0015,정상
Male,27,62.6775,102.6498,저체중
Male,29,67.26069,130.2661,정상
Female,25,70.02024,140.0166,정상
Female,27,67.30077,134.2776,정상
Male,20,69.78242,144.6739,정상
Male,26,68.96031,123.3616,저체중
Female,34,68.86806,129.4534,정상
Female,32,67.56025,110.1402,저체중
Female,21,65.08546,130.6182,정상
Male,33,67.17754,117.2168,저체중
Male,25,69.77675,125.558,저체중
Female,32,69.57213,137.4401,정상
Female,21,69.81071,132.9983,정상
Female,31,69.44528,112.1204,저체중
Female,33,69.4941,140.3979,정상
Male,28,67.71518,133.3581,정상
Male,28,71.37261,123.5644,저체중
Male,34,67.94484,111.4393,저체중
Male,19,71.28888,134.7116,정상
Male,23,68.26826,128.6627,정상
Male,29,68.89648,127.3814,정상
Female,19,67.72198,123.9987,정상
Female,22,69.5539,126.974,저체중
Male,26,65.2832,130.2877,정상
Female,22,65.05616,118.9465,정상
Male,21,69.57506,125.9928,저체중
Male,34,73.95409,145.2695,정상
Male,35,64.67156,131.8694,정상
Male,20,67.41711,135.8198,정상
Female,20,72.83837,143.4551,정상
Female,29,66.35943,147.1762,정상
Male,18,70.21614,134.6977,정상
Female,25,67.76837,135.6669,정상
Female,26,68.21712,123.9896,정상
Female,18,70.10091,140.0683,정상
Male,30,67.59479,118.0146,저체중
Male,28,70.12489,132.4516,정상
Male,25,64.55975,128.829,정상
Male,31,69.18894,142.5893,정상
Female,34,64.18631,108.3347,저체중
Female,33,67.82633,139.2589,정상
Male,27,67.78211,112.3772,저체중
Male,33,68.12769,115.3454,저체중
Female,34,66.9149,122.5675,정상
Female,24,69.55254,107.2211,저체중
Male,18,67.09352,114.081,저체중
Female,27,71.3619,124.5166,저체중
Male,28,71.16679,137.383,정상
Female,19,69.36125,133.1983,정상
Female,35,65.62974,116.7798,정상
Female,35,67.50367,153.339,정상
Male,27,71.06365,136.3467,정상
Male,34,66.49246,117.7597,정상
Female,33,69.98023,135.4338,정상
Male,31,66.36915,120.7832,정상
Female,22,65.72799,129.9118,정상
Male,28,67.22453,138.4072,정상
Male,26,69.6795,128.9191,정상
Male,20,66.91326,111.703,저체중
Male,23,68.26178,128.2739,정상
Female,33,64.98478,119.1325,정상
Female,22,68.0698,104.76,저체중
Female,19,68.61422,136.6399,정상
Male,35,66.30294,132.3913,정상
Female,33,68.38352,142.0639,정상
Male,34,65.93684,130.2864,정상
Female,25,69.26443,144.1251,정상
Female,20,69.85744,132.3308,정상
Female,32,67.08825,127.413,정상
Female,24,63.19953,106.8324,정상
Male,33,72.94152,125.7713,저체중
Male,30,70.37958,151.8206,정상
Male,34,66.63283,118.6562,정상
Female,35,72.50855,141.1954,정상
Male,28,71.36999,125.1979,저체중
Male,32,68.75583,138.7086,정상
Female,20,69.62903,120.2989,저체중
Female,23,68.16407,117.9536,저체중
Male,30,66.83708,122.0631,정상
Female,27,70.18194,156.4056,정상
Female,20,67.86367,114.9246,저체중
Female,24,71.10272,130.4239,저체중
Male,25,73.58262,141.6525,저체중
Female,25,68.32952,134.7504,정상
Male,32,66.44661,121.6314,정상
Female,28,67.18734,118.6352,저체중
Female,33,67.49287,122.4953,정상
Female,25,66.38595,119.4673,정상
Male,33,67.25681,121.2471,정상
Female,24,69.31111,136.4983,정상
Male,19,68.14806,117.3852,저체중
Female,27,68.12645,115.4428,저체중
Female,34,66.38526,135.9818,정상
Female,19,67.65899,127.3092,정상
Male,30,69.58252,114.6022,저체중
Male,31,67.4652,125.8834,정상
Male,28,66.54185,121.2715,정상
Female,25,67.20255,143.0669,정상
Female,34,67.9341,106.4818,저체중
Female,33,64.97055,113.4885,정상
Male,34,69.56655,133.0219,정상
Male,30,70.30948,141.6156,정상
Male,34,69.61829,138.6939,정상
Male,26,65.59094,104.0323,저체중
Female,29,67.8259,119.8473,저체중
Female,22,68.03804,119.9125,저체중
Male,30,68.19362,125.7243,정상
Female,34,68.25109,115.4595,저체중
Female,21,68.43965,121.7398,저체중
Male,29,66.34605,150.4439,정상
Male,28,68.58532,138.1689,정상
Male,26,68.55442,141.2293,정상
Female,21,71.03808,129.7799,저체중
Female,25,64.47771,122.9159,정상
Female,32,64.58247,122.8109,정상
Male,30,70.13052,117.7137,저체중
Male,28,64.90601,125.232,정상
Male,24,68.99646,124.495,저체중
Female,18,67.61832,115.7638,저체중
Male,19,69.63195,140.8429,정상
Female,33,66.05471,111.8194,저체중
Female,33,71.32499,127.1661,저체중
Male,20,67.85806,138.4063,정상
Male,24,69.45941,135.9299,정상
Male,27,66.64834,127.7205,정상
Female,33,64.97782,110.4212,저체중
Male,21,67.87711,122.438,정상
Female,19,72.31294,136.5598,저체중
Female,23,67.14057,134.0436,정상
Female,31,64.43728,114.5911,정상
Male,22,66.67002,117.9921,정상
Male,30,68.59476,128.0073,정상
Female,34,71.47766,129.924,저체중
Male,23,68.63009,125.5075,정상
Male,25,67.6305,120.5523,정상
Female,23,70.06317,126.4208,저체중
Female,22,67.44197,123.631,정상
Female,27,68.03318,115.4171,저체중
Male,24,67.4692,129.6403,정상
Female,24,68.92912,110.1478,저체중
Female,24,67.31979,115.8672,저체중
Male,33,68.047,133.8044,정상
Male,34,67.90838,136.5008,정상
Female,30,69.6925,124.0748,저체중
Female,33,68.62706,130.6542,정상
Female,29,68.84882,148.3087,정상
Female,23,66.59651,123.5118,정상
Female,19,68.15322,133.3485,정상
Female,20,68.66291,110.1892,저체중
Female,32,69.21557,124.0764,저체중
Female,31,67.36,129.7241,정상
Female,29,68.07738,104.7027,저체중
Female,18,66.52751,134.1397,정상
Male,26,70.42237,136.6591,정상
Male,18,67.07823,132.8673,정상
Female,28,66.43387,126.4911,정상
Female,30,67.98753,114.7128,저체중
Female,28,71.27188,158.4771,정상
Male,28,68.04701,123.3098,정상
Male,24,72.61099,142.6713,정상
Female,30,64.68513,115.842,정상
Female,20,68.43352,97.83008,저체중
Female,24,67.27211,125.707,정상
Male,24,68.75891,138.2249,정상
Female,29,68.49528,116.3683,저체중
Female,22,69.2542,151.8387,정상
Female,20,68.77305,127.9952,정상
Male,24,65.17589,111.4943,저체중
Female,21,68.21604,119.0602,저체중
Female,21,67.30043,120.3285,정상
Male,25,67.86067,115.128,저체중
Male,25,66.00059,120.3097,정상
Male,21,66.6625,120.4223,정상
Female,22,67.60112,129.1886,정상
Male,18,69.01782,125.8767,정상
Male,18,65.7622,111.3564,저체중
Female,29,66.63706,127.3243,정상
Male,25,68.11546,130.3186,정상
Male,27,66.70442,127.4867,정상
Male,34,70.22831,144.6741,정상
Male,32,66.28448,126.7203,정상
Male,35,71.60477,141.1438,정상
Female,30,68.82431,135.5828,정상
Male,31,69.98686,138.3058,정상
Female,21,68.30179,129.9339,정상
Female,31,66.6512,119.0595,정상
Male,23,63.50812,129.557,정상
Female,23,69.5967,136.7802,정상
Female,30,64.89411,124.4031,정상
Male,35,67.67866,129.976,정상
Female,27,66.70638,116.4489,저체중
Male,23,67.10993,102.8583,저체중
Male,31,69.90802,140.878,정상
Female,25,67.71135,122.7092,정상
Male,33,67.5598,119.3298,저체중
Male,21,64.20492,103.6839,저체중
Female,20,71.00101,135.5008,정상
Male,32,68.81199,109.4734,저체중
Female,33,67.94764,108.1062,저체중
Female,32,68.21642,131.4376,정상
Male,19,66.17682,125.3836,정상
Male,35,68.69922,144.3117,정상
Female,30,68.70501,109.3633,저체중
Male,22,69.61334,125.4205,저체중
Male,27,69.75186,122.5754,저체중
Male,30,71.46053,148.6212,정상
Female,28,69.36257,111.1764,저체중
Female,19,67.40368,109.3832,저체중
Male,32,69.81058,119.4349,저체중
Female,31,70.47149,140.3522,정상
Female,33,66.7402,143.1496,정상
Male,34,63.91222,105.8021,저체중
Male,34,67.8694,136.8885,정상
Male,22,66.84936,116.9535,저체중
Male,35,66.07377,115.9419,정상
Male,25,68.48646,133.3074,정상
Male,25,71.77202,141.7503,정상
Female,29,67.55856,137.7559,정상
Male,22,66.28302,134.3729,정상
Male,25,68.43875,119.3438,저체중
Female,26,67.07508,115.6909,저체중
Male,35,70.60636,122.1442,저체중
Female,18,68.8942,135.3984,정상
Male,32,69.88244,134.3577,정상
Male,32,68.93627,138.0941,정상
Female,33,65.14713,117.9849,정상
Female,33,68.68398,136.8724,정상
Male,30,67.56665,117.9312,저체중
Male,21,68.73881,145.8697,정상
Female,18,68.96333,119.0578,저체중
Female,35,68.5465,121.7189,저체중
Male,33,67.85396,121.6697,정상
Female,34,64.96046,127.6795,정상
Female,31,68.58674,129.2295,정상
Male,31,67.92544,110.8076,저체중
Female,23,69.3629,118.6172,저체중
Female,25,70.90905,146.5188,정상
Male,28,69.28772,132.6966,정상
Male,28,69.06553,119.9738,저체중
Female,21,66.60716,109.856,저체중
Male,31,69.19515,118.2264,저체중
Female,26,69.42865,128.6528,정상
Female,20,70.09399,127.3597,저체중
Male,21,64.50077,103.3027,저체중
Female,31,65.72099,115.9257,정상
Male,33,66.05702,112.889,저체중
Female,23,62.40403,118.5959,정상
Male,20,72.90965,148.6113,정상
Female,26,66.22193,131.9039,정상
Male,28,65.97161,129.6126,정상
Male,24,67.82515,122.1707,정상
Male,28,71.16689,152.1123,정상
Female,23,65.46284,101.8952,저체중
Male,25,68.92267,144.0831,정상
Female,20,68.57821,137.295,정상
Male,22,68.53972,141.0431,정상
Male,25,66.17685,131.7326,정상
Male,23,70.90225,143.3108,정상
Male,35,69.42553,114.8461,저체중
Male,30,67.5235,107.4208,저체중
Male,20,67.09865,110.2544,저체중
Female,20,66.84169,121.8217,정상
Female,19,67.80772,126.529,정상
Female,26,67.14173,121.3218,정상
Female,22,70.57017,137.4274,정상
Female,31,65.05533,125.8786,정상
Male,35,70.03645,139.6533,정상
Female,25,66.21546,118.4718,정상
Female,26,63.142,127.3112,정상
Female,30,64.01004,105.3351,저체중
Male,32,69.0029,124.9629,저체중
Female,32,65.635,105.3681,저체중
Male,22,68.59588,121.1566,저체중
Female,28,68.8021,142.3453,정상
Female,30,69.03779,122.1038,저체중
Male,27,67.04484,116.5428,저체중
Female,34,66.03639,117.0908,정상
Male,25,69.62664,127.3049,저체중
Male,35,67.3924,113.4762,저체중
Male,31,71.00376,134.5287,정상
Female,19,67.93633,114.9908,저체중
Female,24,68.63648,129.2673,정상
Male,19,68.62805,126.3473,정상
Female,19,67.83335,142.6824,정상
Female,35,67.39028,122.0253,정상
Male,19,68.46455,114.5964,저체중
Female,34,70.16762,123.31,저체중
Male,30,68.79997,144.323,정상
Male,31,68.04005,117.5716,저체중
Female,33,68.0575,144.1516,정상
Male,28,69.66688,128.3014,정상
Male,24,67.88892,138.9831,정상
Female,21,69.43039,128.4548,정상
Male,30,68.70589,151.2938,정상
Female,20,66.73086,116.8306,저체중
Male,21,69.36545,128.6177,정상
Male,22,68.02714,145.0769,정상
Male,35,65.88695,111.8354,저체중
Female,20,68.57752,146.3214,정상
Male,27,67.04267,116.0189,저체중
Female,30,69.64171,135.2526,정상
Female,34,69.28691,124.1958,저체중
Female,23,68.2993,122.8095,정상
Male,27,66.59117,112.9433,저체중
Male,25,66.00152,119.4182,정상
Female,34,69.62369,135.4419,정상
Male,22,70.40944,160.9728,정상
Male,28,68.23792,132.3743,정상
Male,31,71.33673,144.0178,정상
Female,22,68.26044,128.1884,정상
Female,23,65.19386,118.5785,정상
Male,35,64.97013,128.0257,정상
Female,23,65.48129,117.1136,정상
Male,25,70.81532,136.8483,정상
Male,27,69.65288,132.9662,정상
Female,34,70.7431,124.3004,저체중
Female,26,66.577,132.3608,정상
Female,26,68.31897,108.4509,저체중
Male,31,69.58153,136.53,정상
Male,22,70.24671,121.6743,저체중
Male,34,69.53121,126.6608,저체중
Male,24,71.23578,121.6717,저체중
Female,22,66.48996,115.6813,저체중
Male,27,67.1513,130.6168,정상
Male,25,69.49518,131.1111,정상
Male,22,65.40644,123.0377,정상
Female,26,68.65428,134.1447,정상
Male,32,65.08665,120.4446,정상
Female,27,70.78233,122.2947,저체중
Female,22,62.42388,113.2646,정상
Male,33,66.71211,116.8734,저체중
Male,25,69.29174,117.5564,저체중
Female,22,63.91813,114.1919,정상
Female,20,65.76518,117.0031,정상
Female,20,70.68956,135.662,정상
Female,25,69.1483,139.0431,정상
Female,22,71.15854,131.258,저체중
Male,26,66.39543,116.2256,정상
Male,34,69.95913,132.8145,정상
Male,22,68.85974,134.8338,정상
Male,24,70.30886,134.2011,정상
Female,27,66.47109,113.7779,저체중
Female,33,67.99054,138.8971,정상
Male,18,67.72173,136.0789,정상
Female,25,67.42949,135.9047,정상
Male,30,65.98761,110.2969,저체중
Female,18,68.0763,117.3088,저체중
Female,28,67.58576,113.3246,저체중
Female,25,67.71976,97.61996,저체중
Male,19,65.7482,99.90975,저체중
Male,26,69.3897,133.682,정상
Male,22,66.36935,129.6092,정상
Male,27,69.79204,140.811,정상
Female,20,67.75389,126.4157,정상
Male,34,70.21143,131.9105,정상
Female,25,68.67792,122.0728,저체중
Male,32,71.14142,130.5105,저체중
Female,27,66.40101,130.5867,정상
Male,34,67.0502,143.097,정상
Female,28,66.77997,117.1269,저체중
Male,22,64.5675,100.9,저체중
Male,31,66.79296,116.9012,저체중
Female,32,69.70535,119.1882,저체중
Male,21,67.51715,133.8952,정상
Male,21,66.77383,112.0133,저체중
Male,24,69.09905,132.1341,정상
Female,27,67.74778,117.103,저체중
Male,24,67.68924,111.3426,저체중
Female,28,65.58171,115.5257,정상
Male,31,69.80522,139.7323,정상
Male,20,67.47119,141.2489,정상
Female,21,65.65515,131.7992,정상
Male,24,67.37904,112.7464,저체중
Male,30,69.71522,125.2627,저체중
Female,24,68.11911,114.1017,저체중
Male,26,68.59547,117.342,저체중
Male,31,66.91329,119.7384,정상
Female,32,72.74978,139.9267,정상
Male,18,67.06735,124.2893,정상
Female,23,71.35418,132.9339,저체중
Male,28,67.5378,129.0482,정상
Female,33,68.37558,125.9097,정상
Female,24,74.2727,144.66,저체중
Female,25,68.70571,132.7107,정상
Male,24,67.62161,132.7596,정상
Male,25,68.57034,125.0608,정상
Female,18,67.58944,131.7524,정상
Male,20,64.2441,112.828,정상
Male,21,72.21166,122.8259,저체중
Male,32,68.45109,112.7446,저체중
Male,29,65.7402,117.7157,정상
Female,32,67.53807,118.2423,저체중
Male,23,69.22881,125.0318,저체중
Female,31,69.15576,131.5739,정상
Female,22,67.69635,125.4574,정상
Male,34,68.38781,120.6513,저체중
Male,23,71.73727,140.9432,정상
Male,27,66.9098,127.8661,정상
Male,27,70.38323,152.929,정상
Male,26,69.616,135.0082,정상
Male,19,65.52145,113.0211,정상
Female,33,69.55694,136.8874,정상
Male,30,65.82438,121.7984,정상
Male,23,69.7416,135.4599,정상
Female,25,67.47711,115.5446,저체중
Female,22,68.09913,124.585,정상
Male,22,68.20718,122.9659,정상
Female,26,68.15528,129.7591,정상
Male,35,67.63533,121.6332,정상
Female,27,70.15607,144.7042,정상
Female,23,64.91503,114.1893,정상
Male,24,69.0054,119.5523,저체중
Male,23,68.26633,126.4766,정상
Male,21,68.81612,140.2813,정상
Female,18,67.72767,134.104,정상
Male,18,66.56438,132.7397,정상
Female,35,68.46206,133.381,정상
Male,24,69.6475,146.482,정상
Male,20,62.35553,102.9535,정상
Male,31,67.59977,125.9471,정상
Female,19,67.51383,129.5542,정상
Male,18,66.45122,108.2905,저체중
Male,18,70.00417,140.7597,정상
Male,26,65.68838,119.2997,정상
Female,25,67.84561,142.0715,정상
Male,18,70.29979,138.4229,정상
Female,27,67.12263,136.7691,정상
Female,22,70.32632,127.1832,저체중
Female,28,67.38624,143.2195,정상
Male,20,67.12831,130.1144,정상
Male,24,69.37649,135.3031,정상
Male,33,68.40369,144.1206,정상
Female,19,65.88697,128.0762,정상
Male,20,66.24954,102.3152,저체중
Male,24,66.20872,121.6419,정상
Female,35,65.47065,120.9183,정상
Female,30,70.80619,130.7321,저체중
Female,29,69.68347,120.7878,저체중
Male,33,68.57948,111.95,저체중
Female,33,66.70391,125.3796,정상
Male,23,66.30788,114.9262,저체중
Female,31,69.067,129.1566,정상
Male,26,65.69589,125.6365,정상
Male,23,67.3335,128.6592,정상
Female,25,67.26527,115.5412,저체중
Male,24,65.87646,136.2664,정상
Male,32,68.78703,133.1355,정상
Male,27,68.46685,133.7184,정상
Female,19,68.17238,123.3582,정상
Male,27,68.00351,129.994,정상
Female,23,66.43891,119.1959,정상
Female,33,63.11944,114.2425,정상
Male,27,66.48446,134.239,정상
Female,20,66.55759,108.1273,저체중
Male,20,68.58831,141.7279,정상
Female,27,65.54854,128.616,정상
Female,31,71.75568,121.5435,저체중
Male,31,70.01805,131.2352,정상
Male,35,69.30459,129.3077,정상
Female,21,64.5266,109.4324,저체중
Female,23,67.82493,110.6918,저체중
Female,30,69.30746,129.188,정상
Male,29,67.17495,123.1006,정상
Female,35,67.19047,111.219,저체중
Male,19,65.90544,115.406,정상
Female,20,67.25979,131.1541,정상
Female,33,66.3908,118.4527,정상
Female,20,67.37297,113.7344,저체중
Female,29,70.31688,134.466,정상
Female,18,66.97896,103.6181,저체중
Male,28,71.16515,136.0685,정상
Male,18,66.52982,123.7617,정상
Male,29,70.51065,135.3067,정상
Female,31,66.86786,123.6055,정상
Male,20,66.87611,93.44279,저체중
Female,30,69.98701,124.1901,저체중
Male,30,66.47468,119.4661,정상
Female,24,68.24878,143.1334,정상
Female,20,64.20728,115.7541,정상
Male,24,66.79236,122.1444,정상
Male,18,67.78383,115.3515,저체중
Male,19,67.66018,131.4295,정상
Female,25,67.83249,114.4112,저체중
Female,31,68.97089,128.8479,정상
Female,34,68.67746,130.8949,정상
Male,25,65.63126,139.7057,정상
Male,23,69.17205,132.7823,정상
Male,30,66.06605,118.503,정상
Female,25,67.93043,132.0073,정상
Female,29,68.33555,137.7148,정상
Female,32,69.22538,145.6323,정상
Male,19,69.05205,140.8625,정상
Female,33,71.78468,148.0053,정상
Male,32,68.63056,140.2105,정상
Female,25,67.25523,112.3407,저체중
Male,28,70.44291,124,저체중
Male,19,69.02526,107.2311,저체중
Male,35,68.81653,108.159,저체중
Male,32,69.4793,123.016,저체중
Female,21,65.28886,114.7259,정상
Male,26,70.23626,141.6617,정상
Female,28,68.90008,143.8243,정상
Female,31,65.76153,132.5244,정상
Female,20,64.57852,104.3304,저체중
Female,33,67.14474,123.891,정상
Male,26,65.21882,105.491,저체중
Male,18,67.25521,126.629,정상
Female,26,67.25235,137.5721,정상
Male,26,65.77614,132.6912,정상
Female,26,62.6827,96.03438,저체중
Male,18,70.0801,137.082,정상
Male,20,69.05895,144.3368,정상
Male,34,69.86644,122.0803,저체중
Male,18,67.76916,131.7569,정상
Female,30,68.01168,125.3418,정상
Female,22,66.68649,137.3589,정상
Female,28,65.92248,118.8738,정상
Female,35,65.33207,108.8749,저체중
Female,31,67.42605,121.8715,정상
Female,21,69.36554,128.6365,정상
Female,18,67.40751,138.2898,정상
Male,24,66.57351,140.3651,정상
Male,24,67.17337,121.0826,정상
Female,23,68.99306,154.9503,정상
Male,20,64.54104,122.436,정상
Male,32,67.54151,117.6445,저체중
Male,21,68.58505,127.7326,정상
Female,31,71.98814,137.2838,정상
Female,22,67.65459,154.9403,정상
Male,33,67.6661,130.5926,정상
Female,27,66.14316,134.4043,정상
Female,33,66.40155,140.8314,정상
Male,32,67.07434,137.5925,정상
Male,32,68.20422,135.581,정상
Female,32,70.48362,139.2976,정상
Female,32,68.67658,134.969,정상
Female,19,67.74427,124.1332,정상
Female,28,69.67541,132.6086,정상
Female,28,68.39295,142.5965,정상
Male,31,63.70222,109.7699,정상
Male,23,66.64859,108.9945,저체중
Male,22,67.90407,124.9492,정상
Female,23,66.5197,111.722,저체중
Male,32,66.54521,133.7914,정상
Male,18,71.96799,144.5037,정상
Male,20,67.20094,147.7364,정상
Female,24,68.71458,118.739,저체중
Male,32,63.79579,113.0481,정상
Male,23,66.9737,122.7246,정상
Female,33,69.76872,127.523,저체중
Female,21,67.94033,126.2715,정상
Female,23,69.44812,126.0498,저체중
Male,24,68.05029,120.1885,저체중
Male,30,68.01797,133.8531,정상
Male,32,64.38451,120.9878,정상
Male,21,65.25758,104.4308,저체중
Female,22,70.47138,138.5686,정상
Male,23,68.16951,136.5314,정상
Male,27,65.04024,117.8342,정상
Male,35,66.39263,137.6273,정상
Female,23,67.60452,139.128,정상
Female,21,67.84567,128.5574,정상
Male,34,68.50322,129.6116,정상
Female,26,69.52893,132.6006,정상
Male,33,68.12778,112.1998,저체중
Female,25,67.38512,128.4802,정상
Male,33,65.6983,108.4186,저체중
Female,26,68.53813,124.2629,정상
Male,19,67.344,115.9541,저체중
Male,21,70.01961,138.2804,정상
Female,21,67.40743,130.7949,정상
Female,22,70.17944,141.0758,정상
Male,25,66.51343,128.4216,정상
Male,20,67.26656,125.9014,정상
Male,33,66.31374,111.5275,저체중
Female,26,68.44896,123.68,정상
Female,24,69.27778,129.0046,정상
Female,20,64.42384,129.7849,정상
Female,18,66.70168,130.5984,정상
Male,27,69.24707,115.7079,저체중
Male,30,66.28284,114.6304,저체중
Male,21,69.63326,124.6271,저체중
Female,27,71.70174,132.1551,저체중
Male,24,66.93376,131.3089,정상
Female,19,67.21461,138.1399,정상
Male,28,67.3223,118.8846,저체중
Female,22,68.78724,120.7674,저체중
Male,19,70.04804,142.6447,정상
Male,21,67.87706,143.2935,정상
Female,29,67.02932,125.1984,정상
Female,23,69.64922,154.6918,정상
Female,33,71.22213,122.1485,저체중
Female,24,69.66832,127.8876,정상
Male,33,67.96253,127.4414,정상
Female,25,67.00064,113.6904,저체중
Female,19,70.48193,129.2246,저체중
Male,28,68.55545,125.4016,정상
Male,32,68.7117,149.996,정상
Male,25,67.31232,129.0666,정상
Female,23,70.2357,130.3049,정상
Female,22,69.62229,134.6101,정상
Female,35,66.48154,137.9908,정상
Female,30,67.07917,133.1644,정상
Male,35,69.67002,140.8713,정상
Male,28,69.14091,141.8583,정상
Female,26,67.16885,121.6772,정상
Male,18,68.66029,123.5929,저체중
Male,26,70.01551,129.615,정상
Male,20,65.91776,121.563,정상
Female,26,68.37937,131.1613,정상
Female,18,72.03353,116.3468,저체중
Male,29,67.4263,143.0452,정상
Male,21,66.83514,104.2224,저체중
Male,32,70.8882,133.5063,정상
Female,22,71.09886,134.4454,정상
Male,33,68.28929,130.8796,정상
Female,32,67.42232,124.5761,정상
Female,31,68.77046,110.9432,저체중
Male,32,66.44097,107.1578,저체중
Female,35,66.90499,120.1547,정상
Female,27,67.74564,134.8147,정상
Female,23,69.8243,128.6697,정상
Male,31,68.53948,137.0614,정상
Female,32,67.01536,123.0206,정상
Male,21,68.72506,124.6451,정상
Female,20,68.35119,133.4171,정상
Female,22,67.19257,129.0612,정상
Male,35,69.5455,133.8347,정상
Female,28,68.59743,132.2555,정상
Male,19,67.24215,119.4882,정상
Male,31,66.65525,129.5077,정상
Female,23,64.90589,136.4502,정상
Male,25,69.23991,127.3088,정상
Male,30,68.56348,111.6024,저체중
Male,26,66.34211,114.1735,저체중
Male,20,70.38965,111.2858,저체중
Male,24,69.41526,138.7516,정상
Female,23,69.27737,111.6005,저체중
Female,24,68.38301,134.017,정상
Male,27,67.157,124.2264,정상
Female,34,68.20503,113.3739,저체중
Female,27,68.72586,131.5592,정상
Female,27,66.96037,125.1157,정상
Male,21,66.66717,124.2017,정상
Male,31,70.07603,139.5844,정상
Female,35,70.51629,136.3324,정상
Female,34,71.54106,126.4717,저체중
Male,23,67.50481,141.2498,정상
Male,23,69.15991,113.6123,저체중
Female,25,67.90658,132.8133,정상
Female,29,68.82477,120.2753,저체중
Male,32,69.78004,123.8703,저체중
Female,33,68.44619,138.1636,정상
Female,29,69.39772,118.0079,저체중
Male,21,67.30346,141.5997,정상
Female,31,65.66713,128.864,정상
Female,20,67.33725,124.8425,정상
Male,21,67.00093,128.6654,정상
Female,23,65.45347,108.3017,저체중
Male,32,66.65036,116.8012,저체중
Male,19,66.62187,120.3299,정상
Female,28,71.06319,131.0404,저체중
Male,32,66.53966,119.8203,정상
Male,30,66.05713,113.8325,저체중
Male,21,64.81538,123.0207,정상
Male,34,67.82121,124.0312,정상
Female,24,69.91442,131.4753,정상
Male,24,67.20148,119.7628,정상
Female,30,69.57829,133.2355,정상
Male,20,69.56702,143.8267,정상
Female,23,67.25014,127.6431,정상
Male,28,66.31447,106.2018,저체중
Female,18,69.82058,110.6276,저체중
Female,21,64.68698,117.9638,정상
Female,23,68.52069,142.1197,정상
Male,26,68.05361,137.0546,정상
Female,34,63.88492,122.967,정상
Female,24,65.87122,135.4564,정상
Male,28,67.28386,141.0113,정상
Male,18,68.7451,145.1448,정상
Male,18,71.78732,127.6009,저체중
Female,28,71.89347,142.8591,정상
Male,19,71.21521,140.5748,정상
Male,23,68.63924,121.7655,저체중
Female,30,67.20198,127.4781,정상
Male,20,68.42171,116.4237,저체중
Female,26,66.21571,132.8434,정상
Female,32,65.69602,114.2603,정상
Female,21,64.39471,108.8848,저체중
Female,28,68.13221,126.5235,정상
Male,24,69.95789,157.8629,정상
Male,22,66.17437,124.0197,정상
Female,28,67.3027,108.836,저체중
Male,20,67.12352,139.5505,정상
Male,33,66.13041,114.8118,저체중
Female,35,66.76283,132.985,정상
Male,22,69.81734,140.8902,정상
Male,20,67.50491,126.0354,정상
Female,22,67.77868,132.7541,정상
Female,29,67.09294,134.424,정상
Male,25,69.02064,139.6542,정상
Female,26,68.37429,127.5258,정상
Male,29,64.61585,131.0972,정상
Male,22,65.50846,146.5505,정상
Male,25,68.56092,114.3385,저체중
Female,28,69.29465,137.8696,정상
Female,29,67.29291,135.6857,정상
Female,21,67.10227,117.0417,저체중
Female,19,66.23273,128.5774,정상
Female,26,68.91376,140.9367,정상
Female,20,66.75178,132.2723,정상
Male,33,67.13916,111.5926,저체중
Male,22,66.25471,126.3462,정상
Male,34,69.74556,153.9188,정상
Male,19,66.34128,128.7754,정상
Male,22,69.83341,108.9893,저체중
Female,35,69.86248,137.0186,정상
Female,30,70.28256,118.5086,저체중
Female,34,67.07699,130.1395,정상
Female,23,68.18059,123.6302,정상
Male,25,67.59916,128.1213,정상
Female,32,68.02776,140.8584,정상
Male,24,68.42296,121.4696,저체중
Male,25,66.75944,112.3085,저체중
Female,28,68.53352,124.2808,정상
Male,35,65.2651,110.8564,저체중
Female,19,66.58553,122.2553,정상
Female,19,69.2084,130.033,정상
Male,18,66.78219,103.0118,저체중
Male,35,69.73097,129.0492,정상
Male,28,69.25719,123.1632,저체중
Female,27,68.57908,114.3083,저체중
Female,21,68.38491,130.869,정상
Male,33,67.35514,119.3197,저체중
Male,20,70.08283,124.9148,저체중
Female,34,69.17193,140.6591,정상
Female,18,70.74539,125.966,저체중
Male,23,65.88537,138.3547,정상
Male,28,66.18373,113.7313,저체중
Female,22,64.9891,120.7808,정상
Female,29,70.07851,129.7672,정상
Female,35,67.47051,123.0945,정상
Male,28,71.44337,130.4157,저체중
Male,26,69.28932,137.6776,정상
Male,25,68.75846,127.091,정상
Male,22,67.99864,135.3502,정상
Female,20,66.76007,111.1036,저체중
Female,22,71.10275,126.991,저체중
Female,19,68.84929,133.7133,정상
Male,28,66.71258,125.7664,정상
Female,26,69.69606,131.6194,정상
Female,26,68.21523,137.7177,정상
Female,25,69.19788,125.6089,저체중
Female,26,65.99751,120.2086,정상
Male,22,67.06344,119.1764,정상
Female,33,70.38879,148.7394,정상
Female,34,66.85526,130.9888,정상
Male,34,65.49447,116.2783,정상
Male,34,66.4933,131.4317,정상
Female,30,69.64591,135.8083,정상
Male,35,66.6031,120.0463,정상
Male,29,65.5028,110.0927,저체중
Female,27,70.68042,145.9,정상
Female,18,68.35984,115.3059,저체중
Female,26,69.67952,138.7123,정상
Female,31,67.28637,138.2075,정상
Female,29,64.24975,131.6321,정상
Male,29,69.59961,152.9562,정상
Female,20,67.2586,136.0419,정상
Female,28,65.07024,110.1766,저체중
Male,19,69.32643,131.1248,정상
Female,33,65.74804,114.0431,정상
Female,28,67.8373,124.0473,정상
Male,19,67.68655,124.5785,정상
Male,24,69.93319,129.2833,정상
Female,34,66.7117,111.267,저체중
Female,25,71.46877,126.8355,저체중
Female,23,69.23864,119.7615,저체중
Female,35,66.93836,119.0544,정상
Female,28,73.75335,153.1022,정상
Female,20,68.52941,129.8379,정상
Female,19,65.84612,127.4989,정상
Female,22,69.14293,130.5126,정상
Female,31,68.50756,128.4389,정상
Female,35,68.80941,150.2088,정상
Female,26,68.28658,116.4148,저체중
Male,24,66.0851,122.6038,정상
Male,26,66.76815,124.7948,정상
Male,33,68.41582,127.8615,정상
Female,22,67.86012,138.798,정상
Female,28,66.49326,128.5167,정상
Female,23,70.05556,145.7431,정상
Female,22,71.51172,128.1476,저체중
Male,28,69.63168,160.4111,정상
Male,28,67.31178,106.3544,저체중
Female,23,65.9605,126.6596,정상
Male,32,68.69762,139.7047,정상
Female,28,70.5427,147.6912,정상
Female,24,65.2308,116.3007,정상
Male,19,65.7164,94.98665,저체중
Female,35,66.6851,123.8638,정상
Female,35,68.30596,108.0676,저체중
Female,22,70.06674,130.9781,정상
Male,33,67.06764,131.5991,정상
Female,26,68.67723,126.1419,정상
Male,35,66.56482,118.4916,정상
Female,18,67.928,139.2513,정상
Female,18,67.81441,123.6647,정상
Male,32,68.05175,133.8927,정상
Male,30,65.16729,121.1432,정상
Female,27,68.4387,128.4782,정상
Female,26,69.90595,133.594,정상
Male,33,67.5131,131.9657,정상
Male,33,70.55747,143.9102,정상
Male,19,67.50352,125.0155,정상
Male,34,70.8343,144.4515,정상
Female,26,67.17439,129.7009,정상
Female,29,68.23162,132.8397,정상
Female,31,68.84891,141.2839,정상
Male,28,66.06507,118.4233,정상
Female,26,67.96066,124.5333,정상
Male,20,64.42169,119.2322,정상
Male,27,68.9783,145.197,정상
Male,28,68.86452,133.6579,정상
Male,26,67.51935,123.6148,정상
Female,21,70.8742,127.9931,저체중
Male,30,65.63908,125.7235,정상
Male,34,72.06149,147.5819,정상
Male,35,70.74003,147.7738,정상
Male,27,69.53497,141.9338,정상
Female,28,66.04415,121.9856,정상
Female,32,67.75988,140.1278,정상
Male,23,67.28678,131.5009,정상
Male,18,66.58203,122.171,정상
Female,22,67.00829,127.8757,정상
Female,27,67.14315,114.6482,저체중
Male,23,69.52981,128.8579,정상
Male,19,69.01236,146.6218,정상
Female,21,67.53657,100.154,저체중
Female,20,68.06545,141.5315,정상
Female,20,69.27853,143.8148,정상
Male,23,68.96647,136.0886,정상
Male,30,68.75452,129.4726,정상
Female,18,67.32854,107.9528,저체중
Male,26,69.0599,131.2881,정상
Male,35,69.76801,132.0979,정상
Male,20,72.03679,138.0884,정상
Female,31,64.54425,115.9595,정상
Female,34,63.63284,107.2702,정상
Female,22,70.94818,149.7548,정상
Male,19,62.91288,109.2128,정상
Female,21,69.4062,124.5456,저체중
Female,30,65.4398,136.8947,정상
Female,21,67.05728,122.9843,정상
Male,22,66.18541,121.9805,정상
Female,31,66.90237,139.8915,정상
Male,27,66.41367,109.0311,저체중
Female,25,67.67042,123.1408,정상
Male,31,67.70967,131.7281,정상
Female,21,66.69404,126.8929,정상
Female,27,69.5217,126.8198,저체중
Male,28,68.20773,119.5053,저체중
Male,24,67.99821,127.458,정상
Female,30,68.00746,119.2101,저체중
Male,21,68.09824,143.5727,정상
Female,23,68.93312,143.0937,정상
Male,25,69.78307,139.0177,정상
Female,20,65.81071,114.1338,정상
Female,19,69.96713,125.4353,저체중
Male,25,67.5085,127.8424,정상
Male,34,69.09305,140.226,정상
Male,19,72.36277,135.6763,저체중
Female,30,67.6456,123.0015,정상
Male,34,69.46842,119.0737,저체중
Female,29,66.77116,129.5425,정상
Male,22,70.23323,135.7363,정상
Male,27,69.55395,139.2316,정상
Female,30,69.35355,128.9771,정상
Female,26,67.2451,130.0655,정상
Male,34,64.77727,143.251,정상
Female,30,66.30059,112.3781,저체중
Female,24,66.75624,125.1407,정상
Female,35,65.73325,134.9375,정상
Female,27,68.08852,111.6419,저체중
Male,33,71.55699,141.6861,정상
Male,18,67.38427,122.8404,정상
Male,24,64.15481,101.7546,저체중
Male,32,68.50089,121.5853,저체중
Male,23,69.27158,135.7448,정상
Male,27,68.52587,131.2739,정상
Female,22,66.81053,127.0045,정상
Female,24,70.0217,132.9266,정상
Female,31,70.44212,135.0743,정상
Male,30,70.35346,118.347,저체중
Male,18,65.94226,136.2054,정상
Female,19,67.49783,121.6583,정상
Female,23,68.00099,127.1241,정상
Male,18,65.48962,99.76843,저체중
Male,34,66.86327,124.5651,정상
Female,22,69.4656,131.2397,정상
Female,24,67.40982,113.6502,저체중
Female,33,65.75113,117.6909,정상
Male,20,69.07002,130.5795,정상
Female,33,69.3032,128.7739,정상
Male,19,67.27013,136.5165,정상
Female,23,68.29642,132.8802,정상
Female,23,65.5358,108.0334,저체중
Male,33,67.22288,138.325,정상
Male,27,69.02293,143.8474,정상
Female,20,66.69251,130.6489,정상
Female,18,66.50669,131.5283,정상
Female,23,67.98874,146.0239,정상
Female,34,66.65476,125.3253,정상
Male,29,69.12208,129.0318,정상
Male,20,71.02363,144.1068,정상
Female,32,66.46702,119.3847,정상
Male,34,69.03081,134.2694,정상
Female,18,65.9942,128.0366,정상
Male,35,66.54171,133.9323,정상
Male,19,65.91998,135.6308,정상
Male,19,70.59103,134.1319,정상
Female,19,65.78822,134.2213,정상
Female,22,69.91804,119.5102,저체중
Female,35,64.2992,126.3063,정상
Female,31,66.42226,113.4779,저체중
Female,18,68.74988,136.8669,정상
Female,28,67.99798,118.1315,저체중
Male,29,64.60634,122.632,정상
Male,34,67.88746,119.0272,저체중
Male,27,66.81948,125.9408,정상
Female,26,69.06944,159.9584,정상
Female,26,65.65385,129.1825,정상
Male,26,66.2017,114.629,저체중
Female,19,68.94276,135.2118,정상
Male,30,68.3649,119.517,저체중
Female,28,67.18992,127.9725,정상
Male,34,66.68348,119.6796,정상
Female,19,67.43443,120.3906,정상
Male,25,67.21497,119.7199,정상
Male,24,68.45993,121.1754,저체중
Female,28,63.64325,117.4774,정상
Female,33,67.53521,146.869,정상
Female,31,69.70037,128.112,정상
Male,30,68.29865,122.6236,저체중
Female,31,67.97567,130.0032,정상
Female,20,69.57423,130.6273,정상
Male,26,66.70797,142.0475,정상
Male,24,67.9214,110.3853,저체중
Male,31,67.40188,124.1551,정상
Male,21,69.39159,121.5433,저체중
Female,31,68.59889,127.6063,정상
Female,19,68.3755,126.0555,정상
Female,19,68.28427,127.0948,정상
Male,23,68.50766,152.6424,정상
Male,23,65.09736,111.7652,정상
Female,31,65.83359,119.9561,정상
Female,27,69.25932,134.0319,정상
Male,24,68.73092,132.3239,정상
Male,32,66.77164,120.5926,정상
Female,24,66.38506,142.6708,정상
Male,35,67.46704,132.4481,정상
Male,19,68.17097,123.7398,정상
Female,32,65.70973,125.7159,정상
Male,33,67.07386,121.8819,정상
Male,30,71.9948,147.5977,정상
Female,32,63.22211,107.5164,정상
Female,18,69.03411,118.9953,저체중
Male,28,68.64248,120.9374,저체중
Male,35,65.9252,118.0381,정상
Female,33,72.10915,143.0039,정상
Female,23,66.35575,107.5936,저체중
Female,22,68.96323,128.6853,정상
Male,30,65.42432,116.2966,정상
Male,28,65.22177,112.5281,정상
Female,29,72.70766,151.2249,정상
Male,35,67.3917,106.0426,저체중
Male,34,66.68077,127.0893,정상
Male,20,68.72378,129.9631,정상
Female,20,63.70105,109.8656,정상
Female,32,73.02554,153.6723,정상
Female,25,68.16631,126.7726,정상
Female,29,64.82933,95.71141,저체중
Female,21,65.8334,119.1656,정상
Female,22,67.8251,129.8443,정상
Male,24,69.45504,143.627,정상
Male,35,63.03704,117.6276,정상
Male,35,67.58447,125.4967,정상
Female,26,66.92223,122.307,정상
Female,28,69.33008,135.0667,정상
Female,27,71.71882,146.1847,정상
Female,28,68.66466,137.1764,정상
Male,23,70.46171,120.4257,저체중
Male,23,64.20227,124.2804,정상
Female,28,68.54482,122.1992,저체중
Male,25,65.42611,118.5156,정상
Male,31,69.20541,135.4161,정상
Male,20,63.51326,105.9244,저체중
Female,23,67.2175,111.7119,저체중
Female,18,69.69215,143.5628,정상
Male,21,68.78018,132.1932,정상
Male,33,69.40612,120.9522,저체중
Female,34,67.40414,121.3496,정상
Male,29,67.40661,109.3581,저체중
Female,23,66.49497,124.8437,정상
Male,33,67.2151,120.043,정상
Male,29,69.36059,124.4044,저체중
Male,21,69.68186,147.5598,정상
Male,35,67.6277,160.2278,정상
Male,28,67.89343,154.2345,정상
Female,19,70.64483,129.7265,저체중
Male,25,70.8271,131.8696,저체중
Female,31,66.95277,150.2868,정상
Female,18,66.46976,123.0618,정상
Female,27,66.54555,124.8628,정상
Female,29,68.16788,146.6505,정상
Male,20,66.2086,115.1943,저체중
Male,19,68.33636,135.8657,정상
Female,26,64.5222,96.68665,저체중
Female,34,65.57641,117.1727,정상
Male,20,69.2064,124.3249,저체중
Female,19,69.07345,156.9797,정상
Male,22,68.94109,130.1473,정상
Male,26,68.07446,143.6574,정상
Female,22,72.00843,133.2257,저체중
Female,28,67.20444,139.7736,정상
Female,33,68.43894,124.1119,정상
Female,35,68.23881,111.9836,저체중
Female,26,70.52936,122.4652,저체중
Female,18,67.32161,124.3376,정상
Female,30,69.95585,147.535,정상
Male,31,67.88682,135.3697,정상
Female,25,68.15578,106.8394,저체중
Female,33,70.56446,124.0626,저체중
Male,33,68.13215,104.8113,저체중
Female,20,70.25892,129.4346,저체중
Male,25,71.06535,140.4796,정상
Male,29,66.36966,116.5041,정상
Female,20,67.17026,135.8317,정상
Female,27,68.87325,146.9941,정상
Female,24,70.81794,131.5906,저체중
Female,29,66.72765,121.3333,정상
Male,24,67.48404,137.405,정상
Female,28,66.53552,138.7161,정상
Male,31,68.04662,127.0141,정상
Female,31,67.85401,129.9666,정상
Female,19,68.00799,119.6399,저체중
Male,34,74.05895,133.8172,저체중
Female,30,68.49073,130.7902,정상
Male,26,64.60903,96.02104,저체중
Male,30,67.56038,127.1691,정상
Female,33,68.62368,123.8232,저체중
Male,28,67.25436,142.156,정상
Male,35,68.17591,127.1837,정상
Female,32,67.57397,132.4176,정상
Male,21,66.05092,103.9482,저체중
Male,32,69.27344,127.5728,정상
Female,19,69.90864,121.1529,저체중
Male,30,69.28147,140.9313,정상
Male,26,68.75275,132.5807,정상
Female,25,67.33384,115.6858,저체중
Female,31,65.05656,111.7393,정상
Female,19,65.67598,111.3916,저체중
Female,27,66.47819,101.3276,저체중
Female,20,70.52868,134.6246,정상
Male,18,67.33753,109.9394,저체중
Female,32,69.87287,126.1665,저체중
Female,33,68.73321,125.7578,정상
Female,23,69.1104,140.1776,정상
Female,25,69.1176,120.5052,저체중
Female,35,66.72791,116.0508,저체중
Male,22,70.37952,130.6461,정상
Male,19,64.75996,110.5434,정상
Male,20,67.50912,145.7528,정상
Male,28,66.26041,125.1086,정상
Male,30,67.44271,142.4967,정상
Female,30,68.68327,139.7883,정상
Male,21,67.58574,125.2951,정상
Male,22,66.55002,111.2059,저체중
Male,31,66.3369,148.2612,정상
Male,23,67.59753,132.7081,정상
Female,33,66.16875,138.9486,정상
Female,32,68.38972,118.5898,저체중
Female,30,69.32992,133.9886,정상
Male,28,66.91635,120.1121,정상
Male,23,67.20178,121.5752,정상
Female,35,68.88096,143.4448,정상
Male,35,68.83944,136.7053,정상
Male,22,70.43032,121.1569,저체중
Male,20,69.6312,138.6313,정상
Female,30,66.23915,130.0533,정상
Female,31,69.57833,140.2363,정상
Female,31,70.32551,142.6363,정상
Male,23,65.17576,100.3741,저체중
Female,35,70.81253,118.5751,저체중
Male,20,69.5776,127.2639,저체중
Female,23,64.67472,104.1077,저체중
Female,30,68.0986,114.887,저체중
Male,18,69.48224,135.7121,정상
Female,21,69.19418,122.8981,저체중
Male,33,68.58131,135.3452,정상
Male,29,68.46986,143.989,정상
Male,20,66.52275,116.8098,정상
Male,27,67.29478,100.4477,저체중
Female,19,68.02127,133.231,정상
Female,27,69.55433,120.3508,저체중
Female,31,70.55274,144.0613,정상
Female,33,69.43571,107.0716,저체중
Male,20,67.22028,119.5298,정상
Male,31,64.65699,111.5398,정상
Female,27,69.51829,138.9221,정상
Female,20,65.09086,115.2015,정상
Male,31,66.86091,124.2395,정상
Female,21,68.59768,107.0438,저체중
Female,24,71.01173,146.3277,정상
Female,22,71.34761,129.5618,저체중
Male,25,67.74021,121.2672,정상
Female,20,71.61413,145.0715,정상
Male,30,68.84447,120.2177,저체중
Female,25,66.83785,128.0275,정상
Female,21,66.13335,119.3266,정상
Male,24,65.79023,123.2118,정상
Female,26,68.73614,140.187,정상
Female,32,67.57879,131.6685,정상
Female,21,70.7638,145.0962,정상
Male,19,67.67495,127.9568,정상
Male,20,64.5197,128.6015,정상
Female,29,68.70418,146.899,정상
Male,22,68.20196,113.2495,저체중
Male,23,68.50077,117.3796,저체중
Female,29,68.18475,131.2772,정상
Female,20,67.31928,128.0177,정상
Male,20,69.94028,148.8857,정상
Male,18,67.49093,141.5919,정상
Female,25,66.51022,109.6487,저체중
Male,29,70.54908,132.7834,정상
Female,24,68.31443,134.8167,정상
Male,31,69.56373,134.7459,정상
Male,29,69.69727,125.7112,저체중
Male,29,67.72532,132.9298,정상
Male,19,66.87841,138.0319,정상
Female,19,68.40503,151.6563,정상
Male,35,68.11084,120.446,저체중
Male,23,66.86782,109.5053,저체중
Female,18,68.96376,130.3361,정상
Male,23,70.51308,137.2445,정상
Female,33,65.1844,126.7683,정상
Male,26,70.21546,113.0231,저체중
Male,30,69.03164,133.84,정상
Female,27,66.14828,93.75301,저체중
Male,34,70.63243,136.9783,정상
Female,35,63.92425,119.5108,정상
Male,35,67.93981,126.2074,정상
Male,35,68.94411,120.0772,저체중
Male,34,66.17288,112.4068,저체중
Male,23,68.1199,143.5778,정상
Female,19,68.01974,136.8445,정상
Female,18,64.16711,112.8528,정상
Male,24,69.01036,140.9219,정상
Male,26,68.91364,129.5028,정상
Male,32,66.44713,136.0997,정상
Male,29,65.61804,129.5947,정상
Male,32,69.11903,122.9885,저체중
Female,35,70.28184,140.9463,정상
Female,27,66.73051,114.8715,저체중
Male,22,66.72657,135.0653,정상
Female,33,68.80212,124.2972,저체중
Female,22,69.02745,121.9743,저체중
Female,24,66.62724,133.8779,정상
Male,25,67.97623,134.8979,정상
Female,29,65.11298,124.4876,정상
Male,26,67.89264,129.4893,정상
Male,19,68.64717,124.6416,정상
Female,18,65.14223,130.2813,정상
Male,24,68.65645,124.6263,정상
Male,20,67.83641,135.3784,정상
Male,35,67.51286,133.072,정상
Female,18,66.63689,128.8981,정상
Male,30,68.34852,134.0701,정상
Male,31,65.8678,127.5491,정상
Female,34,67.36679,145.0907,정상
Female,22,68.35562,128.6526,정상
Male,18,65.76876,126.7595,정상
Male,21,67.90471,104.8685,저체중
Female,33,65.54889,122.4253,정상
Male,29,69.03026,134.7709,정상
Female,35,66.27542,119.7849,정상
Male,30,67.88791,126.7626,정상
Female,26,65.72184,107.6977,저체중
Male,30,68.66079,130.6653,정상
Female,29,68.28397,107.6837,저체중
Male,20,69.17713,128.8322,정상
Female,21,69.2558,138.4302,정상
Female,25,69.54643,144.0828,정상
Female,21,68.97883,141.869,정상
Female,31,69.23439,151.4362,정상
Female,26,66.67303,129.5801,정상
Male,29,66.16115,133.9835,정상
Male,18,67.43035,131.9753,정상
Female,21,65.90419,123.7444,정상
Female,22,67.25626,114.1209,저체중
Female,23,67.83686,132.5467,정상
Female,18,70.19109,133.1316,정상
Female,26,66.31564,126.0798,정상
Female,23,67.66646,117.2472,저체중
Female,23,67.7519,131.9273,정상
Male,19,68.3228,113.167,저체중
Female,22,72.0803,130.742,저체중
Male,27,68.78572,128.277,정상
Male,22,68.57754,118.4883,저체중
Female,26,68.37308,124.2885,정상
Female,24,68.74512,130.1937,정상
Male,26,69.39088,130.6716,정상
Female,25,68.61933,134.812,정상
Female,32,67.23029,121.3587,정상
Female,29,68.49582,138.0952,정상
Male,34,69.30757,145.4359,정상
Male,26,65.61597,118.6455,정상
Female,32,68.09188,129.8851,정상
Female,22,67.7166,122.6816,정상
Male,27,67.4508,115.9856,저체중
Male,27,67.13754,119.8772,정상
Female,19,64.14983,106.4504,저체중
Male,24,67.65922,135.9871,정상
Female,28,68.28587,137.0307,정상
Male,24,65.54248,122.9935,정상
Female,33,68.82518,154.7341,정상
Male,32,72.12412,146.2978,정상
Female,20,67.61816,122.4365,정상
Male,33,68.49971,137.8023,정상
Male,25,71.21183,131.1726,저체중
Male,24,71.15269,133.2166,정상
Female,27,70.31235,132.5313,정상
Female,34,70.26465,113.4165,저체중
Male,21,65.49772,130.9129,정상
Male,35,68.06388,117.0789,저체중
Male,30,68.71857,132.3502,정상
Male,28,69.47394,159.8926,정상
Female,35,68.27314,125.3854,정상
Male,35,67.57915,113.2566,저체중
Female,21,68.60227,130.4389,정상
Female,28,67.10387,144.1473,정상
Male,34,67.37805,125.1132,정상
Male,20,70.82184,159.3021,정상
Female,35,69.13393,125.6548,저체중
Male,19,68.31448,129.3196,정상
Male,24,64.06191,109.7758,정상
Female,20,68.21309,121.3595,저체중
Male,21,66.36575,130.7716,정상
Male,28,70.73365,119.0237,저체중
Male,22,69.35175,129.1685,정상
Female,32,66.25415,125.563,정상
Male,34,68.60712,105.1285,저체중
Female,29,70.27709,127.2297,저체중
Female,19,68.2473,124.244,정상
Male,35,66.9098,129.5755,정상
Male,18,66.56227,117.7942,정상
Male,20,68.91759,128.5454,정상
Female,21,68.80671,141.7393,정상
Male,26,70.88619,127.9719,저체중
Male,35,73.51383,138.9321,저체중
Female,19,68.56821,131.7526,정상
Male,22,66.88985,129.5218,정상
Female,25,69.76635,146.4205,정상
Male,21,67.44905,131.1587,정상
Female,19,69.3961,112.2049,저체중
Female,31,69.11016,120.8271,저체중
Female,35,67.00457,139.3125,정상
Male,23,66.53958,132.7218,정상
Female,23,70.31894,147.0394,정상
Male,32,69.95672,119.7538,저체중
Male,26,67.17704,127.8719,정상
Female,23,73.18256,132.9995,저체중
Female,24,68.17989,116.2537,저체중
Female,22,70.85706,123.5573,저체중
Female,29,68.61586,117.3901,저체중
Female,18,69.99675,131.242,정상
Female,25,66.89348,156.4495,정상
Male,31,68.944,129.6552,정상
Male,25,67.5559,115.2974,저체중
Female,20,68.51482,124.1914,정상
Female,34,71.15411,151.4754,정상
Female,21,68.88473,126.2634,정상
Female,18,70.48065,145.9294,정상
Male,35,67.04825,124.6696,정상
Male,19,63.92053,98.7457,저체중
Female,29,65.42959,120.5649,정상
Female,22,67.06764,152.4888,정상
Male,25,69.86922,136.3855,정상
Male,30,66.15786,134.1293,정상
Male,23,63.92128,113.4515,정상
Male,34,68.65125,146.1165,정상
Male,33,69.85696,138.1103,정상
Male,27,68.94991,126.8747,정상
Female,25,66.61559,128.5193,정상
Male,20,68.9697,110.5576,저체중
Male,25,64.96032,128.2809,정상
Male,21,68.71059,110.049,저체중
Male,34,67.44021,129.2538,정상
Female,22,69.29564,125.0373,저체중
Female,23,68.3902,116.4848,저체중
Female,30,65.57747,117.9638,정상
Female,22,68.16834,129.595,정상
Female,21,64.13237,124.2891,정상
Female,20,69.05347,140.6226,정상
Female,25,68.4964,133.8031,정상
Male,32,66.60332,125.173,정상
Male,29,66.78141,115.7559,저체중
Female,35,68.68124,112.327,저체중
Male,26,69.25972,125.5782,저체중
Male,29,64.27481,107.569,저체중
Female,30,70.17795,132.6043,정상
Male,27,69.75895,139.3178,정상
Female,24,67.61169,140.8895,정상
Female,27,71.41635,146.9978,정상
Male,34,68.70158,120.3307,저체중
Male,18,65.38354,123.2058,정상
Male,31,71.82386,136.6557,정상
Male,30,65.44204,128.948,정상
Male,23,68.73343,145.1099,정상
Female,30,68.17608,119.5684,저체중
Male,28,72.05521,136.6193,정상
Male,23,67.37648,110.3445,저체중
Male,35,66.63165,130.7607,정상
Female,29,66.57454,117.2413,정상
Female,28,70.2814,148.7963,정상
Female,32,67.95765,125.4817,정상
Female,30,68.03122,124.7968,정상
Male,24,66.2195,106.072,저체중
Male,28,70.60482,134.8661,정상
Male,35,67.43065,130.2342,정상
Male,21,65.90857,122.1085,정상
Female,22,72.47921,138.4836,정상
Female,27,66.5789,116.9757,정상
Male,24,67.04159,128.5194,정상
Female,30,65.89776,139.6527,정상
Female,27,66.02355,104.0173,저체중
Female,18,70.6596,131.0931,저체중
Male,24,69.32015,133.3684,정상
Male,22,68.46611,118.6156,저체중
Female,29,68.1011,118.9991,저체중
Male,29,69.10355,131.272,정상
Male,24,68.98767,124.1313,저체중
Female,20,66.98612,98.47799,저체중
Male,28,68.07886,138.9164,정상
Male,23,67.14062,131.6581,정상
Female,29,65.50185,128.1924,정상
Female,29,68.42655,146.6355,정상
Male,33,67.80423,110.0665,저체중
Female,24,67.00515,115.8675,저체중
Female,28,70.12939,127.1045,저체중
Female,21,71.59767,131.6252,저체중
Male,20,67.47799,111.0157,저체중
Female,19,69.75215,151.263,정상
Female,24,70.2609,124.2768,저체중
Male,25,68.46374,128.6835,정상
Male,22,66.49929,113.3252,저체중
Male,28,68.77449,147.9795,정상
Female,35,67.53213,132.3461,정상
Female,27,71.32762,132.2853,저체중
Male,20,69.54265,132.2717,정상
Male,30,68.84469,137.642,정상
Female,28,68.45131,117.7085,저체중
Male,27,67.58396,128.4773,정상
Female,28,68.84619,119.7516,저체중
Male,21,69.41444,118.391,저체중
Female,32,69.85771,120.8858,저체중
Male,34,66.09467,115.8339,정상
Female,28,68.69118,118.5151,저체중
Female,31,66.91649,120.891,정상
Male,25,68.61516,135.9551,정상
Female,31,71.12975,134.8375,정상
Male,25,68.85924,115.4611,저체중
Male,31,70.58611,136.1071,정상
Female,20,70.45602,137.7117,정상
Male,22,65.82729,109.0839,저체중
Male,31,65.53454,106.9057,저체중
Male,23,66.18249,131.9705,정상
Female,25,71.61882,165.8716,정상
Male,21,66.95769,128.7377,정상
Male,28,69.17434,117.2939,저체중
Male,19,70.74903,138.9422,정상
Female,26,67.5619,126.5968,정상
Male,19,67.98909,107.9762,저체중
Male,24,66.51309,108.3641,저체중
Female,22,68.42597,147.0716,정상
Female,18,69.43903,145.7242,정상
Male,21,68.77366,140.1915,정상
Male,31,67.44207,131.3793,정상
Male,30,71.55011,141.6604,정상
Female,32,70.1884,123.7339,저체중
Female,30,65.2831,100.0283,저체중
Male,19,70.74713,146.572,정상
Female,22,69.73095,145.2295,정상
Female,34,68.86778,126.558,정상
Female,21,68.39148,151.9512,정상
Male,26,67.41403,128.8079,정상
Male,22,65.04265,126.6868,정상
Male,21,68.77248,136.0577,정상
Female,30,69.84344,122.7778,저체중
Female,33,63.93049,108.3559,정상
Female,21,70.31106,147.7541,정상
Male,19,67.98819,123.2582,정상
Male,23,70.81754,130.6455,저체중
Female,19,68.38637,124.6679,정상
Female,28,68.22631,125.5255,정상
Male,20,65.89874,114.3292,정상
Female,20,69.73748,145.8184,정상
Female,30,68.42911,132.0335,정상
Female,35,67.15172,141.4995,정상
Male,25,67.18709,125.5079,정상
Male,22,70.49324,121.4159,저체중
Male,33,69.89967,126.9552,저체중
Male,30,68.57785,120.5832,저체중
Female,34,67.44754,132.5691,정상
Male,18,68.27063,119.3592,저체중
Female,28,68.02518,116.9769,저체중
Female,34,64.47165,110.3828,정상
Male,29,70.43528,124.8658,저체중
Female,19,70.38848,135.0006,정상
Male,34,68.9876,157.8304,정상
Female,21,70.53,145.5456,정상
Male,20,70.77882,123.2178,저체중
Female,23,68.03476,131.787,정상
Female,29,66.03888,127.3603,정상
Male,26,67.24661,128.9941,정상
Female,26,66.34444,121.7823,정상
Male,28,68.00358,126.2625,정상
Female,33,67.5354,131.3948,정상
Female,18,66.26621,108.9546,저체중
Male,31,69.34812,136.3244,정상
Male,30,61.30021,120.8819,정상
Female,32,63.85336,116.1584,정상
Female,22,67.79112,122.7668,정상
Male,19,68.84082,117.168,저체중
Female,18,67.23541,128.9174,정상
Female,21,72.0041,138.0863,정상
Male,28,69.37103,127.227,정상
Female,21,66.95564,137.1765,정상
Male,20,66.45619,109.9414,저체중
Male,35,68.13655,134.1517,정상
Male,20,66.67832,113.69,저체중
Male,35,69.28115,141.7671,정상
Male,25,70.62015,140.458,정상
Male,25,67.99465,119.7749,저체중
Female,31,68.48033,130.2865,정상
Female,23,69.06455,141.4252,정상
Male,22,71.75345,125.4749,저체중
Female,29,68.12333,142.4333,정상
Female,23,69.27301,139.802,정상
Female,25,70.6871,132.7199,정상
Male,20,71.59803,118.0366,저체중
Male,34,69.19962,132.039,정상
Female,35,68.50734,138.7054,정상
Female,24,67.31358,118.7559,저체중
Male,31,69.35559,132.2083,정상
Male,28,68.04018,123.4858,정상
Female,31,69.43599,127.4407,정상
Female,22,68.11666,122.9518,정상
Male,21,70.38735,115.9033,저체중
Male,18,67.68927,117.8434,저체중
Male,22,70.10753,106.1532,저체중
Male,28,65.63803,138.7008,정상
Male,34,66.1331,131.333,정상
Male,31,67.98396,139.0779,정상
Female,35,70.00086,145.8357,정상
Male,32,68.77748,138.6318,정상
Male,33,69.55778,136.8985,정상
Male,27,69.64354,141.6881,정상
Female,23,67.51477,122.6746,정상
Male,32,66.32547,109.4408,저체중
Male,31,68.11857,123.5801,정상
Male,30,68.95567,139.0009,정상
Male,32,69.47262,159.961,정상
Male,22,67.36852,133.0522,정상
Male,27,69.49484,129.154,정상
Female,29,65.21743,130.2571,정상
Female,18,66.44053,126.5657,정상
Male,21,67.4008,111.4315,저체중
Male,18,70.05188,136.1694,정상
Male,25,70.47453,165.815,정상
Male,29,67.62136,144.3461,정상
Female,26,71.26378,147.7777,정상
Female,19,69.11384,134.8827,정상
Male,26,69.13058,144.5313,정상
Male,26,71.76731,145.2951,정상
Male,29,71.90517,131.6109,저체중
Female,24,68.61716,129.5184,정상
Male,22,66.30375,120.6304,정상
Male,24,69.47578,133.7738,정상
Male,28,67.82661,121.302,정상
Male,33,66.40842,127.5827,정상
Female,32,69.29497,140.665,정상
Male,30,67.41872,113.2182,저체중
Female,32,68.30044,125.6614,정상
Male,35,69.69323,139.8444,정상
Male,25,66.87896,119.345,정상
Female,27,67.917,123.5503,정상
Female,29,68.80858,122.5048,저체중
Male,20,71.0785,148.6654,정상
Female,33,68.50032,126.3782,정상
Female,33,68.32165,134.6888,정상
Female,18,67.44148,118.7423,저체중
Male,20,67.4694,119.622,저체중
Male,30,68.57565,144.6492,정상
Female,22,69.90495,131.2178,정상
Female,22,69.06563,133.1598,정상
Male,22,66.36602,101.9583,저체중
Female,32,68.08525,137.6375,정상
Female,23,69.76408,132.5028,정상
Female,26,68.09437,122.4897,정상
Male,27,67.77372,120.8679,정상
Female,29,73.1771,162.3663,정상
Female,35,70.8932,137.9685,정상
Female,33,66.59118,133.313,정상
Male,19,68.84406,121.8554,저체중
Female,33,67.82525,120.6637,저체중
Male,34,67.4964,144.1456,정상
Female,26,66.9367,110.3082,저체중
Female,25,68.73832,136.5058,정상
Male,21,67.82175,133.7939,정상
Female,21,67.40266,125.4416,정상
Male,20,71.91481,151.3634,정상
Male,29,66.00315,115.9391,정상
Male,34,66.23591,122.6684,정상
Male,33,66.05033,129.398,정상
Male,25,68.59833,131.3191,정상
Male,29,66.73802,146.5547,정상
Female,31,68.95236,130.8332,정상
Female,24,66.8636,134.6229,정상
Female,26,63.54215,106.5463,정상
Male,32,68.29415,126.4078,정상
Male,19,67.18456,155.58,정상
Female,34,66.93941,128.5959,정상
Male,31,67.39381,129.645,정상
Female,31,70.10564,137.8281,정상
Male,35,67.00791,114.4926,저체중
Female,27,68.00661,112.832,저체중
Female,34,64.75128,96.50653,저체중
Female,23,64.75712,117.9964,정상
Male,18,65.55869,104.1268,저체중
Female,31,67.94061,101.9043,저체중
Male,34,66.32718,112.5542,저체중
Female,27,67.76335,130.3666,정상
Male,28,68.84705,143.2721,정상
Female,20,66.22794,114.482,저체중
Male,35,67.33307,131.244,정상
Female,32,68.16808,129.6398,정상
Male,33,66.9724,123.0562,정상
Female,24,69.16053,127.6593,정상
Male,26,67.96769,124.3206,정상
Female,26,71.39143,128.9603,저체중
Female,26,69.17936,142.5122,정상
Female,32,67.63262,108.6316,저체중
Female,30,68.13844,133.3492,정상
Male,35,68.57515,132.9664,정상
Female,24,69.27082,123.9376,저체중
Female,21,68.03694,129.7161,정상
Male,24,66.78394,128.5766,정상
Male,22,68.37086,121.5928,저체중
Female,34,69.06702,125.2812,저체중
Female,23,68.68835,120.2494,저체중
Female,35,67.94587,127.063,정상
Male,30,69.97069,130.5886,정상
Male,28,67.83678,130.1037,정상
Male,20,66.57079,122.6824,정상
Male,20,69.93637,136.028,정상
Female,19,65.68971,116.112,정상
Female,26,68.09276,136.1992,정상
Male,24,68.51531,149.8957,정상
Female,32,68.66816,129.1077,정상
Female,23,70.74635,128.3355,저체중
Female,23,68.93456,134.2009,정상
Female,20,64.55693,115.8225,정상
Female,20,66.63381,110.4108,저체중
Female,19,66.02983,125.4093,정상
Female,31,71.83894,128.1898,저체중
Female,23,69.11329,132.1717,정상
Male,34,68.72609,126.9163,정상
Male,18,67.67278,140.825,정상
Male,28,67.97403,115.5281,저체중
Male,32,66.28867,96.43706,저체중
Male,20,66.78936,126.941,정상
Male,19,70.42997,130.1329,저체중
Female,21,67.34451,128.3837,정상
Male,31,66.55225,115.0221,저체중
Female,23,67.54453,116.9754,저체중
Female,33,67.11135,121.9965,정상
Male,26,66.39139,120.8401,정상
Male,20,70.1004,143.8223,정상
Male,33,66.29079,129.0103,정상
Female,30,66.82271,122.2173,정상
Male,26,68.81388,141.3748,정상
Male,21,70.7395,118.7482,저체중
Male,34,68.56268,110.8342,저체중
Male,29,66.80278,110.5325,저체중
Female,26,64.49508,109.748,정상
Female,30,68.00244,139.8746,정상
Female,31,68.14281,144.8232,정상
Male,25,66.9929,112.8264,저체중
Female,18,65.95458,117.0548,정상
Female,25,71.14826,117.7951,저체중
Female,19,69.26366,143.5924,정상
Male,31,65.33361,113.766,정상
Male,31,68.07198,139.8559,정상
Male,33,68.75607,127.0394,정상
Male,21,68.25481,122.3093,저체중
Female,34,67.6301,126.2598,정상
Male,28,66.76358,116.2435,저체중
Male,26,68.44489,122.5856,저체중
Female,24,68.6443,137.6504,정상
Female,21,69.7314,144.728,정상
Male,20,68.04736,126.1972,정상
Female,20,66.8011,114.0278,저체중
Female,21,67.31382,114.2178,저체중
Female,20,65.94149,100.0924,저체중
Female,20,68.04148,113.2556,저체중
Male,35,65.76389,121.5449,정상
Male,28,69.98217,138.5123,정상
Female,31,66.53339,124.0166,정상
Male,19,67.30571,118.2689,저체중
Female,25,71.37779,128.3741,저체중
Male,27,65.41261,106.923,저체중
Male,32,69.9379,127.7381,저체중
Male,32,70.94031,129.7535,저체중
Male,30,66.48588,135.3436,정상
Female,18,70.59467,122.6572,저체중
Male,34,69.26749,134.6498,정상
Female,22,68.01553,120.2336,저체중
Female,27,67.48435,133.4493,정상
Male,34,66.64515,124.0263,정상
Male,26,66.25306,109.1716,저체중
Male,22,70.78006,119.5972,저체중
Male,18,67.46565,126.6369,정상
Female,19,67.95071,147.4028,정상
Male,26,67.32652,116.3942,저체중
Female,22,65.49287,130.1238,정상
Male,24,67.64989,127.9459,정상
Female,18,66.4175,137.3847,정상
Female,22,68.52361,118.6287,저체중
Male,21,70.9931,139.3241,정상
Female,28,68.27507,121.744,저체중
Female,31,68.72072,118.7503,저체중
Male,22,68.14922,122.1772,저체중
Female,26,66.32895,120.6915,정상
Female,20,67.34775,126.0878,정상
Female,24,69.17835,124.8283,저체중
Female,33,67.72085,135.3916,정상
Female,31,67.78477,132.7538,정상
Female,26,64.52209,128.4876,정상
Female,35,68.67602,130.5971,정상
Female,31,65.24442,109.9482,저체중
Male,22,65.99271,124.0657,정상
Male,23,68.60453,126.4562,정상
Female,20,64.62503,115.5461,정상
Male,23,67.63678,130.1742,정상
Female,34,70.36634,153.457,정상
Female,24,68.7096,143.9246,정상
Female,25,66.73859,128.1908,정상
Male,29,65.80323,121.9802,정상
Male,22,65.01409,133.769,정상
Female,20,67.50667,121.3548,정상
Male,31,67.70298,121.7608,정상
Female,19,68.18064,133.3395,정상
Female,20,67.08054,134.2481,정상
Male,24,66.53602,133.3901,정상
Female,30,70.85159,155.4236,정상
Male,20,65.99732,132.6291,정상
Female,21,69.65644,128.9009,정상
Female,33,64.36495,113.6952,정상
Male,29,68.51561,122.5108,저체중
Male,31,67.01001,132.9762,정상
Female,28,68.65082,122.8115,저체중
Male,35,70.11761,120.1837,저체중
Female,30,67.66432,114.333,저체중
Female,24,67.54436,117.0024,저체중
Male,25,69.24622,135.6679,정상
Male,30,64.70908,119.9401,정상
Female,21,67.77202,118.5771,저체중
Female,35,67.88823,138.9753,정상
Male,33,69.54154,125.8526,저체중
Male,31,69.92873,127.9198,저체중
Male,30,69.47751,135.3065,정상
Female,30,67.55945,127.4039,정상
Male,22,67.83063,132.731,정상
Male,18,71.63342,133.7823,저체중
Male,30,66.93561,126.6451,정상
Male,32,66.40984,115.8011,저체중
Male,20,67.25458,126.4183,정상
Male,27,67.42176,119.9688,정상
Female,20,66.89243,119.7186,정상
Female,29,64.41136,124.1027,정상
Male,23,68.08186,119.4421,저체중
Female,29,68.73489,121.9388,저체중
Male,18,66.84196,129.2855,정상
Male,30,66.38618,124.5214,정상
Female,26,65.80415,130.1618,정상
Male,35,65.57517,122.5124,정상
Female,32,68.65405,140.5776,정상
Male,29,65.51063,126.527,정상
Female,26,70.83038,133.8104,정상
Female,19,65.4054,129.794,정상
Male,19,71.85374,130.9334,저체중
Male,27,65.69257,124.2145,정상
Male,18,64.50068,114.1913,정상
Male,22,67.32663,142.5938,정상
Male,29,68.82231,137.0983,정상
Male,33,68.31438,138.8053,정상
Female,30,68.89476,135.4686,정상
Male,19,68.45037,122.0752,저체중
Male,35,70.38299,131.0126,정상
Female,27,66.77655,131.643,정상
Male,23,70.61416,127.9027,저체중
Male,26,67.99636,150.304,정상
Female,20,63.91795,126.4849,정상
Male,25,69.08168,123.5754,저체중
Male,32,67.94687,134.417,정상
Female,21,66.41264,141.9618,정상
Female,22,68.4113,114.6332,저체중
Male,24,69.17467,132.8267,정상
Female,20,68.80945,126.7765,정상
Male,27,67.98949,130.0852,정상
Male,20,67.47425,120.9892,정상
Male,22,69.37637,140.4862,정상
Male,25,66.7457,119.6273,정상
Male,24,71.81042,146.3814,정상
Male,26,68.49779,128.8718,정상
Male,19,66.22373,124.7247,정상
Female,20,68.48338,127.7586,정상
Female,21,67.48748,129.8294,정상
Female,20,66.80122,124.956,정상
Female,23,69.36031,117.2519,저체중
Female,31,69.44113,134.5996,정상
Male,23,68.02891,119.5087,저체중
Female,27,65.4401,105.3289,저체중
Female,22,68.05522,130.0591,정상
Male,25,65.44861,120.9266,정상
Female,27,69.01128,130.4463,정상
Female,26,66.13501,107.8115,저체중
Male,19,65.43462,115.348,정상
Female,34,67.70555,121.7045,정상
Male,35,72.00385,126.9701,저체중
Male,27,68.22827,122.7364,정상
Male,25,67.97769,132.02,정상
Female,22,69.6181,138.8191,정상
Female,27,71.23192,131.4701,저체중
Female,30,66.21527,125.8998,정상
Male,32,69.46816,130.0392,정상
Female,26,67.16775,118.855,정상
Male,23,67.92821,140.6105,정상
Female,20,68.02041,120.0773,저체중
Male,23,63.16568,101.9022,저체중
Male,31,67.43271,113.1315,저체중
Male,22,67.57909,148.2058,정상
Male,21,69.34236,130.11,정상
Male,31,69.03935,128.1055,정상
Female,18,66.5898,126.9651,정상
Male,29,67.04732,142.3191,정상
Female,25,70.93771,134.4353,정상
Male,34,66.26707,100.585,저체중
Female,33,66.61921,121.9217,정상
Male,29,68.54554,123.1625,저체중
Male,30,71.27733,126.1745,저체중
Female,19,68.28034,122.7293,정상
Female,30,70.04241,149.3332,정상
Male,23,68.7644,123.3415,저체중
Female,27,70.09987,135.2847,정상
Male,24,70.42506,136.6994,정상
Female,19,66.84364,119.8992,정상
Male,35,70.89055,138.6481,정상
Female,26,71.60107,138.3052,정상
Female,18,65.51369,130.2502,정상
Male,33,66.99057,106.9839,저체중
Male,34,68.35139,112.8812,저체중
Female,25,67.39169,131.0616,정상
Male,31,68.985,127.1889,정상
Male,21,66.60289,136.9817,정상
Male,31,68.2832,124.3849,정상
Male,31,65.51929,105.4043,저체중
Female,31,71.86969,142.1276,정상
Male,29,66.19577,126.6438,정상
Female,25,66.98863,132.0612,정상
Male,30,64.22788,120.3019,정상
Male,22,69.09806,138.3934,정상
Male,25,68.00458,135.4125,정상
Female,31,68.277,135.3096,정상
Female,24,71.698,147.4595,정상
Female,25,67.06982,104.1591,저체중
Female,26,66.98454,130.183,정상
Male,32,70.71295,170.924,정상
Male,32,66.30287,137.6953,정상
Male,29,68.78265,126.7758,정상
Female,30,69.2984,121.2638,저체중
Female,22,68.03691,107.9584,저체중
Female,34,67.27286,141.7463,정상
Female,31,61.93152,85.2904,저체중
Female,21,68.44672,134.0838,정상
Male,21,65.52171,121.4215,정상
Male,27,68.73061,123.9749,저체중
Female,23,70.32188,119.7992,저체중
Female,33,70.72616,136.5876,정상
Male,33,67.23886,142.0396,정상
Male,21,67.42973,115.9108,저체중
Male,30,66.44447,119.4981,정상
Female,23,65.92998,112.2153,저체중
Male,26,68.45982,123.3502,정상
Female,25,69.43594,134.1796,정상
Male,35,65.32774,121.3348,정상
Female,27,67.30054,126.6744,정상
Female,26,67.6736,125.3719,정상
Male,24,67.76707,114.1675,저체중
Male,31,66.39375,121.5455,정상
Female,23,70.14848,116.3663,저체중
Female,35,67.81882,129.6804,정상
Male,22,68.92743,129.8436,정상
Female,27,69.97517,135.5642,정상
Male,21,65.96101,117.1969,정상
Female,35,68.8375,128.1107,정상
Female,31,67.46994,121.8602,정상
Female,18,65.67254,132.8915,정상
Female,22,72.42515,129.0739,저체중
Male,28,66.33452,127.956,정상
Male,22,68.16377,145.4734,정상
Male,34,68.80719,142.8541,정상
Female,18,67.89934,117.397,저체중
Male,27,69.75835,122.7009,저체중
Male,26,67.65443,133.8413,정상
Female,18,66.06129,132.3972,정상
Male,30,68.07253,134.6856,정상
Female,22,65.00025,118.8709,정상
Male,27,67.95845,127.4662,정상
Male,34,68.88694,122.875,저체중
Male,19,65.41879,120.3438,정상
Female,33,68.1777,120.0616,저체중
Male,27,70.3772,126.5767,저체중
Female,26,68.11999,116.4353,저체중
Male,20,68.35276,124.8255,정상
Male,21,69.42068,131.768,정상
Female,24,67.65704,104.6366,저체중
Female,30,67.9709,133.9997,정상
Female,29,65.89416,113.7654,저체중
Male,18,67.92834,129.1861,정상
Female,28,67.67419,133.0796,정상
Female,18,67.17717,112.4891,저체중
Male,23,70.64743,122.3352,저체중
Male,23,71.01751,130.6425,저체중
Female,24,65.9993,115.9772,정상
Male,32,66.66578,128.0432,정상
Female,24,64.56593,102.0383,저체중
Female,21,64.96159,107.4868,저체중
Female,19,68.93317,126.2217,정상
Female,26,68.6422,138.0343,정상
Female,26,68.77736,154.8517,정상
Male,31,66.67804,139.1714,정상
Male,28,67.99234,133.4281,정상
Female,27,67.73219,120.8693,정상
Female,20,68.88114,127.9823,정상
Female,32,67.81179,142.3762,정상
Male,25,72.26487,136.5009,저체중
Female,24,70.06893,117.0553,저체중
Female,20,66.14966,131.4211,정상
Male,19,68.69605,133.577,정상
Female,22,68.47571,131.9537,정상
Female,34,68.37802,119.9539,저체중
Female,33,68.87878,119.3971,저체중
Female,29,65.80924,112.8845,저체중
Female,35,69.2799,152.5435,정상
Male,31,67.01129,127.7649,정상
Female,28,68.20847,112.9406,저체중
Female,22,68.68965,134.1251,정상
Male,30,66.05144,119.3036,정상
Male,35,69.09455,127.3372,정상
Male,27,68.86576,112.7935,저체중
Female,29,67.87248,127.7199,정상
Male,21,67.02254,114.1688,저체중
Male,29,64.26864,112.2987,정상
Male,28,69.22231,127.7632,정상
Male,31,69.18516,115.089,저체중
Female,22,69.28583,146.5881,정상
Female,25,67.54616,128.8973,정상
Female,30,67.27501,155.8189,정상
Female,19,68.14682,124.0938,정상
Female,29,68.11154,119.0578,저체중
Male,27,68.00907,145.3193,정상
Male,31,66.10884,127.8689,정상
Male,27,74.36328,164.6643,정상
Female,34,69.87349,137.2025,정상
Male,35,64.30282,118.0081,정상
Female,27,68.1745,154.0079,정상
Male,21,68.00916,125.3284,정상
Male,22,68.13485,119.87,저체중
Male,31,66.8495,110.174,저체중
Female,24,68.04704,131.5455,정상
Male,20,68.95045,129.1584,정상
Female,29,67.56709,112.434,저체중
Female,31,66.34841,109.9387,저체중
Male,26,67.87075,135.8476,정상
Female,23,67.06849,118.8617,정상
Female,26,67.23477,114.1638,저체중
Female,32,69.6254,131.1821,정상
Male,26,66.96018,134.7602,정상
Female,28,68.90732,144.3025,정상
Male,30,71.60814,144.5143,정상
Female,27,65.20502,118.2572,정상
Female,27,67.72312,123.8437,정상
Male,18,65.36188,117.1863,정상
Male,35,71.26753,125.0196,저체중
Female,32,65.11686,117.0472,정상
Male,29,71.23323,145.6988,정상
Male,34,66.98585,109.8113,저체중
Male,18,68.98353,127.9516,정상
Male,29,67.07174,126.4042,정상
Female,35,69.87863,141.4678,정상
Male,22,66.15177,111.9139,저체중
Male,28,67.17694,120.6343,정상
Male,22,66.65138,111.267,저체중
Female,19,67.02613,131.52,정상
Female,21,69.05469,134.6582,정상
Female,27,70.30558,130.5531,정상
Male,34,69.15782,137.8314,정상
Female,31,67.70344,108.9052,저체중
Female,35,68.77537,138.0502,정상
Female,31,68.18873,127.1719,정상
Male,23,67.00131,129.8178,정상
Female,27,72.68545,124.1497,저체중
Female,28,67.1693,126.4281,정상
Female,29,68.52314,146.2621,정상
Female,34,65.75194,116.2159,정상
Male,32,69.40466,127.6167,정상
Female,27,67.27594,131.5767,정상
Female,24,66.33031,118.3779,정상
Male,29,66.81347,121.6926,정상
Male,27,68.20959,128.8569,정상
Female,23,66.85651,105.9897,저체중
Female,19,68.28564,123.0402,정상
Male,22,68.86183,134.6779,정상
Male,25,70.22727,120.4772,저체중
Female,22,68.51085,125.3584,정상
Male,25,68.12993,108.1225,저체중
Male,22,67.45958,133.6881,정상
Female,20,67.95057,132.93,정상
Female,30,70.41003,132.8924,정상
Female,25,68.82861,132.9931,정상
Male,29,70.88474,132.2668,정상
Female,19,70.23488,131.4445,정상
Female,23,65.12636,122.1146,정상
Female,21,70.7406,128.0491,저체중
Male,26,68.1794,126.5975,정상
Male,22,66.28166,132.7775,정상
Male,33,68.59748,135.9033,정상
Male,31,66.23597,119.438,정상
Male,26,67.42763,112.0482,저체중
Male,33,70.93428,134.7475,정상
Male,25,68.2984,121.2823,저체중
Female,26,66.51911,135.1788,정상
Female,19,67.50653,126.2248,정상
Male,28,71.31381,144.7622,정상
Male,20,67.86603,137.0526,정상
Female,33,68.4164,127.039,정상
Female,26,70.70831,132.575,정상
Female,19,67.2978,98.74301,저체중
Female,24,66.98357,120.0619,정상
Male,19,65.73548,135.6257,정상
Female,21,63.46952,109.7989,정상
Female,27,72.31104,152.7759,정상
Female,27,66.5271,126.2462,정상
Male,21,65.98844,129.6398,정상
Male,27,65.54355,114.8749,정상
Male,35,69.63987,126.6245,저체중
Male,24,69.35826,133.0021,정상
Male,26,67.58203,107.7908,저체중
Female,33,70.18844,131.0572,정상
Male,20,67.913,131.565,정상
Male,32,65.9935,116.3407,정상
Female,21,68.45079,127.9629,정상
Female,22,67.8761,132.2874,정상
Male,20,68.20301,122.2456,저체중
Female,35,68.02558,121.6909,저체중
Male,28,70.11194,130.6004,정상
Male,33,69.95523,145.4424,정상
Male,27,70.2156,147.6645,정상
Female,30,70.92745,129.8921,저체중
Male,26,64.90177,111.0552,정상
Female,32,65.83748,120.8376,정상
Male,32,67.36794,131.8412,정상
Female,18,65.16759,127.1526,정상
Female,22,65.57954,121.4738,정상
Male,24,69.5881,128.133,정상
Male,29,69.20122,139.1962,정상
Male,22,68.24975,138.9947,정상
Female,22,70.38081,133.4191,정상
Male,19,68.32966,133.8127,정상
Male,35,64.35599,133.6729,정상
Male,18,66.98202,120.6984,정상
Female,25,69.39666,126.7731,정상
Female,21,66.24724,99.07691,저체중
Female,23,70.81716,137.0278,정상
Male,31,72.21471,135.0052,저체중
Male,21,69.06657,142.6149,정상
Female,32,70.86115,130.7419,저체중
Male,22,73.33584,133.4109,저체중
Male,18,69.71521,133.5603,정상
Male,31,68.7218,134.5512,정상
Male,19,70.15159,143.2453,정상
Male,27,71.07028,128.1241,저체중
Female,30,68.77062,145.2039,정상
Male,26,69.30497,114.185,저체중
Male,30,69.12822,147.1321,정상
Male,22,68.91395,132.5095,정상
Male,26,67.71189,129.3881,정상
Female,33,63.00544,116.1438,정상
Female,32,68.7807,128.5783,정상
Male,20,63.02884,96.47744,저체중
Female,32,68.89673,136.2149,정상
Female,27,66.21931,132.252,정상
Male,22,68.06832,141.576,정상
Male,20,67.57157,128.3205,정상
Female,25,66.11571,136.9935,정상
Male,28,66.22051,106.2064,저체중
Male,25,64.08406,111.7218,정상
Male,32,66.77064,108.8598,저체중
Female,29,67.33892,133.2337,정상
Female,35,65.75905,140.6289,정상
Female,34,69.00995,141.837,정상
Male,35,69.17655,139.7818,정상
Female,22,65.96052,102.3802,저체중
Male,25,64.14294,115.0981,정상
Female,23,67.01845,119.8016,정상
Male,32,68.14749,128.0245,정상
Female,18,67.35561,119.2536,저체중
Male,33,66.94659,129.5847,정상
Female,19,69.23785,124.8157,저체중
Male,33,64.77966,89.64885,저체중
Male,34,69.54866,125.9774,저체중
Female,23,68.95676,124.3441,저체중
Male,30,68.80266,138.0014,정상
Female,27,69.31999,131.6757,정상
Male,34,72.35849,139.2038,정상
Female,27,66.13184,118.5572,정상
Female,28,67.77688,117.444,저체중
Female,35,68.65699,107.8873,저체중
Female,27,67.91922,131.6555,정상
Female,31,70.34445,131.6005,정상
Male,22,71.06425,152.8456,정상
Female,28,68.3927,123.4257,정상
Male,33,66.79712,131.5125,정상
Male,32,64.93783,103.7577,저체중
Male,24,70.14231,117.884,저체중
Female,35,64.00875,104.3435,저체중
Female,29,69.51978,129.9665,정상
Male,32,66.94273,117.6676,저체중
Female,34,70.87794,149.1428,정상
Male,30,65.24649,116.9904,정상
Male,28,69.49131,126.0984,저체중
Female,32,68.08959,128.0709,정상
Male,29,70.65463,149.4745,정상
Female,24,64.93386,96.67888,저체중
Male,28,68.70534,124.5106,정상
Male,29,67.11498,119.0296,정상
Male,19,70.00068,140.9303,정상
Male,18,72.37892,156.8464,정상
Male,34,68.172,115.1333,저체중
Female,33,67.24574,135.0178,정상
Male,22,66.04961,127.901,정상
Female,27,64.85955,115.5248,정상
Female,35,69.52955,130.5978,정상
Female,29,68.82408,132.1751,정상
Female,30,69.41921,137.9209,정상
Male,30,69.05841,111.3935,저체중
Male,34,68.89369,119.6711,저체중
Female,32,68.73216,130.2555,정상
Male,35,69.49069,132.1774,정상
Male,22,64.10059,121.0721,정상
Male,19,68.30462,142.3127,정상
Male,22,68.71525,114.003,저체중
Female,29,65.69719,107.6348,저체중
Female,18,68.09404,115.4798,저체중
Female,34,66.51622,135.7521,정상
Female,23,68.52534,133.3322,정상
Male,25,69.20887,135.9792,정상
Male,23,67.70321,120.999,정상
Male,22,68.15955,130.7498,정상
Female,31,67.18814,106.7904,저체중
Male,21,68.50904,119.4901,저체중
Male,26,66.51943,138.5418,정상
Male,27,66.27868,115.6044,정상
Female,33,67.47904,114.978,저체중
Male,32,67.17176,134.8531,정상
Male,30,70.21021,141.9264,정상
Female,23,66.48457,113.2493,저체중
Male,29,67.38335,139.6947,정상
Male,35,69.63142,147.2102,정상
Female,22,69.05892,145.238,정상
Female,24,67.73576,99.74502,저체중
Female,32,68.0427,127.537,정상
Female,21,70.50652,143.0547,정상
Female,20,68.61607,122.2814,저체중
Female,30,70.54593,142.2969,정상
Male,31,65.89082,118.0925,정상
Female,29,71.21608,157.4503,정상
Female,31,68.20518,114.4749,저체중
Male,23,67.74012,138.1428,정상
Male,25,66.26527,110.327,저체중
Female,29,65.53319,105.8284,저체중
Female,25,66.51322,113.1916,저체중
Male,19,67.35638,131.4344,정상
Male,27,70.30591,133.8064,정상
Male,33,67.04142,112.9803,저체중
Male,30,67.7369,110.5975,저체중
Female,25,69.66034,140.415,정상
Male,24,69.98999,148.9512,정상
Male,18,66.79277,127.3793,정상
Female,31,66.00918,133.9975,정상
Female,22,66.62111,130.0858,정상
Male,30,69.74276,132.0686,정상
Male,23,66.16467,131.0357,정상
Female,31,70.20538,132.2909,정상
Female,30,68.60463,135.4929,정상
Female,21,70.62429,111.8873,저체중
Female,25,66.94547,119.7758,정상
Female,24,70.34761,121.937,저체중
Male,24,65.49205,108.3441,저체중
Female,20,68.89339,128.0101,정상
Male,21,66.19965,125.1485,정상
Male,22,66.36441,123.1231,정상
Male,18,66.77807,137.3777,정상
Male,28,68.09728,120.4912,저체중
Male,25,68.22134,149.196,정상
Male,29,70.09705,139.6371,정상
Male,30,72.1712,128.1616,저체중
Male,30,68.84442,143.5309,정상
Female,29,69.66256,136.6815,정상
Male,24,68.7237,132.2889,정상
Female,26,65.52882,129.2356,정상
Male,30,70.69497,127.5854,저체중
Male,21,67.00435,119.8816,정상
Male,31,67.55287,121.7881,정상
Female,31,68.9392,118.0553,저체중
Male,22,66.89064,129.4493,정상
Female,26,66.87923,132.1593,정상
Female,26,69.27991,130.8975,정상
Female,19,68.63068,112.5824,저체중
Female,19,66.02106,134.9502,정상
Female,25,67.31835,126.3568,정상
Female,21,70.64068,121.9356,저체중
Female,28,66.5818,131.6912,정상
Female,30,66.24792,126.2204,정상
Male,18,65.96918,126.7294,정상
Female,19,66.08834,130.1595,정상
Female,29,68.74671,126.0762,정상
Female,28,68.38332,152.4418,정상
Male,19,64.73972,122.4279,정상
Female,26,68.56976,135.6351,정상
Female,25,67.50394,124.7759,정상
Male,22,69.83182,132.6278,정상
Male,27,66.93919,131.6494,정상
Female,28,67.87115,117.8922,저체중
Female,30,66.38765,127.8206,정상
Male,24,66.71594,114.609,저체중
Male,32,69.92883,160.4871,정상
Male,23,65.60065,116.6834,정상
Male,27,68.94104,132.7443,정상
Female,23,67.35421,116.3161,저체중
Male,28,69.2689,126.223,저체중
Female,25,64.78382,124.4218,정상
Male,26,69.00289,131.0501,정상
Male,19,67.94108,149.5679,정상
Male,26,69.77799,127.8931,저체중
Male,27,68.26272,127.9975,정상
Male,25,68.02075,131.2079,정상
Female,19,69.04822,113.5618,저체중
Male,19,67.98576,137.0912,정상
Female,20,63.50795,114.8749,정상
Male,19,69.56909,127.9663,정상
Female,18,69.10658,119.2041,저체중
Female,30,69.17856,134.1517,정상
Male,34,67.06151,120.7166,정상
Female,34,70.89432,131.7651,저체중
Male,25,69.36734,137.5629,정상
Male,27,66.55432,124.5989,정상
Female,19,68.00765,129.6789,정상
Male,27,67.29039,115.1226,저체중
Female,33,66.88356,118.4508,정상
Female,21,73.22072,137.0768,저체중
Female,27,66.95094,128.8915,정상
Female,34,65.93861,117.8413,정상
Female,18,68.06028,98.9001,저체중
Male,25,65.9792,140.0098,정상
Female,24,69.32477,138.604,정상
Male,18,68.01965,116.1544,저체중
Female,18,73.88574,135.9816,저체중
Male,33,68.7284,128.3036,정상
Female,24,66.98669,129.6223,정상
Female,29,67.65185,147.7052,정상
Male,23,66.73298,138.5239,정상
Male,19,67.57886,105.3225,저체중
Male,26,70.88703,139.6806,정상
Male,26,68.64071,134.5343,정상
Female,28,66.38501,128.8816,정상
Male,29,67.74524,128.6228,정상
Male,24,69.42469,137.1312,정상
Female,18,64.21102,113.6698,정상
Female,18,69.04355,135.6615,정상
Female,35,68.44013,143.8953,정상
Male,33,69.86939,123.235,저체중
Female,22,67.27641,112.1723,저체중
Male,32,69.26705,121.2725,저체중
Female,25,65.83018,129.2681,정상
Female,22,66.56855,129.3466,정상
Male,28,66.89784,137.6947,정상
Male,23,69.58798,113.665,저체중
Male,29,69.61101,136.2898,정상
Female,23,67.90062,136.0332,정상
Male,20,66.4422,129.4758,정상
Female,23,70.1338,134.4689,정상
Female,35,67.24137,134.0858,정상
Female,29,71.40024,118.804,저체중
Female,25,68.81761,116.5307,저체중
Female,27,66.00638,120.3,정상
Female,21,66.82919,125.1578,정상
Male,26,66.77789,123.6758,정상
Female,19,64.55809,113.8706,정상
Male,25,67.49962,137.1728,정상
Female,26,72.09703,134.2724,저체중
Female,23,71.48656,105.5331,저체중
Female,20,67.70221,130.5761,정상
Female,34,69.02373,114.3528,저체중
Female,20,66.73813,119.0173,정상
Male,20,64.09479,107.0877,저체중
Male,29,69.55031,115.7306,저체중
Female,33,67.28152,131.3143,정상
Male,32,70.83864,142.2989,정상
Male,19,65.30751,119.7157,정상
Male,25,68.17705,126.0792,정상
Female,28,67.49175,109.8464,저체중
Male,33,67.69924,123.8695,정상
Male,26,68.89262,138.0155,정상
Female,34,66.69777,121.1209,정상
Male,28,68.02164,131.326,정상
Male,31,72.32382,130.0773,저체중
Male,35,67.89736,119.9817,저체중
Male,23,65.94463,100.5898,저체중
Female,29,68.43859,137.938,정상
Female,22,68.34332,129.9947,정상
Male,24,67.50727,112.6174,저체중
Female,31,65.73491,115.5253,정상
Female,19,68.45227,122.7969,저체중
Female,30,68.09452,112.6967,저체중
Female,31,66.87642,111.7273,저체중
Female,35,68.78042,118.6681,저체중
Female,26,67.76232,117.16,저체중
Male,22,66.92622,133.9616,정상
Male,25,70.4839,122.8518,저체중
Female,26,66.90481,126.6455,정상
Female,22,67.21178,155.0082,정상
Female,33,67.93338,119.7698,저체중
Female,28,69.36009,138.4303,정상
Female,25,67.2037,129.3922,정상
Male,35,66.11772,113.1732,저체중
Female,20,68.87141,141.5641,정상
Male,26,72.13664,129.6934,저체중
Male,26,66.47378,121.8011,정상
Female,20,67.44181,136.2936,정상
Male,35,66.45604,133.1168,정상
Female,19,64.93446,113.589,정상
Male,25,71.13511,151.4674,정상
Male,33,68.14569,130.1973,정상
Female,35,69.80663,131.1705,정상
Male,32,69.09198,126.1547,정상
Male,31,70.73962,141.7215,정상
Male,19,69.69246,135.3223,정상
Female,33,67.18323,137.3825,정상
Female,28,70.75638,123.4866,저체중
Male,19,70.79804,125.7816,저체중
Male,18,67.59872,128.558,정상
Male,20,69.14817,153.3639,정상
Female,29,68.47791,137.359,정상
Female,21,71.2696,145.0339,정상
Male,32,69.58091,131.7444,정상
Female,35,67.99813,118.223,저체중
Male,34,67.12516,126.1205,정상
Male,31,66.94553,118.117,정상
Female,18,69.35076,141.2216,정상
Male,35,68.86773,136.9215,정상
Female,20,67.19725,136.8241,정상
Female,20,66.15149,123.9501,정상
Male,23,67.66962,135.2617,정상
Male,25,63.29618,111.4056,정상
Female,30,71.77485,145.7175,정상
Male,20,70.76918,134.8925,정상
Female,30,65.76134,110.0183,저체중
Female,28,69.57368,136.346,정상
Female,31,69.7701,111.5563,저체중
Female,33,71.90393,141.4574,정상
Male,26,71.83818,139.7878,정상
Female,33,69.74181,124.4227,저체중
Female,23,65.40817,122.8072,정상
Female,34,69.73609,152.6969,정상
Male,21,68.05785,115.7184,저체중
Female,19,65.56584,101.7955,저체중
Male,18,68.58632,121.2848,저체중
Female,32,70.5479,121.361,저체중
Female,29,68.62838,116.4417,저체중
Male,34,67.30469,125.7158,정상
Male,32,67.86793,132.4746,정상
Female,28,68.18436,111.6939,저체중
Female,20,67.12433,123.5312,정상
Male,29,67.50781,127.5459,정상
Male,22,69.74866,136.4338,정상
Male,22,65.94502,119.3141,정상
Male,20,66.03597,116.2143,정상
Male,30,66.74873,136.2302,정상
Female,24,69.30449,118.5162,저체중
Female,28,69.05283,144.8074,정상
Male,23,68.50867,133.9436,정상
Male,33,66.63013,118.1453,정상
Male,25,68.67406,124.6569,정상
Male,31,69.93061,138.8325,정상
Male,20,69.11316,151.1101,정상
Male,21,67.21939,132.8338,정상
Male,25,68.94888,115.6681,저체중
Female,33,71.6822,138.0712,정상
Male,21,67.7161,120.4559,저체중
Male,34,66.04065,129.7117,정상
Female,20,69.56767,129.7364,정상
Male,20,67.04789,136.4177,정상
Male,28,66.11294,104.4748,저체중
Female,22,67.56696,117.3571,저체중
Male,23,68.2101,119.4079,저체중
Female,22,69.0425,127.1652,정상
Female,28,65.20788,132.5724,정상
Male,35,66.56896,135.5198,정상
Female,30,69.09239,144.5847,정상
Male,30,67.34629,118.7027,저체중
Male,35,67.37558,120.6235,정상
Female,20,69.39824,138.4163,정상
Male,32,69.52151,145.1544,정상
Male,31,68.78586,139.9157,정상
Male,35,66.75113,111.2522,저체중
Female,26,65.84981,136.9029,정상
Female,27,66.74378,112.7127,저체중
Female,24,69.8469,150.5891,정상
Female,31,69.66479,144.4128,정상
Female,21,70.61706,122.7131,저체중
Female,25,64.87192,127.745,정상
Male,21,68.09578,123.5007,정상
Female,18,64.12978,125.8286,정상
Male,32,69.1366,152.2569,정상
Male,24,70.70527,133.3353,정상
Male,34,66.38376,115.6821,저체중
Male,25,66.95437,128.1657,정상
Male,24,69.3349,131.2696,정상
Male,34,67.6326,123.7498,정상
Male,31,68.67163,112.0543,저체중
Female,35,66.97528,133.7971,정상
Female,35,69.32415,118.631,저체중
Female,24,68.65077,117.349,저체중
Male,35,69.52713,130.0545,정상
Female,27,67.5071,120.5993,정상
Male,31,68.41559,130.557,정상
Male,18,67.18894,119.2439,정상
Female,26,67.64362,129.8738,정상
Female,25,67.63143,111.9499,저체중
Male,26,71.0885,144.0961,정상
Female,34,66.35595,135.0814,정상
Female,28,66.55633,125.1865,정상
Female,18,69.48096,144.4402,정상
Male,21,72.13324,141.1153,정상
Female,28,68.37214,130.76,정상
Male,26,65.24215,107.3398,저체중
Female,29,68.35973,122.4447,저체중
Male,25,67.12836,123.7953,정상
Female,27,70.71221,129.5686,저체중
Female,32,70.10355,147.6963,정상
Male,20,69.91417,128.8815,정상
Male,32,67.03445,118.5148,정상
Male,33,68.48906,135.0043,정상
Male,30,62.50449,126.834,정상
Female,29,66.28271,122.121,정상
Male,35,71.18243,147.7423,정상
Female,24,64.96701,118.9745,정상
Male,33,66.83755,119.1425,정상
Male,21,69.31263,143.318,정상
Male,21,68.00003,124.0098,정상
Male,20,70.93041,138.5522,정상
Female,35,69.55078,127.6665,정상
Female,30,67.04168,125.6018,정상
Female,28,66.68499,126.4684,정상
Male,34,66.96568,144.4394,정상
Female,25,66.45649,106.8881,저체중
Male,28,69.38291,114.7144,저체중
Male,26,68.39972,131.8536,정상
Female,22,65.99324,118.3222,정상
Male,25,68.32092,136.5044,정상
Male,35,69.10337,130.0111,정상
Male,24,68.42546,121.4558,저체중
Female,21,68.20753,133.0912,정상
Female,33,67.8287,126.2769,정상
Female,34,66.20781,123.2416,정상
Male,26,70.02744,132.5108,정상
Male,27,72.33837,146.1178,정상
Female,34,69.07669,133.8041,정상
Female,25,63.47989,109.4272,정상
Male,22,68.39232,132.9664,정상
Male,24,66.38785,107.8609,저체중
Male,19,66.35839,141.0786,정상
Male,28,67.90974,127.899,정상
Female,20,67.99457,135.2005,정상
Male,24,69.33638,116.2041,저체중
Male,24,67.60547,134.3536,정상
Female,26,67.39241,118.188,저체중
Male,25,65.40662,138.0298,정상
Male,25,67.08266,125.0373,정상
Female,28,66.1459,117.1214,정상
Male,33,69.02208,147.0445,정상
Female,26,65.41424,118.1839,정상
Male,30,62.44899,97.60294,저체중
Female,18,66.46524,116.9524,정상
Female,29,70.5789,125.9388,저체중
Female,30,67.11866,129.8029,정상
Male,33,69.02602,117.0323,저체중
Male,29,65.29178,103.3172,저체중
Female,29,67.25249,122.7412,정상
Male,34,67.7796,135.983,정상
Female,30,70.45204,127.5806,저체중
Female,28,71.466,136.1768,정상
Male,34,67.65154,114.2668,저체중
Female,30,67.83536,133.7095,정상
Female,31,67.38724,124.5322,정상
Female,18,67.91087,122.5197,정상
Male,27,65.85116,119.9984,정상
Male,18,70.53984,145.7572,정상
Male,26,65.54683,127.3529,정상
Female,22,66.72193,124.4206,정상
Male,27,68.08321,142.2061,정상
Male,22,69.15879,133.4787,정상
Female,21,66.47756,121.2549,정상
Female,32,64.37265,111.2446,정상
Female,18,72.18026,145.5891,정상
Female,28,69.04682,141.238,정상
Male,23,66.6879,132.1882,정상
Male,34,67.05403,116.8532,저체중
Female,32,66.72188,114.0862,저체중
Female,34,67.90779,121.8853,정상
Female,22,70.29567,135.9697,정상
Male,26,70.14594,155.0147,정상
Male,18,64.90698,106.2489,저체중
Male,22,68.15533,155.6542,정상
Male,29,69.76311,132.7484,정상
Female,20,65.19432,125.919,정상
Male,21,68.60431,130.8794,정상
Male,28,68.31467,139.5657,정상
Female,26,69.28143,124.0809,저체중
Female,31,66.72096,120.1462,정상
Male,26,66.2546,136.0814,정상
Male,22,70.41851,126.6505,저체중
Male,22,69.15107,122.1065,저체중
Male,30,65.90954,119.7513,정상
Male,26,68.92271,123.6162,저체중
Female,32,68.88487,130.892,정상
Female,30,64.58076,150.6921,과체중
Male,19,66.58124,120.6348,정상
Female,24,65.38313,115.8133,정상
Female,18,68.45964,104.5201,저체중
Female,29,68.08292,106.1436,저체중
Female,27,67.98588,124.5469,정상
Female,33,65.43668,96.64915,저체중
Male,34,68.35283,145.9472,정상
Female,26,69.59921,141.6018,정상
Female,35,67.76728,122.9415,정상
Male,26,66.54611,128.5828,정상
Male,28,67.40557,129.7861,정상
Female,25,71.61858,150.7782,정상
Male,26,69.78806,140.5096,정상
Female,31,65.46436,108.0159,저체중
Male,21,69.84842,146.8392,정상
Female,31,67.59114,126.3141,정상
Male,22,65.39097,130.7129,정상
Male,34,69.16565,114.3258,저체중
Male,23,70.8537,139.41,정상
Female,30,69.64932,137.3018,정상
Male,30,69.75493,121.4986,저체중
Male,21,67.29615,126.7282,정상
Male,20,68.00311,103.2192,저체중
Female,24,68.23844,123.0584,정상
Female,31,69.10888,139.3881,정상
Female,21,69.16784,132.2421,정상
Male,20,67.40236,107.6678,저체중
Female,35,66.97412,115.914,저체중
Female,31,68.14213,149.2678,정상
Male,19,65.77882,111.7485,저체중
Female,21,68.86055,123.2045,저체중
Male,22,68.54418,125.2815,정상
Female,22,66.24232,123.1627,정상
Female,33,66.05281,116.5253,정상
Male,34,66.78253,124.9536,정상
Female,22,68.22373,105.4156,저체중
Female,30,70.81098,149.8862,정상
Female,34,67.51193,126.031,정상
Male,27,68.7292,144.2782,정상
Female,18,69.03442,137.2801,정상
Male,18,66.69993,127.0516,정상
Female,22,67.66684,137.4976,정상
Female,22,70.04342,156.4566,정상
Male,23,70.71417,128.557,저체중
Female,30,67.21338,129.1064,정상
Female,20,69.51067,139.2973,정상
Female,33,64.84702,99.24033,저체중
Female,19,72.42524,134.8079,저체중
Female,32,69.204,117.0954,저체중
Female,33,70.63329,144.9647,정상
Male,32,70.21055,122.4646,저체중
Female,27,70.91114,134.6232,정상
Female,27,67.6791,111.4813,저체중
Female,30,68.51935,127.5446,정상
Female,19,67.49054,125.2224,정상
Male,27,70.94239,127.097,저체중
Female,26,68.22454,140.903,정상
Female,34,67.8618,122.2685,정상
Female,27,65.79765,104.3895,저체중
Female,29,66.93034,119.7403,정상
Female,24,65.2842,114.2336,정상
Male,29,69.92925,124.9368,저체중
Male,27,71.99579,120.0237,저체중
Female,28,67.26327,114.2686,저체중
Male,22,65.66178,113.5902,정상
Male,20,66.50243,131.9956,정상
Female,18,67.66008,144.2397,정상
Male,23,71.24889,136.9907,정상
Male,30,64.63061,121.5164,정상
Male,20,69.61857,133.2628,정상
Male,35,64.98777,136.4346,정상
Male,21,70.80755,132.1319,정상
Male,24,67.21426,105.3348,저체중
Female,35,69.62967,124.178,저체중
Male,34,69.67729,138.7077,정상
Female,35,66.84127,121.048,정상
Male,26,67.95575,138.3578,정상
Male,18,67.91859,103.1035,저체중
Female,32,68.29201,110.3958,저체중
Male,34,70.71797,131.3595,저체중
Female,27,68.38443,143.1785,정상
Male,19,66.02316,113.8072,저체중
Male,28,66.51135,110.2655,저체중
Female,33,68.05802,110.1398,저체중
Male,35,68.09044,126.9757,정상
Female,18,67.63946,114.1426,저체중
Male,22,68.35095,126.1809,정상
Male,33,66.916,111.5822,저체중
Female,26,68.87816,120.9969,저체중
Female,18,68.03941,137.2248,정상
Female,27,71.01294,131.4479,저체중
Male,31,70.58233,140.0745,정상
Male,18,63.17217,127.2456,정상
Female,27,69.78974,145.0778,정상
Male,32,65.67569,123.1591,정상
Male,35,66.51317,126.2002,정상
Male,33,68.91807,132.491,정상
Male,27,67.54731,105.6248,저체중
Female,26,67.16725,117.6846,저체중
Male,25,70.30407,138.4226,정상
Male,24,67.94455,118.7549,저체중
Male,21,70.17937,134.815,정상
Male,35,68.84277,123.0811,저체중
Female,26,68.97817,138.3514,정상
Female,33,67.87172,144.6941,정상
Female,31,68.30452,122.0263,저체중
Male,18,71.59581,147.0324,정상
Female,27,70.97786,149.5895,정상
Female,32,67.04114,121.5026,정상
Male,30,69.75259,140.9001,정상
Male,21,69.34609,145.7199,정상
Male,19,68.47204,131.8399,정상
Male,34,66.46867,126.7618,정상
Male,18,71.68515,121.8591,저체중
Female,27,67.58847,118.7126,저체중
Male,34,64.62583,111.3351,정상
Female,30,68.08467,120.0023,저체중
Female,30,69.04082,110.3399,저체중
Male,29,71.47469,140.2681,정상
Male,33,68.29856,127.8518,정상
Male,27,66.48835,118.2103,정상
Female,27,67.65551,118.4708,저체중
Male,30,69.55965,130.298,정상
Male,23,68.07654,109.852,저체중
Female,20,69.53635,116.8769,저체중
Male,26,66.55122,116.5006,저체중
Male,35,71.81797,139.7074,정상
Female,22,69.15297,126.3293,정상
Male,22,67.38721,135.5659,정상
Female,29,64.94889,113.0076,정상
Female,29,68.1155,136.263,정상
Male,29,67.87942,118.7067,저체중
Male,22,71.15678,153.5749,정상
Male,28,69.55755,119.7754,저체중
Female,27,67.32935,133.2197,정상
Male,19,67.03618,121.7936,정상
Female,25,67.08475,132.8759,정상
Male,26,68.1142,123.9844,정상
Female,26,67.25607,124.3161,정상
Male,29,68.93456,134.6034,정상
Female,30,70.99654,137.4312,정상
Female,22,66.66773,130.2486,정상
Female,34,67.14848,124.8785,정상
Male,34,68.01276,119.6507,저체중
Female,27,68.37466,113.7195,저체중
Male,33,67.63132,127.4093,정상
Female,31,68.78129,130.9664,정상
Male,35,67.4519,109.2884,저체중
Male,23,69.05692,129.9515,정상
Female,27,71.58656,151.926,정상
Female,27,71.00215,133.315,정상
Male,25,65.48034,115.4925,정상
Male,23,64.84197,106.4034,저체중
Female,23,67.77064,142.9326,정상
Male,25,68.789,120.5641,저체중
Male,18,67.73549,122.7611,정상
Female,23,67.28621,133.0996,정상
Male,34,69.14033,131.7311,정상
Male,29,63.68432,113.8885,정상
Female,24,66.48606,123.3001,정상
Male,22,66.82771,133.2493,정상
Male,27,65.74972,106.1128,저체중
Female,29,70.15496,132.2557,정상
Male,24,68.03163,124.7543,정상
Male,27,68.73994,136.6091,정상
Female,33,66.67274,105.848,저체중
Female,22,70.44164,143.7073,정상
Female,20,65.21801,107.4109,저체중
Male,33,69.18892,110.2616,저체중
Male,23,65.7164,123.6866,정상
Female,25,68.20774,124.8594,정상
Male,34,65.6085,122.0489,정상
Female,35,66.99553,105.2913,저체중
Female,23,70.96623,131.4938,저체중
Male,23,64.28708,99.82706,저체중
Male,26,63.60355,122.3891,정상
Female,25,65.05165,118.8598,정상
Male,32,67.83126,121.3917,정상
Female,21,65.8442,122.9715,정상
Female,19,68.81007,136.9345,정상
Female,30,69.08438,127.0724,정상
Male,32,67.94823,120.2966,저체중
Female,26,69.52463,129.9461,정상
Female,23,67.97769,144.7071,정상
Female,19,64.96741,109.2457,저체중
Male,23,65.55484,129.2687,정상
Female,21,68.0052,117.0722,저체중
Male,24,68.62033,139.7228,정상
Female,21,69.17078,131.3516,정상
Female,32,68.50566,124.308,정상
Female,21,67.40238,137.9187,정상
Male,21,65.09312,135.5254,정상
Female,32,68.9391,137.8963,정상
Female,21,69.19971,138.739,정상
Male,35,68.16393,131.1518,정상
Female,18,69.91225,150.7507,정상
Female,32,66.13776,112.7742,저체중
Female,23,65.84225,135.3841,정상
Female,22,66.51608,132.3072,정상
Female,35,65.39554,129.0537,정상
Female,32,68.35417,135.2684,정상
Female,20,65.85458,146.8202,정상
Male,31,66.08547,126.153,정상
Male,25,69.56261,130.0292,정상
Male,18,68.54207,137.6653,정상
Male,22,71.27061,124.2243,저체중
Female,26,66.03755,129.0106,정상
Female,19,68.42545,124.8365,정상
Female,35,69.56302,130.9521,정상
Female,24,69.77139,143.4356,정상
Male,35,70.26466,123.3935,저체중
Female,32,70.02833,133.9895,정상
Female,18,69.23495,131.8937,정상
Male,19,67.75034,118.8212,저체중
Female,24,65.59472,110.1066,저체중
Female,30,69.77645,149.6136,정상
Male,34,69.46001,145.2864,정상
Male,26,68.43554,135.4124,정상
Female,26,67.05033,114.3176,저체중
Female,35,66.57575,127.931,정상
Male,33,66.15214,128.4151,정상
Female,25,69.05944,136.7033,정상
Female,23,66.27918,138.907,정상
Male,22,67.25881,135.2798,정상
Male,30,67.83695,127.7505,정상
Male,27,65.96984,130.823,정상
Male,26,64.81822,116.6434,정상
Male,25,68.43412,145.7155,정상
Female,26,67.49384,113.4681,저체중
Male,24,69.01647,137.0928,정상
Male,19,68.57292,117.2929,저체중
Female,20,67.87708,123.0777,정상
Male,23,68.99385,131.2152,정상
Female,20,66.69195,108.4437,저체중
Female,26,65.30731,118.1043,정상
Female,20,67.63371,127.8296,정상
Female,32,67.76547,127.0117,정상
Female,28,69.46199,124.0249,저체중
Male,32,69.137,123.3187,저체중
Female,27,70.76924,140.8299,정상
Male,33,69.74567,113.057,저체중
Male,31,70.86609,144.0689,정상
Male,31,67.96674,148.2726,정상
Female,25,68.52434,120.6406,저체중
Male,18,70.47887,133.3292,정상
Male,26,68.13987,133.8585,정상
Male,21,67.62197,96.74634,저체중
Female,29,67.40406,134.0505,정상
Female,23,70.70493,144.4624,정상
Female,23,67.0114,119.1376,정상
Female,30,70.72181,125.5266,저체중
Female,18,65.0906,113.8999,정상
Male,18,71.66102,140.5407,정상
Male,21,69.64489,119.1443,저체중
Male,35,66.06372,140.0926,정상
Male,23,69.53887,133.4508,정상
Male,29,66.72469,130.7197,정상
Female,21,69.14268,161.3014,정상
Male,26,68.47042,122.3227,저체중
Male,23,68.56545,125.885,정상
Female,34,70.33392,140.3581,정상
Female,31,64.83586,128.4784,정상
Male,20,67.00076,133.8422,정상
Female,34,67.61172,132.1716,정상
Male,23,69.2627,122.9415,저체중
Female,19,68.05574,125.929,정상
Female,24,67.01389,114.5908,저체중
Female,27,74.16797,142.7732,저체중
Male,30,67.46023,123.9729,정상
Male,34,66.59883,140.0618,정상
Female,33,65.20591,114.1975,정상
Female,18,69.12252,143.4608,정상
Male,34,69.04489,125.9477,정상
Male,22,67.23588,134.934,정상
Female,22,66.53866,124.4463,정상
Male,27,69.2864,139.5923,정상
Male,26,67.22009,133.8821,정상
Female,34,68.40132,109.7327,저체중
Female,31,68.52054,130.0861,정상
Female,27,66.77642,148.078,정상
Female,25,70.20339,137.6673,정상
Male,29,67.77726,138.0438,정상
Male,28,65.15073,99.8475,저체중
Male,29,68.77137,129.1743,정상
Male,32,70.98235,127.8665,저체중
Male,32,67.44011,138.8552,정상
Female,28,67.5907,137.1565,정상
Male,29,68.09234,122.353,정상
Female,27,68.58477,119.8123,저체중
Male,28,63.92414,94.96925,저체중
Female,26,67.13792,126.5541,정상
Female,24,67.96822,131.4434,정상
Female,24,67.40732,117.0252,저체중
Male,25,70.08201,142.9877,정상
Female,22,67.77124,119.2235,저체중
Female,23,69.15034,127.5277,정상
Male,29,67.00199,137.932,정상
Male,34,69.23248,132.5571,정상
Female,26,67.98002,129.1731,정상
Male,19,67.20279,102.0226,저체중
Female,19,68.98976,124.2182,저체중
Male,24,68.5983,126.5379,정상
Female,34,66.25204,146.6106,정상
Male,27,63.77589,127.3544,정상
Female,22,67.96185,125.154,정상
Male,26,66.16809,111.7997,저체중
Male,35,68.50417,131.5771,정상
Female,18,67.70934,136.3176,정상
Female,23,63.33119,112.6251,정상
Male,32,70.0918,139.5179,정상
Female,30,68.30094,134.7177,정상
Male,18,66.46884,138.402,정상
Female,31,68.88676,127.648,정상
Female,19,69.38352,122.0678,저체중
Female,35,69.00483,137.6559,정상
Male,26,70.05784,116.6165,저체중
Female,30,65.10116,123.1258,정상
Female,33,71.15266,130.5181,저체중
Male,34,67.87661,108.9897,저체중
Female,25,66.02093,127.3182,정상
Female,31,67.78396,114.3916,저체중
Male,18,69.83424,118.4764,저체중
Male,30,66.39018,108.4403,저체중
Male,25,67.72204,116.2668,저체중
Female,35,67.0671,110.0552,저체중
Female,33,70.70367,135.5553,정상
Female,26,70.03981,138.4753,정상
Female,22,68.47663,138.7668,정상
Female,22,69.2047,140.5522,정상
Male,26,65.23394,112.5476,정상
Female,27,68.89622,144.4723,정상
Male,20,71.20184,146.1089,정상
Male,19,73.45384,142.0065,정상
Male,32,64.68783,129.2138,정상
Male,22,66.5181,97.54695,저체중
Female,19,66.56509,111.3128,저체중
Male,23,67.75376,105.9587,저체중
Female,23,62.91681,123.054,정상
Female,28,65.18677,111.6079,저체중
Female,25,66.5578,116.3412,저체중
Male,26,71.6577,143.3796,정상
Male,32,64.46785,118.9773,정상
Male,20,66.28272,112.249,저체중
Female,29,68.42883,119.7445,저체중
Female,26,69.38397,123.9979,저체중
Male,33,65.31926,120.0737,정상
Female,24,68.66193,123.2477,저체중
Female,31,65.97339,115.6794,정상
Male,22,69.51667,129.7024,정상
Male,23,68.22985,122.1816,저체중
Male,24,69.83,136.8307,정상
Male,22,63.61518,107.139,정상
Male,19,67.99998,136.646,정상
Female,32,66.89939,144.4917,정상
Male,23,68.73884,133.8346,정상
Female,33,69.17398,139.6385,정상
Male,21,70.58871,131.6732,정상
Female,21,67.8682,119.9805,저체중
Male,29,68.39892,134.7468,정상
Male,35,67.88895,121.1382,저체중
Male,24,64.38742,116.0245,정상
Male,31,66.96466,129.3706,정상
Female,32,65.86538,128.5607,정상
Male,27,65.82647,122.1977,정상
Male,24,70.51289,138.8583,정상
Male,22,70.42931,125.3635,저체중
Female,29,66.10171,118.9452,정상
Female,29,65.46048,131.205,정상
Male,22,70.91162,140.5079,정상
Female,24,68.69449,127.6927,정상
Male,26,71.75246,149.9238,정상
Male,27,64.82819,143.4204,정상
Female,32,66.6091,109.1462,저체중
Female,28,67.779,133.1513,정상
Female,26,66.56978,128.282,정상
Female,33,68.13511,115.708,저체중
Male,35,68.51757,119.3005,저체중
Female,23,68.07689,121.7782,저체중
Female,27,70.14804,133.7709,정상
Male,34,70.35962,144.1309,정상
Male,21,67.58689,118.6697,저체중
Female,30,65.03137,125.7451,정상
Male,32,67.36342,127.2779,정상
Female,23,65.76034,109.628,저체중
Female,28,67.10885,122.7538,정상
Female,35,68.75557,143.1601,정상
Male,26,70.97344,129.3743,저체중
Male,35,65.26892,127.3683,정상
Male,26,65.66247,131.7569,정상
Female,26,66.53827,113.4029,저체중
Female,35,66.90975,128.4934,정상
Female,31,69.51623,131.5506,정상
Male,20,66.61461,114.4853,저체중
Female,30,71.62343,119.7512,저체중
Male,26,70.05513,123.5191,저체중
Male,25,67.48898,125.501,정상
Male,19,68.36694,104.503,저체중
Male,19,69.26121,129.5221,정상
Female,21,67.87778,130.2365,정상
Female,33,63.20626,116.3739,정상
Male,21,69.67947,134.5489,정상
Female,24,67.37164,124.1367,정상
Female,32,67.66896,114.7549,저체중
Female,25,67.71607,111.9589,저체중
Female,31,67.58095,136.4722,정상
Female,29,68.11599,117.5179,저체중
Male,26,68.93673,144.2782,정상
Female,35,67.62937,120.1249,저체중
Male,24,65.94814,121.1693,정상
Male,23,69.25978,134.5615,정상
Male,30,65.95706,128.8891,정상
Male,34,67.99681,130.7289,정상
Female,18,67.76218,137.1791,정상
Male,32,66.67503,122.4975,정상
Female,19,66.98501,125.9014,정상
Female,32,67.45441,131.5585,정상
Male,26,66.42304,127.2729,정상
Male,33,67.08303,128.7227,정상
Female,23,66.55348,110.5548,저체중
Male,32,66.76286,139.0637,정상
Male,31,68.62482,147.0216,정상
Male,22,67.54028,126.4595,정상
Female,28,68.83293,131.422,정상
Female,20,67.36371,116.3804,저체중
Male,29,68.47048,133.9893,정상
Male,24,67.35037,132.3045,정상
Female,25,68.10823,125.0725,정상
Male,22,68.51138,131.3701,정상
Male,28,68.68777,114.4842,저체중
Female,29,66.79129,121.9002,정상
Female,31,67.79664,115.3191,저체중
Female,19,68.8252,137.6658,정상
Female,21,66.59959,127.6122,정상
Male,25,65.16559,121.0852,정상
Female,25,68.93245,127.1722,정상
Female,32,69.16312,132.6592,정상
Male,19,69.49148,121.6419,저체중
Female,25,66.46241,132.0125,정상
Male,18,69.93643,141.8868,정상
Female,20,68.58906,118.2895,저체중
Male,20,65.72053,127.1461,정상
Female,20,67.94094,104.2896,저체중
Male,19,68.11806,131.5896,정상
Male,35,69.43335,140.3956,정상
Female,27,68.95852,130.0709,정상
Male,28,68.00487,92.95851,저체중
Female,34,65.62079,100.0969,저체중
Male,32,69.52389,118.3399,저체중
Male,23,64.75006,108.3967,저체중
Female,35,70.17871,121.1313,저체중
Male,32,68.68662,148.4892,정상
Female,21,65.90203,109.0414,저체중
Male,30,67.41875,122.7271,정상
Female,26,68.51834,125.1308,정상
Female,20,70.02573,158.5864,정상
Male,28,68.74884,129.8334,정상
Female,27,69.46722,120.5883,저체중
Male,24,67.36649,125.7361,정상
Male,25,68.23045,140.7733,정상
Male,26,67.9815,125.7448,정상
Female,30,68.72434,123.4432,저체중
Male,28,71.81276,136.7116,정상
Female,24,63.63521,101.8813,저체중
Male,24,67.11628,139.6614,정상
Female,21,67.51086,114.2835,저체중
Male,31,69.88008,124.5219,저체중
Female,33,66.37702,105.9248,저체중
Female,23,67.77136,126.5531,정상
Female,28,67.01918,131.7105,정상
Male,26,66.55379,126.9896,정상
Male,34,66.72728,111.0062,저체중
Male,24,69.10831,139.2123,정상
Female,21,70.36453,128.2677,저체중
Male,21,66.25151,131.1318,정상
Female,22,67.61697,107.4615,저체중
Female,24,67.69783,120.3788,저체중
Male,19,66.46549,117.7681,정상
Male,19,67.59571,130.1581,정상
Female,21,70.4309,134.4154,정상
Male,33,65.11059,97.59535,저체중
Female,31,67.47219,135.7524,정상
Male,35,66.65897,113.2162,저체중
Male,25,64.2838,126.9371,정상
Male,20,68.47012,127.5937,정상
Male,34,66.25226,117.278,정상
Male,32,68.30287,137.5881,정상
Male,23,70.01965,130.8984,정상
Female,33,66.94063,132.4786,정상
Male,19,65.36655,132.6127,정상
Male,28,66.4126,114.6091,저체중
Female,31,68.26581,125.0861,정상
Male,29,68.2852,118.9217,저체중
Male,35,67.42465,141.9674,정상
Male,31,63.37186,115.6628,정상
Female,22,69.72835,123.179,저체중
Male,27,66.38974,94.80076,저체중
Male,26,69.55925,131.0935,정상
Female,28,69.54116,117.8275,저체중
Female,31,67.83505,121.0242,저체중
Male,22,68.22833,143.0423,정상
Male,27,68.45736,132.6294,정상
Female,21,67.01063,120.9344,정상
Male,22,67.58458,147.5025,정상
Male,18,67.11171,111.7266,저체중
Female,33,66.05492,120.0749,정상
Male,24,65.65432,121.643,정상
Female,26,67.09664,148.0281,정상
Female,31,68.93253,109.7752,저체중
Male,20,67.50893,112.6096,저체중
Female,32,67.88135,142.5829,정상
Male,25,70.51084,130.5145,저체중
Female,32,68.07978,140.6775,정상
Female,33,69.61803,131.27,정상
Female,32,65.53941,121.7807,정상
Male,19,66.70491,134.6241,정상
Female,26,68.82601,115.8979,저체중
Female,22,70.60592,135.8761,정상
Male,19,67.08397,124.4171,정상
Female,25,67.58198,138.0321,정상
Female,29,67.32686,105.214,저체중
Male,30,67.85523,132.0323,정상
Female,28,66.15898,146.9268,정상
Female,35,67.95819,124.9584,정상
Female,32,65.16544,129.9676,정상
Female,34,69.54452,146.005,정상
Female,26,66.35121,121.1278,정상
Female,28,68.26571,136.2651,정상
Male,33,70.29475,130.4589,정상
Female,23,68.02599,142.3053,정상
Female,18,65.53207,118.0806,정상
Female,30,70.76347,150.6201,정상
Female,29,65.3266,123.7902,정상
Male,32,66.51846,130.4262,정상
Female,19,66.29182,129.1751,정상
Female,26,66.16228,125.6023,정상
Male,31,67.97724,134.5728,정상
Male,22,66.47067,105.241,저체중
Male,32,67.51785,136.9115,정상
Male,25,69.16624,135.3094,정상
Male,32,70.0874,131.5153,정상
Male,18,68.02869,123.587,정상
Female,28,67.82592,133.6891,정상
Male,34,67.61981,104.6315,저체중
Male,32,65.9637,130.3269,정상
Female,25,67.72006,103.2679,저체중
Female,24,67.48496,91.91782,저체중
Male,35,68.24513,128.9407,정상
Female,30,67.35061,135.0216,정상
Female,21,68.18075,135.0446,정상
Male,32,70.672,124.9177,저체중
Female,19,66.81834,126.3595,정상
Female,28,68.75229,126.7573,정상
Male,19,67.35564,126.2663,정상
Female,18,66.95961,129.0322,정상
Female,35,67.73721,111.3459,저체중
Female,19,67.64532,140.2121,정상
Female,31,65.21358,124.1369,정상
Female,23,65.1571,131.4201,정상
Female,29,67.40133,122.2223,정상
Male,32,67.65074,137.8933,정상
Male,32,63.8874,114.223,정상
Female,30,66.85228,124.4828,정상
Male,29,65.93881,125.8178,정상
Female,28,65.07901,121.0964,정상
Female,33,68.66259,138.6358,정상
Female,30,66.63069,144.0267,정상
Female,26,68.1916,121.9667,저체중
Male,20,64.72033,119.4164,정상
Female,34,67.76005,129.9217,정상
Female,18,67.78329,126.7556,정상
Male,28,68.09923,126.4184,정상
Female,30,69.21335,128.8556,정상
Female,35,67.75819,137.4614,정상
Male,35,70.39946,134.2599,정상
Female,29,65.93766,127.9704,정상
Female,35,66.11839,127.0232,정상
Male,29,66.01019,115.0187,정상
Female,19,71.63081,135.4107,정상
Male,25,66.62993,144.5351,정상
Female,26,68.48521,90.53995,저체중
Male,29,68.10699,129.2909,정상
Male,19,70.27703,134.3019,정상
Female,23,69.75105,126.0679,저체중
Female,30,68.98237,115.8649,저체중
Female,32,65.64452,125.3238,정상
Male,19,68.91636,124.459,저체중
Male,26,66.61896,132.9899,정상
Male,20,68.60604,125.6796,정상
Female,19,67.30725,123.1893,정상
Female,18,70.75095,135.5127,정상
Male,31,67.58887,124.922,정상
Male,26,64.50132,123.3747,정상
Male,34,73.27528,142.7375,정상
Female,20,68.25937,129.5475,정상
Male,32,67.91946,118.9415,저체중
Male,18,67.31071,112.7087,저체중
Female,31,67.7966,137.8801,정상
Male,28,71.29452,144.6277,정상
Male,35,68.27275,115.1205,저체중
Male,22,66.86544,104.0809,저체중
Male,22,67.73325,106.3248,저체중
Male,21,70.2269,146.4763,정상
Female,23,69.62197,133.916,정상
Male,32,67.48527,109.9157,저체중
Female,24,68.09415,131.2306,정상
Female,19,66.09287,147.1966,정상
Female,30,67.42801,128.0001,정상
Male,28,69.08861,111.019,저체중
Female,29,65.70473,119.4562,정상
Female,33,66.52344,134.9003,정상
Male,30,68.67632,115.3375,저체중
Female,32,68.36099,131.3844,정상
Female,34,66.34405,114.0256,저체중
Female,26,65.46233,101.7174,저체중
Female,34,65.38562,92.82921,저체중
Female,25,70.29342,131.0869,정상
Male,22,66.81702,107.4364,저체중
Female,31,67.09018,126.1098,정상
Male,35,69.10457,137.515,정상
Male,29,68.6582,126.1272,정상
Female,26,67.69463,129.6272,정상
Female,27,69.41766,135.0258,정상
Female,34,64.90194,123.585,정상
Male,30,66.4883,136.8641,정상
Female,31,71.09216,123.2561,저체중
Male,35,71.94657,134.3756,저체중
Male,18,68.15531,137.0752,정상
Male,35,68.32479,124.3728,정상
Male,21,70.93105,119.3693,저체중
Female,19,62.55787,105.7505,정상
Male,19,68.72459,133.1973,정상
Female,30,68.56969,123.2818,저체중
Female,23,70.70114,129.2904,저체중
Male,20,67.2195,134.9439,정상
Male,35,69.42099,145.046,정상
Male,28,65.2954,122.5997,정상
Female,24,67.5127,127.4652,정상
Male,20,68.61443,130.1691,정상
Female,21,68.23227,129.3011,정상
Male,29,69.06606,124.9616,저체중
Male,35,67.76769,132.9052,정상
Female,35,67.19954,131.7003,정상
Female,24,66.19999,111.3766,저체중
Male,18,67.15817,124.6763,정상
Male,20,65.80976,119.5688,정상
Male,27,68.72661,148.7831,정상
Female,32,71.01527,115.5961,저체중
Female,22,70.3378,122.886,저체중
Female,29,66.60132,117.6958,정상
Male,34,66.10835,118.365,정상
Female,31,65.54454,125.6417,정상
Female,22,67.08775,139.4027,정상
Male,27,70.91229,151.9319,정상
Male,19,70.05033,135.0001,정상
Male,31,67.91474,130.4542,정상
Female,25,70.44997,140.0553,정상
Male,31,69.43277,112.1645,저체중
Female,22,70.69946,131.2794,저체중
Female,20,69.62487,120.4721,저체중
Female,28,70.95555,134.9733,정상
Male,30,69.55239,154.2355,정상
Male,31,66.67652,116.072,저체중
Female,25,68.94487,136.0275,정상
Female,31,69.06771,126.5166,정상
Female,26,68.68065,113.9339,저체중
Male,22,69.75765,118.3588,저체중
Male,18,65.74407,112.5993,저체중
Male,26,69.90579,118.7813,저체중
Male,29,67.49642,144.7324,정상
Male,32,71.55734,146.4177,정상
Female,32,68.87168,132.5791,정상
Female,29,67.23421,117.092,저체중
Male,18,68.63376,119.0942,저체중
Male,28,68.65065,118.3285,저체중
Female,22,66.63756,135.3268,정상
Male,19,67.87931,113.0279,저체중
Male,19,65.95049,144.2777,정상
Female,29,69.46751,118.2912,저체중
Female,18,65.32821,107.3803,저체중
Male,18,66.76294,121.2519,정상
Female,32,68.5428,117.004,저체중
Female,19,68.91044,142.8254,정상
Male,28,68.84368,150.6553,정상
Male,32,73.38937,136.7121,저체중
Female,20,66.86841,116.4109,저체중
Female,34,67.52516,107.2826,저체중
Male,21,68.13449,121.8903,저체중
Female,30,68.39998,129.8416,정상
Male,28,68.75545,141.6232,정상
Male,32,71.22681,118.0369,저체중
Male,26,69.02697,118.4175,저체중
Male,21,69.36506,149.4627,정상
Male,18,71.48858,139.2446,정상
Female,18,70.03975,139.38,정상
Male,21,65.86983,115.7434,정상
Male,22,64.18612,112.8632,정상
Male,34,68.22537,119.4641,저체중
Male,26,67.57609,126.8161,정상
Male,22,68.32838,125.0752,정상
Female,34,69.7812,146.0231,정상
Male,29,64.60544,98.10936,저체중
Male,25,69.35659,137.7401,정상
Female,27,65.08819,129.1596,정상
Male,29,67.25428,125.3354,정상
Female,18,67.29744,111.402,저체중
Male,30,69.06367,128.8616,정상
Female,35,70.66513,132.245,정상
Male,19,66.34245,136.4106,정상
Male,23,66.88466,133.7811,정상
Female,24,69.83988,132.9299,정상
Female,26,68.64288,108.615,저체중
Male,22,68.78708,142.8921,정상
Male,22,68.36723,127.2684,정상
Female,23,71.12176,119.0967,저체중
Female,20,68.55132,118.0137,저체중
Female,27,71.18105,147.7838,정상
Male,22,68.32621,125.1014,정상
Male,22,66.83958,117.8889,정상
Male,24,69.20216,144.7944,정상
Male,27,66.77853,128.7692,정상
Female,27,66.4406,118.4163,정상
Female,22,69.02771,136.656,정상
Male,22,65.99368,145.7856,정상
Male,20,68.21133,126.3564,정상
Male,31,68.81559,105.3418,저체중
Female,26,69.54378,136.0772,정상
Female,30,67.04297,120.8592,정상
Female,21,69.61676,121.0389,저체중
Male,28,69.11044,136.6009,정상
Male,27,64.55954,123.4204,정상
Male,30,65.79362,132.5145,정상
Male,33,68.99934,125.0189,저체중
Male,32,66.16092,137.0073,정상
Male,32,64.3685,110.0215,정상
Female,27,69.87282,124.8993,저체중
Male,25,66.0047,116.8211,정상
Female,21,68.96687,121.3857,저체중
Female,33,67.76358,142.8913,정상
Female,24,67.2019,118.5255,저체중
Female,32,67.67049,138.3916,정상
Female,26,65.94121,121.8284,정상
Female,31,62.62398,113.6392,정상
Male,26,68.6687,148.4025,정상
Male,35,64.99303,134.3959,정상
Male,18,70.14061,133.8105,정상
Female,22,67.33278,111.0307,저체중
Male,22,71.15018,127.3908,저체중
Male,29,68.05094,123.1092,정상
Male,35,70.68057,122.0871,저체중
Female,22,66.92683,132.5142,정상
Female,33,67.32022,121.7055,정상
Female,26,65.96371,126.1179,정상
Female,29,66.36048,131.4652,정상
Male,35,70.09062,141.6373,정상
Male,23,66.77067,114.939,저체중
Male,23,68.7819,128.8125,정상
Female,29,68.06198,125.1513,정상
Male,29,66.87471,124.1839,정상
Female,30,64.991,120.5915,정상
Female,29,64.24525,119.3337,정상
Female,31,64.62759,117.0906,정상
Female,27,67.47845,125.0172,정상
Male,20,68.38035,120.3051,저체중
Male,32,67.9413,140.2045,정상
Female,35,69.38765,120.404,저체중
Male,30,69.72585,141.0221,정상
Female,27,64.85369,140.5568,정상
Female,31,71.14569,144.9609,정상
Male,24,67.93166,116.703,저체중
Female,35,65.8737,130.7339,정상
Male,28,65.27492,120.7876,정상
Male,19,64.36283,122.0425,정상
Female,23,66.53787,116.5946,정상
Female,23,69.52399,133.0562,정상
Male,31,69.13837,139.6702,정상
Male,31,67.67203,123.8558,정상
Female,21,68.95441,141.2783,정상
Female,20,71.04477,140.3705,정상
Male,30,71.39529,149.7633,정상
Female,25,66.54494,127.3852,정상
Female,31,68.28091,136.24,정상
Female,33,67.50144,139.3232,정상
Male,25,68.29474,133.1216,정상
Female,28,70.15135,125.669,저체중
Male,32,69.41645,135.8714,정상
Male,22,69.36098,123.6386,저체중
Male,29,67.16252,130.6726,정상
Male,26,68.53052,125.4746,정상
Male,33,69.64804,116.6893,저체중
Male,31,66.68536,116.2552,저체중
Female,23,65.89405,114.064,저체중
Male,31,67.96456,118.3278,저체중
Female,18,64.66704,113.2242,정상
Male,31,67.83132,131.1598,정상
Male,18,69.37264,132.3018,정상
Female,26,64.63475,122.2873,정상
Female,28,68.45736,121.5602,저체중
Male,27,63.66412,121.3552,정상
Male,21,68.23574,134.2459,정상
Female,32,69.90933,145.0568,정상
Male,19,66.34353,119.2517,정상
Male,27,71.08621,131.099,저체중
Male,19,69.29874,113.3891,저체중
Male,28,69.26027,136.8925,정상
Male,22,68.3563,136.5469,정상
Male,21,68.82059,134.8073,정상
Female,34,67.11847,123.4971,정상
Male,28,70.16349,136.7408,정상
Male,33,67.31192,139.7817,정상
Female,29,65.99526,117.9879,정상
Male,24,70.32862,133.2887,정상
Male,20,66.35638,130.9393,정상
Female,20,65.46699,113.0275,정상
Female,30,67.06126,114.7648,저체중
Male,32,69.37876,133.7697,정상
Male,27,68.55299,132.1181,정상
Male,24,64.28602,117.6389,정상
Male,25,66.98559,124.8642,정상
Female,24,68.3511,129.34,정상
Female,27,70.92088,138.3304,정상
Female,33,65.62372,122.5121,정상
Female,35,67.60294,131.5862,정상
Male,31,65.45098,109.587,저체중
Female,28,65.9003,124.6232,정상
Female,29,69.28348,142.1931,정상
Male,34,69.00879,142.8201,정상
Female,21,69.72132,127.0407,저체중
Female,29,68.26773,136.2919,정상
Male,22,65.26077,107.3359,저체중
Male,23,66.6262,136.8962,정상
Female,18,68.5705,121.4571,저체중
Male,26,71.51468,139.7799,정상
Male,34,67.97982,121.0927,저체중
Female,18,68.26653,134.6471,정상
Female,32,66.37001,133.1274,정상
Male,34,65.56004,114.0317,정상
Male,31,68.20536,128.2957,정상
Female,33,70.14549,138.6955,정상
Male,31,66.01422,114.0106,저체중
Female,18,65.59692,127.598,정상
Male,19,66.31345,109.8002,저체중
Female,21,70.52695,151.5058,정상
Male,33,65.76106,113.6272,저체중
Female,30,69.682,135.5456,정상
Female,22,68.90157,141.6732,정상
Female,26,63.87521,128.004,정상
Female,27,69.44937,144.3768,정상
Female,29,70.3846,166.7687,정상
Female,29,69.16422,138.4332,정상
Male,24,71.0881,151.926,정상
Male,30,64.77026,106.4436,저체중
Male,18,69.03944,115.6827,저체중
Male,28,68.3332,121.3881,저체중
Male,35,67.65971,131.6348,정상
Female,32,65.95743,129.7027,정상
Male,24,68.25092,114.8441,저체중
Male,25,70.46955,127.5134,저체중
Male,21,69.87183,154.5964,정상
Male,33,70.761,128.8214,저체중
Male,28,67.36771,123.046,정상
Male,18,68.31548,114.5312,저체중
Female,35,65.10293,133.1303,정상
Male,20,65.23562,107.844,저체중
Female,34,70.83969,136.9762,정상
Male,18,68.39903,129.656,정상
Female,20,68.20073,118.2019,저체중
Male,19,66.94098,139.2128,정상
Male,35,66.07977,131.8414,정상
Male,23,63.36659,123.006,정상
Male,31,68.65857,126.6649,정상
Female,30,67.37221,137.1801,정상
Female,35,68.43509,136.8554,정상
Male,34,66.22392,122.5205,정상
Female,26,71.65466,141.219,정상
Female,34,66.69573,125.1122,정상
Female,21,66.8559,122.1614,정상
Male,29,68.02755,134.7933,정상
Male,35,67.70778,122.2427,정상
Male,29,63.85135,120.1494,정상
Male,33,69.93291,133.902,정상
Male,34,65.84544,129.7101,정상
Female,35,66.74059,135.5989,정상
Female,25,66.49611,132.8285,정상
Female,34,68.53937,136.0357,정상
Male,33,68.24023,126.5821,정상
Male,35,70.03063,139.0857,정상
Female,23,67.70792,122.902,정상
Female,32,67.72492,117.4035,저체중
Male,24,68.84977,133.9518,정상
Female,33,68.71268,126.3643,정상
Male,29,68.0793,130.2869,정상
Female,24,68.30545,131.6604,정상
Male,22,70.86867,126.5751,저체중
Male,26,68.31463,113.4925,저체중
Male,28,67.62648,110.1234,저체중
Male,35,71.14779,142.3998,정상
Female,28,67.34629,107.1787,저체중
Male,30,66.62532,120.6675,정상
Male,21,66.68854,122.4703,정상
Male,23,69.90665,159.966,정상
Male,29,65.51279,108.7832,저체중
Female,19,67.47262,117.2175,저체중
Female,22,66.25672,116.7766,정상
Female,26,68.30086,127.6778,정상
Female,21,68.31294,138.8446,정상
Male,34,68.45399,108.1145,저체중
Female,30,68.64421,140.159,정상
Female,34,65.31594,106.6611,저체중
Female,26,68.32665,139.0646,정상
Male,35,69.77082,136.0617,정상
Female,19,66.20932,133.0581,정상
Female,27,68.43401,119.8631,저체중
Male,18,65.25387,116.2822,정상
Male,30,71.7355,162.0943,정상
Female,35,67.76721,148.8833,정상
Male,35,70.51655,141.3628,정상
Female,21,70.4336,136.7627,정상
Female,26,64.25671,114.8728,정상
Male,32,69.37609,128.0026,정상
Male,24,71.07934,134.5151,정상
Male,18,71.70178,124.1645,저체중
Male,35,67.3987,111.3275,저체중
Male,35,63.62986,113.608,정상
Female,28,67.13345,116.9574,저체중
Male,27,68.70886,129.1443,정상
Male,25,67.71809,123.3103,정상
Male,18,67.72767,128.2164,정상
Male,25,70.07335,132.9222,정상
Male,21,64.20874,124.7975,정상
Female,31,70.10636,114.9911,저체중
Male,20,65.16199,110.9849,저체중
Male,22,68.53018,125.2053,정상
Male,29,69.79457,131.1487,정상
Male,23,67.28489,105.2101,저체중
Female,33,69.49036,129.6225,정상
Male,35,65.42646,111.7143,저체중
Female,35,66.31501,105.8468,저체중
Male,24,65.73484,104.5094,저체중
Female,31,71.30941,152.3587,정상
Male,24,70.22624,147.9016,정상
Male,26,68.04495,130.2388,정상
Female,22,70.27278,138.2409,정상
Female,29,66.97106,135.2028,정상
Male,28,68.55277,123.7852,정상
Female,22,66.17403,118.887,정상
Female,23,71.37583,143.3104,정상
Male,22,68.1764,130.5409,정상
Male,27,66.28408,142.1004,정상
Male,18,68.15962,113.7851,저체중
Male,32,70.00181,137.8272,정상
Male,35,65.30659,129.8103,정상
Female,24,65.67376,120.5005,정상
Male,31,68.92178,119.6501,저체중
Male,31,67.6359,140.8418,정상
Female,20,67.91694,119.803,저체중
Female,30,67.48812,130.9508,정상
Male,23,69.30675,115.0445,저체중
Male,29,67.86395,132.5698,정상
Female,24,65.71274,124.7391,정상
Male,33,67.33136,126.6475,정상
Female,31,69.31735,122.5178,저체중
Male,20,67.52153,136.845,정상
Female,20,67.79825,120.662,저체중
Male,22,69.26416,131.5304,정상
Male,24,66.49667,109.7068,저체중
Male,18,66.038,110.9574,저체중
Male,24,68.29789,116.7817,저체중
Male,30,69.05551,130.8969,정상
Male,22,65.0319,133.1258,정상
Female,26,69.31651,138.9581,정상
Male,35,66.21304,128.8419,정상
Male,33,66.18026,122.4841,정상
Female,28,68.86646,120.4853,저체중
Female,18,67.86276,148.8508,정상
Female,32,67.17639,121.491,정상
Male,29,66.17,112.3456,저체중
Male,35,69.25778,118.8957,저체중
Female,18,72.80628,150.9784,정상
Female,33,67.49802,145.0319,정상
Male,24,68.53323,106.9801,저체중
Male,28,67.72701,110.8524,저체중
Male,18,67.403,123.071,정상
Female,24,70.97371,137.9285,정상
Male,28,65.88602,127.0234,정상
Female,35,64.69625,116.2922,정상
Female,25,65.07999,107.0743,저체중
Male,30,67.33598,107.7602,저체중
Male,30,67.17823,120.969,정상
Female,21,68.2152,122.5298,정상
Female,24,68.27877,120.1926,저체중
Female,29,70.32072,125.2459,저체중
Male,20,68.84149,118.773,저체중
Female,34,65.41384,127.5122,정상
Male,31,66.90698,122.5176,정상
Male,23,66.92565,109.6505,저체중
Male,26,72.16852,125.865,저체중
Male,24,67.58419,124.551,정상
Female,21,71.05097,139.1868,정상
Female,24,68.65329,121.3343,저체중
Female,25,71.13818,125.2209,저체중
Male,34,69.83064,113.8154,저체중
Female,31,69.24294,128.4726,정상
Female,28,70.80795,148.2193,정상
Male,34,71.4514,142.4792,정상
Female,33,68.34795,137.6452,정상
Female,27,66.96807,123.2171,정상
Male,29,67.35193,135.7481,정상
Male,34,66.3123,119.4157,정상
Female,30,68.38857,153.2032,정상
Female,29,68.72186,120.7069,저체중
Female,19,64.6156,124.8206,정상
Male,22,71.04385,149.3598,정상
Male,35,65.5576,112.7,저체중
Male,28,71.7762,137.0197,정상
Female,19,67.66805,129.1137,정상
Male,35,70.38662,113.1486,저체중
Female,31,65.05914,117.2483,정상
Female,24,69.29376,144.4311,정상
Male,21,68.92487,123.064,저체중
Male,22,73.23153,140.2285,저체중
Female,29,67.98518,122.4877,정상
Male,25,66.02174,106.7391,저체중
Female,20,62.50806,121.7353,정상
Male,20,67.11208,124.9627,정상
Male,35,67.2525,131.7284,정상
Female,21,66.86219,107.2551,저체중
Female,26,66.11034,111.458,저체중
Male,22,69.21797,134.1583,정상
Male,20,66.86285,109.4149,저체중
Female,35,66.72363,103.4764,저체중
Male,23,67.91114,123.3007,정상
Male,28,70.15546,129.1033,저체중
Female,22,65.1448,108.0862,저체중
Male,21,69.16116,125.1179,저체중
Male,23,69.14544,144.9626,정상
Male,31,66.79109,114.8214,저체중
Female,24,68.56128,127.5046,정상
Male,32,67.77908,120.1861,저체중
Female,20,65.8903,108.1277,저체중
Female,20,64.91798,117.1005,정상
Female,28,65.51983,115.2811,정상
Female,32,70.39488,121.3756,저체중
Male,21,68.71595,120.2871,저체중
Female,34,69.40879,142.2191,정상
Male,28,63.95804,93.96913,저체중
Male,33,68.49986,131.1487,정상
Male,31,65.03967,114.2779,정상
Female,21,67.09578,123.9914,정상
Female,35,70.39063,119.3835,저체중
Male,30,69.13445,124.7073,저체중
Male,32,69.81349,127.3314,저체중
Female,34,67.15358,107.2308,저체중
Female,31,66.3247,110.6354,저체중
Male,33,67.2547,133.9845,정상
Female,24,67.30359,114.8441,저체중
Female,29,68.31411,126.3453,정상
Male,33,66.84937,121.8716,정상
Female,30,66.02415,111.5549,저체중
Male,30,69.15659,122.1897,저체중
Female,35,68.93022,109.462,저체중
Male,24,66.03322,102.562,저체중
Male,30,67.12476,120.4642,정상
Male,28,70.94314,133.0277,정상
Male,18,67.95293,137.02,정상
Male,23,68.2514,152.4285,정상
Male,25,69.5022,126.022,저체중
Female,18,72.63806,146.3356,정상
Female,30,67.81132,131.4317,정상
Female,34,71.26903,166.1956,정상
Male,20,67.11464,124.0268,정상
Male,18,67.08781,117.2354,저체중
Male,28,66.62197,140.1115,정상
Male,33,69.37986,139.854,정상
Male,19,65.72499,112.01,저체중
Male,33,68.05531,108.54,저체중
Male,35,71.06203,142.837,정상
Female,18,67.01009,135.9007,정상
Male,21,67.96128,130.9758,정상
Male,31,69.62918,143.2022,정상
Female,26,71.18686,128.6857,저체중
Female,19,67.21088,125.6535,정상
Male,20,69.75744,138.2061,정상
Male,35,67.93962,108.2722,저체중
Female,35,64.2564,119.722,정상
Male,26,70.57913,130.738,저체중
Female,21,70.59481,124.6141,저체중
Male,32,69.45839,148.5158,정상
Female,27,65.57668,125.7709,정상
Female,28,67.43466,136.0448,정상
Female,19,69.5304,133.8402,정상
Female,21,68.71379,124.41,정상
Male,34,64.83136,127.0468,정상
Male,25,66.67627,127.5915,정상
Female,31,67.08247,118.982,정상
Male,20,69.6942,113.0169,저체중
Male,25,71.94501,119.7111,저체중
Female,30,67.08849,124.6879,정상
Female,18,66.61029,125.0603,정상
Female,27,67.39237,119.2096,저체중
Male,23,71.22979,137.0453,정상
Male,33,68.9821,126.0012,정상
Male,35,66.29932,109.1158,저체중
Female,21,67.58579,120.2176,정상
Female,18,69.47049,140.8544,정상
Female,22,67.6955,119.0652,저체중
Male,28,68.41184,125.8553,정상
Female,21,66.40097,137.5308,정상
Male,23,65.84222,117.4226,정상
Female,25,65.60355,119.848,정상
Female,27,68.17426,124.7243,정상
Female,34,68.15865,143.2579,정상
Male,19,70.33009,106.6697,저체중
Female,33,64.96481,107.2662,저체중
Male,34,70.00114,142.0097,정상
Female,28,73.12757,132.9793,저체중
Male,34,69.52659,129.1657,정상
Male,31,65.93632,114.5142,정상
Male,34,68.30593,138.0436,정상
Male,23,69.21721,139.1741,정상
Male,21,69.04623,126.3741,정상
Female,18,66.51131,122.9418,정상
Female,23,68.41765,122.2372,저체중
Female,27,67.20049,119.9224,정상
Female,32,70.56953,138.8804,정상
Male,31,67.02131,120.5036,정상
Male,34,60.86977,108.8633,정상
Female,20,69.59968,133.8641,정상
Male,26,66.90576,125.7039,정상
Male,35,65.4273,104.4564,저체중
Female,31,65.45238,118.7077,정상
Male,21,66.18847,114.58,저체중
Male,30,69.48939,130.0937,정상
Male,35,67.59082,110.7189,저체중
Male,22,69.67,119.2428,저체중
Female,23,71.81069,132.4703,저체중
Female,22,70.21365,139.1803,정상
Male,30,64.64602,111.6086,정상
Female,20,65.31384,123.2647,정상
Female,22,69.30209,143.2325,정상
Female,30,67.21984,126.4004,정상
Female,29,67.89698,105.7861,저체중
Male,28,66.44468,128.4753,정상
Female,27,66.30217,125.448,정상
Male,35,66.29508,123.2967,정상
Male,25,71.81034,120.6109,저체중
Male,25,63.62293,130.8869,정상
Male,23,70.64303,135.5782,정상
Female,23,70.85476,131.1407,저체중
Male,18,69.81498,141.8795,정상
Female,32,66.1487,120.3851,정상
Male,32,71.03088,146.4631,정상
Female,24,66.13556,114.9154,저체중
Male,25,65.64932,132.7519,정상
Male,28,68.58104,133.0067,정상
Male,20,67.22079,145.6399,정상
Female,18,66.40365,123.1849,정상
Female,20,68.52532,125.7403,정상
Male,29,69.32648,119.6727,저체중
Male,34,65.36659,116.2944,정상
Female,35,69.04615,133.2845,정상
Male,26,71.37994,141.1697,정상
Male,21,67.13772,110.8047,저체중
Female,30,67.3967,124.7118,정상
Male,18,63.83814,110.9801,정상
Female,24,68.25068,132.5773,정상
Female,29,66.36931,115.305,저체중
Male,24,70.85914,137.5541,정상
Female,34,67.20268,119.3535,정상
Male,18,65.63288,113.8987,정상
Female,28,71.2199,143.6782,정상
Female,21,67.34903,113.7846,저체중
Female,24,67.8991,110.5785,저체중
Male,32,65.07971,133.4616,정상
Female,18,69.51681,128.293,정상
Female,22,66.2851,111.2819,저체중
Male,34,69.68337,134.4863,정상
Male,31,69.65526,151.1571,정상
Male,24,67.96292,133.2323,정상
Male,18,71.32203,140.7135,정상
Male,35,69.05447,138.7171,정상
Male,28,67.94235,131.865,정상
Female,31,68.32092,127.3932,정상
Female,21,69.87217,129.7374,정상
Female,20,66.83557,137.7577,정상
Female,34,70.46217,154.0255,정상
Male,26,67.69032,133.0156,정상
Male,22,69.10601,133.5459,정상
Female,21,70.29157,128.9032,저체중
Female,22,70.35631,116.5879,저체중
Female,22,67.3204,106.7376,저체중
Male,25,71.18881,145.0456,정상
Male,26,65.71934,130.1984,정상
Male,34,67.40796,120.6435,정상
Male,32,65.05988,111.5235,정상
Male,24,68.22719,108.8273,저체중
Male,20,69.53688,135.964,정상
Female,21,69.94726,125.3808,저체중
Male,27,66.26851,119.7967,정상
Male,22,66.05849,118.3292,정상
Male,27,64.25245,109.5647,정상
Female,27,68.5623,130.1006,정상
Male,32,67.73521,119.7671,저체중
Male,18,69.59796,141.5493,정상
Male,19,67.46095,123.7306,정상
Male,30,68.62535,111.0908,저체중
Female,19,71.25126,142.7636,정상
Female,33,67.24688,126.8263,정상
Female,19,67.55773,125.1369,정상
Female,21,68.57922,112.0673,저체중
Female,28,67.45327,124.3866,정상
Male,19,72.5565,145.2378,정상
Male,26,69.50107,122.6854,저체중
Male,26,70.01967,134.8425,정상
Male,29,67.2572,132.8406,정상
Male,34,65.22247,118.3554,정상
Male,25,72.80624,139.7892,정상
Female,19,69.13179,117.918,저체중
Male,34,67.43053,121.0933,정상
Female,23,67.28059,131.4824,정상
Female,30,70.001,138.0392,정상
Male,29,64.33997,106.0198,저체중
Female,23,67.26735,124.0488,정상
Male,32,69.17724,130.3436,정상
Female,34,66.7465,106.6506,저체중
Male,30,69.03417,148.2146,정상
Female,34,68.34615,133.4005,정상
Male,35,66.00974,106.4586,저체중
Male,19,69.21559,134.4881,정상
Female,18,67.07331,130.6017,정상
Male,27,70.63793,130.712,저체중
Female,32,67.24595,135.5243,정상
Female,30,68.10686,117.8123,저체중
Female,31,66.90742,111.9697,저체중
Male,34,70.15059,158.4821,정상
Female,20,71.65992,136.2884,정상
Female,30,66.80315,125.755,정상
Male,32,67.04952,106.7259,저체중
Male,32,70.5931,130.7728,저체중
Female,32,65.84071,122.6521,정상
Female,29,68.79573,116.2171,저체중
Female,19,68.12082,138.7471,정상
Female,23,64.31209,135.5388,정상
Male,20,67.99862,128.5274,정상
Female,35,68.44172,126.6112,정상
Female,32,71.00788,143.4924,정상
Female,33,64.07458,121.5426,정상
Female,18,66.81797,117.2431,저체중
Female,19,68.00128,137.5348,정상
Male,32,65.46423,124.8913,정상
Male,18,67.39722,129.1587,정상
Male,33,66.27501,100.1148,저체중
Male,33,69.6573,140.3259,정상
Male,23,67.86229,122.4027,정상
Female,25,68.5617,121.4645,저체중
Male,24,66.77693,130.2914,정상
Female,25,62.89638,120.599,정상
Female,24,67.09047,118.2317,저체중
Female,19,67.9903,114.796,저체중
Male,26,70.70392,130.7639,저체중
Female,21,67.82304,134.663,정상
Male,21,67.15786,114.8141,저체중
Male,32,65.92163,115.4548,정상
Male,20,70.02526,125.8528,저체중
Male,22,71.12524,140.4603,정상
Male,33,62.74696,126.8135,정상
Female,34,68.94674,140.2945,정상
Male,24,65.25058,127.0436,정상
Female,31,67.14245,120.5611,정상
Female,18,68.68723,130.8492,정상
Male,25,68.62073,145.2174,정상
Female,26,68.11324,116.5409,저체중
Female,27,66.86238,119.1125,정상
Male,35,65.40349,101.3363,저체중
Male,33,66.2707,103.4722,저체중
Male,33,66.86583,116.1746,저체중
Female,31,71.66678,134.8888,저체중
Male,28,68.00017,125.8476,정상
Male,26,68.66882,139.4216,정상
Female,23,70.35973,129.0875,저체중
Male,28,67.76052,131.0901,정상
Female,25,69.21882,134.1076,정상
Male,22,67.74631,105.6764,저체중
Female,19,64.15971,129.8562,정상
Male,29,67.62334,110.6548,저체중
Male,22,67.89328,117.09,저체중
Female,29,65.48471,129.224,정상
Female,25,68.32528,103.4745,저체중
Female,33,68.2654,143.7801,정상
Female,28,72.42057,144.387,정상
Male,18,66.91696,123.0398,정상
Female,21,69.43684,137.6724,정상
Male,28,68.85114,133.1969,정상
Male,20,68.37809,122.8097,저체중
Female,21,66.05187,130.5855,정상
Female,28,71.2338,125.9994,저체중
Male,31,67.45676,108.6551,저체중
Male,27,67.2524,153.3825,정상
Male,31,68.11876,124.9622,정상
Female,25,70.95119,140.1531,정상
Male,25,66.29131,130.8994,정상
Male,35,70.1926,135.1047,정상
Female,20,67.35325,134.6156,정상
Female,29,64.46167,135.8058,정상
Male,19,70.85183,143.2765,정상
Female,20,64.58449,122.8244,정상
Female,29,67.11487,128.9426,정상
Male,32,68.2263,127.832,정상
Male,24,67.15835,127.2791,정상
Male,27,66.82518,132.5872,정상
Male,20,69.46473,119.5371,저체중
Female,31,67.51664,125.0381,정상
Male,24,67.11773,118.6122,정상
Male,33,69.12468,136.3269,정상
Male,31,69.29808,118.53,저체중
Female,35,66.9325,127.2762,정상
Male,27,70.25476,131.7454,정상
Female,22,69.99264,148.4428,정상
Female,22,68.38126,127.1378,정상
Female,24,69.74475,139.2463,정상
Male,34,70.44609,123.8717,저체중
Female,18,66.91785,118.0017,정상
Male,21,64.7893,122.4913,정상
Male,26,71.65016,134.6808,저체중
Female,28,65.12654,114.3412,정상
Female,27,68.05579,127.2138,정상
Female,29,65.79014,125.9146,정상
Female,24,66.94808,132.2477,정상
Male,19,65.67741,121.675,정상
Male,24,69.03795,108.3441,저체중
Female,21,69.86852,151.5482,정상
Male,19,64.77588,113.1183,정상
Female,24,70.23879,127.2366,저체중
Female,22,67.63708,124.7167,정상
Male,33,67.51121,138.459,정상
Male,18,67.82751,112.3725,저체중
Male,21,70.58388,156.3417,정상
Male,30,69.66437,133.6791,정상
Male,19,66.28256,108.6047,저체중
Female,30,65.37604,123.3283,정상
Female,30,70.65344,138.4873,정상
Female,35,71.38739,144.9405,정상
Female,27,69.36593,124.3237,저체중
Female,26,69.67527,148.3828,정상
Male,23,70.3007,143.818,정상
Male,29,65.16553,115.8163,정상
Male,25,68.33872,132.5597,정상
Male,25,68.38456,123.041,저체중
Male,20,65.55581,115.654,정상
Male,22,70.17992,121.6342,저체중
Male,21,67.31808,123.3304,정상
Female,21,68.58594,115.2254,저체중
Female,27,72.37217,134.1157,저체중
Female,31,70.20267,156.1811,정상
Female,22,68.39107,116.6836,저체중
Male,24,70.2734,152.4301,정상
Male,33,69.0748,138.6826,정상
Female,22,68.4253,125.4829,정상
Female,18,66.13668,132.1366,정상
Female,30,67.85165,122.8117,정상
Male,28,66.95818,114.1717,저체중
Female,32,65.98578,115.7531,정상
Female,28,67.95387,123.3642,정상
Male,32,66.27293,117.9091,정상
Female,25,68.52896,127.998,정상
Female,30,68.2623,127.3359,정상
Male,31,66.34027,114.5888,저체중
Male,27,69.37304,137.1683,정상
Female,23,65.26199,122.0038,정상
Male,19,68.70917,119.6392,저체중
Female,28,65.52726,123.7422,정상
Female,34,67.69321,124.275,정상
Female,23,68.9238,136.1853,정상
Female,18,66.1141,113.5469,저체중
Female,26,68.06372,127.6532,정상
Female,22,67.59091,116.9586,저체중
Female,26,68.92378,121.6715,저체중
Female,23,69.89731,148.2053,정상
Female,33,66.99788,114.555,저체중
Male,31,68.16828,133.9443,정상
Female,23,68.43843,115.666,저체중
Male,33,67.78708,122.3734,정상
Female,33,69.60158,121.3371,저체중
Male,26,68.25161,123.1813,정상
Female,25,66.41627,98.73281,저체중
Female,27,68.20539,116.9375,저체중
Female,33,69.21756,129.3186,정상
Female,33,64.0896,109.3183,정상
Male,29,66.27351,127.1996,정상
Female,31,65.67844,101.6524,저체중
Female,27,68.19255,138.3676,정상
Female,20,69.44838,137.7202,정상
Female,30,67.19421,103.7516,저체중
Female,33,67.12478,116.941,저체중
Female,22,64.54169,125.1319,정상
Male,35,69.53675,141.507,정상
Female,26,67.2357,122.1695,정상
Male,20,67.95026,129.204,정상
Male,20,67.426,126.447,정상
Female,27,67.28909,122.0906,정상
Female,20,64.99608,136.7717,정상
Male,19,65.43867,130.2553,정상
Male,18,68.24171,120.773,저체중
Female,35,67.04762,119.6362,정상
Male,27,66.53415,112.9701,저체중
Female,26,68.88695,121.8495,저체중
Female,29,67.83407,138.1722,정상
Male,25,66.37759,123.5915,정상
Male,28,65.36769,119.7125,정상
Female,20,70.68318,135.8685,정상
Male,23,65.49411,141.3237,정상
Female,24,67.91316,121.3794,정상
Female,25,70.79802,126.3383,저체중
Female,21,68.51827,128.0545,정상
Female,35,67.47969,126.4347,정상
Male,33,65.24066,123.3877,정상
Male,22,64.32772,118.5248,정상
Male,31,70.41288,152.7421,정상
Male,22,66.6237,115.2339,저체중
Female,19,65.90593,108.2655,저체중
Female,25,66.52769,112.5525,저체중
Female,20,69.31461,126.7857,정상
Male,26,62.87739,103.6848,저체중
Female,34,68.92071,130.7199,정상
Male,25,66.13747,108.3422,저체중
Female,29,69.99833,122.5223,저체중
Female,22,68.46595,138.7703,정상
Male,33,69.25966,133.9125,정상
Male,28,69.93628,128.1196,저체중
Female,24,67.01834,123.4636,정상
Male,27,69.77194,130.8096,정상
Female,24,68.65212,139.4811,정상
Female,34,68.44554,111.1441,저체중
Male,32,67.88896,118.4146,저체중
Male,19,68.68925,121.2378,저체중
Female,35,65.56401,105.3675,저체중
Female,21,69.20112,139.431,정상
Female,34,68.41482,134.6557,정상
Male,31,69.09655,123.0012,저체중
Male,35,68.9416,128.8854,정상
Female,18,67.9139,127.2376,정상
Female,26,68.29377,134.5271,정상
Female,29,66.32216,134.3075,정상
Male,30,68.20057,126.9387,정상
Female,29,69.63237,145.2524,정상
Female,30,68.33465,117.3751,저체중
Male,27,69.88231,143.9678,정상
Male,24,67.11991,115.2308,저체중
Female,21,70.53097,125.8404,저체중
Male,23,67.83481,135.7228,정상
Female,18,68.8196,128.3999,정상
Female,33,68.0312,125.4532,정상
Female,28,69.03316,134.1379,정상
Male,32,67.26332,126.7256,정상
Female,18,66.39875,135.3503,정상
Female,25,64.7363,109.3803,저체중
Male,23,69.25052,111.9038,저체중
Male,26,69.50292,146.6922,정상
Female,35,68.11694,128.3326,정상
Female,32,69.37864,126.2731,저체중
Male,29,66.1219,115.3591,정상
Male,30,65.43542,127.2422,정상
Female,20,70.94749,144.8983,정상
Female,33,65.68418,114.6552,정상
Female,27,68.70422,131.8082,정상
Male,35,68.3036,136.9984,정상
Male,31,71.1963,141.1763,정상
Female,28,68.57603,141.8451,정상
Male,26,70.22202,128.7039,저체중
Male,30,67.08514,119.7705,정상
Female,29,65.68889,120.9908,정상
Female,34,67.51772,125.2817,정상
Female,29,70.30046,138.3313,정상
Female,25,68.71184,119.1353,저체중
Female,35,69.11819,133.7623,정상
Female,27,65.66806,122.5953,정상
Female,31,64.35738,104.8098,저체중
Female,18,69.50005,135.985,정상
Male,20,67.99347,119.7518,저체중
Male,31,68.84027,125.351,정상
Female,20,66.65667,127.9004,정상
Male,22,64.57652,125.8364,정상
Female,33,68.25611,130.0452,정상
Male,34,70.1304,130.4494,정상
Female,27,69.15411,137.9543,정상
Female,28,66.00913,129.3445,정상
Female,19,65.25623,129.8806,정상
Male,30,65.38594,111.8541,저체중
Female,32,68.92278,118.3422,저체중
Male,26,67.05723,133.6179,정상
Female,31,67.30535,136.954,정상
Male,24,64.88411,140.0156,정상
Male,29,66.28154,100.9385,저체중
Female,21,70.93763,135.4012,정상
Male,23,70.63453,133.6095,정상
Male,22,69.46661,128.8735,정상
Female,31,67.96774,143.9946,정상
Female,24,70.0157,134.9027,정상
Male,18,68.46486,102.6906,저체중
Female,24,65.54388,108.3486,저체중
Female,19,69.57076,134.1768,정상
Male,34,68.70712,122.7974,저체중
Male,20,66.47937,126.4091,정상
Male,33,65.6515,138.9004,정상
Female,27,64.8085,118.4505,정상
Male,30,69.20954,128.4521,정상
Female,27,71.2453,140.3166,정상
Male,31,66.78091,133.1914,정상
Male,33,66.66698,118.2094,정상
Male,35,67.46012,130.3946,정상
Male,31,68.39734,132.1677,정상
Female,24,66.05758,106.7136,저체중
Male,30,70.74289,129.1447,저체중
Male,29,69.0472,112.5379,저체중
Male,26,65.25487,113.0535,정상
Female,22,70.83969,136.1852,정상
Female,26,66.48308,129.5826,정상
Male,19,64.86362,131.524,정상
Male,19,64.89809,104.151,저체중
Male,32,66.91413,131.8421,정상
Female,24,68.79811,138.0315,정상
Female,20,68.26946,139.016,정상
Male,23,68.87518,145.2094,정상
Male,19,68.51555,116.7877,저체중
Female,23,64.25854,117.9964,정상
Female,22,71.84377,149.3361,정상
Male,35,71.08684,148.1875,정상
Female,29,64.2151,121.7215,정상
Male,26,62.63566,108.8842,정상
Male,35,65.81205,120.7095,정상
Female,28,67.33833,137.2586,정상
Male,24,65.81917,113.1984,저체중
Male,30,67.99186,114.8133,저체중
Female,18,69.11226,137.8176,정상
Female,24,71.84641,132.2059,저체중
Female,26,72.71856,134.3143,저체중
Male,24,67.57166,127.0006,정상
Female,19,66.86178,124.9583,정상
Female,32,67.18912,131.2947,정상
Female,27,67.68132,122.2843,정상
Female,24,66.23406,113.5248,저체중
Female,33,64.74007,87.3791,저체중
Female,22,67.97426,120.9928,저체중
Female,35,70.57709,131.9995,정상
Male,21,72.00389,147.4338,정상
Male,28,67.60891,130.389,정상
Male,21,66.68001,118.2663,정상
Female,27,70.70574,124.06,저체중
Male,25,67.75154,123.0129,정상
Female,21,69.21119,134.49,정상
Female,22,70.08521,120.7698,저체중
Female,28,68.45585,122.5019,저체중
Female,21,68.86915,129.1183,정상
Male,24,67.92791,117.2508,저체중
Male,25,70.4825,136.7279,정상
Male,25,69.32572,122.6077,저체중
Female,35,67.52547,148.9945,정상
Female,27,65.62965,131.0125,정상
Female,19,67.89239,128.1211,정상
Male,32,68.12894,116.1115,저체중
Female,20,69.54996,146.4172,정상
Male,20,66.8999,125.8277,정상
Female,32,67.60053,113.744,저체중
Female,18,65.23102,127.9767,정상
Female,30,68.51538,127.1196,정상
Male,24,71.76225,123.2438,저체중
Female,27,66.54347,132.6527,정상
Male,19,66.45278,123.5997,정상
Male,18,69.74047,128.9735,정상
Female,29,68.15836,129.8696,정상
Male,33,66.03258,120.1757,정상
Male,26,64.73717,113.7689,정상
Female,34,65.58498,112.9359,저체중
Female,28,66.54497,122.2424,정상
Female,34,69.41557,140.4464,정상
Female,25,70.6516,148.6669,정상
Female,19,69.55188,132.2138,정상
Male,35,67.89495,132.9517,정상
Female,20,67.31471,138.8578,정상
Male,18,63.75295,118.195,정상
Female,22,67.2233,125.6088,정상
Female,30,67.54931,126.4352,정상
Female,29,66.91107,122.745,정상
Female,20,69.09424,122.6279,저체중
Female,29,67.09958,118.5781,정상
Male,28,70.47341,140.9829,정상
Male,27,69.68349,127.9623,정상
Female,32,68.56579,133.3859,정상
Female,35,67.43454,123.6383,정상
Female,21,66.55213,115.8177,저체중
Female,19,68.0387,138.3228,정상
Female,23,69.78338,124.3807,저체중
Male,21,67.94391,131.2025,정상
Male,23,66.63849,126.9132,정상
Male,27,68.45079,127.414,정상
Male,24,70.07106,113.5241,저체중
Female,34,69.31026,114.3171,저체중
Female,19,71.75837,135.6142,정상
Female,30,69.71622,140.662,정상
Male,22,66.99944,130.037,정상
Male,29,72.48928,138.7557,정상
Male,28,66.28225,117.5711,정상
Female,21,66.00195,130.7777,정상
Female,24,68.5202,118.5414,저체중
Male,33,67.26404,121.9478,정상
Male,27,65.81057,120.8452,정상
Male,25,68.39663,140.8006,정상
Female,31,69.54723,139.1849,정상
Female,24,68.82906,126.3249,정상
Female,35,67.68691,121.9448,정상
Female,27,68.60051,110.8007,저체중
Male,21,67.02558,127.5396,정상
Female,35,69.32334,139.7775,정상
Male,28,67.76623,123.344,정상
Male,19,66.76197,109.2005,저체중
Female,24,67.098,117.2866,저체중
Female,32,68.96237,136.63,정상
Female,25,66.68073,136.6551,정상
Female,19,70.07508,129.9514,정상
Female,34,66.38605,126.2915,정상
Male,18,69.05442,131.9593,정상
Female,18,69.49012,140.5831,정상
Female,30,68.12397,128.8785,정상
Female,28,68.40195,139.1229,정상
Male,25,69.40097,132.3228,정상
Female,30,69.55725,143.996,정상
Male,25,68.71036,126.5518,정상
Female,24,65.21573,116.8032,정상
Female,29,69.36761,135.5201,정상
Female,30,69.12651,139.0078,정상
Male,22,66.89099,137.6137,정상
Female,34,65.4888,134.2944,정상
Female,26,68.20845,135.3887,정상
Female,28,66.29682,111.8809,저체중
Male,20,67.53607,111.545,저체중
Female,27,67.54041,125.1986,정상
Male,31,69.88988,144.1664,정상
Female,26,68.55332,110.9255,저체중
Female,35,67.19021,125.038,정상
Female,33,67.35534,131.0543,정상
Male,21,71.49612,138.8885,정상
Male,26,68.82757,130.4426,정상
Female,21,69.11661,119.6437,저체중
Female,33,64.63422,127.7079,정상
Male,18,64.58205,100.557,저체중
Male,25,65.9946,124.2257,정상
Male,26,69.0528,129.5877,정상
Female,19,69.80507,154.9924,정상
Female,19,68.4173,144.9684,정상
Male,35,67.12852,116.2219,저체중
Male,35,66.85993,117.9136,정상
Female,21,68.75888,125.4433,정상
Male,32,66.11846,131.5019,정상
Male,18,64.64742,112.8034,정상
Male,27,65.59808,122.1915,정상
Male,30,69.41123,132.3657,정상
Female,27,69.86767,118.2363,저체중
Male,34,67.74429,115.3566,저체중
Male,32,69.57154,126.382,저체중
Male,23,66.93873,126.2335,정상
Male,34,67.32014,130.6583,정상
Female,21,67.45694,113.2988,저체중
Female,25,70.22599,135.254,정상
Female,35,66.03134,111.0406,저체중
Female,22,68.38498,119.4007,저체중
Female,26,68.63206,127.0706,정상
Male,20,71.10527,128.6674,저체중
Female,28,68.03731,116.0219,저체중
Female,34,66.68726,121.7474,정상
Female,32,66.76614,104.8083,저체중
Male,22,70.56704,122.4718,저체중
Female,23,64.74464,99.72601,저체중
Male,35,67.86554,108.1438,저체중
Female,21,66.55172,121.0529,정상
Male,25,70.99403,138.9722,정상
Male,33,68.30178,125.0544,정상
Female,27,67.90843,134.2875,정상
Male,35,68.97747,128.9206,정상
Female,25,66.45071,117.6418,정상
Female,26,66.34292,112.5733,저체중
Female,34,68.24008,135.0878,정상
Female,22,66.51948,113.9957,저체중
Female,32,64.81528,121.5109,정상
Female,19,65.92603,107.3163,저체중
Male,28,68.65183,130.1741,정상
Female,30,65.82599,107.6702,저체중
Female,29,70.27704,135.9964,정상
Male,32,68.84244,117.9071,저체중
Male,33,69.4594,133.9838,정상
Female,35,67.2644,127.0181,정상
Female,22,71.28234,134.0145,정상
Female,33,69.14869,125.0073,저체중
Male,30,69.431,124.9502,저체중
Female,22,71.17918,135.0057,정상
Male,18,66.45775,134.571,정상
Female,32,67.25106,117.7898,저체중
Female,24,68.36867,135.2021,정상
Male,29,68.58773,148.6514,정상
Female,34,64.15953,112.875,정상
Female,28,68.69334,138.6052,정상
Female,30,68.72121,148.0597,정상
Female,35,67.7996,130.667,정상
Female,34,64.32884,109.5509,정상
Male,24,67.22786,121.3151,정상
Female,29,70.60144,137.5583,정상
Female,30,68.79806,135.2602,정상
Male,23,67.94924,120.2593,저체중
Male,28,62.57873,96.11534,저체중
Male,24,68.41549,113.0067,저체중
Male,34,69.01353,141.7589,정상
Male,30,65.74831,139.774,정상
Male,19,71.81629,132.7127,저체중
Female,19,69.37019,119.1947,저체중
Female,30,66.40565,115.9791,저체중
Male,20,70.68742,135.3749,정상
Female,19,66.25324,126.0192,정상
Male,21,68.71076,122.2045,저체중
Male,33,67.26793,116.1981,저체중
Male,30,69.09202,146.6689,정상
Female,31,72.35308,139.6808,정상
Female,19,69.04342,134.08,정상
Female,20,70.73303,143.2831,정상
Male,19,68.36911,144.1253,정상
Female,27,72.1229,157.6616,정상
Female,23,67.91302,120.1835,저체중
Female,26,70.73081,127.2146,저체중
Female,28,68.66401,116.9992,저체중
Male,33,65.75594,127.2348,정상
Male,22,65.95131,105.3219,저체중
Male,30,67.46588,115.8773,저체중
Female,30,69.63874,132.5026,정상
Male,24,68.20571,128.1029,정상
Female,24,70.12075,143.4512,정상
Female,25,69.33824,128.5652,정상
Female,21,65.04011,120.0564,정상
Male,32,67.13403,126.3556,정상
Female,26,65.34843,117.1063,정상
Female,34,70.1839,123.7718,저체중
Male,34,66.3978,124.6117,정상
Female,31,68.70525,134.5751,정상
Female,27,68.48066,133.0611,정상
Female,20,68.83329,134.5825,정상
Male,29,70.39459,127.3152,저체중
Male,25,65.43292,104.3383,저체중
Male,33,70.09461,135.1397,정상
Female,24,68.76244,154.024,정상
Female,35,69.35571,128.516,정상
Male,19,67.04356,132.4941,정상
Female,26,72.99632,157.8664,정상
Male,30,67.38058,152.7149,정상
Female,29,64.82189,116.4536,정상
Female,35,66.06893,114.6445,저체중
Male,21,68.60001,125.1518,정상
Male,21,67.05224,131.9155,정상
Female,22,66.25923,107.9334,저체중
Female,33,69.41316,139.3844,정상
Male,26,69.8588,144.9464,정상
Male,30,69.90593,132.8098,정상
Male,26,69.7052,132.7173,정상
Male,26,69.63663,140.4612,정상
Female,20,67.99399,117.8776,저체중
Female,33,69.70857,126.5658,저체중
Female,18,69.33609,133.7583,정상
Female,24,71.24983,137.2504,정상
Female,22,65.96176,107.8183,저체중
Female,31,67.58381,135.656,정상
Female,32,69.98799,129.377,정상
Male,18,69.93978,147.0146,정상
Male,32,68.58929,115.6961,저체중
Male,20,69.65638,131.1921,정상
Female,35,68.67033,126.5642,정상
Male,29,69.2782,131.6396,정상
Female,18,67.07981,125.7229,정상
Male,29,67.70003,136.0609,정상
Male,20,68.54715,120.4416,저체중
Female,30,69.91993,135.924,정상
Male,23,66.98397,126.9148,정상
Female,29,65.48047,108.2565,저체중
Female,30,69.07402,130.6905,정상
Male,29,63.83188,114.8563,정상
Female,29,67.4815,122.7798,정상
Female,34,66.69107,106.3925,저체중
Male,22,67.34666,122.1811,정상
Female,20,68.28734,116.2769,저체중
Male,34,71.91512,132.4214,저체중
Female,25,70.24886,133.7254,정상
Female,24,67.30216,137.5719,정상
Male,21,70.24521,126.039,저체중
Male,32,69.1209,138.9805,정상
Male,24,67.3079,119.5167,정상
Female,30,68.67791,129.9471,정상
Male,33,68.60468,115.5747,저체중
Male,34,66.93601,122.582,정상
Male,32,69.67793,132.9082,정상
Female,30,66.9517,91.22631,저체중
Female,24,68.2565,134.6433,정상
Female,34,70.76077,148.3999,정상
Female,31,70.30436,136.2413,정상
Male,33,69.60703,126.7617,저체중
Female,21,66.90735,120.1773,정상
Female,33,64.22389,117.6816,정상
Female,32,64.36145,114.8832,정상
Female,22,71.54765,146.309,정상
Female,31,68.14466,119.8608,저체중
Female,24,68.54325,127.7214,정상
Male,27,64.64412,106.2843,저체중
Female,28,66.19854,113.9223,저체중
Male,18,65.56816,141.3379,정상
Female,22,66.58173,106.1254,저체중
Male,19,67.63379,136.1838,정상
Male,29,70.49459,141.9638,정상
Male,19,70.17511,124.9465,저체중
Female,30,67.13912,131.6294,정상
Male,21,70.74149,132.4381,정상
Female,30,69.09462,142.8177,정상
Male,27,67.47896,127.436,정상
Female,24,68.55825,143.5287,정상
Male,23,69.07966,147.9838,정상
Female,29,70.35436,121.3196,저체중
Female,31,62.70318,92.59193,저체중
Male,31,67.59562,138.9259,정상
Female,32,68.14798,140.0075,정상
Female,21,69.27571,155.7563,정상
Female,20,69.07472,120.2972,저체중
Male,21,69.09439,117.6279,저체중
Female,24,68.6144,130.4149,정상
Female,32,62.398,89.1971,저체중
Female,27,69.12922,139.877,정상
Male,29,67.33389,126.0962,정상
Male,31,65.08376,131.736,정상
Female,20,71.12569,137.2863,정상
Female,20,68.07031,117.5196,저체중
Male,26,65.54023,117.5058,정상
Female,22,70.37267,124.7668,저체중
Male,34,65.68487,124.5331,정상
Male,25,65.1396,127.773,정상
Male,33,72.15147,148.5491,정상
Female,20,65.05276,103.6491,저체중
Female,19,65.00704,95.01295,저체중
Male,30,69.52238,134.7143,정상
Male,21,66.51322,114.55,저체중
Female,25,70.00383,138.3081,정상
Male,19,65.98143,123.4941,정상
Male,18,66.13459,101.1344,저체중
Male,28,69.87842,138.228,정상
Female,31,66.66719,126.0355,정상
Female,29,66.89316,139.7169,정상
Male,20,68.49506,122.879,저체중
Male,28,66.52004,126.5041,정상
Female,31,67.96291,114.4191,저체중
Male,21,66.29951,126.7682,정상
Female,25,70.03377,120.3446,저체중
Female,27,66.20352,107.0425,저체중
Male,34,68.22162,124.1618,정상
Female,18,68.33014,132.5046,정상
Male,34,66.68585,130.3999,정상
Male,21,65.81999,112.6146,저체중
Male,26,66.79436,119.7033,정상
Male,25,70.05224,115.3835,저체중
Female,29,66.30361,124.7241,정상
Male,26,65.92122,121.5372,정상
Male,35,71.33496,138.7443,정상
Male,31,65.93792,131.6449,정상
Female,35,66.80261,119.4744,정상
Male,31,67.88451,127.7094,정상
Male,18,68.57765,124.3734,정상
Male,22,67.63851,131.859,정상
Female,24,67.44645,128.5003,정상
Female,26,70.78508,132.6894,정상
Female,19,66.20549,114.1363,저체중
Female,19,64.01757,101.5315,저체중
Male,30,69.51099,144.765,정상
Female,32,66.19759,100.7474,저체중
Male,19,68.114,137.3945,정상
Male,33,68.89748,114.6844,저체중
Female,33,66.08796,128.0759,정상
Male,28,65.69337,140.7693,정상
Male,29,66.84988,130.5163,정상
Female,22,68.13243,126.5235,정상
Male,32,65.85355,121.6208,정상
Male,28,66.46148,111.3949,저체중
Female,26,70.16892,135.7384,정상
Male,27,70.47648,126.461,저체중
Male,22,68.83992,125.6376,정상
Male,21,68.16224,124.5737,정상
Female,24,69.75698,115.3657,저체중
Male,34,67.07932,121.7021,정상
Male,21,66.45796,133.9175,정상
Female,28,68.10467,124.2443,정상
Female,21,70.18297,148.1467,정상
Female,26,71.06812,136.7636,정상
Female,23,66.12689,137.2242,정상
Female,34,70.02419,132.5,정상
Male,18,63.95983,110.9671,정상
Female,27,68.29421,138.0009,정상
Female,24,66.78712,125.2584,정상
Female,29,70.31549,118.2843,저체중
Female,32,67.87672,115.7531,저체중
Female,29,64.98948,115.7612,정상
Male,18,65.73625,103.3949,저체중
Male,31,67.18713,113.77,저체중
Male,26,63.7027,111.5551,정상
Male,24,72.22326,146.7823,정상
Female,28,68.74167,125.3766,정상
Male,18,64.83708,122.7266,정상
Female,28,67.87607,130.0423,정상
Male,18,67.37786,118.0533,저체중
Male,22,65.1186,129.3106,정상
Male,26,69.23622,125.7028,저체중
Male,21,65.09077,111.4222,저체중
Male,29,70.31072,126.3652,저체중
Female,35,68.26941,129.7347,정상
Female,26,67.6398,137.9234,정상
Male,29,66.55938,122.7599,정상
Female,26,68.89767,142.6513,정상
Male,27,67.73688,138.6194,정상
Female,22,69.4266,133.8572,정상
Female,28,69.1415,121.8042,저체중
Male,30,70.88688,138.8487,정상
Female,26,67.4992,134.3789,정상
Male,35,67.48566,129.2513,정상
Female,26,65.80458,122.6509,정상
Male,23,69.4832,108.9489,저체중
Male,24,64.95436,112.0785,정상
Male,26,66.4238,111.2181,저체중
Male,26,67.79983,120.5562,저체중
Male,18,70.35784,145.1015,정상
Male,20,65.93427,124.9365,정상
Male,31,72.14741,152.714,정상
Male,20,69.02285,141.9567,정상
Female,30,67.95237,114.0617,저체중
Male,35,64.88273,120.3929,정상
Female,28,66.88904,108.9186,저체중
Male,25,68.16321,121.259,저체중
Female,25,67.31487,126.8506,정상
Male,31,70.8218,138.0774,정상
Female,22,69.2295,125.0231,저체중
Male,20,67.98989,116.7557,저체중
Male,27,69.10378,147.7595,정상
Male,29,65.19866,114.6411,정상
Female,25,70.6943,130.9471,저체중
Male,22,67.95665,141.4925,정상
Male,18,64.71795,110.6855,정상
Male,29,67.77693,121.1735,정상
Female,29,66.65039,109.8503,저체중
Female,33,68.66554,114.5278,저체중
Male,31,70.60726,141.8837,정상
Female,30,71.14677,131.3756,저체중
Male,26,66.39228,120.6284,정상
Male,33,66.31944,115.0054,저체중
Male,30,68.59114,142.5636,정상
Female,30,69.32005,114.6814,저체중
Male,34,69.02579,131.297,정상
Male,34,69.92046,135.0288,정상
Male,19,69.21391,109.8219,저체중
Female,23,70.50711,135.185,정상
Female,26,68.22468,122.0414,저체중
Male,20,64.42053,125.1623,정상
Female,24,66.66605,121.3495,정상
Male,19,66.25687,134.2611,정상
Female,26,69.05579,114.318,저체중
Female,18,63.6611,101.3054,저체중
Male,32,65.78795,140.3781,정상
Male,34,65.16658,102.3367,저체중
Male,28,68.15122,135.4779,정상
Female,30,69.38984,135.9126,정상
Male,22,65.78621,122.6126,정상
Male,23,68.2597,120.6736,저체중
Male,33,69.52348,124.3154,저체중
Male,19,68.04861,130.1638,정상
Female,19,65.09478,133.7183,정상
Female,26,67.92363,126.3504,정상
Male,27,67.96986,136.9789,정상
Female,27,68.83982,125.9746,정상
Female,32,66.47793,119.8167,정상
Female,26,69.22774,128.9968,정상
Female,33,66.9221,132.8417,정상
Female,24,68.83985,120.0603,저체중
Male,25,71.58499,167.8045,정상
Male,26,68.54065,137.9769,정상
Male,25,66.50759,117.7984,정상
Female,34,69.98011,126.927,저체중
Female,33,70.8198,122.0349,저체중
Female,32,67.05275,127.4661,정상
Male,34,68.3326,143.762,정상
Male,31,68.9573,132.012,정상
Male,22,67.34256,137.6082,정상
Female,34,71.28917,128.8965,저체중
Female,21,68.7694,130.0066,정상
Female,25,68.12962,126.3372,정상
Female,30,66.39812,117.4012,정상
Male,22,65.23885,137.3238,정상
Male,26,66.44001,127.4717,정상
Female,18,70.93311,137.8625,정상
Female,20,67.31072,128.5575,정상
Male,35,70.72584,130.6364,저체중
Male,35,68.11148,126.047,정상
Male,20,68.46257,147.0739,정상
Female,35,68.0129,114.4355,저체중
Male,25,66.96139,131.5032,정상
Male,20,68.42376,127.3903,정상
Female,23,69.0915,127.5051,정상
Female,18,67.83572,130.7118,정상
Male,23,67.0104,116.4421,저체중
Female,32,67.9803,132.8359,정상
Male,34,69.40901,140.1526,정상
Male,21,68.17666,143.5168,정상
Female,33,68.82236,122.6466,저체중
Female,19,69.59401,120.2946,저체중
Female,27,69.79599,139.6795,정상
Male,19,69.57154,123.7094,저체중
Male,23,66.17372,130.3693,정상
Male,21,68.56311,145.1008,정상
Male,23,68.00701,148.8339,정상
Male,33,68.20627,120.9951,저체중
Male,19,68.41836,124.8028,정상
Female,28,66.87925,124.0546,정상
Male,18,67.17012,128.4136,정상
Male,24,67.01381,134.9587,정상
Male,26,66.27923,122.9582,정상
Female,21,66.31152,128.7993,정상
Male,26,67.42453,129.8299,정상
Female,29,67.2625,129.1298,정상
Male,29,66.85661,115.8562,저체중
Male,34,68.30887,119.1643,저체중
Male,30,67.3835,146.1098,정상
Male,34,70.43142,150.9456,정상
Female,31,69.94726,141.3873,정상
Male,34,69.17938,135.8499,정상
Male,32,66.56538,116.9042,정상
Male,30,68.67972,143.4218,정상
Male,21,64.81954,99.80369,저체중
Male,31,70.49047,126.5028,저체중
Female,34,68.10777,126.735,정상
Male,22,68.41482,125.2798,정상
Male,18,68.2052,120.8053,저체중
Female,19,64.71503,133.1455,정상
Male,22,65.65007,114.6888,정상
Female,18,70.11281,133.7564,정상
Male,27,66.9713,122.9566,정상
Male,20,67.37563,124.9457,정상
Female,35,70.20955,119.9669,저체중
Male,33,65.60368,117.7954,정상
Male,26,65.99327,126.8598,정상
Male,19,64.12511,114.9245,정상
Female,33,67.89782,113.589,저체중
Male,18,69.76854,126.3972,저체중
Male,33,66.68039,123.661,정상
Female,23,71.3082,129.1532,저체중
Male,27,68.92387,153.6931,정상
Male,21,70.98202,137.4036,정상
Female,21,70.09326,121.8786,저체중
Female,30,68.2703,123.8796,정상
Female,28,68.43097,130.4136,정상
Male,29,67.48521,122.9673,정상
Male,34,65.28618,124.4946,정상
Female,24,69.12615,128.2417,정상
Male,23,70.05579,135.7679,정상
Female,23,66.26599,121.7592,정상
Male,21,67.66477,126.609,정상
Female,33,67.29123,137.2435,정상
Female,33,68.77873,118.0382,저체중
Female,27,69.70939,137.5337,정상
Male,31,70.67986,141.8843,정상
Male,22,69.66769,139.9762,정상
Female,19,67.15104,132.4239,정상
Female,21,68.98937,135.7329,정상
Male,18,67.42939,124.1274,정상
Male,33,67.78729,137.1755,정상
Female,35,64.43099,145.4739,정상
Male,20,67.67702,121.8942,정상
Male,29,69.99401,132.7112,정상
Female,31,69.71816,117.6143,저체중
Female,18,69.41796,133.882,정상
Female,21,64.96373,123.9581,정상
Female,30,67.53047,132.6457,정상
Male,28,69.31009,129.1492,정상
Male,31,66.40906,134.3405,정상
Female,34,68.40781,128.4416,정상
Female,30,66.74614,114.8763,저체중
Male,25,67.0559,124.9848,정상
Male,24,69.04014,111.9708,저체중
Male,24,69.84443,135.6318,정상
Female,26,68.11787,109.8296,저체중
Male,23,67.96711,127.1728,정상
Male,23,64.26845,109.7383,정상
Female,26,66.38069,113.3612,저체중
Male,33,69.65186,141.0062,정상
Male,26,67.50995,111.4264,저체중
Female,18,68.59905,149.7418,정상
Male,18,65.38762,113.4099,정상
Female,35,69.754,139.7871,정상
Female,29,66.40135,122.4853,정상
Female,21,69.97896,119.6409,저체중
Female,29,69.31752,133.772,정상
Female,27,65.80662,144.3102,정상
Male,24,66.85982,140.6987,정상
Male,23,70.3717,135.4761,정상
Female,33,66.50564,129.2973,정상
Female,33,66.29807,121.9226,정상
Female,30,70.79659,138.0529,정상
Male,21,66.9188,143.6876,정상
Male,19,67.86452,101.8559,저체중
Male,30,69.26225,135.6449,정상
Male,28,63.83449,115.8313,정상
Female,34,68.60409,127.3747,정상
Male,25,67.03402,123.9735,정상
Female,27,67.39559,119.7485,정상
Female,29,65.21454,131.9907,정상
Male,28,68.28765,126.7902,정상
Female,19,69.10579,128.4257,정상
Female,27,68.35335,130.4412,정상
Female,26,68.07782,127.7648,정상
Male,28,67.84152,132.4672,정상
Female,25,65.28594,127.6072,정상
Female,22,68.1933,122.6322,정상
Male,26,67.74053,114.4872,저체중
Female,30,67.04758,123.7627,정상
Male,24,65.4041,137.16,정상
Male,32,66.17018,115.5937,정상
Female,23,66.80868,116.272,저체중
Female,27,67.29029,125.8577,정상
Female,28,70.09532,116.7931,저체중
Male,24,66.80156,120.9025,정상
Male,19,66.63488,118.1354,정상
Male,25,69.56506,125.3899,저체중
Female,33,70.60646,128.7028,저체중
Male,24,71.964,130.4404,저체중
Female,30,66.99211,106.3826,저체중
Female,21,64.63998,124.5983,정상
Male,26,64.46369,113.8868,정상
Female,31,67.48073,118.8642,저체중
Female,31,71.0274,149.722,정상
Male,24,66.57652,124.7905,정상
Female,32,68.8576,130.9752,정상
Male,22,66.25434,118.0379,정상
Female,24,68.59622,119.9239,저체중
Female,33,70.5651,124.2969,저체중
Female,25,68.19129,135.3963,정상
Male,24,68.631,145.9199,정상
Male,23,66.95137,121.817,정상
Male,22,65.73162,120.4355,정상
Male,27,69.39596,131.8885,정상
Male,23,68.4177,155.2243,정상
Male,30,68.5373,118.7651,저체중
Male,24,65.89888,119.7408,정상
Male,24,71.79395,134.9478,저체중
Male,21,64.61857,126.0336,정상
Female,21,67.95083,135.7588,정상
Male,32,69.24678,120.7578,저체중
Female,32,69.09927,117.0254,저체중
Female,32,68.66631,117.8159,저체중
Male,30,67.96796,128.4943,정상
Male,32,68.36887,110.7174,저체중
Female,34,66.49471,127.7524,정상
Male,26,66.10701,133.2153,정상
Female,31,69.66455,150.5807,정상
Male,35,70.8961,127.1952,저체중
Female,32,63.23763,119.1795,정상
Male,25,67.19734,117.7393,저체중
Male,35,67.85778,123.0461,정상
Female,31,67.22801,131.9317,정상
Male,35,69.7057,131.1593,정상
Female,27,68.84395,107.803,저체중
Female,24,72.34677,133.7865,저체중
Female,27,71.26584,134.0578,정상
Female,22,69.44174,122.8241,저체중
Male,18,67.29233,118.7096,저체중
Female,21,66.81163,101.159,저체중
Male,22,68.86359,128.1226,정상
Male,27,66.49126,126.8115,정상
Male,22,68.04236,140.7966,정상
Male,18,70.0192,122.6033,저체중
Male,20,67.83242,130.1143,정상
Female,34,69.44946,138.989,정상
Male,33,67.26935,116.3762,저체중
Female,27,66.54396,127.1921,정상
Male,29,70.04568,118.2566,저체중
Female,23,66.75437,112.4253,저체중
Female,31,64.46778,104.1932,저체중
Female,29,66.85722,111.022,저체중
Female,30,67.45724,133.9342,정상
Male,22,69.45109,132.5114,정상
Male,29,66.60452,129.8988,정상
Male,31,67.06108,131.6097,정상
Female,31,68.42116,113.0609,저체중
Female,21,69.493,116.8366,저체중
Male,28,70.46411,140.5955,정상
Male,22,68.9279,112.8921,저체중
Female,34,64.0927,122.0211,정상
Female,35,69.8857,120.2619,저체중
Female,27,70.98109,133.7989,정상
Male,35,70.75683,134.2516,정상
Female,30,69.29064,122.7467,저체중
Male,25,67.34605,118.8282,저체중
Female,35,71.60653,145.4865,정상
Male,23,68.73423,127.9355,정상
Female,19,70.23183,132.2244,정상
Male,33,67.73289,128.6208,정상
Male,23,64.52831,119.7817,정상
Male,26,66.63655,116.8298,저체중
Male,32,69.76077,116.2196,저체중
Female,34,65.56703,127.0848,정상
Female,32,68.77343,121.1138,저체중
Male,30,69.40668,140.9985,정상
Male,25,69.43534,137.473,정상
Male,28,68.30511,142.7223,정상
Male,32,63.7744,115.913,정상
Male,26,65.68321,128.3344,정상
Female,23,68.33718,120.9561,저체중
Female,25,69.86703,147.7559,정상
Male,29,65.7249,124.3421,정상
Male,31,68.1319,130.2268,정상
Female,30,70.9089,139.7271,정상
Female,35,67.84388,108.6559,저체중
Female,24,67.27281,133.2515,정상
Female,26,66.14906,124.3751,정상
Female,28,67.9919,118.8748,저체중
Female,31,67.75147,129.3329,정상
Male,22,69.95487,126.1978,저체중
Female,19,65.25717,130.0705,정상
Female,19,68.78511,136.2792,정상
Male,28,68.53751,144.8563,정상
Female,27,66.68688,120.6248,정상
Male,31,65.88737,129.3868,정상
Female,29,67.70939,124.5234,정상
Male,21,63.53168,116.9152,정상
Female,29,69.49591,139.4006,정상
Male,24,70.25639,133.0404,정상
Male,34,68.33535,142.8504,정상
Female,18,68.20992,143.3398,정상
Female,28,71.61247,131.4263,저체중
Male,21,68.30837,133.0776,정상
Male,34,68.79576,128.3906,정상
Female,27,66.11011,110.656,저체중
Male,27,71.17064,151.2357,정상
Female,31,65.96844,132.1259,정상
Male,29,69.49436,131.419,정상
Male,31,66.1988,130.2737,정상
Male,28,67.05559,124.3257,정상
Male,21,70.82173,136.5632,정상
Male,24,67.84611,136.8583,정상
Female,21,66.01755,112.6355,저체중
Female,27,66.2288,124.778,정상
Male,32,66.66816,133.0192,정상
Male,26,65.48562,131.4137,정상
Male,28,67.62,148.1053,정상
Female,19,68.82866,119.503,저체중
Male,20,68.43031,126.7202,정상
Male,34,64.88057,112.4524,정상
Female,18,70.71452,129.2147,저체중
Female,23,68.29645,126.0144,정상
Female,27,68.57851,128.5564,정상
Male,34,65.66804,101.8834,저체중
Male,35,68.35718,126.9565,정상
Male,21,68.30827,121.8879,저체중
Male,34,67.97439,114.888,저체중
Female,25,65.44622,110.3052,저체중
Female,34,66.41683,135.3551,정상
Male,27,67.76647,107.941,저체중
Male,30,70.12719,112.8635,저체중
Male,33,66.45294,119.4764,정상
Female,33,67.25909,132.5905,정상
Female,24,67.90183,140.1277,정상
Male,35,65.12247,118.1968,정상
Female,26,70.54615,137.335,정상
Male,19,67.93419,127.8738,정상
Female,26,68.4073,131.5761,정상
Male,34,68.0543,125.3733,정상
Male,31,66.81613,125.5772,정상
Female,28,71.46482,156.698,정상
Male,22,66.1986,130.4507,정상
Female,25,67.78284,131.1426,정상
Male,24,65.98122,137.0717,정상
Male,32,71.18172,119.8668,저체중
Female,24,66.63714,107.6969,저체중
Male,35,65.21006,108.4938,저체중
Female,29,72.02198,145.489,정상
Male,25,67.73998,130.4849,정상
Female,24,66.80834,118.4648,정상
Male,29,69.82781,151.5249,정상
Female,33,69.066,134.8918,정상
Male,22,67.74345,130.8209,정상
Female,29,69.05112,112.3061,저체중
Male,21,65.9683,104.3853,저체중
Male,20,69.13584,129.2356,정상
Female,18,67.40931,130.2442,정상
Male,20,67.92429,130.3329,정상
Female,27,68.87862,122.1128,저체중
Female,20,70.78535,147.0279,정상
Male,24,67.94063,116.9758,저체중
Female,21,68.55731,124.1189,정상
Female,26,67.95809,143.184,정상
Female,30,67.14299,124.7983,정상
Male,21,66.31973,135.487,정상
Male,18,69.86703,123.4288,저체중
Male,29,70.34807,128.6677,저체중
Female,21,68.33013,118.3628,저체중
Male,20,69.25117,126.0558,저체중
Female,35,69.50442,119.8007,저체중
Male,18,64.7488,136.3069,정상
Female,22,71.18038,136.9996,정상
Female,23,68.20414,136.4564,정상
Male,25,67.20821,138.9231,정상
Male,22,68.09341,129.9965,정상
Male,34,67.57946,133.9151,정상
Female,32,66.36966,121.0705,정상
Female,34,70.44008,115.5771,저체중
Female,34,69.59612,118.1955,저체중
Male,27,73.18845,141.6274,정상
Female,26,64.8038,114.1008,정상
Male,20,63.38823,116.9479,정상
Male,25,68.42439,122.0094,저체중
Female,22,68.20646,130.3053,정상
Male,29,68.47766,124.3275,정상
Male,35,68.13698,109.9892,저체중
Female,29,66.5642,120.0656,정상
Male,28,71.6742,142.782,정상
Female,24,67.05255,128.7431,정상
Female,19,68.85466,117.8856,저체중
Female,31,68.65248,122.2601,저체중
Male,22,64.16886,110.911,정상
Male,20,67.16001,142.7395,정상
Female,34,65.06853,123.8455,정상
Male,31,69.67259,136.5818,정상
Male,24,67.28347,135.4397,정상
Female,35,69.90543,129.4083,정상
Female,32,66.39269,113.8244,저체중
Male,30,69.0075,132.1928,정상
Male,25,68.90949,128.4623,정상
Male,23,66.02741,108.1906,저체중
Male,22,68.22004,130.7162,정상
Male,31,70.8693,136.1507,정상
Male,34,64.98984,117.714,정상
Female,25,67.12295,119.9848,정상
Male,19,67.83454,123.3862,정상
Male,35,70.74203,140.0149,정상
Female,31,64.27586,103.4251,저체중
Male,20,68.62938,125.9597,정상
Female,27,71.83546,129.9557,저체중
Male,23,69.13802,124.1999,저체중
Female,22,69.14398,135.7985,정상
Male,32,69.86294,123.7869,저체중
Male,30,68.0071,122.3199,정상
Female,34,64.28003,119.2213,정상
Male,24,64.80749,98.27368,저체중
Male,24,68.44135,137.1619,정상
Female,28,67.33811,118.3226,저체중
Female,26,66.23568,111.8243,저체중
Male,34,65.38226,135.7816,정상
Male,32,69.70013,127.6917,저체중
Female,25,70.21141,131.4104,정상
Female,31,67.25972,127.8096,정상
Female,30,68.19324,126.6439,정상
Female,22,69.34903,127.2285,정상
Female,35,70.82622,136.3402,정상
Male,35,68.95895,145.2939,정상
Female,20,66.35313,123.3383,정상
Male,25,67.70155,113.0354,저체중
Male,30,66.01282,126.4426,정상
Male,23,64.67146,121.8473,정상
Male,30,65.26196,116.2627,정상
Female,26,64.32105,126.3531,정상
Female,18,68.19311,114.3672,저체중
Male,19,70.63372,138.5337,정상
Male,18,67.32161,137.0611,정상
Female,18,69.07423,134.9462,정상
Male,34,67.38292,112.8386,저체중
Female,20,66.9492,110.6838,저체중
Male,29,69.37345,135.2223,정상
Female,34,67.17327,128.3909,정상
Male,34,64.82297,113.3591,정상
Female,24,69.74366,131.9008,정상
Male,18,69.05523,122.8494,저체중
Male,22,68.52817,119.1168,저체중
Female,22,65.77416,135.7006,정상
Female,34,70.49366,129.384,저체중
Female,23,71.53026,135.0245,정상
Female,21,68.16348,110.3596,저체중
Female,34,70.15896,153.1741,정상
Male,33,68.67804,141.0451,정상
Female,28,64.07479,118.5714,정상
Female,24,65.63973,99.81515,저체중
Male,31,67.91191,129.3775,정상
Female,28,67.775,146.1935,정상
Male,30,69.18617,132.9471,정상
Male,22,68.01384,131.7207,정상
Female,29,62.48941,117.7949,정상
Female,24,67.96079,127.3995,정상
Male,22,67.82376,134.2977,정상
Male,25,66.92886,111.183,저체중
Female,25,67.39775,134.5976,정상
Female,30,67.41853,143.8567,정상
Male,26,66.08383,118.2815,정상
Male,25,69.40233,119.7774,저체중
Female,23,68.42976,124.3332,정상
Female,33,68.65284,126.7226,정상
Male,32,67.71085,110.5105,저체중
Female,31,66.92357,113.5576,저체중
Male,23,67.28097,128.3507,정상
Male,19,67.60201,132.2953,정상
Female,32,69.39436,120.7939,저체중
Female,24,66.10454,113.4298,저체중
Female,30,68.63883,129.8796,정상
Male,35,66.93124,119.3294,정상
Female,24,66.52196,134.1469,정상
Female,20,64.39478,118.0702,정상
Male,28,67.87061,127.3809,정상
Female,33,70.43201,121.1751,저체중
Male,34,70.40373,118.6765,저체중
Male,26,68.88718,127.3501,정상
Female,21,69.10626,124.0148,저체중
Female,35,69.20993,131.5479,정상
Male,18,66.95677,127.1894,정상
Male,18,68.55278,139.2787,정상
Female,35,67.34935,121.2197,정상
Male,32,70.08442,146.126,정상
Female,22,66.55493,120.4965,정상
Male,20,68.39772,134.5794,정상
Male,35,69.17551,127.7031,정상
Female,22,67.88832,130.9674,정상
Male,35,69.23136,151.7222,정상
Female,23,66.39321,136.1953,정상
Male,26,66.29156,129.0251,정상
Male,29,69.27872,133.8416,정상
Male,34,67.04849,123.7323,정상
Female,26,66.08908,120.447,정상
Female,18,65.40789,106.4048,저체중
Male,28,64.41176,100.5481,저체중
Female,28,68.99911,147.0279,정상
Female,33,63.96038,98.96049,저체중
Male,30,67.25019,111.6628,저체중
Female,31,70.13072,138.9752,정상
Male,21,73.11393,154.7801,정상
Female,20,68.46228,135.4161,정상
Male,18,69.36312,131.0502,정상
Male,30,64.95313,113.1035,정상
Female,19,66.01722,106.2152,저체중
Male,18,66.2941,114.7051,저체중
Female,21,70.67693,125.1185,저체중
Male,31,67.33243,135.8197,정상
Male,29,63.68425,127.6135,정상
Female,19,67.05486,125.9922,정상
Female,19,71.57334,125.7925,저체중
Female,29,70.74414,149.5795,정상
Male,24,67.90413,123.895,정상
Male,20,70.23876,134.9732,정상
Female,26,66.42802,143.3147,정상
Female,27,68.27668,120.5478,저체중
Male,20,69.23481,132.964,정상
Male,22,66.24127,124.8096,정상
Female,34,71.24159,150.798,정상
Female,26,64.23067,106.6067,저체중
Male,22,68.13972,129.562,정상
Female,30,70.5219,138.8618,정상
Male,22,68.80228,123.557,저체중
Female,28,71.47939,122.5102,저체중
Female,26,66.25554,117.2567,정상
Male,30,67.65893,125.1901,정상
Female,26,66.24544,118.1862,정상
Female,18,69.4015,117.9695,저체중
Female,30,63.68623,124.7147,정상
Female,35,67.70352,117.4804,저체중
Female,35,64.58855,97.81632,저체중
Female,21,67.90312,121.7761,정상
Male,31,69.31825,132.5327,정상
Female,22,68.78074,133.8886,정상
Female,18,65.16747,103.7879,저체중
Female,24,67.39659,123.8458,정상
Male,25,64.41103,100.447,저체중
Female,34,71.47445,139.9332,정상
Male,34,66.08011,114.2059,저체중
Female,25,69.12359,127.9635,정상
Male,35,70.18251,142.0535,정상
Male,26,69.52844,149.3159,정상
Female,20,65.45636,124.7121,정상
Male,20,72.1365,133.2988,저체중
Male,19,64.01521,112.954,정상
Male,19,66.94399,121.8452,정상
Female,25,70.76624,129.2601,저체중
Male,21,67.1248,127.1223,정상
Female,31,70.91403,137.6657,정상
Female,34,69.05992,96.98373,저체중
Female,30,68.87014,132.286,정상
Female,33,70.56427,139.1888,정상
Female,24,68.74068,140.9494,정상
Female,34,66.04751,133.5623,정상
Female,31,71.5113,131.3287,저체중
Female,33,67.61109,131.3793,정상
Male,28,67.65123,120.4534,정상
Male,31,69.26124,130.3283,정상
Male,23,68.05308,111.5429,저체중
Male,33,70.66922,120.3896,저체중
Female,22,63.44163,115.5336,정상
Male,27,66.15659,114.6908,저체중
Male,20,68.17946,146.4593,정상
Female,26,67.26248,122.2184,정상
Male,18,69.54205,135.2309,정상
Male,28,68.23248,117.6804,저체중
Female,21,68.37902,133.9223,정상
Male,33,63.64125,112.1593,정상
Male,23,71.46636,141.1508,정상
Female,19,69.26616,140.8013,정상
Male,25,69.24025,155.7611,정상
Male,29,67.95744,121.5092,저체중
Female,19,66.88315,123.9898,정상
Female,34,69.59355,130.8852,정상
Male,26,70.21228,136.9528,정상
Female,32,66.76888,109.2297,저체중
Female,33,67.03536,134.7424,정상
Male,24,72.72333,135.6775,저체중
Female,29,71.27092,149.2486,정상
Female,28,70.04237,120.8985,저체중
Female,29,67.30938,125.4023,정상
Female,22,70.92362,142.0399,정상
Female,35,70.86617,136.8164,정상
Female,19,71.16906,125.1008,저체중
Female,22,71.27803,126.8942,저체중
Female,26,69.02346,134.2947,정상
Female,34,70.32898,142.0952,정상
Female,33,64.65613,110.0386,정상
Female,26,68.30144,116.1683,저체중
Female,25,68.02501,129.2719,정상
Male,35,69.54645,135.4922,정상
Female,24,69.66515,120.5153,저체중
Female,31,66.61978,120.8916,정상
Male,22,70.70351,144.7056,정상
Female,26,66.84578,123.4342,정상
Male,27,66.91022,104.7945,저체중
Female,26,70.46769,117.2765,저체중
Female,34,67.7792,125.5647,정상
Female,32,65.6698,107.2109,저체중
Male,33,66.92797,132.8552,정상
Female,27,66.83788,142.0706,정상
Female,25,66.2109,125.9366,정상
Female,26,71.51674,137.7854,정상
Male,23,69.25899,127.4162,정상
Male,24,66.38182,128.5337,정상
Male,24,67.98866,103.9803,저체중
Female,34,69.10657,121.7137,저체중
Male,25,66.93244,128.6671,정상
Female,34,68.78738,111.3942,저체중
Male,21,71.69889,127.9976,저체중
Male,25,71.58625,155.8226,정상
Male,30,70.22459,123.7852,저체중
Female,28,67.80333,129.0836,정상
Female,30,66.99804,141.1636,정상
Male,21,66.69938,126.4284,정상
Female,27,67.81842,107.4346,저체중
Female,27,65.52188,102.8837,저체중
Male,23,66.26517,112.6468,저체중
Male,33,66.61056,132.1592,정상
Male,28,69.2276,135.7117,정상
Female,18,69.76883,131.289,정상
Female,19,67.25415,126.2261,정상
Female,31,71.94325,146.1599,정상
Female,34,70.42889,131.4166,정상
Male,19,69.14838,135.2424,정상
Female,29,66.35698,117.5543,정상
Female,35,67.72308,120.2195,저체중
Female,21,69.32816,144.6047,정상
Male,31,67.18685,119.0143,정상
Male,27,64.98016,128.0163,정상
Male,28,69.50141,131.0541,정상
Male,26,66.21749,117.7252,정상
Male,21,66.87048,146.4228,정상
Male,20,67.26667,110.8618,저체중
Male,31,68.84698,118.8636,저체중
Male,31,69.64577,137.3837,정상
Female,24,68.42511,127.5529,정상
Male,19,66.12824,130.6234,정상
Female,34,66.50649,118.7096,정상
Female,35,68.22237,117.7128,저체중
Male,29,70.89547,132.2301,저체중
Male,28,66.49191,129.8035,정상
Female,25,65.92614,110.2858,저체중
Male,22,70.60162,133.4747,정상
Female,29,69.90771,125.1461,저체중
Male,26,68.17237,135.0448,정상
Male,22,67.93822,114.7389,저체중
Male,30,67.26702,127.2478,정상
Male,19,70.93422,134.1138,정상
Female,27,65.43279,132.7763,정상
Female,30,68.50404,136.0545,정상
Male,26,65.32412,124.1597,정상
Male,22,67.15877,124.869,정상
Male,23,64.08903,104.5371,저체중
Male,32,64.87852,119.364,정상
Male,22,68.06382,112.3071,저체중
Female,28,67.85512,138.274,정상
Female,31,68.69451,136.9217,정상
Male,19,71.83913,138.6279,정상
Male,30,72.68296,134.195,저체중
Female,30,72.97709,129.5139,저체중
Male,18,68.69342,111.9045,저체중
Male,30,68.68038,125.2037,정상
Male,25,70.61549,135.1449,정상
Female,26,68.58312,133.3172,정상
Female,31,67.87132,122.0944,정상
Female,26,67.36301,133.484,정상
Male,18,70.012,125.7454,저체중
Male,21,71.00838,140.3572,정상
Male,25,69.54254,153.5616,정상
Female,23,67.29908,126.9459,정상
Female,21,68.91619,133.2555,정상
Male,21,66.98198,110.6282,저체중
Female,23,67.52527,131.6131,정상
Male,26,68.68913,153.1047,정상
Male,23,68.0705,145.1079,정상
Female,21,65.34667,106.6298,저체중
Female,25,68.27458,129.4259,정상
Female,32,68.43948,138.6668,정상
Female,26,68.63517,125.4484,정상
Female,29,65.9169,115.5298,정상
Male,19,68.75507,121.4015,저체중
Male,29,67.50336,121.0915,정상
Male,35,67.35686,119.5916,정상
Female,27,68.74911,123.4175,저체중
Female,19,65.82688,125.1802,정상
Male,23,63.66383,100.9581,저체중
Male,18,66.73418,123.5122,정상
Female,31,68.7669,121.9292,저체중
Female,18,63.50262,115.3714,정상
Female,29,67.76649,125.1451,정상
Male,32,68.57622,123.7199,저체중
Male,34,69.26441,135.5441,정상
Female,35,69.68345,122.2247,저체중
Female,33,68.79655,124.5403,정상
Male,26,71.45548,149.4462,정상
Male,19,67.08221,107.519,저체중
Female,32,66.30983,107.8446,저체중
Male,33,67.05289,130.3873,정상
Male,18,66.69178,112.7728,저체중
Female,33,67.73043,122.5769,정상
Female,24,68.00003,137.312,정상
Female,34,66.63813,102.5589,저체중
Male,19,65.65274,108.267,저체중
Female,32,69.22019,113.4516,저체중
Female,18,64.23796,127.21,정상
Male,31,67.5943,133.0013,정상
Female,20,70.42984,136.3197,정상
Female,35,67.11274,128.19,정상
Male,28,67.98772,113.4182,저체중
Male,22,69.89944,143.3529,정상
Male,31,67.47588,118.6167,저체중
Female,21,70.73882,133.249,정상
Male,34,67.09517,127.4636,정상
Male,31,64.63916,124.0617,정상
Male,25,65.95318,114.1656,저체중
Female,35,70.34111,131.5517,정상
Female,29,65.08001,117.1925,정상
Male,22,67.01532,127.5686,정상
Female,30,67.44816,140.1632,정상
Female,35,64.62936,114.2821,정상
Female,32,67.18612,128.9279,정상
Female,35,69.1269,125.3568,저체중
Male,34,67.48529,111.7304,저체중
Male,34,68.60783,133.3954,정상
Female,22,66.35991,111.3237,저체중
Male,29,67.23519,123.6025,정상
Male,22,68.10568,124.4485,정상
Female,33,64.73949,138.3973,정상
Male,24,68.29833,127.7477,정상
Male,33,69.22544,131.9046,정상
Female,27,68.59662,142.6983,정상
Male,35,66.28389,120.2258,정상
Female,24,66.43058,112.2964,저체중
Female,34,64.0014,116.3801,정상
Male,18,67.44234,152.4923,정상
Male,31,65.15728,102.1984,저체중
Female,32,65.33919,112.9692,정상
Female,35,65.70654,130.7918,정상
Female,25,64.35914,112.2244,정상
Male,30,65.57652,126.7799,정상
Female,19,71.05843,136.3315,정상
Female,23,67.23561,122.0408,정상
Male,30,65.16695,110.5248,저체중
Female,35,69.84415,152.3574,정상
Male,32,66.61845,124.8794,정상
Female,29,67.50831,150.5015,정상
Male,28,66.40242,124.3254,정상
Female,24,69.02896,123.8979,저체중
Female,31,69.10557,149.6609,정상
Male,30,68.44275,126.72,정상
Female,20,68.64999,139.3151,정상
Female,22,72.40603,131.9203,저체중
Female,26,67.91361,132.3644,정상
Male,25,66.90988,116.3878,저체중
Male,22,66.08598,134.0194,정상
Female,24,67.66889,121.2939,정상
Male,23,68.76862,131.9744,정상
Male,23,66.98014,117.2521,저체중
Female,20,68.74833,125.9501,정상
Male,25,70.79517,133.642,정상
Female,25,64.31269,110.4079,정상
Male,19,68.92165,120.3599,저체중
Male,26,67.70132,137.2192,정상
Female,23,71.41874,139.3438,정상
Female,32,72.51415,114.3909,저체중
Female,20,68.8114,127.7579,정상
Male,33,67.13979,109.7144,저체중
Female,19,66.74072,130.6229,정상
Female,32,69.70146,156.5445,정상
Female,35,72.75144,157.7481,정상
Male,24,67.66406,139.4558,정상
Female,32,68.27904,144.4879,정상
Female,22,69.24852,136.1629,정상
Female,35,70.34305,138.67,정상
Male,31,72.09527,135.252,저체중
Female,22,67.11737,127.7587,정상
Male,24,71.75284,138.0633,정상
Male,28,66.32216,123.6735,정상
Male,22,68.59531,128.7746,정상
Female,33,67.84571,129.0955,정상
Male,27,69.33815,118.5346,저체중
Male,23,66.37336,122.3126,정상
Male,20,66.26652,110.3988,저체중
Male,23,64.87171,132.5079,정상
Female,28,67.92885,109.6037,저체중
Female,22,70.33507,153.9626,정상
Male,25,66.34491,120.7221,정상
Male,32,68.64508,137.0787,정상
Male,22,67.34987,120.2499,정상
Female,25,69.2373,132.8112,정상
Male,34,69.88961,131.3,정상
Male,30,65.71516,125.3647,정상
Female,28,69.20236,137.538,정상
Male,23,72.83266,143.9874,정상
Female,29,63.90262,122.0885,정상
Female,34,65.38753,125.0461,정상
Female,25,65.11627,123.6793,정상
Female,35,68.0761,125.6445,정상
Male,30,70.38111,143.9183,정상
Female,20,68.29328,125.3891,정상
Male,26,66.17228,121.1097,정상
Male,23,69.01299,126.3802,정상
Female,18,64.39616,118.3443,정상
Female,25,69.66799,137.5244,정상
Female,24,70.11684,148.1291,정상
Male,26,70.67615,138.4174,정상
Male,21,71.67171,154.5974,정상
Male,19,70.98541,132.011,저체중
Female,27,68.69251,120.464,저체중
Female,23,66.13051,130.6484,정상
Male,20,72.18172,145.7772,정상
Male,18,64.49398,120.2569,정상
Female,35,71.09941,120.904,저체중
Female,34,68.20045,130.0656,정상
Male,27,66.33023,113.2041,저체중
Female,20,67.04367,138.0165,정상
Male,24,68.30547,127.9004,정상
Female,31,69.18392,125.2414,저체중
Male,27,68.03723,135.8445,정상
Female,21,66.57552,133.4506,정상
Male,27,67.96196,126.5701,정상
Female,33,70.04325,131.8625,정상
Male,27,66.82989,136.6633,정상
Male,34,66.06785,119.3338,정상
Male,27,66.73451,114.521,저체중
Female,21,68.59738,131.6491,정상
Female,20,67.93096,118.3885,저체중
Male,34,68.29048,140.8166,정상
Male,25,65.61713,136.7163,정상
Male,26,68.83511,133.5565,정상
Male,21,68.41749,121.6358,저체중
Male,24,68.29963,125.9208,정상
Female,26,67.07739,120.9513,정상
Female,32,65.28695,127.0931,정상
Male,21,69.56663,132.7942,정상
Male,24,69.96385,139.112,정상
Male,31,71.49172,156.6047,정상
Male,26,72.06918,130.0836,저체중
Female,25,68.32088,136.4392,정상
Female,29,69.41193,124.4338,저체중
Male,25,69.30554,141.7445,정상
Male,25,70.28825,149.8366,정상
Male,18,74.74047,155.5462,정상
Male,24,67.89908,128.0993,정상
Male,20,63.31957,124.2271,정상
Female,35,68.88209,117.1974,저체중
Female,33,66.09881,117.9989,정상
Female,20,68.39956,135.4289,정상
Male,33,65.81467,119.0041,정상
Male,30,66.51669,123.0958,정상
Female,20,66.68897,128.9492,정상
Female,18,68.85866,122.1515,저체중
Male,18,65.28602,117.6903,정상
Female,25,67.45382,121.8754,정상
Female,30,65.72572,104.7868,저체중
Female,25,69.1809,138.1944,정상
Male,33,67.19123,119.7814,정상
Male,21,67.95791,115.3964,저체중
Male,21,69.90153,133.6208,정상
Female,22,69.36667,120.1496,저체중
Female,27,68.2609,123.5765,정상
Male,32,67.73458,123.3573,정상
Female,34,67.99545,124.5313,정상
Male,25,67.02058,120.1386,정상
Male,31,68.0984,118.3992,저체중
Female,25,69.07483,136.2293,정상
Female,31,68.55788,150.1478,정상
Male,22,67.88128,91.79628,저체중
Female,30,64.57218,117.3649,정상
Female,31,65.66127,111.9679,저체중
Female,33,67.40301,122.1909,정상
Female,25,67.55072,136.2613,정상
Female,27,66.3712,110.5685,저체중
Female,21,69.03177,140.8798,정상
Female,32,69.56693,139.21,정상
Male,28,67.997,142.6499,정상
Female,26,67.77191,116.9825,저체중
Male,21,70.25823,146.4642,정상
Male,32,67.55181,129.5468,정상
Male,21,68.46142,123.4447,정상
Male,28,66.27821,118.7967,정상
Female,23,67.16134,128.4656,정상
Female,29,70.74503,127.2149,저체중
Male,32,64.41245,130.2909,정상
Female,28,69.93806,135.9627,정상
Male,19,66.89486,141.925,정상
Female,24,69.35583,129.5942,정상
Female,29,70.31031,115.0746,저체중
Male,28,65.16672,108.6499,저체중
Female,31,66.13636,116.5107,정상
Male,32,69.9459,118.4187,저체중
Female,26,65.77942,130.5573,정상
Male,20,65.37242,123.4043,정상
Female,21,67.52532,112.6009,저체중
Female,34,65.66027,130.1065,정상
Female,27,68.08438,125.6412,정상
Female,26,70.20405,141.2656,정상
Male,21,68.09138,126.8049,정상
Female,33,69.8622,130.7656,정상
Male,33,71.2364,165.4348,정상
Female,18,67.73715,118.1487,저체중
Male,35,68.97119,139.1271,정상
Female,32,65.20052,116.3499,정상
Female,28,68.44766,143.052,정상
Male,31,69.85374,123.8261,저체중
Female,26,68.53738,133.8745,정상
Female,25,67.83017,131.8549,정상
Female,34,66.23251,127.9094,정상
Female,21,65.89304,115.487,정상
Female,21,65.6772,121.1499,정상
Female,22,66.76883,136.4819,정상
Female,32,69.74836,122.1892,저체중
Male,34,66.02269,110.8825,저체중
Male,23,67.8839,142.7609,정상
Male,34,67.9508,132.0453,정상
Female,25,68.08386,129.7618,정상
Female,21,67.34271,116.0603,저체중
Male,33,68.1341,112.7088,저체중
Male,19,70.01101,140.5868,정상
Male,34,67.81576,132.5872,정상
Male,22,71.44931,152.6402,정상
Male,28,66.86293,132.6471,정상
Male,18,66.96378,97.03296,저체중
Female,29,70.86922,142.2524,정상
Female,26,66.07424,124.2275,정상
Male,26,63.1202,131.0273,정상
Male,31,66.13073,123.7088,정상
Female,30,68.49757,128.567,정상
Female,22,67.64703,126.1548,정상
Male,30,64.13542,111.5291,정상
Male,20,65.18415,111.5203,저체중
Female,30,65.28989,102.8829,저체중
Female,32,66.93899,130.9771,정상
Male,22,69.76519,131.7523,정상
Male,25,70.14971,131.6752,정상
Female,24,69.76427,128.3103,정상
Female,34,66.79976,111.8919,저체중
Female,30,64.24878,111.8224,정상
Female,18,66.26232,130.8118,정상
Female,29,67.36842,140.4376,정상
Female,33,69.54224,136.2962,정상
Male,31,70.7088,135.0448,정상
Male,35,68.30583,107.0114,저체중
Female,34,68.77584,115.0584,저체중
Female,32,64.57222,110.4544,정상
Male,26,70.37127,131.4099,정상
Female,20,65.67011,126.3269,정상
Female,29,70.20753,146.1756,정상
Female,25,64.77025,121.1153,정상
Female,25,71.3765,137.7634,정상
Male,32,67.69573,141.5469,정상
Female,28,67.51762,124.1185,정상
Female,24,67.19765,137.8119,정상
Female,33,67.1093,133.0114,정상
Female,24,69.1917,123.958,저체중
Female,22,69.15525,119.1435,저체중
Male,21,69.86536,121.2642,저체중
Male,27,66.32886,127.9168,정상
Female,18,67.86215,121.1058,저체중
Female,26,68.27113,116.4098,저체중
Female,25,65.76944,126.6246,정상
Male,20,67.92933,130.5733,정상
Male,32,71.2216,123.3636,저체중
Male,34,66.912,119.4482,정상
Male,23,67.41402,131.0606,정상
Male,31,67.22463,119.8691,정상
Male,18,68.55061,134.7133,정상
Male,32,70.89052,141.621,정상
Male,33,64.97357,100.993,저체중
Male,32,67.54977,115.0079,저체중
Female,27,69.25733,147.6032,정상
Female,35,68.42616,141.9304,정상
Male,24,66.83894,128.7245,정상
Female,27,69.12521,123.8116,저체중
Male,18,65.94202,126.6764,정상
Male,25,69.15548,137.3675,정상
Female,33,66.63132,130.1165,정상
Male,19,69.7449,122.1703,저체중
Male,28,68.182,125.3675,정상
Male,24,63.34895,108.9061,정상
Male,27,65.91937,120.2951,정상
Male,35,68.34026,117.7427,저체중
Female,18,69.17937,147.5066,정상
Male,29,65.73096,124.0377,정상
Female,22,65.25774,137.7447,정상
Male,29,66.95904,117.1612,저체중
Female,31,67.46686,102.788,저체중
Male,23,64.5303,109.287,저체중
Male,20,68.22274,106.3999,저체중
Female,18,69.74043,149.3723,정상
Female,31,66.82473,115.1647,저체중
Female,27,66.7667,106.6478,저체중
Female,24,66.60791,104.4031,저체중
Male,29,66.22167,106.6763,저체중
Female,33,66.96213,126.4268,정상
Female,22,70.45353,144.5438,정상
Male,20,71.72731,127.6123,저체중
Female,31,69.12426,136.6216,정상
Male,33,68.64719,125.4496,정상
Female,27,65.7677,112.6545,저체중
Female,24,69.92728,137.5083,정상
Male,23,66.95014,131.6857,정상
Female,20,68.99774,143.0834,정상
Female,29,71.31319,127.6948,저체중
Female,29,65.88245,131.4081,정상
Male,25,68.39531,117.7972,저체중
Female,35,69.5689,133.7194,정상
Male,26,69.82927,127.2561,저체중
Female,28,67.95272,111.2289,저체중
Male,20,68.98352,133.427,정상
Female,25,65.59897,111.5773,저체중
Male,29,66.58067,146.9392,정상
Female,34,67.7046,133.8558,정상
Male,25,69.99147,144.8165,정상
Male,35,69.95446,121.3657,저체중
Female,25,69.13713,129.0169,정상
Female,27,67.36034,123.4454,정상
Female,20,64.50897,104.6736,저체중
Female,26,64.64068,112.5689,정상
Male,19,69.21305,134.9969,정상
Female,35,70.40988,141.6769,정상
Male,26,68.39682,130.6472,정상
Male,24,69.95437,150.2712,정상
Female,22,67.70414,129.5662,정상
Male,18,70.21315,143.1277,정상
Female,32,71.55881,140.8115,정상
Male,31,65.74844,118.1262,정상
Female,26,65.92318,115.5208,정상
Male,19,68.39851,139.0805,정상
Male,23,67.13347,117.7219,저체중
Female,28,69.06374,113.4222,저체중
Female,26,69.31382,107.9401,저체중
Female,21,68.40244,130.7315,정상
Male,32,66.16601,109.7068,저체중
Male,18,68.7271,134.0751,정상
Female,19,67.8651,100.6523,저체중
Male,18,65.13709,103.7386,저체중
Male,28,68.3908,128.9968,정상
Male,32,69.0989,140.9024,정상
Female,26,70.78829,116.0327,저체중
Female,23,66.82614,103.8567,저체중
Male,33,68.51919,135.0276,정상
Male,25,63.42416,115.1669,정상
Male,28,68.67133,138.4376,정상
Female,19,68.69668,141.5566,정상
Male,19,68.74929,132.1818,정상
Male,20,67.80121,149.1847,정상
Female,21,66.66077,133.2206,정상
Male,23,65.65457,125.0592,정상
Male,19,67.32239,123.0962,정상
Female,25,65.64744,135.0891,정상
Female,34,66.16885,115.675,정상
Male,27,68.84435,129.7317,정상
Female,27,70.3845,132.3889,정상
Male,35,64.15154,121.0638,정상
Female,31,65.93081,121.1675,정상
Female,35,66.42939,124.7448,정상
Female,22,67.0965,128.85,정상
Male,26,67.67338,118.6532,저체중
Female,24,67.32413,135.3278,정상
Male,23,70.519,129.3913,저체중
Male,25,66.28763,124.8871,정상
Male,30,66.89899,131.4067,정상
Female,28,68.60623,129.9693,정상
Male,35,65.64473,111.3161,저체중
Male,33,67.57584,116.4266,저체중
Male,19,67.27226,117.229,저체중
Female,34,68.58803,143.4394,정상
Male,21,69.20003,131.5186,정상
Female,20,69.54645,115.0614,저체중
Male,27,66.96253,110.8142,저체중
Male,32,64.22288,124.7478,정상
Female,25,65.11698,129.2592,정상
Female,26,67.36456,123.3457,정상
Female,34,67.49718,124.9092,정상
Male,26,68.31028,142.7313,정상
Female,25,70.80122,127.9696,저체중
Male,28,66.93479,133.0576,정상
Male,18,67.75842,131.14,정상
Female,24,63.81449,119.4379,정상
Male,35,68.51883,132.3252,정상
Male,30,70.23493,125.7225,저체중
Male,27,68.61403,133.7697,정상
Male,34,68.03872,136.8378,정상
Male,22,69.29088,122.7787,저체중
Male,25,71.26954,135.0683,정상
Female,30,64.91601,110.2655,저체중
Female,19,67.18613,124.0557,정상
Male,21,70.79073,125.8297,저체중
Male,29,69.88144,129.0521,정상
Male,28,66.10857,122.8552,정상
Female,34,70.34043,129.3487,저체중
Female,18,70.71954,128.7553,저체중
Male,20,68.49864,113.5357,저체중
Male,21,64.68471,118.1635,정상
Male,22,67.81336,125.1218,정상
Male,24,67.32677,116.7349,저체중
Female,29,70.80715,139.2165,정상
Female,22,68.27181,133.8987,정상
Male,35,67.79985,144.0007,정상
Female,31,70.24363,127.7861,저체중
Female,19,69.0627,108.916,저체중
Male,30,68.64606,109.8435,저체중
Female,29,68.43749,122.3513,저체중
Male,28,66.564,118.0219,정상
Male,30,68.73434,132.5926,정상
Male,22,70.34988,131.2347,정상
Male,30,68.32147,132.9566,정상
Male,28,68.85217,150.0004,정상
Male,19,70.0906,138.4704,정상
Male,23,71.53276,125.8273,저체중
Female,30,68.42484,131.4501,정상
Female,30,68.58043,122.8021,저체중
Male,33,68.58863,121.4833,저체중
Female,26,66.78852,125.8598,정상
Male,24,71.05294,140.8371,정상
Male,24,67.87961,119.2717,저체중
Female,32,68.17244,135.1764,정상
Male,34,70.42742,141.1003,정상
Female,30,67.19885,119.4295,정상
Female,25,68.59893,123.1239,저체중
Male,19,68.32595,117.3794,저체중
Male,20,65.62714,121.2559,정상
Male,30,70.04301,154.9343,정상
Male,33,68.38119,122.0905,저체중
Male,31,67.52926,126.9393,정상
Male,32,68.10619,124.0167,정상
Female,26,65.46141,108.8987,저체중
Male,35,67.06246,128.834,정상
Female,25,65.34267,129.1537,정상
Male,18,70.5704,130.5011,저체중
Male,25,72.34839,157.8066,정상
Female,21,60.27836,110.1138,정상
Female,25,67.61855,103.0198,저체중
Male,22,71.49569,144.1566,정상
Female,29,68.74794,124.4705,정상
Female,29,69.91849,135.1641,정상
Male,25,65.19504,112.8648,정상
Male,28,68.38232,126.0162,정상
Female,30,67.25518,122.1221,정상
Female,24,68.93483,127.7623,정상
Female,29,68.44699,123.1308,저체중
Male,31,66.32658,132.9695,정상
Male,18,69.33376,117.9713,저체중
Female,30,67.53281,125.2872,정상
Female,32,70.46549,125.7753,저체중
Female,31,66.48216,114.7755,저체중
Male,27,65.5645,124.9968,정상
Male,28,68.55191,136.3553,정상
Male,31,69.95594,139.5419,정상
Male,25,69.92062,140.3966,정상
Female,18,67.83218,133.3225,정상
Male,31,67.42913,130.3175,정상
Male,33,66.70177,124.9376,정상
Female,20,70.21284,122.9461,저체중
Female,22,67.96958,126.7309,정상
Female,26,67.92194,120.0718,저체중
Female,30,68.80637,134.3642,정상
Female,21,69.10289,139.7602,정상
Male,27,70.25784,123.1635,저체중
Male,25,66.35824,122.6852,정상
Male,28,66.29874,118.2763,정상
Male,28,69.23979,134.1059,정상
Male,21,69.96459,123.4101,저체중
Female,24,70.33325,130.2675,정상
Male,25,67.8791,123.0713,정상
Female,18,69.80115,140.0347,정상
Female,25,71.85087,149.4641,정상
Male,28,68.86095,135.3824,정상
Male,32,68.26626,139.32,정상
Male,22,68.22977,132.8191,정상
Female,18,68.87266,134.2836,정상
Female,32,68.69331,119.1176,저체중
Male,23,69.50191,124.9842,저체중
Male,27,67.13278,126.6367,정상
Female,34,68.07784,112.9545,저체중
Male,28,65.60161,132.3679,정상
Male,34,66.25651,108.6773,저체중
Male,34,65.57211,117.4159,정상
Female,22,69.01055,100.181,저체중
Female,18,64.2501,107.6959,저체중
Female,18,70.00883,129.8113,정상
Male,35,67.42102,147.3407,정상
Male,22,65.37725,142.2231,정상
Male,19,66.4546,122.3176,정상
Male,28,66.25961,135.4493,정상
Male,34,64.69471,112.4972,정상
Male,23,70.89926,149.3595,정상
Female,19,67.05572,126.9729,정상
Female,20,66.16531,132.4495,정상
Male,20,67.22303,135.8181,정상
Female,30,69.51503,124.8695,저체중
Female,31,65.44081,115.6159,정상
Male,26,66.5001,109.6408,저체중
Male,33,66.04055,121.2501,정상
Female,30,67.5518,132.2297,정상
Female,21,69.06258,129.0295,정상
Female,22,65.86704,129.4721,정상
Female,32,66.38913,136.9183,정상
Female,32,67.06884,123.9572,정상
Male,32,65.41938,119.476,정상
Male,32,70.53863,128.5198,저체중
Male,18,66.42745,128.774,정상
Male,20,67.52661,121.3385,정상
Female,23,70.4217,123.358,저체중
Male,23,69.38026,130.7818,정상
Female,26,66.94303,134.8107,정상
Female,34,66.50907,123.5263,정상
Female,21,67.29972,128.9403,정상
Male,28,69.81584,139.2252,정상
Male,20,67.38016,120.8477,정상
Male,24,67.70214,126.4529,정상
Male,27,69.10227,130.6785,정상
Male,18,67.94031,121.4563,저체중
Female,25,68.26271,123.7273,정상
Male,18,67.5991,132.0902,정상
Male,19,70.1651,143.8473,정상
Male,21,68.83927,134.9782,정상
Male,34,68.96635,117.2842,저체중
Female,20,67.11342,128.5372,정상
Male,35,67.68551,121.7078,정상
Female,33,66.45664,123.3311,정상
Female,33,66.89404,106.7602,저체중
Male,35,69.61824,120.5271,저체중
Male,26,74.04804,149.6303,정상
Male,33,69.64822,142.7772,정상
Male,25,68.92365,115.4178,저체중
Female,32,67.36277,119.6295,정상
Male,23,68.34878,134.3189,정상
Female,19,66.00426,128.4332,정상
Female,23,69.14864,126.6413,정상
Female,23,68.49425,117.5148,저체중
Female,22,68.06637,134.2341,정상
Male,23,72.93887,144.9647,정상
Male,18,66.18115,132.6478,정상
Male,20,67.99965,119.7057,저체중
Female,25,66.96461,117.8036,저체중
Female,19,67.74233,137.5251,정상
Female,24,67.25235,127.1944,정상
Female,33,68.93064,118.6825,저체중
Female,19,67.66692,122.408,정상
Female,35,68.36323,127.859,정상
Female,21,68.5151,124.2807,정상
Female,23,68.59649,126.3488,정상
Female,23,67.89703,117.1268,저체중
Male,31,68.54559,123.3066,저체중
Female,20,68.57763,130.224,정상
Female,21,65.30062,129.1373,정상
Female,31,69.64468,132.1716,정상
Male,35,68.60546,139.3675,정상
Female,29,66.67257,120.0443,정상
Female,22,67.51525,135.3145,정상
Male,23,69.19989,128.2222,정상
Male,22,69.93288,144.365,정상
Male,28,67.73185,129.3353,정상
Male,19,69.01928,126.148,정상
Male,19,68.85323,122.8646,저체중
Female,30,64.28729,107.047,저체중
Male,32,72.16006,143.1819,정상
Male,23,67.89779,141.3709,정상
Male,19,69.10375,122.7892,저체중
Female,20,65.65523,137.5148,정상
Female,30,68.82547,117.8694,저체중
Male,24,68.48097,122.2078,저체중
Female,19,66.68648,117.8087,정상
Male,21,66.62504,126.9058,정상
Male,22,64.97433,103.1333,저체중
Male,20,61.90725,78.56785,저체중
Male,27,66.97721,139.1241,정상
Male,25,66.48817,111.8809,저체중
Male,34,66.08182,128.2333,정상
Male,18,67.8436,120.26,저체중
Female,29,68.57876,148.3076,정상
Male,20,68.22504,142.7289,정상
Male,31,65.79376,113.9473,정상
Female,26,69.42855,137.6963,정상
Male,18,69.73313,128.2394,정상
Male,35,66.27846,96.95428,저체중
Male,23,70.91261,149.4527,정상
Female,27,69.76864,138.425,정상
Female,19,66.6929,123.4958,정상
Male,33,67.84359,138.9076,정상
Male,20,69.76751,123.4689,저체중
Male,31,70.53942,148.3832,정상
Male,18,68.88232,134.5561,정상
Male,29,67.76694,132.0017,정상
Female,21,69.68007,115.6036,저체중
Female,25,70.30177,114.5099,저체중
Male,21,68.39681,131.135,정상
Male,19,68.67559,137.2308,정상
Male,22,67.25836,113.6762,저체중
Male,29,68.33766,135.9751,정상
Female,22,68.73641,133.9187,정상
Female,19,69.74424,135.1867,정상
Male,25,66.69188,119.4333,정상
Male,35,62.52876,108.1177,정상
Female,22,65.53571,117.106,정상
Male,30,66.18274,115.6559,정상
Male,23,69.41864,117.3108,저체중
Female,33,67.08846,119.7923,정상
Male,26,65.80637,134.2886,정상
Male,24,70.23935,147.1002,정상
Female,22,65.33009,112.1983,저체중
Male,28,65.74455,121.3022,정상
Male,32,68.90467,126.1829,정상
Female,30,69.09536,121.7585,저체중
Female,19,68.01171,130.9674,정상
Male,19,67.90225,120.5844,저체중
Female,28,67.34009,123.8478,정상
Female,25,66.46165,108.9752,저체중
Male,21,66.75233,134.2032,정상
Female,25,70.18221,120.1313,저체중
Female,32,66.7024,122.7568,정상
Female,29,67.3595,128.4038,정상
Male,19,69.08157,123.6703,저체중
Female,19,70.2507,132.496,정상
Male,23,69.6539,138.9897,정상
Male,23,68.02248,139.3765,정상
Female,32,69.56277,127.1687,저체중
Male,34,68.46777,137.1892,정상
Male,33,67.83868,124.7676,정상
Male,32,65.61422,107.7261,저체중
Female,25,69.45527,139.142,정상
Male,28,66.28291,126.9862,정상
Male,35,67.56837,129.8583,정상
Male,25,70.12988,120.9723,저체중
Male,18,68.93421,124.3325,저체중
Female,27,68.81879,126.6826,정상
Female,23,65.99333,130.4177,정상
Male,24,66.81007,127.9307,정상
Male,29,67.94457,124.4599,정상
Female,33,71.4938,145.451,정상
Male,22,65.07798,131.2823,정상
Male,35,69.62029,137.4994,정상
Female,30,67.5144,139.3524,정상
Male,24,68.40947,134.8715,정상
Male,20,66.00603,110.5781,저체중
Female,19,68.33191,123.6727,정상
Male,31,67.87778,112.5046,저체중
Female,34,68.97539,119.726,저체중
Male,27,68.35379,130.8928,정상
Female,18,67.18885,139.5173,정상
Female,28,64.66663,125.7713,정상
Male,34,70.8471,141.3167,정상
Female,24,65.85219,123.4676,정상
Male,20,65.77447,117.2936,정상
Male,34,67.52969,133.6229,정상
Male,31,67.40883,137.1679,정상
Female,20,66.12206,126.2247,정상
Female,28,67.61112,133.3822,정상
Female,24,65.59254,128.3061,정상
Male,26,66.38916,121.0049,정상
Female,27,68.18774,121.2644,저체중
Male,18,66.10402,112.9015,저체중
Male,26,67.64821,122.4457,정상
Male,27,66.43868,125.0148,정상
Female,31,63.50433,117.6413,정상
Female,18,67.40581,140.1673,정상
Male,21,68.88553,144.6597,정상
Female,19,64.19132,109.6336,정상
Female,26,64.87451,124.6717,정상
Female,19,67.55913,128.8533,정상
Male,30,71.62407,143.172,정상
Female,33,67.8134,121.2207,정상
Female,29,67.20623,127.9349,정상
Male,24,67.80392,114.6993,저체중
Male,24,67.19869,130.2931,정상
Female,23,67.85377,109.7363,저체중
Male,29,66.70262,128.6075,정상
Male,33,72.60211,142.884,정상
Female,31,68.85807,120.9967,저체중
Female,30,69.56765,121.9698,저체중
Male,19,66.10458,120.3264,정상
Female,22,67.18371,132.8096,정상
Female,27,71.11644,128.7753,저체중
Female,27,70.62083,144.7966,정상
Male,27,66.12419,120.1358,정상
Male,25,68.95687,150.6544,정상
Male,29,65.39463,119.9506,정상
Male,24,70.83034,134.1303,정상
Male,19,68.86758,132.4712,정상
Male,26,68.49492,132.0698,정상
Male,18,72.26615,149.0804,정상
Male,22,65.71143,105.5179,저체중
Male,32,67.46158,105.7427,저체중
Female,32,68.12008,114.3532,저체중
Male,19,69.77291,140.5532,정상
Female,26,67.17396,104.8758,저체중
Male,32,69.58187,149.3951,정상
Female,31,64.85647,112.4751,정상
Female,30,66.92813,113.5514,저체중
Male,32,66.84465,116.7548,저체중
Male,24,66.43222,115.7098,저체중
Female,21,70.39773,142.9501,정상
Female,24,69.64527,112.6102,저체중
Male,34,67.05199,112.1167,저체중
Male,21,66.43058,144.3144,정상
Female,35,67.29006,127.7941,정상
Male,29,67.97572,123.5864,정상
Female,30,68.42735,105.5294,저체중
Female,24,66.59713,131.487,정상
Male,32,68.31497,130.6901,정상
Male,25,64.94728,106.985,저체중
Female,31,68.8079,138.3584,정상
Male,29,71.29561,144.5436,정상
Female,22,66.60855,110.2896,저체중
Female,30,71.44829,138.6818,정상
Female,28,69.38522,126.5717,저체중
Male,20,69.28534,138.3463,정상
Male,30,67.09518,104.3434,저체중
Female,20,66.14266,127.4558,정상
Female,29,65.73548,122.9376,정상
Male,31,68.80922,119.2303,저체중
Male,33,66.25755,123.4953,정상
Female,30,67.38101,118.9634,저체중
Male,24,65.25753,123.4155,정상
Female,29,67.71714,114.8697,저체중
Female,29,65.88163,125.7726,정상
Female,30,65.66446,123.9655,정상
Male,35,66.97416,129.4752,정상
Male,21,68.27905,114.2066,저체중
Female,24,66.07261,114.2463,저체중
Female,27,67.56389,110.8099,저체중
Male,30,67.94376,116.0348,저체중
Female,18,64.40307,105.3112,저체중
Female,31,69.2191,123.4273,저체중
Female,33,67.70481,140.9132,정상
Female,29,65.15201,129.0039,정상
Male,30,67.30379,135.3481,정상
Female,27,66.98384,114.4659,저체중
Female,33,68.08508,109.06,저체중
Female,31,64.70474,122.3172,정상
Male,33,66.42674,122.363,정상
Female,29,66.91386,125.1168,정상
Female,21,67.22538,114.5379,저체중
Male,35,70.21976,134.8329,정상
Female,23,71.3139,132.3451,저체중
Female,18,65.53063,116.6307,정상
Male,34,69.46173,134.8631,정상
Male,20,66.22806,118.1414,정상
Male,34,70.16115,124.8956,저체중
Male,30,68.41222,135.25,정상
Female,31,69.82319,148.0173,정상
Male,18,67.17432,120.4157,정상
Female,21,69.29115,129.6002,정상
Female,19,67.82581,130.5398,정상
Male,26,66.40623,132.3121,정상
Female,35,67.73226,124.3289,정상
Female,35,69.2642,139.6425,정상
Female,19,69.89742,126.3862,저체중
Male,35,69.27103,112.6904,저체중
Female,29,70.4306,118.9721,저체중
Female,29,64.2193,110.3825,정상
Male,35,66.07677,121.521,정상
Male,22,68.1361,124.7791,정상
Male,30,64.23356,105.3489,저체중
Female,28,65.91925,119.0062,정상
Male,32,69.39355,138.3937,정상
Male,27,67.73392,125.8656,정상
Female,22,69.48989,129.9777,정상
Female,23,67.33814,132.0128,정상
Female,20,66.07833,126.8215,정상
Male,21,65.98334,117.0051,정상
Male,26,66.44921,124.4335,정상
Male,22,69.69715,147.0065,정상
Female,32,67.12772,133.4775,정상
Female,33,66.57638,129.6103,정상
Male,34,68.47646,159.4214,정상
Male,21,66.73179,124.7975,정상
Male,18,69.19577,145.742,정상
Female,18,68.83063,124.7159,정상
Female,32,67.66406,123.54,정상
Female,19,65.43432,124.2937,정상
Male,26,66.14658,113.9478,저체중
Female,35,67.8811,128.1522,정상
Female,32,68.13498,119.9046,저체중
Female,19,67.73894,135.291,정상
Male,28,65.59068,141.912,정상
Female,32,67.95201,133.4959,정상
Female,27,69.19122,135.3263,정상
Male,19,69.51645,140.1555,정상
Male,34,68.74287,121.1786,저체중
Female,20,66.52495,123.7826,정상
Female,28,69.12783,145.0336,정상
Male,30,67.94469,126.01,정상
Female,23,66.97412,114.544,저체중
Male,31,68.3347,118.5872,저체중
Male,31,67.80615,125.4137,정상
Female,19,68.84585,118.6805,저체중
Female,19,66.41209,123.1756,정상
Female,32,70.29823,112.5476,저체중
Male,20,69.26533,146.1078,정상
Male,32,66.6775,112.6632,저체중
Female,31,67.20009,134.6615,정상
Female,19,66.72465,123.5835,정상
Female,21,68.44557,117.5098,저체중
Female,23,68.83239,124.6579,저체중
Male,35,69.08936,140.3997,정상
Female,33,67.16286,116.5837,저체중
Female,20,67.39555,132.9801,정상
Female,24,66.28334,116.9799,정상
Female,20,68.24699,117.2319,저체중
Female,24,64.78907,113.6457,정상
Female,31,64.50572,106.108,저체중
Female,30,70.29401,136.8676,정상
Female,19,65.22177,110.3999,저체중
Male,20,65.86641,123.509,정상
Male,25,66.10418,99.16114,저체중
Male,23,68.80487,119.6668,저체중
Female,31,69.24299,131.5827,정상
Male,18,66.09521,110.0727,저체중
Male,27,71.18037,150.4801,정상
Female,24,68.1098,124.4662,정상
Male,30,68.53379,134.3146,정상
Female,25,63.70189,109.2781,정상
Female,24,66.46061,122.5196,정상
Female,30,68.8741,127.0227,정상
Female,23,66.09188,142.6998,정상
Male,35,65.6822,134.6381,정상
Female,29,68.95243,126.922,정상
Male,33,67.89356,122.4413,정상
Female,35,64.73622,110.5326,정상
Female,20,68.01956,107.7515,저체중
Male,29,69.49761,128.5874,정상
Female,30,65.30787,115.544,정상
Female,25,70.31537,115.9457,저체중
Female,24,67.79292,120.1893,저체중
Male,27,66.2732,114.6297,저체중
Male,25,68.62718,152.5129,정상
Female,20,69.24794,125.3082,저체중
Female,19,66.17435,127.7298,정상
Male,31,68.1089,100.4395,저체중
Male,20,68.11469,101.8313,저체중
Female,27,70.97341,139.3387,정상
Male,33,69.87424,132.6157,정상
Male,28,71.52707,147.3411,정상
Female,19,68.44659,129.7181,정상
Male,25,66.41665,144.0879,정상
Male,25,67.10768,120.6801,정상
Female,25,69.32189,138.5631,정상
Female,23,68.39004,118.9528,저체중
Female,26,65.45785,129.6689,정상
Female,25,72.09267,137.1995,정상
Female,29,67.60688,133.6038,정상
Female,30,66.92747,122.0855,정상
Male,18,70.1229,116.8609,저체중
Female,32,69.09843,127.5529,정상
Male,30,67.41743,122.343,정상
Female,28,69.45134,128.3776,정상
Male,23,66.41985,105.8868,저체중
Male,26,65.69863,114.4188,정상
Female,25,65.31739,130.3437,정상
Female,34,64.80359,122.8058,정상
Male,19,68.13705,133.896,정상
Male,35,70.08693,130.9994,정상
Female,29,64.03691,107.6519,저체중
Female,32,67.33761,118.6397,저체중
Female,28,71.8434,136.2137,정상
Male,32,69.1154,118.8989,저체중
Female,26,65.39821,90.24255,저체중
Female,35,65.70757,135.8894,정상
Male,32,69.66027,116.0218,저체중
Male,34,68.84382,133.186,정상
Male,28,65.39271,101.6976,저체중
Female,31,70.31722,134.6496,정상
Male,26,69.19909,136.7189,정상
Female,25,66.2882,100.3062,저체중
Male,34,66.12228,119.4939,정상
Male,18,68.15336,121.0773,저체중
Male,25,67.44349,122.0805,정상
Male,18,66.41455,112.3032,저체중
Female,23,65.35315,103.4902,저체중
Female,34,69.30321,137.4465,정상
Female,27,67.12751,150.4042,정상
Female,27,69.30029,139.6598,정상
Male,30,69.11462,123.185,저체중
Male,32,69.26369,129.9973,정상
Female,30,66.93177,107.3342,저체중
Male,19,70.80801,126.0434,저체중
Male,21,66.77406,135.7989,정상
Male,23,65.86587,126.4569,정상
Female,26,66.72211,121.3037,정상
Female,20,64.44234,116.1346,정상
Female,25,69.67413,135.2951,정상
Female,21,64.92037,107.1751,저체중
Female,23,67.63239,133.8608,정상
Female,21,68.70454,137.8656,정상
Male,31,68.82445,111.7483,저체중
Female,30,68.93421,113.9161,저체중
Female,30,70.01339,139.3902,정상
Male,27,71.44878,119.4079,저체중
Female,29,66.91364,126.6312,정상
Female,30,68.4292,122.169,저체중
Male,21,68.45391,113.4185,저체중
Female,23,65.33618,119.0882,정상
Male,28,71.88803,147.8657,정상
Male,23,68.62216,135.2735,정상
Female,28,68.10589,115.1755,저체중
Male,19,65.49264,129.8366,정상
Female,23,66.33612,125.7748,정상
Male,27,69.07199,143.9889,정상
Female,19,68.76917,131.4778,정상
Male,30,68.89473,133.2498,정상
Male,28,68.77062,142.0926,정상
Female,34,68.33215,125.3459,정상
Female,20,67.72393,134.167,정상
Female,21,65.49304,103.0317,저체중
Female,22,71.06055,138.7811,정상
Female,34,69.50278,120.9324,저체중
Female,24,68.61663,125.2735,정상
Female,35,68.54709,133.5241,정상
Male,23,69.26721,157.2972,정상
Male,30,70.14424,119.6536,저체중
Female,27,65.9849,140.6229,정상
Male,25,66.281,108.7205,저체중
Male,34,65.7289,126.3947,정상
Female,22,70.38391,142.3535,정상
Male,22,67.47381,133.874,정상
Female,19,66.16001,128.3664,정상
Male,27,66.57927,120.7005,정상
Female,18,69.6185,134.1051,정상
Female,19,65.77941,117.2822,정상
Male,25,69.46372,125.2725,저체중
Female,30,63.93234,99.99409,저체중
Female,18,70.09165,134.6921,정상
Male,27,64.94173,98.26427,저체중
Male,22,68.09547,109.3772,저체중
Male,25,68.83226,134.4107,정상
Male,21,66.96947,128.823,정상
Female,30,65.08668,124.1525,정상
Male,35,69.08362,131.3282,정상
Male,33,66.0827,116.0096,정상
Male,31,67.05865,110.0584,저체중
Female,22,68.9081,108.0602,저체중
Male,34,66.81199,119.9277,정상
Female,18,66.52751,118.3217,정상
Female,24,67.59674,125.118,정상
Male,18,68.57752,127.8544,정상
Female,18,65.15613,125.1617,정상
Male,20,69.88332,136.8899,정상
Male,20,67.76589,131.4036,정상
Female,21,69.48716,122.6178,저체중
Female,22,68.99586,118.7286,저체중
Male,24,71.62687,154.9613,정상
Male,29,68.30079,143.765,정상
Female,18,66.99909,126.4922,정상
Male,33,67.16066,127.2396,정상
Male,21,68.84511,118.3629,저체중
Female,18,69.77163,126.8724,저체중
Female,25,67.24519,111.6843,저체중
Female,20,67.28553,133.6576,정상
Female,33,68.62133,136.9199,정상
Female,31,72.50636,143.4605,정상
Female,28,71.5681,124.3189,저체중
Male,31,64.55855,122.9763,정상
Male,18,68.77468,130.5148,정상
Male,28,65.10069,104.1238,저체중
Male,34,71.21872,148.4113,정상
Male,33,65.66079,108.9173,저체중
Male,26,64.2657,116.527,정상
Female,34,68.88757,107.0324,저체중
Female,31,68.44905,146.4124,정상
Female,20,70.33787,155.1755,정상
Male,34,71.22339,140.4949,정상
Female,34,65.94774,133.6787,정상
Male,29,67.91684,128.4836,정상
Female,21,65.97902,129.7483,정상
Male,23,69.27942,146.3625,정상
Female,18,68.53226,126.4504,정상
Male,33,71.2069,123.6671,저체중
Male,30,67.2503,125.7628,정상
Male,29,65.30132,131.154,정상
Female,25,69.08772,127.8638,정상
Male,34,66.59265,124.9371,정상
Male,29,66.49666,138.0897,정상
Male,28,70.95412,162.4844,정상
Male,24,65.49834,121.217,정상
Female,27,69.39388,124.5431,저체중
Female,18,65.27883,118.9227,정상
Female,28,67.52017,134.0552,정상
Female,23,68.14598,111.6476,저체중
Female,32,68.81275,136.0553,정상
Female,24,67.89924,114.0947,저체중
Female,22,69.5175,136.6971,정상
Male,25,68.07055,129.4733,정상
Male,32,71.2464,149.7435,정상
Male,34,68.71642,121.0296,저체중
Male,33,63.99425,114.3488,정상
Male,28,67.65074,126.7524,정상
Male,33,66.52185,133.1447,정상
Female,19,67.39334,124.7861,정상
Female,29,72.31226,150.9437,정상
Male,28,68.0661,104.7306,저체중
Male,27,65.20757,114.5092,정상
Male,30,70.31989,137.4822,정상
Female,20,66.73391,126.6537,정상
Female,19,67.2038,124.1829,정상
Male,18,68.97216,136.0664,정상
Female,21,67.7248,132.6022,정상
Female,28,69.56606,120.6638,저체중
Female,23,67.86326,148.5846,정상
Male,32,69.23555,130.78,정상
Female,30,63.85084,121.5242,정상
Male,19,69.77742,142.0076,정상
Female,29,67.25759,133.6365,정상
Female,18,64.55164,116.6069,정상
Male,18,65.91736,127.4018,정상
Female,23,66.34956,137.8456,정상
Female,27,62.92407,121.7441,정상
Male,28,67.15032,127.7838,정상
Male,34,65.46455,131.0676,정상
Male,35,70.09519,142.3265,정상
Female,24,68.66443,146.0821,정상
Male,22,64.54016,110.5523,정상
Male,25,66.50297,122.3483,정상
Female,25,70.7413,140.665,정상
Male,32,67.63475,118.3144,저체중
Male,19,65.29548,102.0506,저체중
Male,32,67.6782,136.8665,정상
Female,18,68.11521,131.2592,정상
Female,34,66.43231,109.4461,저체중
Male,35,67.45289,135.255,정상
Male,22,67.88061,127.982,정상
Female,26,65.27546,127.3989,정상
Female,26,71.80443,142.3012,정상
Male,23,68.32755,119.5403,저체중
Male,27,68.86515,115.9509,저체중
Female,30,67.11834,110.0601,저체중
Male,28,66.53695,122.495,정상
Female,22,67.1505,110.2815,저체중
Female,19,68.68724,130.5799,정상
Male,25,68.22897,136.0111,정상
Female,23,65.42104,132.8507,정상
Female,33,67.63027,126.2376,정상
Female,34,66.9449,129.0043,정상
Female,19,67.98826,127.4057,정상
Male,18,69.67882,139.1821,정상
Female,32,66.46151,120.111,정상
Male,28,66.54514,126.768,정상
Female,24,69.65715,133.1626,정상
Female,32,67.36842,114.6626,저체중
Male,35,67.21698,125.2345,정상
Male,26,69.12349,135.3012,정상
Male,22,67.93756,115.0436,저체중
Male,34,68.46766,116.7778,저체중
Male,32,70.4462,111.9601,저체중
Male,19,67.64692,125.7248,정상
Female,25,67.07315,140.2758,정상
Female,34,65.37352,99.56696,저체중
Female,30,65.3428,116.0859,정상
Female,23,69.51448,131.435,정상
Female,23,69.33945,126.1415,저체중
Female,23,66.86743,124.1513,정상
Male,32,65.10865,126.4611,정상
Male,21,72.1849,144.6639,정상
Female,23,69.02571,141.4309,정상
Male,19,65.04762,112.8743,정상
Female,22,69.27824,148.6852,정상
Female,27,69.11397,136.755,정상
Male,25,65.39362,126.2681,정상
Female,25,64.92242,103.2442,저체중
Male,31,68.01742,124.8878,정상
Female,33,66.84525,117.8475,정상
Male,22,66.5209,115.0964,저체중
Male,35,67.07104,124.4466,정상
Female,18,66.20762,123.8278,정상
Male,20,68.65422,131.0723,정상
Male,30,67.81484,130.5051,정상
Male,19,67.97735,137.2246,정상
Female,32,64.20041,105.6563,저체중
Female,22,71.04071,127.05,저체중
Female,18,71.69734,131.2912,저체중
Male,30,67.752,115.235,저체중
Female,28,69.64704,149.9833,정상
Male,34,69.3531,128.1011,정상
Male,33,68.69464,136.1453,정상
Male,25,67.23085,122.6459,정상
Female,32,69.33763,124.0222,저체중
Male,23,65.86675,128.6403,정상
Female,26,68.70414,130.2447,정상
Male,22,68.64444,118.1935,저체중
Male,35,68.6705,118.7838,저체중
Female,26,66.83271,134.949,정상
Male,22,68.69297,143.3212,정상
Male,33,66.51348,117.2734,정상
Male,21,68.28119,132.4379,정상
Male,25,69.39405,123.72,저체중
Female,20,67.3979,129.8379,정상
Male,23,72.86535,125.1006,저체중
Female,35,67.52936,138.9031,정상
Female,22,64.60023,106.0584,저체중
Female,34,69.98289,134.2094,정상
Female,33,70.333,127.7615,저체중
Female,30,64.3196,115.4439,정상
Female,35,67.49125,113.672,저체중
Male,20,67.80629,118.8678,저체중
Male,25,65.30266,104.9205,저체중
Male,27,70.81212,133.9088,정상
Male,26,68.19915,117.0917,저체중
Male,24,69.13698,140.5356,정상
Female,20,66.59934,144.2746,정상
Female,33,70.58075,131.9826,정상
Male,28,66.90518,105.7686,저체중
Female,20,66.74813,115.058,저체중
Male,31,66.83292,119.15,정상
Female,25,69.35713,151.3173,정상
Male,27,68.63272,128.2595,정상
Female,34,69.12693,125.7313,저체중
Male,34,67.0631,128.2475,정상
Female,28,67.46642,124.2242,정상
Female,26,66.60284,131.8328,정상
Female,30,70.1147,135.0549,정상
Male,22,70.12917,131.9033,정상
Female,33,68.76147,131.2722,정상
Male,30,70.05388,150.4834,정상
Male,25,68.16839,122.3354,정상
Male,28,67.51951,119.7932,저체중
Female,34,68.27418,132.6718,정상
Male,25,67.30217,113.9822,저체중
Male,22,66.31157,128.2458,정상
Female,25,70.05639,121.4094,저체중
Female,31,70.24768,140.4239,정상
Male,33,69.86768,123.2387,저체중
Female,34,68.9313,112.5828,저체중
Male,29,67.73389,134.9801,정상
Male,33,67.93682,113.7462,저체중
Male,31,67.92146,130.6895,정상
Female,29,70.4633,118.4807,저체중
Male,22,68.16156,131.5248,정상
Female,34,68.81242,144.2511,정상
Male,31,70.05484,125.4148,저체중
Male,35,65.61528,111.0683,저체중
Male,35,70.77456,124.4918,저체중
Female,26,68.13409,134.5848,정상
Male,18,68.87718,135.3765,정상
Male,31,66.85615,114.1814,저체중
Male,21,65.19143,115.6044,정상
Male,27,69.53261,134.0578,정상
Female,21,71.28136,135.9541,정상
Female,27,66.47317,106.9388,저체중
Male,32,69.85972,137.5864,정상
Male,35,66.56784,120.5673,정상
Male,20,64.99896,121.0243,정상
Female,24,65.5967,131.1701,정상
Female,31,65.11179,119.3086,정상
Female,29,72.43607,137.4056,저체중
Male,27,66.27465,129.0097,정상
Male,19,67.6844,118.539,저체중
Male,33,64.94671,129.5048,정상
Male,20,66.09981,117.7368,정상
Male,32,66.84125,114.8767,저체중
Female,28,67.23393,127.1033,정상
Male,19,67.9501,110.3671,저체중
Male,34,66.34338,130.6015,정상
Male,25,71.54739,152.425,정상
Female,18,71.10011,133.8311,정상
Male,34,66.80152,124.965,정상
Male,32,71.09075,120.9877,저체중
Female,33,67.42631,131.6672,정상
Female,21,68.87576,135.248,정상
Male,23,67.6317,118.7798,저체중
Male,20,65.61406,138.9284,정상
Female,30,67.09963,113.8329,저체중
Female,22,68.15761,119.3325,저체중
Female,35,67.06521,104.9855,저체중
Male,32,67.00626,138.5947,정상
Female,34,69.21534,133.6759,정상
Male,29,65.49959,119.6168,정상
Male,23,67.12282,131.6157,정상
Female,23,66.27818,129.3183,정상
Female,32,68.05092,129.3991,정상
Female,23,71.21378,150.0079,정상
Female,32,65.8059,128.0218,정상
Female,29,69.01341,127.8369,정상
Female,34,64.38771,103.3323,저체중
Female,33,71.28885,132.8358,저체중
Male,29,68.01059,136.4326,정상
Male,18,67.40277,131.675,정상
Male,25,65.86277,122.7182,정상
Female,34,70.04407,141.6413,정상
Male,24,64.66349,118.2509,정상
Female,32,66.20468,129.3437,정상
Male,18,72.42652,142.1927,정상
Male,35,68.18756,125.1862,정상
Male,31,65.09832,134.0936,정상
Male,25,64.94607,123.7487,정상
Female,31,68.74582,132.8903,정상
Female,35,67.48779,124.9625,정상
Male,23,65.11114,94.45359,저체중
Female,24,68.70291,123.1642,저체중
Male,32,64.81203,122.4859,정상
Female,35,68.35035,128.6184,정상
Female,32,72.14415,142.8257,정상
Male,18,68.23639,147.0343,정상
Male,32,66.90007,121.555,정상
Male,26,68.96221,145.2393,정상
Female,19,69.44312,119.8432,저체중
Male,18,65.04087,131.9553,정상
Female,21,67.33467,126.2769,정상
Female,22,70.00111,139.7206,정상
Female,35,65.86413,114.5532,정상
Male,25,66.76124,121.4799,정상
Male,34,68.6178,138.031,정상
Male,33,66.49285,129.3542,정상
Male,28,68.45981,119.1174,저체중
Male,27,69.6046,125.9209,저체중
Female,29,71.62721,151.8017,정상
Male,30,66.56949,100.3424,저체중
Male,34,65.36772,115.6658,정상
Male,27,71.5466,134.8652,정상
Male,20,67.9212,121.8751,정상
Male,21,68.53005,127.0172,정상
Male,23,66.29177,125.542,정상
Male,22,70.0892,148.1898,정상
Male,20,66.45724,137.0889,정상
Female,22,66.90417,124.4345,정상
Male,26,71.96531,160.8373,정상
Male,21,65.79737,111.0351,저체중
Male,32,71.99473,135.4855,저체중
Female,19,67.88118,125.1443,정상
Male,18,67.9713,132.0724,정상
Male,20,66.68833,124.6627,정상
Male,18,69.08259,120.4445,저체중
Female,32,67.7725,120.6289,저체중
Female,27,67.54727,127.846,정상
Male,21,64.64468,122.7172,정상
Female,31,69.69364,126.2985,저체중
Female,29,68.70439,134.8945,정상
Male,23,68.16991,120.5405,저체중
Female,27,68.33163,123.6751,정상
Female,23,65.19663,120.1252,정상
Male,25,69.12973,147.2327,정상
Male,20,66.76336,149.5213,정상
Male,21,66.10726,114.3077,저체중
Female,19,68.69461,118.3486,저체중
Male,32,69.51345,129.3136,정상
Female,29,67.15638,116.1097,저체중
Female,33,66.52538,118.2619,정상
Female,18,71.057,150.4875,정상
Female,30,69.19665,124.4735,저체중
Male,21,66.76492,120.8445,정상
Female,30,68.09253,121.9168,저체중
Male,20,67.35046,129.862,정상
Female,32,68.25237,114.1292,저체중
Female,30,67.66866,121.0367,정상
Male,24,66.21079,116.8308,정상
Female,33,70.37472,141.5234,정상
Male,34,67.8132,118.614,저체중
Female,24,66.42694,115.2073,저체중
Male,21,68.20158,114.2983,저체중
Male,22,68.77079,135.0788,정상
Female,29,70.60585,124.6664,저체중
Female,19,68.09479,129.3895,정상
Male,18,64.8915,121.5407,정상
Female,18,67.12568,137.1491,정상
Female,30,69.97844,129.5848,정상
Male,35,67.77866,130.9258,정상
Male,28,71.39205,144.5625,정상
Female,21,67.96867,144.8993,정상
Male,26,72.76728,158.5479,정상
Male,29,73.38719,154.6609,정상
Male,34,69.32501,135.3784,정상
Female,21,66.65826,124.0843,정상
Male,30,68.63739,137.5213,정상
Male,22,70.10928,126.2247,저체중
Male,30,68.39804,141.12,정상
Male,34,72.29783,123.4305,저체중
Male,23,70.62523,136.39,정상
Female,25,71.44332,141.1457,정상
Male,27,70.41386,133.5107,정상
Male,29,64.86518,114.7467,정상
Female,20,68.80394,111.0717,저체중
Male,24,69.49145,138.1768,정상
Male,20,66.01854,113.5605,저체중
Male,33,70.48654,127.2451,저체중
Male,23,66.80862,125.5152,정상
Male,28,70.6607,132.6907,정상
Male,22,66.68431,104.9599,저체중
Male,28,65.58814,132.2702,정상
Female,35,66.36507,124.7192,정상
Male,22,67.09404,97.52424,저체중
Female,20,66.48373,109.9676,저체중
Male,25,68.82707,132.1645,정상
Male,35,64.69002,114.4221,정상
Male,30,69.01948,113.5284,저체중
Female,24,69.43111,141.7182,정상
Male,28,70.07435,133.3257,정상
Male,32,66.8212,121.7781,정상
Female,29,68.06909,129.9501,정상
Male,25,69.6444,124.8979,저체중
Male,23,64.80698,121.6822,정상
Male,25,67.37179,125.3064,정상
Male,21,67.39488,108.6014,저체중
Female,35,68.39465,118.6916,저체중
Female,27,68.4231,156.2505,정상
Female,34,69.41607,124.4915,저체중
Female,33,66.82138,120.3149,정상
Male,29,65.58027,109.5115,저체중
Male,29,71.02776,160.1136,정상
Female,35,67.8096,141.57,정상
Male,26,71.01235,136.6575,정상
Male,25,67.45353,137.7991,정상
Female,20,69.77346,143.6829,정상
Male,27,64.07515,111.1404,정상
Female,21,68.36516,143.9045,정상
Female,19,69.40935,119.8486,저체중
Male,29,66.43953,104.0047,저체중
Female,30,69.77091,126.6292,저체중
Male,24,71.29182,148.3832,정상
Male,34,67.26889,119.2626,정상
Female,33,68.52627,140.521,정상
Male,35,63.95467,100.0358,저체중
Female,23,68.27822,114.3188,저체중
Male,21,69.01564,129.8548,정상
Male,23,68.33275,131.6805,정상
Male,19,65.91471,111.3135,저체중
Female,34,65.5471,119.9587,정상
Female,24,66.88448,124.6394,정상
Male,29,67.50342,116.6803,저체중
Male,27,71.35101,148.2762,정상
Male,22,66.5912,128.9648,정상
Male,21,65.14281,105.1575,저체중
Female,27,67.26097,128.2402,정상
Female,21,68.77974,134.0494,정상
Female,32,66.92786,125.5997,정상
Male,23,70.20106,154.8632,정상
Male,27,68.1684,109.4807,저체중
Male,28,65.9685,121.0642,정상
Male,32,69.2944,139.0479,정상
Female,18,68.18398,115.8062,저체중
Male,25,67.3956,138.3648,정상
Female,32,69.32049,127.5045,정상
Female,33,66.66937,120.5405,정상
Male,20,68.62135,145.4409,정상
Female,20,69.82043,135.6144,정상
Male,32,68.00272,139.2716,정상
Female,19,69.35468,129.8923,정상
Male,19,70.19606,147.7932,정상
Female,32,69.94747,138.2673,정상
Female,34,69.48896,117.94,저체중
Female,24,70.48888,119.9716,저체중
Female,33,65.70003,115.1262,정상
Male,19,69.24694,126.8539,정상
Female,35,67.30239,133.8636,정상
Female,35,69.64951,135.6532,정상
Female,20,65.50558,130.4526,정상
Female,24,72.17516,134.4131,저체중
Female,25,67.65538,140.6611,정상
Male,24,69.96429,130.0129,정상
Male,32,66.61309,124.0167,정상
Male,30,67.43982,136.3044,정상
Female,27,63.73814,126.0077,정상
Male,19,68.71436,134.623,정상
Male,24,70.77193,133.9877,정상
Female,25,69.37902,141.4066,정상
Female,31,68.95079,137.57,정상
Female,25,68.90363,131.0382,정상
Male,30,65.21203,116.4051,정상
Male,19,67.31722,117.2372,저체중
Male,32,64.38819,124.1841,정상
Male,24,66.35807,119.5823,정상
Male,34,66.38672,131.7982,정상
Female,35,66.6684,143.8648,정상
Female,32,65.19706,95.36862,저체중
Male,20,69.42103,117.8366,저체중
Male,25,64.06378,123.079,정상
Female,20,68.24753,133.6979,정상
Male,19,68.89321,133.5338,정상
Male,30,70.65875,141.7325,정상
Male,33,66.17187,132.7272,정상
Male,29,69.79746,139.5868,정상
Male,33,69.39866,149.026,정상
Female,30,67.93777,117.9616,저체중
Male,19,67.26378,127.81,정상
Female,31,67.44849,139.9993,정상
Female,32,68.57844,127.3023,정상
Female,21,68.18689,116.6239,저체중
Female,19,71.21952,142.336,정상
Female,24,69.32096,123.3451,저체중
Male,35,65.65913,110.7946,저체중
Female,26,70.37,143.1529,정상
Male,33,64.79003,131.5436,정상
Male,30,65.92313,97.29027,저체중
Male,20,66.73192,128.011,정상
Female,27,65.40144,111.9967,저체중
Female,34,66.71355,121.5899,정상
Female,21,65.52829,120.2156,정상
Male,26,68.39107,127.4346,정상
Female,35,69.32446,131.3958,정상
Female,18,73.19305,144.5579,정상
Female,27,68.08406,116.6268,저체중
Male,31,70.00156,122.5793,저체중
Female,26,70.67706,117.6249,저체중
Male,18,66.43552,134.1497,정상
Male,25,68.10398,133.4111,정상
Female,29,70.03197,126.462,저체중
Male,18,64.56491,114.9612,정상
Female,30,68.39336,132.7568,정상
Female,32,68.0955,127.074,정상
Male,20,66.25512,137.4863,정상
Female,21,67.61981,113.9223,저체중
Female,31,67.10991,130.6669,정상
Female,29,68.30287,122.2908,저체중
Female,24,70.05068,126.1234,저체중
Female,32,67.69089,132.2541,정상
Male,21,69.26578,122.9495,저체중
Female,18,70.84848,131.7416,저체중
Male,18,67.14127,133.1617,정상
Male,18,65.6565,121.3197,정상
Male,22,67.91043,120.8734,저체중
Male,25,66.40429,130.1516,정상
Male,23,67.17903,126.7042,정상
Male,33,65.97607,136.9425,정상
Male,22,66.04298,114.3685,저체중
Male,34,71.71449,153.2031,정상
Female,22,66.09004,125.3156,정상
Male,20,68.28237,137.1149,정상
Male,27,69.2815,127.2959,정상
Female,23,65.76268,113.9716,정상
Male,22,66.98438,122.2353,정상
Male,34,65.6529,131.5253,정상
Male,23,68.95828,138.3287,정상
Female,22,68.66489,119.6475,저체중
Male,22,63.28472,134.2575,정상
Female,23,69.3378,145.5026,정상
Female,34,68.23957,129.4421,정상
Male,28,67.91304,111.7014,저체중
Female,30,66.16765,133.5217,정상
Female,18,67.31495,115.6811,저체중
Female,27,66.97137,118.4895,정상
Female,21,65.80597,124.801,정상
Female,22,66.79723,118.5487,정상
Female,24,65.12057,115.9726,정상
Male,31,66.84355,123.2907,정상
Male,21,68.38863,110.792,저체중
Female,23,68.68709,138.8422,정상
Male,27,71.59953,129.4179,저체중
Male,29,68.32022,137.7368,정상
Female,29,68.31,108.7164,저체중
Male,31,66.47004,122.2851,정상
Female,21,68.12458,130.3549,정상
Female,18,72.0858,138.3812,정상
Female,25,68.82191,114.476,저체중
Male,29,66.5675,113.8546,저체중
Female,33,70.19345,131.3116,정상
Male,24,68.39855,142.0522,정상
Male,29,68.23971,132.4932,정상
Female,23,71.56445,137.2813,정상
Male,26,68.85791,137.9349,정상
Male,29,70.46101,133.3018,정상
Male,23,68.19618,119.5517,저체중
Female,35,67.34632,123.2255,정상
Female,27,67.57452,119.1006,저체중
Male,27,70.49071,137.8164,정상
Male,29,69.00788,133.1503,정상
Female,23,69.18618,120.7711,저체중
Female,22,69.27963,134.9563,정상
Male,28,68.30928,132.4946,정상
Male,27,69.85509,112.2776,저체중
Male,18,66.99205,154.8623,정상
Male,22,68.83483,132.5996,정상
Male,32,65.51992,111.0786,저체중
Female,20,69.3211,128.1426,정상
Female,30,64.91352,132.2049,정상
Female,22,67.44463,136.2209,정상
Male,32,68.36722,135.6455,정상
Female,18,65.47213,83.33859,저체중
Female,22,69.36933,134.65,정상
Female,19,69.54885,134.6695,정상
Female,21,65.32827,114.8547,정상
Female,32,67.09904,118.2642,저체중
Male,19,66.42256,133.6799,정상
Male,21,71.0263,128.2917,저체중
Male,22,69.2985,121.2343,저체중
Male,19,66.85983,116.8298,저체중
Male,28,65.68344,116.4899,정상
Male,32,68.44039,131.2274,정상
Female,35,66.09236,124.9588,정상
Male,27,66.89796,105.0615,저체중
Male,25,67.65639,126.238,정상
Female,33,69.01429,132.3267,정상
Male,30,67.95663,134.3919,정상
Female,27,62.63031,98.87507,저체중
Male,32,70.47594,118.9593,저체중
Male,35,70.99287,132.9842,정상
Female,28,68.86312,137.4119,정상
Male,25,71.61657,126.9508,저체중
Male,29,65.17342,110.3023,저체중
Female,23,66.6864,134.4681,정상
Male,32,68.20849,133.9785,정상
Female,30,67.12074,115.4099,저체중
Female,20,68.43384,124.156,정상
Male,25,67.80769,139.6569,정상
Female,21,69.55436,126.1296,저체중
Female,20,69.626,130.6209,정상
Male,25,66.73544,127.3142,정상
Male,27,66.85735,115.6542,저체중
Female,31,68.73859,114.5677,저체중
Male,23,67.84689,129.8946,정상
Female,18,67.12274,132.4266,정상
Male,32,65.01406,124.2521,정상
Female,29,67.47471,102.7244,저체중
Female,27,67.25719,144.0751,정상
Female,32,67.24826,127.6367,정상
Male,21,66.30738,104.6319,저체중
Female,35,67.41475,125.3851,정상
Female,26,66.58363,126.1534,정상
Male,34,65.93812,104.2595,저체중
Male,30,69.80661,115.1499,저체중
Female,22,68.54967,139.205,정상
Female,34,70.66876,133.3968,정상
Female,20,68.59748,123.4007,저체중
Male,20,69.92431,124.9688,저체중
Male,35,69.29221,140.663,정상
Female,32,70.8323,114.6896,저체중
Male,30,69.47654,150.3265,정상
Male,33,65.12741,109.1273,저체중
Male,33,66.52541,100.9191,저체중
Male,18,66.75392,109.0707,저체중
Male,19,67.60759,132.4966,정상
Female,21,70.49105,131.9175,정상
Female,18,62.95883,122.8187,정상
Male,23,67.16728,126.6304,정상
Male,29,67.37938,115.0117,저체중
Female,22,66.73605,120.1152,정상
Female,34,66.50685,120.364,정상
Female,20,66.30539,103.8522,저체중
Male,23,69.84097,139.6097,정상
Female,20,68.43171,111.0371,저체중
Female,34,70.21848,113.2947,저체중
Male,29,67.94852,118.2123,저체중
Male,32,67.36696,118.6315,저체중
Male,23,69.06908,146.7647,정상
Male,29,64.44615,113.4007,정상
Male,29,65.42316,122.9447,정상
Male,22,66.9796,129.0708,정상
Male,24,69.01274,116.1521,저체중
Female,27,67.59833,136.7678,정상
Male,30,65.9525,130.6652,정상
Male,23,67.12379,125.5072,정상
Female,29,70.19532,126.5499,저체중
Male,22,69.38455,131.5782,정상
Female,35,69.88289,143.9437,정상
Female,25,66.33476,124.6417,정상
Female,27,69.86933,127.138,저체중
Male,25,69.17547,142.2736,정상
Male,33,63.69076,100.3788,저체중
Male,19,68.94349,112.6258,저체중
Female,25,67.82915,103.9962,저체중
Female,24,68.71299,133.2248,정상
Male,20,71.78816,143.102,정상
Male,27,70.80693,142.3487,정상
Male,35,67.04918,116.1558,저체중
Male,32,70.7374,143.0558,정상
Male,26,63.99731,102.6267,저체중
Male,22,68.44638,132.1454,정상
Female,21,64.8252,117.1635,정상
Female,29,70.32462,131.8657,정상
Female,21,70.20879,163.8728,정상
Male,35,68.04153,137.4699,정상
Female,28,68.99917,129.7717,정상
Male,20,67.06517,120.3846,정상
Male,31,69.51164,124.2078,저체중
Male,18,63.43652,126.3691,정상
Male,27,70.20568,136.4101,정상
Male,31,67.06886,127.1024,정상
Male,23,70.71333,141.4736,정상
Male,23,66.53558,133.3857,정상
Male,22,66.33691,123.5988,정상
Male,18,66.76051,131.4503,정상
Female,22,69.23838,126.2803,정상
Female,29,64.43238,92.31443,저체중
Male,33,67.65387,114.1495,저체중
Male,21,65.28297,121.8429,정상
Male,35,67.29254,122.4833,정상
Female,22,66.67426,108.0738,저체중
Male,28,67.18934,126.9589,정상
Male,35,68.86103,148.8058,정상
Female,21,65.91764,136.8749,정상
Female,27,67.48274,137.6678,정상
Male,25,65.86101,123.4096,정상
Male,25,69.58332,131.3107,정상
Male,32,66.48236,121.0822,정상
Female,19,67.12587,130.7108,정상
Female,31,68.03928,118.5115,저체중
Male,33,70.60422,133.7741,정상
Female,30,67.35277,134.1125,정상
Female,28,64.96602,124.6932,정상
Male,23,69.73659,126.8534,저체중
Female,26,67.85001,116.5084,저체중
Male,29,67.11269,137.5854,정상
Female,23,68.91724,126.4464,정상
Male,34,66.10288,143.3539,정상
Female,23,66.92685,114.6862,저체중
Male,28,67.62461,123.238,정상
Male,27,67.68375,146.636,정상
Male,30,69.69504,131.1339,정상
Male,32,67.53015,109.7927,저체중
Female,19,66.49217,112.7151,저체중
Male,25,67.49556,115.8608,저체중
Male,35,65.22979,118.5155,정상
Female,20,65.14555,109.0792,저체중
Female,31,69.96429,118.1581,저체중
Male,31,66.96921,119.725,정상
Female,26,72.68406,140.7454,정상
Female,33,70.62989,143.2336,정상
Female,31,66.28962,127.5244,정상
Female,28,66.87942,118.188,정상
Male,33,69.63736,138.7506,정상
Female,31,72.13221,133.896,저체중
Female,22,67.64678,116.0453,저체중
Male,20,66.29793,130.1744,정상
Female,24,66.24001,114.7215,저체중
Male,21,69.04627,123.7546,저체중
Male,29,68.95959,124.4974,저체중
Female,26,67.50624,145.7484,정상
Female,31,67.53604,137.2567,정상
Female,26,68.20346,121.3491,저체중
Male,33,67.12901,119.374,정상
Male,28,67.57283,123.2969,정상
Male,25,66.67624,140.9397,정상
Female,33,65.26043,101.1571,저체중
Female,30,69.96595,142.8463,정상
Male,25,69.89433,130.4151,정상
Male,31,69.40222,126.5053,저체중
Female,24,69.38557,139.4706,정상
Female,30,68.37978,126.2987,정상
Male,34,69.18198,139.8423,정상
Female,28,71.88614,134.319,저체중
Male,25,69.07546,114.2239,저체중
Male,25,66.55796,117.9522,정상
Female,27,65.84951,135.0075,정상
Female,34,69.30328,128.4679,정상
Female,24,70.56769,137.2495,정상
Female,33,65.70932,124.1531,정상
Female,23,68.28887,129.7135,정상
Female,24,68.64234,126.0445,정상
Male,30,66.48124,124.1437,정상
Male,23,66.33382,128.3406,정상
Female,20,67.14291,110.4774,저체중
Male,22,68.01799,131.4676,정상
Male,30,67.99908,132.4317,정상
Male,23,66.54521,125.3635,정상
Female,30,66.48652,133.496,정상
Female,33,68.49951,106.7804,저체중
Female,24,67.05746,140.4379,정상
Female,34,67.81343,122.49,정상
Male,27,70.76865,141.9201,정상
Male,34,67.35674,119.6444,정상
Male,25,66.58169,140.4575,정상
Female,26,68.81841,115.7801,저체중
Male,28,67.78353,138.1807,정상
Male,18,70.59967,133.0057,정상
Female,32,66.17798,117.8164,정상
Male,34,64.52454,122.6902,정상
Male,29,69.19398,124.8873,저체중
Male,25,72.00347,115.7439,저체중
Male,30,68.22649,135.6941,정상
Male,20,64.9649,110.6567,저체중
Female,33,68.72693,140.5141,정상
Male,33,65.62412,102.6406,저체중
Female,27,67.93149,119.2796,저체중
Male,26,68.15359,136.3666,정상
Male,29,67.10444,119.5672,정상
Female,27,66.78636,115.2495,저체중
Male,35,67.47237,119.3153,저체중
Female,27,69.15877,134.0016,정상
Female,34,66.94609,124.1271,정상
Male,21,64.64516,121.6082,정상
Male,29,68.23103,119.5605,저체중
Female,27,74.59993,147.0372,정상
Male,35,69.17074,116.6371,저체중
Male,29,64.4579,106.3788,저체중
Female,35,67.89229,136.952,정상
Female,31,67.93228,139.162,정상
Female,33,65.63166,124.0105,정상
Male,22,69.93332,151.8863,정상
Female,27,67.06235,119.6547,정상
Female,31,68.72155,134.1575,정상
Male,35,67.99221,120.0651,저체중
Female,28,69.48024,131.2464,정상
Male,26,69.63642,134.5954,정상
Male,29,68.6781,113.8461,저체중
Male,33,68.93508,135.1919,정상
Female,30,65.25731,113.4053,정상
Female,18,69.55037,150.3096,정상
Male,19,64.50942,126.2417,정상
Male,21,66.76791,105.8579,저체중
Female,22,68.19097,119.0327,저체중
Male,23,71.36573,149.988,정상
Male,28,71.51642,134.707,정상
Male,25,70.1695,143.5692,정상
Male,34,67.27132,113.8254,저체중
Female,29,63.92789,122.9493,정상
Female,23,70.109,114.8256,저체중
Female,20,70.32118,130.2398,정상
Female,19,68.62967,125.1725,정상
Male,20,64.68249,116.3063,정상
Male,32,65.62406,127.038,정상
Female,35,68.33608,130.0088,정상
Female,28,68.15973,128.8837,정상
Male,33,66.39703,129.2909,정상
Female,28,68.7637,133.8946,정상
Female,22,62.73218,115.6746,정상
Male,31,67.25989,119.323,정상
Female,18,67.31674,127.174,정상
Female,20,70.01359,144.3033,정상
Female,23,66.29943,123.5503,정상
Male,31,69.3621,134.9359,정상
Female,21,67.36081,126.2309,정상
Male,22,66.67762,117.7297,정상
Male,24,67.48578,118.3315,저체중
Male,30,69.01325,126.9036,정상
Female,29,68.93436,113.2651,저체중
Male,35,67.98407,142.2802,정상
Female,31,64.70492,113.5925,정상
Female,34,68.71176,142.4521,정상
Female,32,66.65959,121.0303,정상
Female,21,67.62403,118.5923,저체중
Male,21,69.56171,137.7018,정상
Female,25,66.20244,118.5927,정상
Female,34,69.69845,133.8294,정상
Female,26,64.18408,128.3516,정상
Female,29,67.04695,116.5957,저체중
Male,32,65.07655,112.7787,정상
Female,33,66.54927,119.9512,정상
Male,25,64.94199,118.4685,정상
Male,21,70.72113,138.7877,정상
Male,22,65.72731,105.9051,저체중
Male,29,70.72856,132.1233,정상
Male,33,69.73747,142.4348,정상
Female,27,70.38866,118.807,저체중
Female,25,66.2377,127.8696,정상
Male,29,69.15005,119.5495,저체중
Male,31,71.55308,143.2831,정상
Female,22,67.3427,120.6477,정상
Female,25,70.81002,147.7208,정상
Male,25,68.94879,134.6874,정상
Female,28,67.83322,107.5648,저체중
Female,28,66.80215,115.2344,저체중
Male,24,62.38539,105.2355,정상
Female,24,70.19469,134.5963,정상
Female,19,68.78438,134.1788,정상
Female,33,69.24853,109.9131,저체중
Male,21,70.30374,125.2977,저체중
Female,35,70.82191,129.2991,저체중
Female,29,71.00821,146.8951,정상
Female,29,68.13521,130.0498,정상
Male,21,69.55141,125.0764,저체중
Male,34,66.80746,99.00428,저체중
Male,33,64.38131,117.1049,정상
Female,22,68.01762,114.3042,저체중
Male,22,69.57085,124.6849,저체중
Female,28,67.64249,131.7347,정상
Female,29,67.09186,115.918,저체중
Female,24,71.33608,136.9999,정상
Male,25,68.33188,134.8577,정상
Female,33,68.19698,141.5204,정상
Male,28,71.61186,138.5029,정상
Male,26,68.58219,125.3785,정상
Female,27,69.51224,127.0237,저체중
Male,20,68.94224,121.7044,저체중
Female,20,67.56831,130.4685,정상
Male,21,62.70761,121.0772,정상
Female,32,69.65338,144.7186,정상
Male,20,69.17779,123.8314,저체중
Male,22,69.1034,128.4483,정상
Female,18,66.22062,142.7467,정상
Female,18,63.90675,120.7712,정상
Female,18,68.0134,142.6934,정상
Female,33,67.39766,124.2776,정상
Male,30,67.86913,123.3232,정상
Female,31,68.93266,109.3652,저체중
Male,28,64.65561,129.5612,정상
Female,27,67.64286,116.2336,저체중
Male,18,68.5499,144.1276,정상
Male,32,66.47408,122.8267,정상
Female,31,65.95487,112.2416,저체중
Male,31,66.32695,113.5088,저체중
Female,20,68.26741,123.2998,정상
Male,35,70.78463,134.7647,정상
Male,20,70.4697,139.8125,정상
Male,33,64.96269,122.9922,정상
Male,21,68.34706,130.6799,정상
Female,28,73.07882,147.7522,정상
Female,35,70.32529,134.3631,정상
Male,28,72.11328,143.5666,정상
Female,21,72.90519,139.1213,저체중
Female,22,64.87304,118.9879,정상
Female,34,68.88989,123.4282,저체중
Female,19,69.17388,122.9818,저체중
Female,32,66.71493,123.5503,정상
Male,30,67.02678,140.1351,정상
Female,26,67.30884,118.4517,저체중
Male,33,62.58703,102.193,저체중
Male,27,68.64869,129.519,정상
Female,22,67.74901,120.7554,저체중
Female,31,71.64536,122.4384,저체중
Male,18,66.66707,121.7723,정상
Male,30,68.299,127.1307,정상
Female,24,67.18546,119.8945,정상
Female,34,67.60484,145.6195,정상
Female,30,67.42626,110.1731,저체중
Female,28,66.47848,117.1419,정상
Female,19,70.4336,135.951,정상
Male,35,66.14942,114.8362,저체중
Female,27,65.24499,133.7044,정상
Female,25,68.29032,124.673,정상
Female,26,68.78918,132.8131,정상
Male,24,69.25119,130.8556,정상
Male,33,67.81337,131.5901,정상
Female,30,67.14685,129.0973,정상
Female,20,66.38206,119.9348,정상
Male,18,69.90033,135.8803,정상
Male,27,69.87924,147.5404,정상
Female,21,67.05535,123.0133,정상
Female,24,69.92107,150.7238,정상
Male,33,66.75984,108.9817,저체중
Female,24,66.63653,106.6289,저체중
Male,22,68.95163,126.1426,정상
Male,30,70.80464,141.4493,정상
Male,18,70.82565,142.3535,정상
Female,31,65.81239,142.3511,정상
Female,19,68.58827,121.4297,저체중
Male,30,69.97348,121.2647,저체중
Male,30,65.8631,120.7951,정상
Male,30,67.18395,137.6251,정상
Male,28,65.3295,112.2046,저체중
Female,20,70.54919,143.444,정상
Female,29,64.27425,115.4872,정상
Female,28,70.23423,129.5721,저체중
Female,18,68.52809,140.6879,정상
Male,19,66.50366,132.8973,정상
Female,18,66.6848,109.0765,저체중
Female,29,68.96487,122.8685,저체중
Female,26,65.95854,122.3757,정상
Female,33,71.1723,127.8293,저체중
Male,20,70.53792,125.9055,저체중
Male,34,68.59623,121.8365,저체중
Female,28,63.09214,105.3814,정상
Female,31,70.15201,128.9654,저체중
Female,22,69.93896,135.1878,정상
Male,35,68.3899,150.545,정상
Male,24,66.77273,118.2023,정상
Female,19,68.0307,112.1099,저체중
Male,22,68.32284,117.0799,저체중
Female,20,68.70199,135.324,정상
Female,26,69.18134,134.7164,정상
Male,20,70.76125,131.4654,저체중
Female,24,67.4487,138.5211,정상
Female,30,65.80367,112.9028,저체중
Female,29,67.84868,135.7776,정상
Male,28,70.37215,117.2445,저체중
Male,23,68.05707,115.4099,저체중
Female,23,67.83306,122.5637,정상
Female,23,68.36174,128.5694,정상
Male,27,67.68101,117.5547,저체중
Male,27,65.56852,116.2469,정상
Female,34,65.84858,118.0476,정상
Female,32,67.48284,113.4292,저체중
Male,19,68.15474,127.9674,정상
Female,22,67.60055,115.2546,저체중
Male,29,66.3466,136.7939,정상
Male,27,68.00428,141.7709,정상
Male,23,65.89079,111.1971,저체중
Female,21,69.71858,129.3685,정상
Female,30,66.92519,123.8781,정상
Male,23,67.86156,134.4959,정상
Female,32,72.30671,145.3807,정상
Female,30,69.04887,132.7148,정상
Male,33,68.37203,137.6722,정상
Female,19,69.46166,129.7161,정상
Male,24,64.55413,109.6147,저체중
Female,31,62.91846,111.747,정상
Male,35,69.66751,114.9432,저체중
Male,23,68.7226,114.1321,저체중
Male,19,66.99763,119.7136,정상
Female,26,67.96265,129.548,정상
Male,18,62.54756,102.5937,저체중
Female,27,67.69388,115.6799,저체중
Female,31,68.17765,125.0763,정상
Female,25,66.84001,140.2859,정상
Female,27,70.49117,127.9204,저체중
Male,18,64.38355,115.77,정상
Female,26,67.4107,115.8599,저체중
Male,20,68.71162,136.6454,정상
Female,28,69.38429,112.8169,저체중
Male,22,68.19334,121.7475,저체중
Female,23,67.66466,120.6145,정상
Male,34,68.85946,136.1552,정상
Male,27,70.88504,132.1232,저체중
Male,27,68.90069,128.3104,정상
Male,26,69.74202,148.7868,정상
Female,35,65.32131,122.75,정상
Male,19,66.05517,105.019,저체중
Male,19,67.46121,124.1873,정상
Female,20,66.97366,119.5436,정상
Male,22,71.24954,125.3502,저체중
Male,18,66.25833,105.2265,저체중
Female,18,65.33602,127.9746,정상
Female,31,67.81863,124.7162,정상
Female,27,68.88544,123.1058,저체중
Male,27,68.50931,123.0264,저체중
Male,19,68.59759,132.1907,정상
Male,34,69.57731,143.1516,정상
Male,19,69.94225,131.2863,정상
Female,20,68.32527,127.9279,정상
Female,22,67.709,137.9562,정상
Male,21,68.14718,142.613,정상
Male,21,69.38748,135.7762,정상
Female,25,67.74435,131.3401,정상
Female,33,70.22145,133.1431,정상
Female,21,67.57101,127.27,정상
Male,20,67.8206,125.5015,정상
Male,23,66.2936,114.019,저체중
Female,29,68.27218,119.0224,저체중
Female,32,67.90289,140.4732,정상
Female,30,71.51032,134.635,정상
Male,34,69.78562,135.451,정상
Male,19,67.5308,123.7992,정상
Male,29,68.60276,140.7911,정상
Female,27,72.9157,137.3991,저체중
Female,19,68.39973,114.1057,저체중
Female,31,68.743,134.3778,정상
Female,31,67.07172,126.1538,정상
Male,24,66.5829,115.1352,저체중
Male,34,68.20199,110.4711,저체중
Female,22,68.5013,136.1652,정상
Male,22,67.65171,137.7229,정상
Female,28,69.73023,128.6487,정상
Female,29,65.67533,95.8643,저체중
Female,27,68.98154,147.9151,정상
Male,19,68.41366,130.7171,정상
Female,18,67.65729,128.6169,정상
Female,31,70.93404,135.8496,정상
Female,28,71.4025,163.3466,정상
Female,21,68.66985,119.7289,저체중
Female,30,67.29176,131.9414,정상
Male,23,69.39537,129.0571,정상
Male,34,67.96799,121.7029,정상
Male,31,66.18912,112.539,저체중
Male,35,69.42809,133.8009,정상
Female,25,67.49189,117.2768,저체중
Male,20,68.53399,120.6305,저체중
Female,32,69.81642,119.9056,저체중
Female,24,68.63746,127.091,정상
Female,23,68.8994,131.4347,정상
Male,30,67.9315,105.7268,저체중
Female,32,71.5028,119.767,저체중
Male,18,67.15119,127.6184,정상
Male,27,69.00578,123.6567,저체중
Male,35,71.94177,158.7778,정상
Male,21,64.97172,133.6738,정상
Female,27,66.55485,134.9888,정상
Male,24,68.68354,132.3782,정상
Male,23,68.36506,124.8407,정상
Female,32,64.1255,115.6005,정상
Female,34,66.19137,129.8423,정상
Female,21,64.14117,121.0525,정상
Female,35,67.96989,133.8695,정상
Female,33,69.18067,133.8081,정상
Male,33,69.19612,119.4294,저체중
Male,35,73.29095,153.6943,정상
Male,24,69.45026,117.4511,저체중
Male,32,70.48029,146.3542,정상
Female,24,65.61927,127.5175,정상
Female,21,66.73212,120.9633,정상
Female,27,66.97858,135.7225,정상
Male,32,65.35568,131.9,정상
Female,27,66.13306,132.2003,정상
Male,30,66.19537,111.411,저체중
Female,30,69.60618,115.0129,저체중
Female,27,64.85576,131.9602,정상
Male,19,66.14641,117.3194,정상
Male,22,68.06858,147.1991,정상
Male,26,68.42537,139.2146,정상
Female,29,64.72761,113.471,정상
Female,20,67.12449,120.4451,정상
Male,34,68.2669,120.1299,저체중
Male,24,64.63001,130.0922,정상
Female,25,65.93702,123.0907,정상
Female,22,69.72134,134.9164,정상
Male,25,67.2083,115.8391,저체중
Female,33,72.91999,154.2153,정상
Female,19,69.98652,129.3433,정상
Female,33,67.19622,109.1018,저체중
Male,25,68.80471,121.8463,저체중
Male,18,68.95943,131.1717,정상
Female,24,70.71013,107.6082,저체중
Female,33,69.31161,110.585,저체중
Male,32,68.37667,139.5479,정상
Female,21,65.87762,108.2863,저체중
Male,29,67.57576,137.937,정상
Male,30,69.04748,120.0193,저체중
Female,32,64.96906,130.7477,정상
Male,25,65.00848,112.3542,정상
Male,25,69.66271,112.7833,저체중
Female,24,68.36325,93.56304,저체중
Male,28,67.78303,135.3219,정상
Female,35,68.35589,130.4797,정상
Female,20,69.08049,137.2105,정상
Female,18,66.18595,116.7954,정상
Female,24,69.8707,127.2318,저체중
Female,35,68.14345,119.3634,저체중
Female,18,71.50856,147.4461,정상
Male,26,67.58713,152.0826,정상
Male,35,69.32161,127.0991,정상
Male,32,64.32043,101.6548,저체중
Male,18,70.04715,129.3431,정상
Female,34,67.95275,120.5799,저체중
Male,26,69.3643,115.9751,저체중
Female,24,65.61191,115.1222,정상
Female,27,66.45951,117.4793,정상
Female,28,67.01312,116.3448,저체중
Male,22,67.15306,133.1964,정상
Male,29,68.38756,123.0091,저체중
Female,29,66.91337,123.0284,정상
Male,31,69.39488,125.889,저체중
Female,25,67.43209,136.7256,정상
Female,23,67.25651,125.2836,정상
Male,28,70.1574,129.8738,정상
Female,20,68.21801,145.046,정상
Male,32,66.54598,131.5953,정상
Male,23,67.91875,134.6972,정상
Male,21,65.47246,125.9926,정상
Male,33,68.64399,123.5308,저체중
Female,18,67.54097,133.869,정상
Female,31,67.67111,127.5556,정상
Female,18,67.54769,129.9528,정상
Male,35,68.83269,116.6869,저체중
Male,21,66.9893,116.2079,저체중
Female,31,68.12926,139.5733,정상
Female,26,67.21663,117.1835,저체중
Female,30,66.64897,119.2815,정상
Male,30,67.21762,127.3762,정상
Male,28,66.21812,121.0712,정상
Female,21,67.3438,133.4411,정상
Female,20,68.11292,109.9029,저체중
Male,20,69.87913,127.7891,저체중
Male,28,68.21125,138.5343,정상
Female,34,65.68767,141.1901,정상
Male,31,65.99233,113.6949,저체중
Female,25,67.60517,102.2036,저체중
Female,25,65.90505,139.2275,정상
Female,33,70.34152,127.0828,저체중
Male,29,66.07605,120.0142,정상
Male,23,65.77453,126.9642,정상
Male,32,65.71341,112.0802,저체중
Male,30,68.57546,141.1028,정상
Male,31,67.93372,112.6789,저체중
Male,18,67.70726,136.6165,정상
Male,25,69.36386,143.3529,정상
Female,31,70.64307,133.4741,정상
Male,26,69.04345,143.0016,정상
Female,34,69.57571,154.5079,정상
Female,19,67.52772,136.2476,정상
Female,33,66.33405,120.4514,정상
Male,32,65.23795,115.1459,정상
Female,25,71.71197,127.5762,저체중
Female,29,66.40209,110.5565,저체중
Female,33,66.41322,123.2217,정상
Female,23,65.24322,132.3124,정상
Male,28,69.37652,144.9025,정상
Female,35,66.97944,116.5849,저체중
Female,24,66.94715,116.96,저체중
Female,33,68.35779,119.4615,저체중
Male,27,67.72118,116.2328,저체중
Male,18,66.6547,123.8393,정상
Female,27,71.16116,131.0291,저체중
Female,20,69.76995,132.3991,정상
Female,34,67.08047,123.6803,정상
Female,29,70.16271,132.0564,정상
Female,22,67.20725,125.4732,정상
Male,20,66.441,109.2837,저체중
Female,32,70.43908,128.0154,저체중
Male,20,67.42411,117.7129,저체중
Male,19,67.23794,115.5231,저체중
Male,25,65.54462,116.0185,정상
Female,35,68.58579,131.2912,정상
Female,22,71.46377,140.9955,정상
Male,20,67.02704,152.026,정상
Male,24,70.74595,150.4723,정상
Male,21,64.55871,123.1474,정상
Male,18,66.43466,128.8558,정상
Female,31,71.88538,129.4843,저체중
Male,19,67.35006,136.4792,정상
Male,29,67.26021,123.2473,정상
Female,30,69.42105,131.1226,정상
Female,22,67.02923,118.0796,저체중
Male,33,70.15598,143.471,정상
Male,34,68.16962,123.4292,정상
Female,35,69.33135,118.6,저체중
Female,20,68.82239,119.6967,저체중
Female,19,70.70061,132.7463,정상
Male,18,63.01405,116.679,정상
Female,26,70.79121,129.9765,저체중
Female,20,70.10094,140.6238,정상
Female,27,67.68598,113.3493,저체중
Male,23,70.44934,130.0917,저체중
Male,28,68.47164,143.6588,정상
Female,25,69.22334,147.1708,정상
Female,24,69.05267,126.3728,정상
Female,21,69.22824,128.1722,정상
Female,28,69.30531,140.5582,정상
Female,18,67.3569,114.6302,저체중
Male,23,68.14178,133.9639,정상
Female,32,67.50705,127.7368,정상
Female,21,68.87072,139.0535,정상
Male,20,67.27839,134.3672,정상
Male,34,66.97126,116.9116,저체중
Male,28,67.27037,121.5396,정상
Male,28,66.01214,116.2959,정상
Male,22,65.90324,117.2595,정상
Male,29,65.97601,115.5695,정상
Male,29,65.01385,117.3807,정상
Female,27,68.3634,126.2682,정상
Female,35,66.71134,130.885,정상
Female,29,70.69657,120.929,저체중
Female,27,70.69145,134.6101,정상
Female,25,71.82796,136.3967,정상
Female,34,65.57821,112.8178,저체중
Female,34,67.87092,141.7216,정상
Male,31,69.38038,135.5633,정상
Female,31,69.34518,139.0857,정상
Female,34,67.16737,134.124,정상
Female,28,68.26749,122.9496,정상
Male,27,67.82439,129.221,정상
Male,35,63.97761,114.6071,정상
Male,23,68.59532,135.5424,정상
Female,26,65.85937,131.0302,정상
Male,25,65.73705,112.9266,저체중
Female,21,68.55083,137.6187,정상
Male,20,66.17839,125.057,정상
Female,22,63.43905,103.7247,저체중
Female,23,64.61373,115.6394,정상
Female,21,64.14292,114.1789,정상
Male,32,64.25756,122.5431,정상
Male,23,67.52237,137.2828,정상
Female,26,66.64326,119.2689,정상
Male,20,68.4414,129.9912,정상
Male,27,70.65253,114.6167,저체중
Female,29,68.04596,113.3741,저체중
Male,32,68.07645,115.4976,저체중
Female,30,66.06383,119.0574,정상
Female,23,69.31688,138.3508,정상
Female,28,68.35005,130.7714,정상
Male,27,68.11006,121.5984,저체중
Male,23,67.60474,132.0105,정상
Male,27,65.64374,111.5052,저체중
Female,19,69.18597,145.8104,정상
Male,35,70.15414,127.0499,저체중
Female,29,68.92615,117.2627,저체중
Male,34,71.21385,125.7487,저체중
Female,22,70.58186,116.7541,저체중
Male,30,69.20943,126.4311,정상
Male,23,68.11377,133.0339,정상
Male,22,67.54765,130.4505,정상
Female,21,65.63714,130.5983,정상
Female,25,67.39903,143.0303,정상
Male,18,68.25314,120.4308,저체중
Male,32,67.56373,130.1949,정상
Female,26,63.40403,138.8565,정상
Male,33,67.13774,114.4542,저체중
Female,34,66.48756,135.5376,정상
Female,27,66.61374,123.9797,정상
Female,26,68.4256,130.75,정상
Female,33,71.18574,143.5065,정상
Female,21,67.99548,104.9198,저체중
Male,24,68.42032,129.021,정상
Male,25,67.75353,110.3398,저체중
Male,24,68.99095,135.43,정상
Female,28,66.73917,118.7027,정상
Male,31,73.15071,147.0571,정상
Male,27,66.71381,115.7718,저체중
Female,30,67.26833,122.3568,정상
Male,35,69.68744,146.7596,정상
Male,21,71.24277,150.5403,정상
Male,29,67.21908,128.3988,정상
Female,35,67.04756,129.4247,정상
Male,28,68.03582,133.8249,정상
Male,29,66.73546,123.987,정상
Male,21,64.51386,145.7486,정상
Female,33,68.14688,109.3535,저체중
Female,31,69.3206,149.6076,정상
Male,21,68.78965,136.5204,정상
Male,21,68.86876,136.3434,정상
Female,34,68.21886,131.5544,정상
Male,35,70.3612,110.3731,저체중
Female,19,65.26249,108.1267,저체중
Female,33,69.42921,124.1743,저체중
Female,28,65.74235,129.9598,정상
Male,33,63.94659,130.0202,정상
Female,23,66.16987,127.7085,정상
Male,33,64.40661,114.9881,정상
Male,19,67.26361,111.7895,저체중
Female,23,67.44707,130.3438,정상
Female,21,65.40338,102.6185,저체중
Female,22,70.44362,129.8482,저체중
Male,18,70.22944,138.4534,정상
Female,21,68.02875,132.7304,정상
Male,33,66.88354,116.153,저체중
Male,26,68.52738,108.5851,저체중
Female,26,68.12687,127.3693,정상
Male,20,69.64371,137.753,정상
Female,26,66.28769,122.0997,정상
Male,30,67.5751,129.523,정상
Male,25,68.65998,123.6958,저체중
Female,33,65.92461,120.7062,정상
Male,34,70.10254,139.5667,정상
Female,23,66.8777,132.8097,정상
Male,27,70.26733,136.3759,정상
Female,24,65.16569,137.0949,정상
Male,28,67.89454,133.6111,정상
Male,27,67.6881,131.3197,정상
Female,19,63.98477,117.5309,정상
Female,35,73.2731,120.6557,저체중
Male,21,67.38426,148.594,정상
Female,24,69.40435,143.1126,정상
Female,35,67.50653,114.2218,저체중
Female,31,68.20742,126.5535,정상
Male,27,71.0084,138.5358,정상
Male,29,66.08852,127.8555,정상
Male,31,67.10118,116.9214,저체중
Female,29,68.0587,108.7064,저체중
Female,30,68.40527,141.2409,정상
Male,19,68.86958,126.5546,정상
Male,30,69.42117,140.9856,정상
Male,25,66.8765,114.5692,저체중
Female,29,67.38679,145.2286,정상
Male,30,69.73443,145.9757,정상
Male,23,67.22426,117.1126,저체중
Female,32,67.8476,128.6058,정상
Male,22,70.25478,132.2171,정상
Female,25,65.66468,132.7203,정상
Female,32,65.68942,120.1367,정상
Female,18,70.35956,140.5765,정상
Female,31,67.89833,117.8036,저체중
Male,29,71.29145,133.9801,정상
Female,31,68.07826,129.8407,정상
Male,35,67.88304,109.2468,저체중
Female,21,65.7471,129.3293,정상
Male,22,70.82378,136.3718,정상
Female,24,68.98715,130.8191,정상
Female,27,68.20438,123.5732,정상
Male,21,69.0132,142.563,정상
Female,27,65.20002,100.3488,저체중
Male,19,65.63714,135.9242,정상
Male,30,69.41814,121.004,저체중
Female,28,69.3546,135.1652,정상
Female,19,69.87385,128.9834,정상
Female,20,69.48099,123.9738,저체중
Female,27,63.8773,111.8653,정상
Male,21,67.05966,116.0247,저체중
Male,29,66.56715,130.2285,정상
Female,34,67.36107,116.0479,저체중
Male,28,67.11625,111.0254,저체중
Male,34,69.29711,135.6468,정상
Female,19,69.78731,133.3097,정상
Female,35,69.29322,129.2499,정상
Female,29,70.9491,131.2845,저체중
Male,19,66.63025,129.8742,정상
Male,34,65.36933,132.5488,정상
Female,27,68.85029,120.5336,저체중
Male,35,67.71967,123.9878,정상
Male,33,69.43243,137.2161,정상
Male,27,70.39465,137.8235,정상
Female,25,68.07996,128.6478,정상
Male,26,68.71273,115.1458,저체중
Female,22,67.11097,134.6806,정상
Female,32,65.95239,131.6371,정상
Female,19,66.32713,150.0352,정상
Male,33,68.22637,120.5216,저체중
Female,29,70.70513,143.6464,정상
Female,24,67.97221,112.9209,저체중
Male,27,69.24506,145.094,정상
Male,26,69.11257,129.4851,정상
Male,27,64.77694,114.4425,정상
Male,32,67.58057,117.4571,저체중
Male,28,69.07466,130.3215,정상
Female,26,70.55491,145.2355,정상
Female,32,66.22396,109.8105,저체중
Female,23,64.38465,109.9922,정상
Female,29,69.10443,130.7489,정상
Male,22,66.15927,144.2465,정상
Male,30,66.80091,112.0282,저체중
Male,33,68.97519,128.6123,정상
Female,22,68.97731,133.5575,정상
Female,26,71.23152,142.6203,정상
Female,28,68.61435,140.4561,정상
Male,20,62.37781,124.7478,정상
Female,28,66.18523,121.0028,정상
Female,23,68.24677,133.8376,정상
Female,19,68.39773,128.4398,정상
Male,20,69.75441,131.3891,정상
Male,26,67.40124,110.1077,저체중
Male,35,66.15482,121.3213,정상
Female,34,67.53005,146.2208,정상
Male,31,67.82452,132.4239,정상
Female,21,68.04693,132.7561,정상
Female,19,66.67182,107.1052,저체중
Male,28,66.66155,127.8097,정상
Female,25,63.09378,126.804,정상
Male,22,67.74892,141.0813,정상
Female,29,70.21034,142.8787,정상
Male,28,64.37686,105.2929,저체중
Male,21,71.11437,137.9506,정상
Female,31,67.62251,131.9704,정상
Female,20,67.05012,124.1539,정상
Male,25,67.02249,121.239,정상
Female,25,66.0373,107.355,저체중
Male,18,68.17467,119.334,저체중
Female,20,68.12509,125.4845,정상
Female,27,67.9441,129.4576,정상
Male,28,65.23296,134.0644,정상
Male,28,66.99444,134.4277,정상
Female,21,69.08538,127.8524,정상
Male,32,68.18635,121.5633,저체중
Female,29,72.32435,131.5309,저체중
Female,28,68.13306,110.3872,저체중
Male,20,66.18912,112.8697,저체중
Male,24,69.37225,124.8294,저체중
Male,19,66.07944,134.7904,정상
Female,23,66.44596,118.9311,정상
Male,31,67.61141,113.2781,저체중
Male,30,68.53111,131.2487,정상
Male,22,68.06372,123.56,정상
Male,22,68.76919,136.6776,정상
Female,28,71.16472,129.4277,저체중
Male,18,70.48029,119.135,저체중
Female,19,70.28214,134.233,정상
Female,25,70.8243,149.1779,정상
Female,31,66.79418,137.4535,정상
Female,26,64.55907,112.1905,정상
Male,19,68.29073,127.4853,정상
Female,26,67.16584,110.988,저체중
Female,31,68.85305,131.1517,정상
Male,28,68.67427,126.2711,정상
Female,21,70.50813,129.325,저체중
Female,32,69.12074,131.7384,정상
Male,19,69.05772,142.9574,정상
Female,32,68.48742,130.3869,정상
Male,19,66.55005,113.3649,저체중
Male,32,66.25859,125.5129,정상
Female,34,67.67373,137.0173,정상
Male,27,66.59621,115.5486,저체중
Male,26,68.5454,122.0308,저체중
Female,21,68.01326,136.465,정상
Female,35,71.39722,145.4316,정상
Female,22,65.66147,113.4022,저체중
Male,23,69.0446,121.1875,저체중
Male,20,66.10215,121.1734,정상
Male,27,68.29647,140.8319,정상
Female,28,68.92003,137.5018,정상
Female,26,69.63445,137.2601,정상
Female,32,68.19362,122.2916,저체중
Male,31,67.68318,110.2839,저체중
Female,19,68.81011,135.7101,정상
Male,24,67.44676,125.4474,정상
Male,33,67.81835,114.9293,저체중
Male,25,69.42357,138.1367,정상
Male,31,69.66435,135.0944,정상
Female,28,70.1609,118.3303,저체중
Female,31,67.91643,134.0842,정상
Male,29,69.72084,129.8715,정상
Female,28,66.27692,123.4119,정상
Female,20,68.83848,108.7075,저체중
Female,26,66.70584,128.4442,정상
Female,31,69.88419,146.8151,정상
Male,18,69.77301,136.3172,정상
Female,27,67.31753,118.5609,저체중
Female,20,70.62492,136.7641,정상
Male,26,66.38894,118.7559,정상
Female,30,67.15444,127.4159,정상
Female,27,68.86083,121.9486,저체중
Female,20,65.47601,119.0022,정상
Female,25,67.33502,125.7401,정상
Male,33,68.45368,113.8913,저체중
Male,31,67.32573,130.848,정상
Female,35,65.63352,96.94675,저체중
Male,34,69.09134,128.7349,정상
Male,24,66.68162,123.8286,정상
Female,21,67.27892,119.8219,정상
Male,23,66.83412,141.3197,정상
Male,23,64.8425,104.1389,저체중
Female,22,68.13785,139.2758,정상
Female,21,67.83599,145.5619,정상
Female,18,68.43267,128.1718,정상
Male,35,68.44093,118.326,저체중
Male,27,68.90259,135.902,정상
Female,20,67.65946,115.9803,저체중
Male,19,64.72884,126.7694,정상
Male,21,65.16943,107.2528,저체중
Male,32,68.30429,134.5369,정상
Male,26,67.49387,137.5206,정상
Male,23,67.59123,124.1155,정상
Female,18,65.05233,128.8537,정상
Female,34,71.06411,129.7451,저체중
Female,20,66.51821,107.858,저체중
Female,19,68.41937,122.5515,저체중
Female,31,69.47786,129.6483,정상
Female,35,66.99148,126.63,정상
Male,26,67.36273,126.6374,정상
Female,21,67.06229,126.849,정상
Male,19,65.89625,136.3139,정상
Female,22,70.22917,145.3402,정상
Male,18,65.93523,118.384,정상
Female,23,69.97458,126.3133,저체중
Female,27,66.95063,125.1891,정상
Male,27,70.3091,140.2088,정상
Female,30,70.12037,133.0408,정상
Male,27,65.7668,126.4413,정상
Male,28,69.57565,134.8488,정상
Male,18,65.92296,108.4948,저체중
Female,31,70.79414,130.4189,저체중
Female,21,69.44383,131.4925,정상
Male,34,66.62863,130.4575,정상
Male,24,67.80396,139.6093,정상
Female,24,68.95013,138.8719,정상
Male,22,71.30744,146.9161,정상
Female,26,67.58884,134.6915,정상
Male,26,69.10194,123.2658,저체중
Female,33,71.06352,147.8189,정상
Female,32,69.84568,115.9428,저체중
Male,21,66.83921,104.2683,저체중
Female,28,69.76971,137.6183,정상
Female,18,67.58215,139.1822,정상
Female,28,69.18909,134.7638,정상
Female,32,74.25069,150.0567,정상
Male,27,69.13383,135.5109,정상
Male,32,66.30129,117.319,정상
Male,23,68.25075,124.1859,정상
Female,28,70.71204,156.4888,정상
Female,18,65.20837,110.58,저체중
Male,18,63.79465,122.6602,정상
Female,24,71.69954,145.9436,정상
Female,28,68.00717,141.6695,정상
Male,33,67.55854,132.8552,정상
Female,18,65.6403,143.5714,정상
Male,30,64.35459,107.3014,저체중
Male,32,69.7329,136.9779,정상
Male,33,73.36407,140.0662,저체중
Female,21,65.08527,120.9151,정상
Male,31,67.59317,122.3761,정상
Female,29,68.82592,123.6124,저체중
Male,24,66.47578,117.2748,정상
Male,33,68.44873,125.3048,정상
Male,21,66.23119,133.229,정상
Female,35,66.32448,116.0772,정상
Female,33,67.293,137.0363,정상
Male,19,65.65561,124.1935,정상
Male,19,66.92149,109.5993,저체중
Female,20,65.07498,105.2216,저체중
Female,34,67.96785,131.2363,정상
Female,22,66.14877,120.1462,정상
Female,18,69.45894,120.3336,저체중
Female,30,65.77765,123.8685,정상
Male,29,65.23996,116.0991,정상
Female,25,68.39398,117.3044,저체중
Male,35,66.57914,113.7488,저체중
Female,26,67.67032,113.9851,저체중
Male,35,68.46821,114.5627,저체중
Male,20,67.94276,147.1207,정상
Male,20,68.41071,114.7406,저체중
Female,33,67.81453,120.7329,저체중
Female,22,66.13517,135.6964,정상
Male,22,68.84075,128.7526,정상
Male,21,69.82133,130.4452,정상
Male,21,70.69125,131.4881,저체중
Female,33,69.67354,127.5423,저체중
Female,28,67.11306,112.9442,저체중
Female,34,67.76652,113.787,저체중
Female,28,67.98509,117.4293,저체중
Female,25,66.10635,119.1248,정상
Male,22,70.25508,130.6601,정상
Male,34,69.69406,127.8872,정상
Male,30,70.62853,154.1866,정상
Male,20,66.46828,115.0219,저체중
Female,31,65.83352,118.1788,정상
Female,34,69.43541,133.457,정상
Male,23,67.18957,126.4289,정상
Female,25,67.85753,132.5879,정상
Male,35,70.80011,130.9031,저체중
Male,20,68.23846,111.4887,저체중
Female,35,69.24097,145.3706,정상
Male,20,69.30102,127.2747,정상
Female,33,69.52276,130.5737,정상
Male,21,69.22084,141.1106,정상
Female,21,67.85295,129.5885,정상
Male,25,65.77801,128.725,정상
Female,35,66.55636,124.4,정상
Female,35,65.75154,134.4078,정상
Female,22,65.79782,128.8091,정상
Female,30,68.06347,118.8537,저체중
Male,19,68.3986,102.3968,저체중
Male,26,68.21292,123.15,정상
Male,28,66.66365,130.5961,정상
Male,25,65.77131,112.8459,저체중
Female,25,64.85413,117.4122,정상
Male,33,69.30353,158.2312,정상
Female,30,67.96803,111.7532,저체중
Male,20,68.60519,137.1098,정상
Male,27,66.8475,123.4111,정상
Female,30,67.11017,116.3094,저체중
Male,22,69.15094,129.7406,정상
Male,19,66.13712,106.6076,저체중
Female,19,66.42691,138.0277,정상
Male,32,70.39729,118.1795,저체중
Male,31,68.66476,137.9495,정상
Male,26,70.14358,133.6875,정상
Male,29,66.8426,130.6206,정상
Female,23,70.37678,133.2398,정상
Male,34,68.74193,116.7499,저체중
Female,35,65.41171,110.589,저체중
Female,25,71.92922,135.987,저체중
Male,25,69.84558,130.0924,정상
Male,25,68.54234,139.991,정상
Female,34,68.97866,124.9344,저체중
Male,33,67.76261,112.8224,저체중
Female,35,66.49068,124.7065,정상
Female,29,64.95423,93.85997,저체중
Female,21,67.37242,132.68,정상
Male,32,71.21076,136.9751,정상
Female,31,69.7826,130.0858,정상
Female,32,69.90597,139.7374,정상
Male,20,70.10361,151.6632,정상
Male,22,68.52806,128.6134,정상
Male,20,67.44755,124.6756,정상
Male,20,68.69408,121.506,저체중
Female,28,68.10934,131.7102,정상
Male,25,67.69214,116.534,저체중
Male,22,67.63227,116.31,저체중
Female,33,64.61927,121.4863,정상
Female,32,67.29108,124.9753,정상
Female,20,69.87057,140.744,정상
Female,23,67.21068,135.6258,정상
Female,32,67.51395,106.5245,저체중
Female,18,66.91739,120.4203,정상
Female,24,69.39064,147.6976,정상
Female,25,68.90895,136.3169,정상
Female,27,67.95984,113.1916,저체중
Female,22,67.44107,126.8993,정상
Male,33,68.93723,131.1289,정상
Female,34,68.20281,138.466,정상
Male,20,66.81433,120.1186,정상
Male,22,69.65587,127.9894,정상
Male,33,69.37795,136.1519,정상
Male,28,69.82831,123.4697,저체중
Female,34,65.75387,112.9789,저체중
Female,31,65.7493,123.9453,정상
Male,35,65.71657,131.5604,정상
Male,19,67.83512,131.2806,정상
Male,33,69.31119,135.1037,정상
Female,29,67.7191,120.699,정상
Female,25,66.34019,109.6276,저체중
Male,31,67.49858,120.7825,정상
Male,29,67.31243,126.4223,정상
Female,18,69.86285,134.3626,정상
Female,25,65.53745,123.5052,정상
Female,23,64.59321,115.3473,정상
Female,29,70.94415,137.818,정상
Female,35,65.10856,142.4697,정상
Male,21,65.90327,121.5589,정상
Female,27,68.98332,130.488,정상
Male,28,71.82366,157.4164,정상
Female,18,64.24852,126.0415,정상
Male,26,70.8681,147.1265,정상
Male,29,66.96278,135.505,정상
Female,31,66.12878,129.3979,정상
Male,28,71.94824,136.8933,정상
Male,21,65.07127,108.6386,저체중
Male,18,69.67868,126.0584,저체중
Female,35,64.74361,114.9174,정상
Female,27,69.15274,125.9758,정상
Male,26,67.27984,109.7412,저체중
Female,22,67.47621,121.506,정상
Female,18,69.72662,139.0893,정상
Female,21,70.1707,111.1782,저체중
Female,20,66.61857,128.6381,정상
Female,28,67.53201,126.1899,정상
Male,19,66.70138,122.2916,정상
Male,27,67.70153,133.0479,정상
Female,35,69.13985,127.8006,정상
Male,28,68.40056,133.3174,정상
Female,24,67.09034,116.1753,저체중
Male,24,64.56582,101.6407,저체중
Male,33,65.83884,112.2939,저체중
Female,25,67.8546,120.8841,저체중
Male,33,67.56548,164.5865,과체중
Female,27,68.95006,150.9348,정상
Female,22,66.88926,127.4484,정상
Male,18,63.7295,119.2318,정상
Male,25,67.57752,139.8852,정상
Female,23,69.1283,117.7473,저체중
Male,33,68.01587,112.7753,저체중
Female,28,67.06685,117.2326,저체중
Female,19,70.64588,108.4964,저체중
Female,34,68.04523,125.317,정상
Male,24,65.18191,122.3296,정상
Female,32,67.95231,125.4864,정상
Male,20,69.25011,141.4465,정상
Male,19,65.96393,140.1776,정상
Female,32,67.5947,115.7894,저체중
Male,30,71.04171,124.8506,저체중
Male,28,67.77341,118.673,저체중
Female,18,69.13759,140.5952,정상
Female,21,66.80684,118.2042,정상
Female,24,74.47517,130.9092,저체중
Female,20,68.0331,139.2995,정상
Female,19,68.0644,122.5887,정상
Female,35,70.12434,135.7782,정상
Female,22,66.81391,114.3368,저체중
Male,31,69.99107,145.8768,정상
Female,35,68.46712,123.8385,정상
Male,24,65.36962,119.4041,정상
Female,25,66.36395,118.9485,정상
Female,23,65.26932,120.7947,정상
Male,18,67.70041,133.7415,정상
Female,29,65.96714,117.3999,정상
Male,18,66.02222,135.7149,정상
Male,27,70.2321,135.7227,정상
Male,23,68.38172,131.2653,정상
Male,35,69.64098,145.0634,정상
Female,34,67.28414,99.15936,저체중
Female,34,69.58655,151.417,정상
Female,35,65.99345,109.9817,저체중
Male,29,65.25013,125.8024,정상
Female,22,67.79735,119.3893,저체중
Male,32,70.76063,149.9261,정상
Female,22,66.54695,107.2944,저체중
Female,28,69.24477,141.3338,정상
Male,22,67.45018,151.1216,정상
Male,31,68.89261,136.2221,정상
Female,24,68.01896,133.4202,정상
Male,28,68.55845,127.7299,정상
Male,22,67.35986,117.0648,저체중
Female,25,71.41989,131.9403,저체중
Male,18,68.12119,134.7049,정상
Male,25,63.85395,117.3799,정상
Female,18,69.21935,113.3789,저체중
Male,31,70.98516,134.2274,정상
Male,25,67.06622,112.0892,저체중
Female,19,68.33204,143.2136,정상
Male,35,68.07284,117.0658,저체중
Female,24,64.26234,117.8436,정상
Female,26,67.0604,133.9787,정상
Female,30,67.00242,109.9566,저체중
Male,28,66.31913,122.8827,정상
Female,28,70.46814,130.5875,저체중
Male,24,64.43246,119.6113,정상
Male,26,68.4489,132.9983,정상
Female,31,66.65345,116.5059,저체중
Female,31,65.46283,128.9968,정상
Female,34,67.0748,131.4424,정상
Male,33,66.19921,107.072,저체중
Male,30,68.7179,114.1472,저체중
Male,32,66.31607,114.3084,저체중
Male,19,66.64692,120.2193,정상
Male,27,69.25969,130.928,정상
Male,35,67.45099,127.3075,정상
Female,27,64.42715,93.77605,저체중
Male,21,65.53849,142.5842,정상
Male,33,66.89782,124.9394,정상
Male,19,70.67184,144.1236,정상
Female,33,67.93222,132.3346,정상
Male,24,66.92724,125.4446,정상
Male,29,66.53067,109.4724,저체중
Male,28,69.31518,120.3775,저체중
Male,20,70.82934,131.3445,저체중
Male,32,66.16717,114.8612,저체중
Female,21,69.87971,117.8718,저체중
Female,23,65.03428,99.61482,저체중
Male,30,69.47601,143.0517,정상
Female,21,67.9457,118.4858,저체중
Female,30,69.66532,137.5848,정상
Male,25,69.81227,140.3692,정상
Female,31,64.61603,113.1176,정상
Female,30,68.70534,122.9617,저체중
Female,29,67.86034,116.6122,저체중
Male,23,64.56665,109.1744,저체중
Female,21,67.55567,134.4666,정상
Male,32,68.56515,143.9649,정상
Male,26,66.91835,129.4116,정상
Male,29,72.41732,134.7621,저체중
Female,27,71.08753,135.5392,정상
Female,19,63.93158,106.8868,저체중
Female,27,68.00087,134.7445,정상
Female,26,66.42765,120.6609,정상
Male,31,68.58748,124.3152,정상
Female,25,68.73243,148.0622,정상
Female,19,67.08349,127.3686,정상
Male,27,69.95792,126.6491,저체중
Male,19,69.72909,121.2628,저체중
Male,35,69.26196,138.9057,정상
Female,23,66.69,128.5966,정상
Female,20,70.36077,142.2321,정상
Male,33,67.46372,124.3689,정상
Male,24,68.5373,121.8393,저체중
Male,33,67.50827,122.1101,정상
Female,23,65.75245,120.3636,정상
Male,25,66.74609,129.2159,정상
Female,31,72.21651,139.8698,정상
Female,24,66.94817,107.6458,저체중
Male,22,67.49868,157.1014,정상
Female,33,68.42975,147.8209,정상
Female,35,68.52518,119.6524,저체중
Female,25,66.78274,118.6653,정상
Male,18,64.79988,121.5981,정상
Male,18,70.23712,136.9404,정상
Female,32,73.10806,140.7235,정상
Male,32,66.2469,112.0223,저체중
Male,23,67.16625,118.2065,저체중
Male,32,69.34644,125.3572,저체중
Male,30,64.6456,121.8469,정상
Female,24,68.87184,120.4789,저체중
Male,27,66.36918,123.2573,정상
Female,28,71.20713,119.6618,저체중
Male,26,70.73217,138.1571,정상
Female,26,68.33913,111.1084,저체중
Male,24,67.79893,137.6869,정상
Male,18,65.85082,134.2529,정상
Female,22,68.60721,144.9214,정상
Male,18,68.04752,121.127,저체중
Female,23,67.92398,140.6038,정상
Female,19,66.91439,119.9645,정상
Female,27,64.70896,118.9869,정상
Male,34,70.77016,120.547,저체중
Male,29,67.3468,121.395,정상
Female,26,64.86953,109.9266,저체중
Female,22,64.19615,122.1719,정상
Female,19,68.42556,129.0887,정상
Female,18,67.23216,127.4021,정상
Female,27,69.29292,140.8615,정상
Male,24,66.12768,124.4191,정상
Male,21,67.15976,135.3002,정상
Female,35,68.92731,129.8894,정상
Male,19,70.35575,126.1017,저체중
Male,27,66.56554,131.7885,정상
Female,31,70.41469,133.3264,정상
Female,29,66.30858,132.2852,정상
Male,23,64.92028,123.1736,정상
Male,28,68.38333,120.7131,저체중
Female,31,66.60948,128.4356,정상
Female,21,67.74654,132.4136,정상
Female,24,67.76365,120.8272,저체중
Male,33,67.826,133.2988,정상
Male,33,68.81311,130.7308,정상
Male,23,69.31322,137.2461,정상
Female,19,62.99079,128.0345,정상
Female,29,68.01395,127.4918,정상
Female,26,67.88325,128.8534,정상
Male,34,64.34993,116.5172,정상
Female,27,69.17264,121.2414,저체중
Female,21,65.01635,112.8708,정상
Male,23,69.49107,134.9546,정상
Male,32,71.6126,140.2298,정상
Female,27,68.13264,120.655,저체중
Male,20,71.05107,146.4425,정상
Female,28,69.16088,137.6839,정상
Male,22,70.64956,136.3774,정상
Male,32,68.2516,122.4347,저체중
Female,34,65.20641,111.7598,저체중
Male,31,69.1875,100.505,저체중
Female,26,68.26068,121.9934,저체중
Female,31,69.44096,127.7445,정상
Male,23,66.8189,128.3391,정상
Female,26,68.97099,122.6575,저체중
Male,18,70.46407,136.6546,정상
Female,21,70.04348,137.2425,정상
Male,27,67.31087,141.1151,정상
Female,33,69.03446,119.7233,저체중
Male,18,67.49014,112.3328,저체중
Male,23,67.33983,119.2277,저체중
Female,30,72.06505,133.0291,저체중
Male,24,68.44578,134.0888,정상
Female,22,70.93858,151.7394,정상
Female,20,65.99061,100.1656,저체중
Male,29,65.69995,129.2969,정상
Female,30,67.88781,123.7831,정상
Male,32,68.71714,130.7432,정상
Male,34,70.58546,130.0892,저체중
Female,21,70.50692,132.8177,정상
Female,20,64.89796,112.7778,정상
Female,35,68.03452,119.2309,저체중
Female,24,68.37598,142.8062,정상
Female,31,65.31335,109.2026,저체중
Male,25,64.68155,110.3814,정상
Female,28,67.81472,130.8844,정상
Female,33,68.72087,134.8805,정상
Male,33,66.31745,112.7879,저체중
Female,34,64.69964,128.1228,정상
Male,18,63.19011,97.85324,저체중
Female,29,67.04974,123.1772,정상
Female,35,69.77631,133.7446,정상
Female,26,71.20739,122.73,저체중
Male,24,70.1551,122.5107,저체중
Female,30,70.25528,114.2026,저체중
Female,35,68.26686,131.6032,정상
Female,23,68.34684,141.2898,정상
Female,23,70.30878,140.619,정상
Female,24,67.08135,110.5151,저체중
Male,26,70.55462,140.4344,정상
Female,26,68.8199,130.0868,정상
Female,28,66.44443,126.4245,정상
Female,31,67.62411,130.7663,정상
Male,26,69.99611,135.4407,정상
Male,21,70.85949,146.443,정상
Male,28,67.22633,127.3791,정상
Male,23,65.79897,109.5994,저체중
Female,28,68.8133,121.8595,저체중
Female,32,68.15897,137.1696,정상
Male,32,68.13434,137.7671,정상
Female,35,66.03575,129.8433,정상
Female,34,71.1392,136.5394,정상
Male,25,65.7611,139.533,정상
Male,24,66.4562,116.1557,저체중
Male,18,71.43418,139.566,정상
Female,34,66.21723,117.6091,정상
Male,25,65.29847,110.1183,저체중
Male,27,69.93212,124.5161,저체중
Male,32,68.65961,126.7685,정상
Male,30,68.31157,127.5313,정상
Male,32,68.86473,131.0624,정상
Male,21,66.81505,125.3619,정상
Female,23,71.22412,144.8558,정상
Female,21,66.51076,136.4399,정상
Male,18,65.78246,117.0782,정상
Male,24,66.03177,131.3673,정상
Female,31,67.44959,105.4248,저체중
Female,25,67.60525,118.4955,저체중
Female,18,67.3143,138.3905,정상
Female,28,70.86729,131.1195,저체중
Male,20,65.48255,141.0259,정상
Female,26,68.22266,141.3689,정상
Female,18,71.31566,122.9654,저체중
Male,30,71.48733,141.9901,정상
Female,35,64.96432,119.0701,정상
Male,19,69.49516,139.2006,정상
Male,26,67.88913,118.218,저체중
Female,23,68.90454,145.1237,정상
Female,29,68.07183,127.9641,정상
Male,19,64.39356,96.18308,저체중
Male,25,66.65415,107.8738,저체중
Female,31,68.40425,110.1585,저체중
Male,21,64.65508,144.2053,정상
Male,31,66.44203,126.6712,정상
Male,20,71.50072,133.5473,저체중
Male,35,73.88318,134.2179,저체중
Male,33,66.35681,129.7247,정상
Male,25,64.5294,129.0555,정상
Male,20,65.86448,106.1127,저체중
Male,28,66.79915,111.6206,저체중
Male,29,72.1822,134.0295,저체중
Male,25,69.3837,132.8476,정상
Female,21,68.19583,146.2667,정상
Male,18,70.5114,128.1338,저체중
Female,19,65.80641,130.8923,정상
Male,30,70.16053,123.3076,저체중
Female,28,67.43844,122.1914,정상
Male,30,70.71361,135.7651,정상
Male,27,68.07891,153.5097,정상
Male,28,68.35342,131.2236,정상
Female,26,67.20032,130.9151,정상
Female,19,68.69189,125.636,정상
Male,20,70.46936,133.4589,정상
Male,31,66.90871,133.8009,정상
Male,26,69.88209,136.8009,정상
Female,34,68.06727,130.8548,정상
Female,35,69.20068,133.185,정상
Female,30,67.47538,131.3843,정상
Male,28,68.32743,117.697,저체중
Female,28,69.00192,138.9638,정상
Female,28,65.35322,105.7026,저체중
Female,31,65.4318,116.5828,정상
Male,33,66.26909,122.9144,정상
Male,27,68.69404,125.9645,정상
Male,28,66.1094,134.3551,정상
Male,32,64.41092,134.127,정상
Male,24,69.49636,133.8557,정상
Male,24,64.59448,104.7582,저체중
Female,24,67.74181,124.6148,정상
Female,20,67.86035,114.8292,저체중
Male,23,66.5956,131.0129,정상
Male,20,67.29007,108.9249,저체중
Female,25,68.4697,126.7364,정상
Female,31,68.39686,139.9312,정상
Female,34,65.81488,118.5393,정상
Female,20,68.31099,125.4367,정상
Male,18,65.55142,129.8399,정상
Male,31,68.78688,151.5744,정상
Female,19,68.9762,136.3059,정상
Female,32,69.73827,126.5047,저체중
Female,31,68.61113,149.0624,정상
Female,34,70.29214,136.9524,정상
Male,20,69.02156,126.4165,정상
Female,28,65.24243,111.3249,저체중
Female,22,67.79481,109.7919,저체중
Female,35,65.14929,125.4005,정상
Male,29,67.85083,104.3679,저체중
Male,33,67.95407,126.1482,정상
Female,21,68.07138,104.5138,저체중
Male,30,67.96206,125.8946,정상
Female,27,68.0562,123.0662,정상
Male,26,69.54373,140.905,정상
Male,20,67.44763,136.8386,정상
Male,19,69.93226,143.142,정상
Female,35,68.4428,123.9019,정상
Female,34,67.14705,121.2435,정상
Male,29,68.09321,127.1611,정상
Male,20,70.98751,160.6929,정상
Female,29,69.63262,136.2754,정상
Female,18,66.83325,135.069,정상
Female,33,67.48442,128.1263,정상
Female,35,70.30599,146.687,정상
Female,30,70.9558,146.0678,정상
Female,27,65.56472,128.1536,정상
Male,22,67.08322,121.2183,정상
Male,31,70.07861,108.5745,저체중
Male,26,71.39547,149.9232,정상
Male,20,69.43051,141.5282,정상
Male,24,66.80894,122.0407,정상
Female,35,69.62216,138.2071,정상
Male,21,65.8652,118.6262,정상
Female,23,66.59005,141.7685,정상
Male,29,71.13173,130.8381,저체중
Female,35,66.01563,129.1451,정상
Female,34,66.28735,116.4058,정상
Female,23,68.99924,117.7849,저체중
Male,33,67.84324,144.1374,정상
Male,23,67.4654,105.317,저체중
Male,20,67.49195,123.4161,정상
Female,33,65.34945,115.779,정상
Male,18,67.83551,126.1946,정상
Male,25,69.79369,126.8353,저체중
Female,24,68.87143,125.5759,정상
Female,23,67.82667,124.1151,정상
Male,34,68.81413,121.4105,저체중
Male,26,70.47876,130.5729,저체중
Male,22,73.16304,161.2538,정상
Female,32,71.95209,146.3936,정상
Female,19,67.44715,119.2209,저체중
Male,21,68.85059,114.7156,저체중
Female,35,69.72712,130.6584,정상
Male,34,67.43691,136.2537,정상
Female,20,71.11399,122.0355,저체중
Female,19,67.71312,138.2236,정상
Male,28,66.77008,112.6772,저체중
Female,29,70.90585,132.9018,정상
Male,23,67.47875,104.2591,저체중
Female,18,68.08728,111.6015,저체중
Female,22,68.54271,125.7349,정상
Male,28,67.38204,139.3863,정상
Female,33,67.62489,123.9918,정상
Female,35,65.71741,96.56954,저체중
Male,29,66.75033,119.5639,정상
Female,28,70.03827,138.7756,정상
Female,31,66.8036,110.2972,저체중
Male,19,71.80215,139.9054,정상
Male,18,69.75691,137.0891,정상
Female,33,68.62702,100.7525,저체중
Female,30,68.03554,113.0308,저체중
Male,30,70.44384,141.5947,정상
Female,34,69.53504,130.0973,정상
Male,22,65.56302,115.0701,정상
Male,31,67.68639,123.3297,정상
Male,28,68.31423,120.6889,저체중
Male,23,71.41559,149.3469,정상
Female,20,70.86132,135.3213,정상
Female,27,70.19919,135.138,정상
Male,33,67.31745,132.8306,정상
Male,31,66.67461,111.7658,저체중
Male,27,68.52431,98.28103,저체중
Female,21,68.08513,128.1996,정상
Female,30,65.22726,135.7065,정상
Male,27,67.02577,114.7573,저체중
Female,23,63.12846,115.988,정상
Male,25,68.91849,135.5944,정상
Female,24,65.4037,126.7384,정상
Female,23,66.72667,137.0383,정상
Female,32,68.0043,117.1869,저체중
Male,19,68.24197,128.0584,정상
Female,20,68.80229,123.4378,저체중
Female,22,68.76843,132.3484,정상
Male,22,66.26798,118.6096,정상
Male,34,64.62832,138.6254,정상
Male,30,68.20142,131.4314,정상
Female,19,70.85424,134.0073,정상
Male,28,66.81173,114.561,저체중
Male,32,69.9304,139.4913,정상
Female,28,69.89558,137.409,정상
Male,33,65.211,109.6018,저체중
Female,33,64.95554,109.2972,저체중
Female,31,63.80198,116.5058,정상
Male,27,69.32363,133.9561,정상
Female,27,68.08572,119.1548,저체중
Female,35,66.42673,133.7442,정상
Male,18,68.7483,121.1914,저체중
Male,24,71.42063,138.9418,정상
Male,30,69.99781,134.018,정상
Male,31,66.0776,113.0542,저체중
Male,25,68.02381,116.4733,저체중
Male,24,63.40728,127.6054,정상
Male,26,65.35444,115.174,정상
Female,21,68.65199,129.7975,정상
Male,31,67.8743,129.9449,정상
Male,24,69.21034,139.2897,정상
Male,25,68.81727,128.4544,정상
Female,25,69.74177,135.2069,정상
Female,28,68.01296,138.7343,정상
Male,25,65.96554,119.0405,정상
Female,20,70.1201,114.3885,저체중
Female,25,69.52643,131.3148,정상
Male,32,68.13839,118.1307,저체중
Female,23,68.01789,137.0494,정상
Male,20,65.5277,90.67684,저체중
Female,31,70.11106,140.9521,정상
Female,18,69.55787,136.3448,정상
Male,21,67.8112,123.8181,정상
Female,35,69.41543,131.7001,정상
Male,28,69.16396,125.1731,저체중
Female,24,67.10355,129.3964,정상
Female,25,66.59023,102.0816,저체중
Female,19,65.69038,128.0027,정상
Male,25,65.87218,114.5395,정상
Male,26,65.7737,116.1954,정상
Male,34,67.08497,118.8063,정상
Male,31,66.64738,96.76496,저체중
Female,18,69.90009,139.5857,정상
Female,22,69.36888,135.4301,정상
Male,34,69.41881,145.6596,정상
Male,24,69.35477,133.5585,정상
Female,27,66.78976,124.5194,정상
Female,31,69.98352,112.0653,저체중
Male,30,70.76035,144.9425,정상
Male,18,68.82168,134.7195,정상
Male,31,69.50397,139.8523,정상
Female,25,71.0584,149.2104,정상
Female,25,66.55888,120.3692,정상
Female,31,69.08809,139.7369,정상
Male,24,67.78232,130.9741,정상
Female,34,66.14817,119.4163,정상
Female,26,67.02309,126.8851,정상
Female,31,66.63003,133.8063,정상
Female,26,68.09397,135.3716,정상
Female,30,71.62587,143.5679,정상
Female,27,68.36727,128.1388,정상
Male,35,72.00969,151.6078,정상
Male,23,72.15628,148.6441,정상
Male,29,63.81356,104.9316,저체중
Male,19,67.12639,132.7966,정상
Male,31,68.67044,114.1316,저체중
Male,29,68.76102,116.1148,저체중
Female,22,64.70654,128.1374,정상
Male,20,67.46362,136.9027,정상
Male,18,65.60326,121.0995,정상
Male,20,69.56871,132.12,정상
Female,27,65.56437,137.7446,정상
Male,26,70.18009,120.0385,저체중
Male,28,68.01941,128.8836,정상
Male,25,69.10492,133.099,정상
Male,30,67.10458,132.1679,정상
Male,27,71.08347,130.0081,저체중
Male,22,66.56587,132.1454,정상
Female,32,67.37511,117.2506,저체중
Female,34,69.67643,135.9639,정상
Male,25,68.01459,126.2054,정상
Female,33,67.44922,125.0511,정상
Female,29,67.82831,131.2811,정상
Female,20,69.48856,131.6375,정상
Female,33,65.63996,129.2401,정상
Female,33,66.28026,116.499,정상
Male,21,68.01966,113.4327,저체중
Female,26,68.88532,134.1067,정상
Female,29,68.93233,123.785,저체중
Male,30,71.28853,128.2775,저체중
Male,25,68.47003,119.0145,저체중
Female,24,69.90329,137.8499,정상
Male,30,70.09202,130.0885,정상
Female,18,67.96698,121.0001,저체중
Female,32,66.22404,119.1531,정상
Female,21,67.40603,124.1916,정상
Female,29,68.18165,133.6314,정상
Female,18,67.49878,122.5922,정상
Female,32,70.19817,138.2708,정상
Male,31,67.46387,133.6333,정상
Female,19,67.63478,126.7765,정상
Female,27,68.42936,136.7083,정상
Female,28,69.11146,130.5486,정상
Female,34,65.34682,112.6957,정상
Male,23,72.27679,161.0088,정상
Male,18,67.17652,127.4839,정상
Female,34,69.97887,144.2267,정상
Female,29,69.67383,129.6119,정상
Female,28,69.89009,147.7944,정상
Male,22,67.64807,130.4777,정상
Female,26,67.32703,118.8394,저체중
Female,32,68.97336,124.6298,저체중
Male,33,67.66967,103.1117,저체중
Female,20,66.91254,126.6126,정상
Female,21,67.55359,118.7322,저체중
Female,26,65.03493,117.367,정상
Female,31,68.02707,131.5474,정상
Male,21,67.16576,143.1687,정상
Female,26,67.45939,125.3672,정상
Male,33,66.40605,113.0716,저체중
Male,24,65.39009,131.09,정상
Female,20,67.73618,122.0743,정상
Male,28,69.51989,128.0201,정상
Male,22,67.10018,124.7517,정상
Male,30,68.17712,124.787,정상
Female,23,68.95359,139.1428,정상
Male,18,69.43474,135.4955,정상
Male,18,66.85504,111.9391,저체중
Male,30,67.64108,143.9,정상
Male,28,69.00734,121.8109,저체중
Female,22,70.25934,120.8223,저체중
Female,22,71.33493,129.5699,저체중
Female,31,69.57026,136.1203,정상
Male,32,67.42577,123.4668,정상
Female,28,68.74418,126.2233,정상
Male,34,71.13567,160.9951,정상
Male,18,66.54732,118.107,정상
Male,35,69.35688,115.1244,저체중
Female,27,67.57381,121.1601,정상
Female,19,68.81213,122.6589,저체중
Female,19,65.97049,122.2612,정상
Male,21,65.43348,111.2886,저체중
Female,20,67.26682,126.8626,정상
Male,21,70.48056,152.8963,정상
Female,27,69.31844,134.0819,정상
Female,27,69.98038,149.3003,정상
Male,26,64.3997,115.6996,정상
Male,26,69.96882,124.6241,저체중
Male,33,71.17805,139.8145,정상
Male,22,68.17807,125.2121,정상
Male,35,69.71877,134.9651,정상
Female,20,66.17811,120.8511,정상
Male,22,68.06493,135.2143,정상
Female,27,66.93792,118.5464,정상
Male,24,71.94764,122.5813,저체중
Male,28,72.71997,139.6902,정상
Female,31,68.0762,129.4436,정상
Male,24,71.29571,120.3065,저체중
Male,20,68.7298,123.5816,저체중
Female,29,66.50822,126.5994,정상
Female,21,63.39372,112.3913,정상
Female,22,70.08816,144.335,정상
Male,31,73.11184,155.5572,정상
Female,34,67.76753,109.0503,저체중
Male,20,67.15813,122.3345,정상
Male,30,68.88047,126.3416,정상
Male,27,67.53793,125.1591,정상
Female,20,69.00373,121.6103,저체중
Male,24,66.91915,110.2502,저체중
Male,22,69.65967,139.838,정상
Male,30,69.25047,119.2207,저체중
Female,27,70.17827,136.39,정상
Female,28,70.83539,151.0733,정상
Male,21,66.47563,113.5574,저체중
Female,35,69.6208,137.7365,정상
Male,24,67.58201,132.9915,정상
Male,31,69.74971,133.1771,정상
Male,27,68.22141,126.4871,정상
Female,23,66.27854,137.3219,정상
Male,27,70.31002,124.259,저체중
Female,31,66.09817,117.8259,정상
Male,35,67.33954,122.5026,정상
Male,23,69.08954,128.0095,정상
Male,23,65.74714,97.61486,저체중
Male,21,72.40729,137.7315,저체중
Female,24,69.67981,151.5938,정상
Male,25,68.74902,143.562,정상
Female,27,67.52317,135.6893,정상
Male,19,68.05693,111.02,저체중
Male,20,67.64343,112.8759,저체중
Male,26,68.27843,116.785,저체중
Female,32,66.4448,118.6193,정상
Male,27,70.06553,139.9915,정상
Male,32,69.7225,133.2241,정상
Female,19,69.07385,131.4765,정상
Male,20,68.89215,121.5688,저체중
Female,34,65.51454,116.4836,정상
Male,35,68.92231,151.3009,정상
Female,28,65.2828,129.6922,정상
Female,26,68.00088,112.1066,저체중
Male,26,69.8297,119.9775,저체중
Female,22,65.88089,108.9088,저체중
Male,33,70.64935,151.5471,정상
Female,32,67.96283,129.5435,정상
Male,26,68.2472,127.8725,정상
Male,32,69.55032,133.0538,정상
Male,19,70.02152,134.9774,정상
Male,26,68.66464,110.6549,저체중
Male,18,66.73719,134.6728,정상
Male,21,68.61698,126.5903,정상
Male,21,64.54407,129.9997,정상
Female,22,69.37595,127.3132,정상
Male,24,67.89117,125.831,정상
Male,29,67.40181,133.8403,정상
Male,32,68.42249,129.9916,정상
Female,23,67.05087,115.058,저체중
Male,30,67.8955,122.598,정상
Male,23,70.42079,155.3236,정상
Female,18,68.60394,104.6119,저체중
Female,28,64.82265,129.7365,정상
Male,28,70.38424,128.7931,저체중
Female,18,71.90845,130.2846,저체중
Male,25,67.98612,127.0032,정상
Male,22,69.53721,138.9628,정상
Female,33,66.62497,125.5671,정상
Female,25,65.79605,112.9191,저체중
Male,32,66.84543,132.9089,정상
Female,18,67.6002,120.1248,저체중
Female,35,66.30012,141.2673,정상
Male,27,74.8489,122.1664,저체중
Male,34,65.31147,119.5294,정상
Male,30,66.60502,129.9128,정상
Male,22,65.18103,121.9562,정상
Female,21,69.60249,127.613,정상
Female,23,68.16866,119.7595,저체중
Male,19,67.46028,123.7713,정상
Male,30,67.72802,112.5012,저체중
Male,33,66.00024,126.5343,정상
Male,21,70.91361,124.7404,저체중
Female,18,67.80093,134.8097,정상
Female,26,68.87869,137.271,정상
Male,29,71.6397,151.672,정상
Female,20,68.29438,127.4005,정상
Male,24,65.12886,144.2723,정상
Female,23,70.57005,145.8051,정상
Male,18,73.05003,153.7847,정상
Male,19,66.13913,126.1211,정상
Female,35,67.15543,143.3497,정상
Female,32,67.61729,115.5436,저체중
Male,29,72.08878,129.3443,저체중
Female,29,65.56805,103.6442,저체중
Male,22,68.27811,139.1479,정상
Female,29,66.11831,117.6246,정상
Female,23,67.41631,117.7373,저체중
Male,29,67.14346,123.637,정상
Male,23,67.82005,106.7011,저체중
Female,35,67.84632,124.327,정상
Female,22,69.31979,146.8154,정상
Male,20,67.7887,117.1692,저체중
Female,32,69.47633,127.5222,정상
Female,33,67.58136,124.4768,정상
Female,21,69.76561,125.7431,저체중
Female,24,65.89876,127.5898,정상
Female,22,64.31284,107.3859,저체중
Female,18,64.16388,110.6961,정상
Male,19,63.87961,112.6594,정상
Female,23,67.43935,122.1224,정상
Male,21,69.91231,136.4495,정상
Female,34,70.18686,122.3744,저체중
Female,31,70.58163,142.9256,정상
Male,23,68.39877,144.8047,정상
Female,21,69.9265,152.4115,정상
Female,19,66.84336,113.3828,저체중
Male,29,65.37327,117.2876,정상
Female,18,69.85898,109.0503,저체중
Male,20,66.18835,117.1775,정상
Male,35,67.39835,133.0561,정상
Male,20,64.43316,122.8413,정상
Male,21,66.94628,120.0223,정상
Female,26,67.21511,109.3795,저체중
Male,35,69.1414,132.0737,정상
Female,29,69.60375,136.9242,정상
Female,31,68.52138,128.8991,정상
Male,26,67.69719,117.6493,저체중
Female,29,69.5896,117.4173,저체중
Male,31,66.24536,122.8327,정상
Female,18,69.5915,139.744,정상
Female,18,70.11961,115.9145,저체중
Male,23,69.77869,115.5308,저체중
Female,19,70.92696,145.3057,정상
Female,21,68.12409,127.4662,정상
Female,27,67.03516,126.9587,정상
Female,21,71.11926,147.0918,정상
Male,30,67.08274,145.5487,정상
Male,27,62.59583,115.9968,정상
Female,23,68.20021,130.1191,정상
Female,29,69.0616,105.8284,저체중
Female,35,68.03726,122.7997,정상
Male,34,70.14716,128.8113,저체중
Male,23,67.86308,129.1697,정상
Female,31,67.97814,134.905,정상
Male,19,68.54857,112.7721,저체중
Male,24,69.63469,102.4555,저체중
Male,30,67.85196,138.0472,정상
Male,27,68.15862,125.2674,정상
Female,27,70.15549,132.9178,정상
Female,30,71.0108,150.7492,정상
Male,20,66.5613,122.0259,정상
Male,19,68.75828,131.4859,정상
Male,27,69.70189,117.1029,저체중
Male,28,67.25892,125.4424,정상
Female,26,71.01041,149.5342,정상
Male,32,66.776,133.1845,정상
Female,28,69.61543,144.8825,정상
Female,33,67.75246,115.1501,저체중
Male,18,68.96307,129.6337,정상
Female,32,67.31179,137.4955,정상
Female,24,70.40367,122.8706,저체중
Male,20,67.13402,126.5206,정상
Male,32,64.17145,107.1466,저체중
Male,34,67.39792,144.818,정상
Male,30,66.64574,130.3053,정상
Male,34,70.47683,127.1804,저체중
Female,25,72.08897,125.1799,저체중
Male,33,68.85095,122.5428,저체중
Male,22,71.93306,138.5143,정상
Female,20,67.65224,129.6587,정상
Female,21,68.43764,121.4169,저체중
Female,33,65.59721,113.7814,정상
Female,24,73.6454,131.3343,저체중
Female,23,69.86288,133.5317,정상
Female,34,66.14574,121.4186,정상
Male,23,68.67138,114.288,저체중
Female,28,68.80011,117.6921,저체중
Female,30,66.91779,123.5822,정상
Male,25,66.04945,124.0043,정상
Female,25,65.30509,123.3602,정상
Male,32,68.64586,132.2452,정상
Female,29,66.70357,104.9227,저체중
Male,34,66.60702,122.1239,정상
Female,19,71.36658,141.775,정상
Female,34,64.98614,120.1492,정상
Male,23,67.18185,133.6072,정상
Male,22,66.73989,113.6685,저체중
Female,23,68.74927,140.856,정상
Male,35,65.12487,120.8855,정상
Female,34,68.26456,148.7064,정상
Female,28,68.68431,140.626,정상
Female,29,65.31203,117.7404,정상
Male,31,67.47503,128.9104,정상
Female,19,65.82022,125.859,정상
Male,28,67.1693,117.1032,저체중
Male,24,67.82189,139.6111,정상
Male,22,69.64113,145.7304,정상
Female,21,67.83312,117.2119,저체중
Female,33,68.91669,129.7441,정상
Female,26,67.11653,138.9936,정상
Female,23,67.80382,122.4382,정상
Female,33,65.90289,115.8894,정상
Male,34,67.9672,130.3415,정상
Male,27,68.2107,126.7824,정상
Female,22,69.2622,117.3759,저체중
Female,22,63.75507,94.05081,저체중
Female,31,71.24135,129.6411,저체중
Male,27,67.99301,122.6971,정상
Female,33,67.71177,126.3918,정상
Female,25,69.07788,131.0112,정상
Female,27,72.29087,146.8726,정상
Female,23,63.41812,116.5908,정상
Male,26,68.11899,136.6926,정상
Male,24,68.70919,124.6256,정상
Female,26,65.98196,108.0272,저체중
Male,34,66.78125,140.4767,정상
Male,33,68.77375,118.9486,저체중
Male,30,70.74718,130.7772,저체중
Female,34,68.70966,134.7851,정상
Male,33,67.56819,135.5679,정상
Male,29,70.10034,135.3067,정상
Male,19,65.7134,118.2903,정상
Female,33,67.77136,114.8094,저체중
Male,19,68.40923,129.7769,정상
Female,18,70.18595,128.0279,저체중
Female,28,67.10295,136.7551,정상
Female,28,67.02015,138.9499,정상
Male,21,67.12731,146.9289,정상
Female,24,68.63305,126.9655,정상
Female,24,70.39135,129.4393,저체중
Male,23,66.77894,116.5019,저체중
Male,35,68.00799,128.7606,정상
Female,25,68.46274,111.8667,저체중
Male,21,66.66252,132.5196,정상
Male,29,65.30234,123.0112,정상
Male,24,69.79619,137.8177,정상
Female,21,66.49651,119.2178,정상
Female,24,70.21724,141.7782,정상
Female,19,66.59252,119.3649,정상
Female,30,68.04983,138.8169,정상
Male,23,67.13235,120.2113,정상
Male,29,67.06311,144.4981,정상
Female,33,72.02884,143.6152,정상
Female,19,68.22696,134.011,정상
Male,26,69.39149,141.595,정상
Male,30,69.59227,142.5185,정상
Female,23,69.35974,130.6723,정상
Male,27,66.03004,106.6019,저체중
Male,31,70.57617,142.7081,정상
Male,25,67.70133,133.1967,정상
Female,21,69.06556,123.8482,저체중
Female,35,71.46669,132.9282,저체중
Female,30,69.7224,143.5373,정상
Female,19,67.3639,124.0105,정상
Male,18,63.96076,122.1277,정상
Male,34,66.18589,138.4375,정상
Female,18,66.7947,106.7529,저체중
Male,30,66.8782,120.5632,정상
Male,29,65.922,114.9806,정상
Female,34,69.87458,131.6044,정상
Male,32,67.50107,128.0883,정상
Male,30,67.53167,121.1148,정상
Male,29,64.66379,113.5736,정상
Male,32,69.01351,142.5127,정상
Male,25,66.9502,117.4488,저체중
Male,24,68.36938,122.3564,저체중
Female,24,67.50898,145.7299,정상
Male,21,66.42924,131.8816,정상
Male,32,63.68444,117.4249,정상
Male,35,66.97479,122.3144,정상
Female,29,69.49132,124.8853,저체중
Male,26,68.71402,131.9578,정상
Male,28,66.58675,135.4122,정상
Male,30,67.63831,130.5276,정상
Female,24,70.58074,133.9982,정상
Male,32,69.4379,138.0011,정상
Male,21,66.73525,110.2324,저체중
Female,22,66.89482,114.4542,저체중
Male,27,66.70729,116.0486,저체중
Female,32,70.52264,146.0748,정상
Female,29,67.99362,128.7902,정상
Female,34,67.31407,123.3903,정상
Female,18,68.92624,144.3117,정상
Female,25,69.95962,135.4521,정상
Female,33,67.3748,133.9821,정상
Male,28,68.75228,126.4009,정상
Female,28,70.92144,134.0307,정상
Male,31,68.52252,115.4861,저체중
Male,21,69.5209,145.7846,정상
Male,18,66.05943,97.01374,저체중
Female,21,68.27952,138.6687,정상
Female,27,71.08797,138.9202,정상
Female,27,67.74228,110.9634,저체중
Female,29,71.04532,137.5639,정상
Female,27,68.01494,116.0504,저체중
Female,26,67.42681,119.6089,저체중
Male,23,67.79463,122.4231,정상
Female,20,67.40071,121.1187,정상
Female,21,68.11235,122.6629,정상
Male,21,69.66975,135.1748,정상
Female,24,70.08741,128.3117,저체중
Female,29,66.90838,133.2205,정상
Male,21,65.48822,130.85,정상
Male,35,66.35895,130.5585,정상
Male,32,65.52836,114.1016,정상
Male,21,66.52176,114.8809,저체중
Female,27,71.81138,132.3429,저체중
Male,31,70.19514,134.2615,정상
Male,33,69.85682,139.1729,정상
Female,34,64.30305,108.1925,저체중
Male,20,67.19538,128.889,정상
Female,21,67.82321,146.2227,정상
Male,27,65.77148,130.2604,정상
Male,30,66.3694,113.7416,저체중
Female,35,68.50592,113.7442,저체중
Male,21,67.68043,130.7277,정상
Male,35,68.80924,138.9852,정상
Female,27,67.59109,117.7681,저체중
Female,22,67.01374,110.6789,저체중
Male,25,70.23199,134.3019,정상
Male,30,68.08186,140.965,정상
Female,19,64.89975,103.2639,저체중
Female,20,67.93563,127.6112,정상
Male,33,68.24257,132.3379,정상
Female,19,67.34695,107.9964,저체중
Male,33,69.00004,147.6115,정상
Male,24,69.11678,117.4892,저체중
Female,30,69.14144,124.4207,저체중
Male,35,67.20212,124.519,정상
Male,35,64.8577,111.4153,정상
Female,26,69.24196,137.1028,정상
Male,32,67.50147,140.3687,정상
Male,24,66.74043,123.4565,정상
Male,29,67.64341,130.851,정상
Female,22,69.60678,130.557,정상
Female,25,67.98121,115.1045,저체중
Female,19,67.37402,108.3712,저체중
Female,23,67.84743,132.2256,정상
Male,29,71.84403,131.7296,저체중
Female,20,72.02089,152.0369,정상
Male,28,65.79883,130.2469,정상
Male,35,67.91801,140.0335,정상
Female,28,70.91753,141.4748,정상
Male,29,69.48346,133.2048,정상
Male,26,70.345,138.3456,정상
Female,29,69.42982,130.7436,정상
Male,19,69.83005,140.1611,정상
Male,35,68.26316,127.53,정상
Female,33,71.29705,145.9248,정상
Female,20,69.28155,125.0306,저체중
Male,20,68.08146,129.9596,정상
Female,30,69.35917,122.6629,저체중
Female,32,69.65365,135.0822,정상
Male,22,67.50973,131.7685,정상
Male,24,70.17333,134.3438,정상
Male,21,63.83399,93.14015,저체중
Female,31,68.23777,145.3722,정상
Female,34,68.92202,134.5452,정상
Female,30,68.62749,119.4845,저체중
Female,31,70.00309,142.5081,정상
Female,20,69.31001,134.6324,정상
Male,25,67.31293,114.2869,저체중
Male,35,68.96777,138.8055,정상
Female,35,68.17941,147.7557,정상
Female,27,67.45506,102.6064,저체중
Female,33,67.66003,119.0371,저체중
Male,30,68.95279,123.2895,저체중
Female,28,69.78643,119.9806,저체중
Female,22,67.28659,103.0959,저체중
Male,35,67.61536,143.7498,정상
Female,34,70.61988,129.2067,저체중
Male,29,70.04763,140.4727,정상
Male,26,67.1607,126.5374,정상
Female,34,66.93887,130.979,정상
Male,32,72.07925,126.6152,저체중
Male,27,71.16948,107.4929,저체중
Male,24,65.24695,123.1823,정상
Female,25,66.28952,125.5371,정상
Female,30,66.64777,128.3512,정상
Female,26,68.12185,141.3107,정상
Female,18,66.72556,124.2101,정상
Female,22,66.25773,120.1568,정상
Female,29,64.60513,121.87,정상
Male,24,68.3871,124.28,정상
Male,26,68.8693,132.342,정상
Male,27,69.08858,128.4363,정상
Female,29,65.67589,107.7892,저체중
Male,32,67.07057,119.175,정상
Female,30,67.46812,133.0635,정상
Female,31,67.25401,138.7418,정상
Male,31,67.55824,129.857,정상
Male,30,68.50476,127.7725,정상
Male,22,66.59871,120.4203,정상
Male,28,67.45933,145.1994,정상
Male,29,70.19351,155.8501,정상
Male,19,66.68331,112.3272,저체중
Female,35,65.01213,131.4172,정상
Female,19,70.23551,137.7941,정상
Female,29,66.38253,100.1526,저체중
Female,21,74.2957,170.5479,정상
Male,23,68.3967,133.9416,정상
Male,31,69.51862,126.795,저체중
Male,29,68.35522,152.8346,정상
Female,31,66.981,125.7192,정상
Male,23,66.15165,127.648,정상
Male,33,68.12739,135.7452,정상
Male,35,71.00404,147.3999,정상
Male,18,69.18084,121.0461,저체중
Female,21,69.25157,142.0283,정상
Female,24,65.89909,116.6285,정상
Female,22,65.01016,113.665,정상
Female,24,70.67025,145.5058,정상
Male,20,67.91307,117.1901,저체중
Male,22,66.83902,135.9237,정상
Female,34,69.24982,141.832,정상
Female,32,68.20219,123.4755,정상
Female,23,65.00478,114.8875,정상
Female,19,67.44928,121.8513,정상
Male,32,65.66549,115.9641,정상
Male,27,68.33879,120.0566,저체중
Female,18,66.00157,138.16,정상
Male,19,69.60672,147.4894,정상
Male,24,66.81635,117.8826,정상
Male,18,71.57686,130.2389,저체중
Female,21,71.3565,153.339,정상
Female,29,67.98793,126.4604,정상
Female,27,65.56672,120.8202,정상
Male,19,70.39966,122.8004,저체중
Male,35,65.7372,115.6365,정상
Male,27,67.38494,145.9888,정상
Female,35,70.00988,135.2099,정상
Female,18,67.69492,112.0235,저체중
Female,32,68.71585,126.3978,정상
Female,20,69.6456,133.6615,정상
Male,22,65.67921,97.5587,저체중
Male,22,66.4272,140.3629,정상
Female,27,69.16499,130.7432,정상
Male,32,64.99349,95.53404,저체중
Male,26,69.29714,135.1842,정상
Male,28,67.03529,127.6698,정상
Female,26,70.17991,141.2059,정상
Male,20,68.42657,139.0159,정상
Male,27,67.42189,115.3929,저체중
Male,28,71.6334,144.9499,정상
Female,23,68.4183,118.4396,저체중
Male,31,69.58501,116.3081,저체중
Male,23,68.2946,134.5639,정상
Female,31,68.29736,114.556,저체중
Female,30,67.23158,111.2912,저체중
Female,24,68.15698,124.7231,정상
Male,31,67.58915,113.8607,저체중
Male,31,66.48084,131.7704,정상
Female,23,67.83819,112.8704,저체중
Female,35,66.22459,120.3185,정상
Female,33,69.32855,148.7261,정상
Female,32,68.7643,138.8232,정상
Male,20,66.60467,117.4884,정상
Female,21,68.06631,111.7891,저체중
Male,23,65.82945,113.0426,저체중
Male,32,67.10438,111.593,저체중
Male,30,68.05392,98.44388,저체중
Male,34,67.04599,116.846,저체중
Female,31,69.75999,140.1723,정상
Female,19,68.62962,128.635,정상
Female,26,67.21518,113.1391,저체중
Female,20,66.65893,130.1087,정상
Male,28,66.61554,124.7657,정상
Male,35,68.8524,153.9203,정상
Male,27,68.11909,139.9683,정상
Female,31,68.84217,133.1024,정상
Male,18,69.28642,117.1763,저체중
Male,20,67.43359,134.4193,정상
Female,22,68.4407,131.7304,정상
Female,33,72.56003,143.5421,정상
Male,34,65.07677,102.0212,저체중
Male,33,68.07466,139.4078,정상
Male,30,69.87283,133.8259,정상
Male,20,67.54613,136.548,정상
Male,32,68.99154,136.0463,정상
Female,34,65.93494,114.2724,저체중
Male,21,67.50424,124.5354,정상
Female,22,67.8023,127.3532,정상
Male,18,68.36515,133.1667,정상
Male,25,68.72643,119.8404,저체중
Female,26,65.63641,115.1096,정상
Male,32,71.53079,139.728,정상
Male,31,68.27154,119.8697,저체중
Male,22,65.48714,125.6218,정상
Male,35,68.25275,140.0211,정상
Male,26,69.62553,134.1744,정상
Female,33,71.33776,151.6827,정상
Male,31,65.22591,113.2357,정상
Male,30,68.33965,116.1773,저체중
Male,23,67.44352,131.3575,정상
Female,33,67.0122,115.7769,저체중
Male,26,70.45836,113.9029,저체중
Male,21,65.74525,132.905,정상
Female,22,68.08006,131.2455,정상
Male,32,70.3959,132.2152,정상
Male,33,72.96003,141.0356,정상
Female,35,69.00062,139.347,정상
Male,25,69.51925,142.2807,정상
Female,21,69.3335,132.628,정상
Female,35,71.19641,136.2158,정상
Female,28,69.76816,131.0426,정상
Female,18,70.62661,113.2917,저체중
Male,20,67.28616,145.1271,정상
Female,23,68.66966,116.3694,저체중
Male,22,69.29476,134.6555,정상
Female,30,64.09493,115.4626,정상
Male,25,63.6884,107.0641,정상
Female,24,69.35389,130.634,정상
Male,28,65.60857,102.9622,저체중
Male,19,69.51197,140.5772,정상
Female,34,69.14868,125.3518,저체중
Female,23,66.54976,118.1047,정상
Female,34,68.73761,113.9191,저체중
Male,30,68.61752,143.5086,정상
Male,18,64.7415,122.214,정상
Male,32,69.43114,129.3049,정상
Male,31,67.66681,133.1967,정상
Male,31,69.5546,140.8539,정상
Male,25,68.32029,145.1288,정상
Male,22,69.69178,137.9446,정상
Female,34,72.88636,136.2642,저체중
Female,31,62.60367,120.4839,정상
Female,18,69.89894,129.4752,정상
Male,30,68.74855,116.7264,저체중
Male,24,70.15073,114.7623,저체중
Female,30,70.25185,126.8904,저체중
Male,22,70.05622,128.2033,저체중
Male,22,71.56915,139.758,정상
Female,32,66.7109,105.7077,저체중
Female,24,67.85257,129.604,정상
Male,31,70.69405,133.8317,정상
Male,31,69.26246,118.5224,저체중
Female,20,64.55678,107.7334,저체중
Male,29,66.24054,118.7468,정상
Female,20,71.68073,149.2518,정상
Male,25,71.21093,133.7609,정상
Male,24,70.00062,139.8029,정상
Female,24,71.0916,154.3139,정상
Male,32,67.21865,106.4772,저체중
Male,29,66.45714,115.509,저체중
Male,25,67.47694,127.3133,정상
Male,24,67.50358,121.8309,정상
Male,21,67.20873,125.5948,정상
Male,31,66.71667,135.6625,정상
Male,18,66.70363,131.4875,정상
Male,21,69.96498,143.9715,정상
Male,29,68.36676,146.4269,정상
Male,29,66.05514,110.1934,저체중
Male,31,68.55523,121.336,저체중
Male,33,67.98234,148.4537,정상
Male,26,68.30939,138.8029,정상
Male,20,69.34515,128.481,정상
Male,19,68.52656,117.759,저체중
Male,31,69.20707,119.3487,저체중
Male,30,71.47479,145.6045,정상
Male,20,65.5345,104.6023,저체중
Male,22,67.78592,115.9959,저체중
Male,31,66.59132,127.1836,정상
Female,18,67.13782,128.8127,정상
Male,32,67.00111,123.5243,정상
Female,28,66.61654,114.8299,저체중
Female,25,72.32507,140.0185,정상
Female,19,66.90281,137.8036,정상
Male,26,67.55171,155.8602,정상
Female,22,68.48654,135.2003,정상
Male,30,67.5987,120.4145,정상
Female,27,68.32615,126.5379,정상
Male,23,67.53167,136.8568,정상
Female,19,69.72754,133.9694,정상
Female,22,69.6497,138.7263,정상
Female,33,66.74817,120.5369,정상
Male,18,68.68338,137.2761,정상
Male,35,68.09093,112.3863,저체중
Male,21,70.61191,129.0103,저체중
Female,28,67.37954,122.8752,정상
Male,33,68.13334,138.094,정상
Female,35,68.91805,141.2478,정상
Female,34,70.53026,120.2164,저체중
Female,30,66.74661,123.1471,정상
Female,26,63.66612,92.91629,저체중
Male,22,68.93518,128.9977,정상
Female,31,62.95082,89.82395,저체중
Male,24,68.93593,128.2837,정상
Male,28,68.73095,136.5794,정상
Female,28,66.31924,111.7375,저체중
Female,34,70.48056,143.0927,정상
Female,33,69.12774,139.3958,정상
Female,24,67.81338,123.9796,정상
Male,19,69.70128,137.1688,정상
Male,26,68.20119,124.0966,정상
Male,26,68.43567,135.5799,정상
Male,31,66.59979,122.0255,정상
Male,32,69.57976,121.9471,저체중
Female,22,66.89298,153.7224,정상
Female,18,68.44356,133.3465,정상
Male,18,64.02299,133.0834,정상
Male,23,68.08549,126.3244,정상
Female,23,64.19319,131.872,정상
Female,29,68.1466,126.907,정상
Female,19,66.59019,112.2,저체중
Male,31,71.77869,136.6592,정상
Male,30,65.45623,120.6365,정상
Male,25,66.91902,109.6637,저체중
Male,30,70.47505,147.7924,정상
Female,23,70.45755,130.7421,정상
Male,35,69.23837,140.1161,정상
Female,21,70.43378,123.3224,저체중
Female,25,66.66166,108.7235,저체중
Female,25,66.202,116.2268,정상
Female,34,69.01369,123.5196,저체중
Male,28,67.89474,109.0678,저체중
Female,34,65.09125,115.2931,정상
Female,24,65.61432,118.1457,정상
Female,27,67.83938,120.6424,저체중
Female,29,67.93244,149.6971,정상
Female,31,68.77471,147.1688,정상
Male,33,65.27402,123.5437,정상
Female,34,64.87507,107.5534,저체중
Male,24,68.12084,144.7017,정상
Female,34,68.10385,122.944,정상
Male,35,66.60491,123.4707,정상
Male,22,64.98909,126.5752,정상
Female,18,65.48748,123.3998,정상
Female,30,71.20181,135.5595,정상
Male,34,69.63121,145.3661,정상
Female,25,67.94288,132.4093,정상
Male,21,69.47689,137.9974,정상
Female,18,67.00352,125.768,정상
Female,32,67.33913,140.9204,정상
Male,27,69.99442,124.9403,저체중
Female,23,66.61274,122.8743,정상
Female,19,64.62708,119.5881,정상
Female,31,67.33036,129.4347,정상
Male,29,67.80582,122.0169,정상
Male,28,67.32409,131.2304,정상
Female,26,70.96058,154.6305,정상
Female,30,68.98601,128.4208,정상
Male,31,69.46885,126.7239,저체중
Female,31,67.27957,151.1432,정상
Female,28,70.18223,118.0108,저체중
Male,34,67.0326,138.4939,정상
Male,26,66.39075,120.1294,정상
Female,22,67.89527,134.1851,정상
Male,30,66.14899,130.3818,정상
Female,33,69.54063,144.5497,정상
Male,28,70.14756,134.8804,정상
Female,35,66.89045,99.50583,저체중
Male,24,67.23624,137.2681,정상
Female,21,69.78805,125.1333,저체중
Female,27,68.41729,132.5489,정상
Female,24,65.77199,124.1671,정상
Male,26,68.65215,123.5174,저체중
Female,22,68.65431,140.2481,정상
Male,32,70.68047,147.894,정상
Male,18,66.9118,138.9373,정상
Male,21,69.86836,127.2331,저체중
Male,29,63.23208,111.9702,정상
Male,35,64.72051,104.9827,저체중
Female,20,65.24398,124.1485,정상
Male,22,70.89385,133.8627,정상
Male,23,64.25659,125.7283,정상
Male,32,70.04462,135.2964,정상
Male,18,68.1956,132.6032,정상
Male,32,66.98148,139.9306,정상
Female,28,67.94824,139.7195,정상
Male,19,67.09869,118.7587,정상
Male,27,71.84299,149.6695,정상
Male,29,68.44482,131.4924,정상
Male,34,67.24833,120.8204,정상
Female,25,69.21266,125.3578,저체중
Male,29,64.62267,110.5318,정상
Female,26,66.34307,135.219,정상
Male,18,67.53967,125.4678,정상
Male,31,66.34283,122.1693,정상
Female,30,66.21181,102.0376,저체중
Female,28,67.4587,123.1343,정상
Male,32,66.25568,125.5099,정상
Male,34,67.24089,110.9775,저체중
Male,24,65.92673,132.2059,정상
Female,20,67.96507,124.3027,정상
Male,22,67.12922,137.0875,정상
Female,19,69.75762,117.7232,저체중
Male,23,69.35818,136.1109,정상
Male,29,66.49944,130.8294,정상
Male,23,65.84519,116.6415,정상
Male,20,68.6028,138.3946,정상
Male,20,65.50146,105.7827,저체중
Female,28,69.52765,135.0961,정상
Female,20,68.34357,130.8423,정상
Female,19,68.39615,146.7625,정상
Male,22,66.43119,133.4835,정상
Female,27,68.33665,101.9516,저체중
Male,19,69.47857,135.9337,정상
Female,21,66.01032,131.8757,정상
Male,31,64.46887,94.18679,저체중
Female,28,67.68763,118.7816,저체중
Male,31,69.57526,138.27,정상
Male,27,69.0155,135.8559,정상
Male,25,70.21523,127.0247,저체중
Male,33,72.33756,124.8651,저체중
Female,30,70.90167,120.6197,저체중
Male,24,68.87665,133.8123,정상
Female,31,67.92675,127.4273,정상
Female,32,69.62929,129.0453,정상
Female,28,67.59691,110.7002,저체중
Female,18,63.85158,96.09962,저체중
Female,31,68.01914,119.6914,저체중
Female,33,69.86323,149.4407,정상
Female,25,69.23452,141.8186,정상
Female,28,66.7337,121.9367,정상
Female,32,67.6231,109.1208,저체중
Female,24,69.04787,135.6889,정상
Male,31,66.66643,134.4328,정상
Female,26,65.62201,121.1309,정상
Female,29,68.02126,130.6948,정상
Male,20,68.08905,134.0382,정상
Male,31,67.5556,134.2413,정상
Male,35,69.35112,142.6964,정상
Female,28,67.77226,129.9275,정상
Female,21,70.44505,127.7974,저체중
Female,22,68.2744,132.4472,정상
Male,31,66.20602,104.8284,저체중
Male,28,68.40548,141.5327,정상
Female,22,67.28425,125.0764,정상
Female,22,69.86408,137.2586,정상
Female,28,70.17631,122.8945,저체중
Female,29,68.57961,125.8787,정상
Female,32,68.45722,154.869,정상
Female,19,70.16449,138.963,정상
Male,27,67.94165,150.0432,정상
Female,27,68.94539,124.4079,저체중
Male,22,66.95864,121.0411,정상
Male,24,67.13623,137.279,정상
Female,35,69.5223,129.8503,정상
Male,28,69.18085,117.7637,저체중
Male,34,66.22712,122.3249,정상
Male,26,65.79575,128.0249,정상
Male,20,68.66855,128.7411,정상
Male,32,70.65926,147.8487,정상
Female,30,67.12482,128.5421,정상
Male,26,69.51048,131.1724,정상
Female,33,69.71101,137.643,정상
Male,23,66.2875,129.1074,정상
Female,19,65.99484,128.2892,정상
Female,23,68.42721,106.4421,저체중
Male,18,70.19993,129.7897,정상
Male,19,67.513,126.6537,정상
Male,31,64.9103,126.3234,정상
Male,34,67.90483,133.3319,정상
Female,23,68.72117,110.1285,저체중
Male,23,69.82383,132.965,정상
Female,25,66.35869,134.4128,정상
Male,24,64.96389,112.9538,정상
Male,21,68.10303,120.6951,저체중
Female,30,66.75597,128.8385,정상
Female,32,70.61415,125.407,저체중
Female,23,68.98555,144.2759,정상
Male,28,66.08359,124.9939,정상
Male,18,68.9074,114.1931,저체중
Male,21,70.61363,117.2962,저체중
Female,24,70.6372,151.222,정상
Male,23,70.41624,148.9906,정상
Female,29,70.83968,145.3063,정상
Male,34,70.65043,117.1631,저체중
Female,34,65.80934,138.862,정상
Female,19,66.92804,128.9616,정상
Male,20,70.39752,126.0571,저체중
Female,21,72.50206,147.8171,정상
Female,29,64.03816,120.2204,정상
Male,19,67.21913,123.7812,정상
Male,32,67.61897,129.5538,정상
Male,28,68.35799,134.8242,정상
Female,22,68.28884,132.8389,정상
Male,28,69.1259,137.0335,정상
Female,30,69.41682,128.1469,정상
Female,31,67.77817,138.1283,정상
Male,20,66.81717,143.9722,정상
Female,19,66.75222,128.8606,정상
Female,22,70.87992,148.1767,정상
Female,23,67.89296,119.2523,저체중
Male,35,68.241,134.4452,정상
Male,28,69.38423,145.2439,정상
Female,21,67.65062,131.6738,정상
Male,25,64.91414,127.9493,정상
Male,24,69.34408,128.3066,정상
Female,30,67.92756,130.1062,정상
Female,21,67.10739,132.5064,정상
Female,29,70.39954,116.3744,저체중
Male,32,68.23497,138.2569,정상
Female,33,65.60851,122.0313,정상
Male,23,69.05463,130.5581,정상
Male,28,69.12682,140.6556,정상
Male,33,70.88868,142.4583,정상
Male,27,67.58599,132.6764,정상
Male,31,67.32745,119.78,정상
Male,24,67.12344,124.6291,정상
Female,18,67.61494,123.2273,정상
Female,18,67.66575,128.987,정상
Male,28,69.5664,147.4409,정상
Female,24,69.15809,132.131,정상
Female,30,68.67322,130.7502,정상
Male,18,66.99931,114.139,저체중
Male,33,65.92524,135.0721,정상
Female,35,71.79475,128.5656,저체중
Male,20,69.80914,128.4846,정상
Male,27,68.67485,147.9136,정상
Female,28,69.78355,144.2045,정상
Female,22,66.4674,126.0095,정상
Male,29,67.7098,102.0889,저체중
Female,31,68.07478,121.1104,저체중
Female,25,68.83845,127.8095,정상
Male,27,66.26448,116.7611,정상
Female,30,67.13351,109.3082,저체중
Male,29,71.7536,135.465,저체중
Female,28,69.04101,135.8275,정상
Female,20,66.32523,118.2465,정상
Female,35,66.14545,105.8383,저체중
Female,26,66.29814,122.1135,정상
Male,31,69.04615,124.2771,저체중
Male,32,68.4843,137.9207,정상
Male,27,69.22513,152.3623,정상
Female,22,65.09487,116.8324,정상
Female,21,69.82687,137.7917,정상
Male,22,71.35732,141.2236,정상
Female,31,69.78746,144.7297,정상
Male,22,67.53645,132.4694,정상
Female,22,71.56001,134.0619,저체중
Male,27,66.63729,110.7138,저체중
Male,32,70.40909,152.2089,정상
Female,23,69.48909,127.0428,저체중
Male,21,66.23063,125.2783,정상
Female,32,68.48589,121.0761,저체중
Male,24,67.04085,123.1234,정상
Female,35,67.27063,137.0571,정상
Female,35,71.97956,143.4563,정상
Male,22,70.96103,146.4419,정상
Male,18,66.91292,131.9401,정상
Male,18,68.28653,131.3733,정상
Female,30,67.93407,114.6522,저체중
Male,31,69.21084,126.1387,정상
Male,22,69.30884,126.5639,정상
Female,28,70.80526,135.2671,정상
Male,32,67.93951,109.9232,저체중
Female,29,67.56284,107.6989,저체중
Male,32,68.09715,124.0935,정상
Female,18,70.12763,129.9578,정상
Male,34,66.98102,131.5794,정상
Female,27,68.86713,146.9701,정상
Female,22,65.2471,104.3321,저체중
Male,27,68.7895,112.7259,저체중
Male,28,66.34859,115.9226,정상
Male,26,65.34809,115.9247,정상
Male,35,68.56905,142.9977,정상
Male,33,68.42731,128.6519,정상
Male,21,63.02668,117.3216,정상
Female,28,70.48699,108.167,저체중
Male,20,68.76397,116.1651,저체중
Male,20,67.79336,125.918,정상
Male,29,70.62234,128.4205,저체중
Male,35,70.83431,133.99,정상
Male,20,66.67394,104.0444,저체중
Male,27,68.11247,115.8479,저체중
Female,26,69.17367,126.6247,정상
Male,35,64.44211,106.5789,저체중
Male,21,64.78017,116.4003,정상
Male,23,66.10999,133.4851,정상
Male,35,65.87608,125.1903,정상
Male,23,66.10888,117.348,정상
Female,28,68.80248,128.6236,정상
Male,21,66.81104,131.7218,정상
Male,31,69.08557,113.5234,저체중
Male,30,65.7806,111.8252,저체중
Male,19,71.0256,126.3278,저체중
Male,33,66.96471,114.1668,저체중
Female,21,67.35775,125.6802,정상
Male,30,68.96066,115.0578,저체중
Male,18,70.45835,131.7719,정상
Female,23,65.83663,125.7059,정상
Male,23,69.09294,140.4586,정상
Male,23,70.01214,135.788,정상
Male,35,70.05774,131.9843,정상
Male,27,68.80506,118.9164,저체중
Male,27,71.03993,114.2464,저체중
Female,22,66.96363,119.7721,정상
Male,24,68.13431,143.9173,정상
Female,21,68.12636,134.6963,정상
Female,20,65.78844,115.5098,정상
Male,23,66.52245,141.3431,정상
Male,27,66.4821,119.7862,정상
Male,18,66.78109,111.4848,저체중
Female,32,70.63527,129.1964,저체중
Female,29,64.84494,125.1476,정상
Male,22,66.94689,113.3937,저체중
Male,31,69.9777,146.588,정상
Male,25,68.47808,126.7218,정상
Female,35,71.90407,129.2662,저체중
Male,29,66.16301,134.7019,정상
Female,27,70.373,127.0987,저체중
Male,29,69.51213,154.7542,정상
Female,23,68.62782,115.5711,저체중
Female,27,68.02584,112.8388,저체중
Male,18,68.93595,128.5597,정상
Male,24,68.45787,143.0222,정상
Female,30,71.04919,150.0566,정상
Female,33,68.41924,133.9914,정상
Male,21,66.17319,129.4204,정상
Male,19,68.25954,123.7291,정상
Male,21,69.45543,126.2942,저체중
Female,29,67.36318,131.4997,정상
Female,28,70.46899,129.5623,저체중
Female,23,65.38946,122.8568,정상
Male,30,66.58764,107.3435,저체중
Male,24,68.94909,123.1888,저체중
Male,34,71.99101,132.4664,저체중
Male,32,66.52168,90.28757,저체중
Male,18,65.33005,103.7244,저체중
Female,19,70.78015,122.0199,저체중
Male,18,67.59295,150.5815,정상
Male,21,70.60438,130.0759,저체중
Male,22,65.41199,127.4417,정상
Female,31,68.62862,131.5481,정상
Male,33,69.74755,135.2463,정상
Male,26,68.1019,124.3764,정상
Male,35,70.11839,116.9938,저체중
Female,32,68.67284,131.3305,정상
Female,34,67.5545,130.8208,정상
Male,31,69.10032,140.3478,정상
Male,21,65.02648,114.67,정상
Female,35,67.66499,100.9845,저체중
Female,24,66.05669,127.6383,정상
Female,24,68.56903,123.1565,저체중
Male,34,71.14656,154.5352,정상
Male,29,68.34943,142.6295,정상
Male,32,67.52165,129.4453,정상
Female,28,66.28252,110.107,저체중
Male,30,66.28898,111.789,저체중
Male,19,67.38143,118.9327,저체중
Male,35,64.96211,116.1956,정상
Female,29,68.06586,128.5962,정상
Female,27,69.29725,122.9534,저체중
Male,23,68.59195,124.7235,정상
Female,31,68.36335,115.9058,저체중
Male,19,68.20277,124.6159,정상
Male,25,67.63228,113.3939,저체중
Female,18,68.55703,131.2876,정상
Male,21,67.80819,109.1425,저체중
Male,21,69.84982,124.792,저체중
Female,27,67.60338,124.7089,정상
Female,31,66.71585,129.8961,정상
Female,28,68.47311,128.0554,정상
Male,29,66.60304,145.09,정상
Female,22,67.27537,118.608,저체중
Female,33,70.94362,119.4777,저체중
Female,28,68.47006,137.1918,정상
Female,35,68.82753,129.1745,정상
Female,30,70.8099,140.7936,정상
Female,27,68.3647,149.1508,정상
Female,30,70.78792,139.6307,정상
Female,19,67.27509,123.7572,정상
Female,29,67.20986,148.5905,정상
Male,28,67.4203,122.0798,정상
Female,35,69.04477,126.2105,정상
Female,24,65.38357,100.095,저체중
Female,28,65.61573,132.7978,정상
Female,28,69.85783,118.9502,저체중
Female,30,67.36017,105.2444,저체중
Female,24,62.6732,121.4203,정상
Female,33,70.42525,121.7662,저체중
Male,34,67.26572,126.6487,정상
Male,18,68.51747,143.4521,정상
Female,35,64.26348,106.0661,저체중
Female,23,70.26415,145.1632,정상
Female,28,67.41239,114.509,저체중
Male,22,66.90254,124.9441,정상
Male,20,67.09326,103.5604,저체중
Male,29,69.77547,130.6445,정상
Female,24,68.33065,118.0593,저체중
Male,22,68.26423,136.1453,정상
Female,21,71.57294,143.9069,정상
Female,30,65.40654,121.508,정상
Female,33,67.34236,123.9898,정상
Female,18,68.37858,146.2403,정상
Female,33,66.6348,124.2302,정상
Female,28,69.29278,124.7185,저체중
Female,23,67.92344,101.0071,저체중
Male,20,69.22177,109.5712,저체중
Male,29,67.81513,140.0702,정상
Female,18,68.53579,150.1922,정상
Female,32,68.44375,116.0455,저체중
Female,18,66.7314,123.9785,정상
Female,30,66.60584,119.3897,정상
Male,31,68.23841,130.5193,정상
Female,27,67.80735,118.0474,저체중
Female,21,69.12848,135.7411,정상
Female,26,68.27442,125.7874,정상
Male,35,66.25022,111.829,저체중
Male,20,66.69382,137.1941,정상
Male,26,69.13214,121.0271,저체중
Female,31,65.10633,124.076,정상
Male,18,66.68091,114.9335,저체중
Female,28,68.83099,130.5804,정상
Male,18,64.99021,107.8868,저체중
Male,30,65.10463,119.2647,정상
Female,26,66.23363,129.517,정상
Male,24,70.40311,140.5745,정상
Male,25,69.1741,142.1562,정상
Female,25,70.94219,155.5272,정상
Female,23,69.77945,141.9648,정상
Male,31,68.07987,128.9409,정상
Male,33,71.18967,135.8515,정상
Female,27,68.68805,132.4254,정상
Female,29,67.13456,127.5693,정상
Male,30,69.38753,140.057,정상
Male,19,69.78403,112.8273,저체중
Male,24,70.54483,142.3329,정상
Male,23,69.26943,128.3769,정상
Female,28,62.75187,123.6565,정상
Female,25,68.67501,124.052,저체중
Male,25,69.80293,115.4548,저체중
Female,32,68.42678,143.1792,정상
Female,35,69.45741,138.7257,정상
Female,23,67.9611,132.2818,정상
Male,29,70.27294,147.6049,정상
Female,32,69.4698,115.1695,저체중
Female,20,66.0276,132.7526,정상
Male,35,70.05938,119.229,저체중
Female,26,69.20764,134.5649,정상
Female,30,67.91794,128.9604,정상
Male,31,64.29769,129.4822,정상
Male,32,68.08515,132.9598,정상
Female,35,64.99793,130.275,정상
Female,24,67.5616,113.1737,저체중
Male,24,66.51537,134.7376,정상
Female,23,67.68945,130.292,정상
Female,19,68.90486,110.8739,저체중
Female,22,66.18914,115.6845,정상
Female,25,69.75767,127.8686,저체중
Male,21,66.76657,140.9137,정상
Female,31,67.08656,119.2133,정상
Male,23,69.01353,113.2377,저체중
Female,24,68.92044,135.0273,정상
Female,23,65.85728,126.3403,정상
Female,31,67.17593,141.6974,정상
Female,30,67.30636,99.24041,저체중
Male,33,66.94324,130.8662,정상
Male,31,68.50491,122.4066,저체중
Male,23,68.74354,125.7904,정상
Male,35,65.76227,104.6801,저체중
Female,26,69.09257,136.0122,정상
Female,20,68.94939,118.2589,저체중
Female,20,70.09213,125.8561,저체중
Female,23,69.18731,133.4524,정상
Female,32,68.4954,128.8647,정상
Female,33,69.51338,125.0658,저체중
Male,25,66.63248,116.099,저체중
Female,35,71.0828,126.8249,저체중
Male,27,69.24003,121.6796,저체중
Male,22,67.58275,107.368,저체중
Female,21,67.47076,135.8448,정상
Female,26,67.46227,154.3603,정상
Female,34,66.76317,117.0371,저체중
Female,24,68.17367,146.8522,정상
Female,35,69.46524,134.8602,정상
Male,23,66.62973,121.8982,정상
Female,29,66.44354,107.1741,저체중
Male,20,64.64407,122.6856,정상
Male,30,67.3738,125.9878,정상
Female,22,67.15214,118.8415,정상
Male,18,67.02086,122.0688,정상
Male,30,65.3578,119.4367,정상
Female,21,68.64967,135.319,정상
Male,26,65.73185,107.9237,저체중
Female,23,70.26659,145.7515,정상
Male,28,67.98652,108.0164,저체중
Female,22,68.12168,103.4226,저체중
Female,33,66.71189,113.731,저체중
Male,21,68.95181,118.5587,저체중
Female,33,64.05937,107.2392,저체중
Male,24,67.8327,99.86461,저체중
Male,21,65.13404,128.6271,정상
Female,18,69.83556,140.1353,정상
Female,30,64.58079,117.7762,정상
Female,23,66.27481,139.9699,정상
Male,22,68.44232,136.3386,정상
Male,27,69.49662,126.653,저체중
Female,27,67.00532,136.4169,정상
Male,20,66.56845,119.5951,정상
Female,35,71.46587,140.205,정상
Male,24,71.15181,127.4632,저체중
Female,25,67.45321,120.4057,정상
Male,33,67.04669,124.6743,정상
Male,23,70.26367,136.9014,정상
Female,34,67.61734,124.1445,정상
Female,31,69.14406,126.3297,정상
Male,22,68.51538,119.557,저체중
Male,23,67.15402,109.3047,저체중
Male,30,67.39338,116.0406,저체중
Female,32,63.98085,130.7299,정상
Female,30,67.69502,121.9959,정상
Female,23,63.70691,115.2735,정상
Male,18,68.96742,148.4415,정상
Female,32,67.80944,110.1538,저체중
Female,35,65.94609,123.3123,정상
Female,18,66.7438,125.529,정상
Female,33,69.28237,129.4881,정상
Female,34,67.30155,138.8039,정상
Male,19,64.46644,122.0999,정상
Female,34,70.54669,152.5065,정상
Male,23,70.72644,125.0889,저체중
Female,28,70.68136,124.8044,저체중
Male,28,67.64608,123.3561,정상
Female,34,70.01336,137.4849,정상
Male,24,70.26996,132.6404,정상
Female,29,64.43709,117.2493,정상
Female,31,65.71351,107.3677,저체중
Female,22,67.51238,115.8008,저체중
Male,30,67.41874,136.2018,정상
Male,22,67.24278,127.5762,정상
Female,34,66.92857,122.3716,정상
Female,19,67.00632,121.4926,정상
Male,30,71.00224,142.3814,정상
Male,28,65.08169,131.7073,정상
Male,29,68.68027,138.8542,정상
Female,32,68.95186,119.4662,저체중
Male,28,65.72262,125.0601,정상
Male,18,67.25835,112.9622,저체중
Male,31,68.83265,141.0966,정상
Female,25,66.0971,114.9541,저체중
Female,19,68.72897,103.6782,저체중
Male,25,70.73673,121.2629,저체중
Male,21,67.11241,102.611,저체중
Male,26,68.28176,132.165,정상
Female,29,66.27818,111.2475,저체중
Male,18,68.17814,130.9026,정상
Male,35,67.39827,133.3838,정상
Male,28,68.26178,140.6728,정상
Male,22,69.16235,139.975,정상
Female,35,69.95678,144.1954,정상
Male,20,65.80928,127.7615,정상
Female,18,70.35926,115.0103,저체중
Male,23,72.16204,128.699,저체중
Male,26,70.5984,127.022,저체중
Male,22,67.54096,116.5187,저체중
Female,27,70.90351,149.8015,정상
Male,18,66.69164,116.7514,저체중
Female,24,67.12278,124.5669,정상
Female,20,66.35003,126.2649,정상
Female,22,67.96086,123.9389,정상
Male,21,66.60797,129.7934,정상
Female,22,70.68833,138.1275,정상
Female,23,67.46758,120.3863,정상
Female,25,71.41271,134.6558,정상
Male,30,67.32752,127.3763,정상
Female,20,70.63214,135.4599,정상
Female,35,68.45124,140.1733,정상
Female,25,64.6863,122.1215,정상
Male,27,70.21472,128.4004,저체중
Male,22,67.95426,114.9715,저체중
Female,28,70.44048,113.0864,저체중
Female,29,68.92179,132.3365,정상
Female,32,70.6785,128.997,저체중
Male,18,67.61551,101.6088,저체중
Male,31,66.09501,128.1073,정상
Female,28,68.55704,121.8583,저체중
Female,28,69.19175,136.8494,정상
Female,30,68.16405,119.0371,저체중
Male,27,69.0402,121.7373,저체중
Female,25,66.66933,131.2186,정상
Male,18,69.87747,133.1686,정상
Female,21,71.59021,143.2877,정상
Female,24,67.38968,131.6709,정상
Male,27,68.20687,122.5181,정상
Female,18,69.68547,129.6884,정상
Female,27,67.93426,121.8744,정상
Female,35,67.1179,119.5904,정상
Female,35,67.15852,131.0955,정상
Female,20,68.59133,132.2124,정상
Female,32,69.26014,136.4103,정상
Female,21,70.07126,135.873,정상
Female,26,67.0628,123.2518,정상
Male,19,69.13139,133.561,정상
Male,21,68.40603,150.925,정상
Female,26,69.7404,134.901,정상
Female,24,69.49899,145.542,정상
Female,25,66.14494,141.4612,정상
Male,31,67.79179,122.9394,정상
Male,33,66.74223,123.4556,정상
Female,21,66.63048,110.9128,저체중
Female,18,68.4112,120.4405,저체중
Male,22,69.37198,129.1054,정상
Female,25,65.74819,109.5126,저체중
Female,26,66.01136,128.2502,정상
Female,31,67.90718,125.0989,정상
Female,26,67.16599,139.2742,정상
Male,21,66.48646,114.6859,저체중
Female,30,65.71394,130.992,정상
Male,24,68.79098,141.218,정상
Male,26,67.99196,133.9622,정상
Male,24,66.5631,127.67,정상
Female,18,70.817,125.1695,저체중
Male,21,66.64471,129.4135,정상
Male,34,67.40685,150.7738,정상
Female,32,66.17396,103.0751,저체중
Male,32,67.97678,129.4215,정상
Male,21,68.48737,128.1923,정상
Female,35,69.52669,154.935,정상
Female,33,67.68157,119.2703,저체중
Male,26,65.55334,103.3069,저체중
Female,30,66.66098,113.6555,저체중
Female,27,66.04091,134.5409,정상
Female,33,68.13648,130.8127,정상
Male,20,68.13583,120.3052,저체중
Male,23,67.14269,123.0069,정상
Male,32,66.04267,110.8981,저체중
Male,35,69.08156,150.8598,정상
Female,20,66.61972,112.7862,저체중
Female,27,66.93529,111.1,저체중
Female,34,67.35236,125.911,정상
Female,24,68.51651,131.9403,정상
Female,30,64.4288,113.6686,정상
Female,32,67.61939,135.8584,정상
Male,24,67.13547,136.8187,정상
Male,21,66.36896,128.5891,정상
Female,18,68.5461,121.3929,저체중
Male,27,69.13348,118.3683,저체중
Female,28,68.62844,117.1061,저체중
Female,20,65.0907,107.1077,저체중
Female,32,66.98252,104.5822,저체중
Male,25,68.60319,137.7396,정상
Female,19,71.20318,127.5626,저체중
Male,19,67.03676,116.6844,저체중
Male,24,66.41179,115.3066,저체중
Female,20,66.68877,127.3655,정상
Male,31,69.89705,138.6612,정상
Male,30,68.88841,120.0867,저체중
Female,27,68.53916,124.4342,정상
Male,27,68.01568,126.3073,정상
Female,30,68.68683,134.0053,정상
Male,30,65.40277,128.8785,정상
Female,26,68.67509,124.1615,정상
Male,21,67.4067,123.0948,정상
Female,19,67.17129,117.9041,저체중
Female,29,65.59616,115.5202,정상
Female,26,68.67567,149.735,정상
Male,35,70.48483,137.5004,정상
Female,33,68.51527,129.2966,정상
Female,29,67.69421,127.8233,정상
Male,32,66.9375,131.2734,정상
Male,28,67.81,134.0172,정상
Male,26,64.04524,104.574,저체중
Female,35,67.23027,117.1627,저체중
Male,19,72.83977,134.8802,저체중
Female,28,67.47092,119.7091,저체중
Male,35,65.71528,129.7431,정상
Female,30,71.92649,124.2943,저체중
Female,32,70.05502,131.3468,정상
Female,28,67.87492,132.6076,정상
Male,23,66.50503,119.4857,정상
Male,31,66.91365,132.5616,정상
Male,29,67.88395,128.4869,정상
Female,22,66.72951,140.1601,정상
Male,25,68.50989,127.1386,정상
Male,32,66.02751,116.4385,정상
Male,26,65.83821,133.1072,정상
Female,29,66.03926,113.465,저체중
Female,27,70.46449,121.1387,저체중
Male,32,67.62774,139.2346,정상
Male,25,67.34629,139.7259,정상
Male,31,68.28918,135.4869,정상
Female,20,66.68415,131.9723,정상
Female,18,67.9826,140.5009,정상
Male,31,68.07289,129.6271,정상
Female,23,69.451,131.9335,정상
Female,18,69.86608,153.0546,정상
Female,29,68.37755,135.7714,정상
Female,31,68.6245,141.193,정상
Female,25,66.61664,132.7202,정상
Male,22,70.06392,145.6707,정상
Female,21,69.15142,118.9946,저체중
Female,32,68.98655,141.885,정상
Male,29,68.9009,132.7891,정상
Male,30,68.21302,120.9478,저체중
Female,27,66.3911,120.5331,정상
Female,33,66.83657,120.8557,정상
Female,25,66.48676,128.8555,정상
Female,32,67.74059,124.7659,정상
Male,21,68.18607,128.0024,정상
Female,24,69.87665,113.3553,저체중
Male,32,67.0486,122.6413,정상
Male,33,67.27659,102.4448,저체중
Female,19,66.51091,119.3634,정상
Female,34,68.91221,131.2366,정상
Male,30,65.68233,110.3737,저체중
Male,33,72.45968,133.0092,저체중
Male,29,68.18543,130.0549,정상
Female,27,69.14627,149.4217,정상
Female,18,66.64452,128.6803,정상
Male,35,69.28048,141.1256,정상
Male,22,64.94449,117.1219,정상
Female,31,67.63184,129.0595,정상
Male,22,69.17876,118.432,저체중
Male,20,68.17164,119.7833,저체중
Male,34,67.87229,129.1417,정상
Female,25,66.08932,116.2913,정상
Female,32,68.80233,130.847,정상
Female,18,67.47177,124.7299,정상
Male,21,69.04627,134.744,정상
Female,19,65.53588,135.9945,정상
Male,27,66.41675,118.6227,정상
Female,31,70.97724,143.0605,정상
Female,24,70.31771,126.9513,저체중
Female,21,68.63439,123.4122,저체중
Female,35,66.04782,128.4055,정상
Female,21,68.97705,141.9362,정상
Male,20,68.91452,133.6861,정상
Female,21,67.87146,107.1111,저체중
Female,22,67.37218,133.1697,정상
Male,18,66.3178,118.4692,정상
Female,26,66.48568,117.9041,정상
Male,29,69.2381,132.462,정상
Female,18,67.2139,132.6842,정상
Male,26,68.50477,134.123,정상
Female,28,63.66317,136.7526,정상
Female,25,66.32945,110.6483,저체중
Female,32,67.10945,123.3761,정상
Female,18,70.02339,132.8187,정상
Female,23,66.06018,115.8997,정상
Female,29,68.59984,106.3343,저체중
Female,29,67.16997,133.2448,정상
Female,30,68.15961,126.2497,정상
Female,26,67.9255,136.4886,정상
Male,33,68.24803,131.2595,정상
Female,27,68.63838,126.5846,정상
Male,23,67.30494,119.9612,정상
Male,34,68.54865,134.5564,정상
Female,19,68.53894,133.6246,정상
Male,19,68.78754,122.2611,저체중
Male,30,69.70884,135.1988,정상
Male,24,65.90638,125.9987,정상
Male,35,70.37854,129.9166,저체중
Female,29,70.70388,139.938,정상
Female,33,67.22265,114.1903,저체중
Female,27,69.80605,131.4128,정상
Female,31,67.97377,115.0723,저체중
Male,19,69.83246,129.3358,정상
Male,32,69.33122,127.4932,정상
Female,20,68.67805,125.6517,정상
Female,22,69.58794,131.1589,정상
Male,35,68.42502,124.2701,정상
Male,23,67.69161,113.9616,저체중
Female,25,70.2256,145.9646,정상
Male,20,70.04402,139.6768,정상
Male,27,67.95373,139.5456,정상
Female,23,68.3128,121.7718,저체중
Male,31,68.40937,122.1585,저체중
Female,22,66.4482,133.4419,정상
Female,25,65.28092,124.6637,정상
Female,27,68.09486,128.0449,정상
Male,34,66.70524,120.472,정상
Female,25,65.41192,117.5336,정상
Female,32,65.85663,135.9652,정상
Female,25,70.74685,149.2883,정상
Male,35,69.57387,117.9533,저체중
Male,25,68.94783,128.49,정상
Female,30,68.47448,126.3915,정상
Male,29,71.04807,152.0604,정상
Female,24,67.63577,124.4287,정상
Male,35,65.52926,134.8985,정상
Male,29,66.79635,119.705,정상
Male,23,67.76397,141.058,정상
Female,20,64.71368,120.2188,정상
Male,25,66.01498,109.751,저체중
Male,30,69.09526,128.5564,정상
Female,25,69.5558,117.3931,저체중
Female,22,70.0715,137.8603,정상
Female,29,67.86641,126.4714,정상
Male,33,70.0659,152.4405,정상
Male,23,68.80896,115.4877,저체중
Female,28,68.08706,121.7255,저체중
Male,18,69.52669,136.2363,정상
Male,24,67.03169,119.8095,정상
Male,32,65.28391,103.4991,저체중
Male,23,69.47478,140.6912,정상
Female,27,66.37838,118.5934,정상
Male,35,66.31288,123.2614,정상
Male,29,71.26059,139.1393,정상
Female,22,64.42409,127.9856,정상
Male,30,67.46592,129.3959,정상
Male,29,69.28848,132.1143,정상
Female,30,69.92655,121.1621,저체중
Female,29,67.78948,131.155,정상
Female,26,64.45606,111.9183,정상
Female,19,69.29649,141.9219,정상
Male,19,67.70022,118.3203,저체중
Male,35,64.05875,112.507,정상
Male,25,65.87971,107.3144,저체중
Male,24,64.19588,111.4285,정상
Female,22,67.50863,124.7257,정상
Female,27,71.16467,146.5501,정상
Male,20,68.71092,109.9617,저체중
Female,22,67.60347,138.4381,정상
Male,24,67.1752,117.9673,저체중
Male,34,68.9361,128.3238,정상
Male,33,71.93971,145.1521,정상
Female,26,67.45158,127.374,정상
Female,35,68.4984,127.2154,정상
Female,24,66.04641,131.7895,정상
Male,26,69.16729,135.4433,정상
Female,19,66.9408,130.642,정상
Female,31,71.99802,149.8457,정상
Female,27,66.92567,121.6816,정상
Female,34,68.41449,120.9509,저체중
Female,30,68.01572,105.1644,저체중
Male,24,70.20919,139.4911,정상
Female,25,67.59821,124.802,정상
Male,25,71.51942,129.1836,저체중
Female,22,67.61313,128.6954,정상
Female,27,68.63738,128.6178,정상
Female,20,65.69314,105.1192,저체중
Male,31,70.04372,137.0862,정상
Male,20,66.35456,122.6138,정상
Female,26,67.49569,139.7088,정상
Male,19,63.92701,111.9422,정상
Male,33,67.44722,120.0132,정상
Female,25,69.96202,100.6786,저체중
Male,32,68.80541,121.0008,저체중
Male,21,67.75075,114.8156,저체중
Female,23,69.7042,126.8603,저체중
Male,28,69.64501,120.8241,저체중
Male,23,69.39123,130.6514,정상
Female,33,68.9035,134.7614,정상
Female,19,66.30156,103.3628,저체중
Male,18,65.82235,137.0039,정상
Female,25,66.6285,122.64,정상
Female,20,65.68185,126.536,정상
Male,19,70.3089,143.4456,정상
Female,23,71.60372,129.4984,저체중
Female,24,70.64766,125.3179,저체중
Female,20,69.25148,137.409,정상
Female,34,67.11941,134.9583,정상
Male,33,62.681,113.2199,정상
Male,31,69.29774,136.554,정상
Male,26,68.59213,125.7968,정상
Male,19,70.21639,126.2265,저체중
Female,25,69.27237,126.6931,정상
Male,35,67.47561,133.393,정상
Male,18,67.10278,142.9183,정상
Male,24,68.97598,136.8493,정상
Male,29,68.87987,135.7244,정상
Male,31,62.51831,124.7827,정상
Male,24,70.16181,133.7963,정상
Female,30,70.11142,129.0453,저체중
Female,29,71.00201,127.2179,저체중
Male,25,68.83197,126.4874,정상
Male,33,65.55569,113.4283,정상
Female,27,69.18478,114.7062,저체중
Male,35,67.17728,130.403,정상
Male,19,67.96749,116.2167,저체중
Male,27,63.09629,109.8718,정상
Male,30,67.81887,125.685,정상
Female,19,72.54256,140.8276,정상
Female,18,68.38361,114.9645,저체중
Female,31,66.57869,127.7382,정상
Female,31,72.07371,137.6268,정상
Male,34,66.14913,118.2779,정상
Female,23,68.70572,113.5148,저체중
Male,27,69.16225,144.8836,정상
Female,21,69.46824,112.4765,저체중
Male,28,66.60941,100.0013,저체중
Male,20,65.79111,117.3869,정상
Female,33,65.76647,112.3201,저체중
Male,25,67.22625,132.7827,정상
Male,28,69.2736,120.489,저체중
Male,18,68.47907,128.7633,정상
Female,20,70.22812,138.8851,정상
Female,18,66.46453,125.1114,정상
Female,24,67.97522,125.1482,정상
Female,29,68.8071,120.3047,저체중
Male,20,68.32443,118.6195,저체중
Male,28,69.47959,126.1822,저체중
Female,22,68.03194,137.12,정상
Male,35,69.48829,139.8606,정상
Female,29,69.37585,112.6907,저체중
Male,28,69.23615,121.2323,저체중
Female,33,68.69017,131.3072,정상
Male,19,71.45863,139.9082,정상
Male,25,67.39093,122.1571,정상
Female,29,68.53211,134.3921,정상
Female,31,70.2828,127.9534,저체중
Female,22,67.65305,110.9933,저체중
Male,26,67.20857,123.4236,정상
Male,24,66.31937,106.9169,저체중
Male,33,63.79425,115.0191,정상
Female,20,69.65965,132.1418,정상
Male,33,68.64995,128.8615,정상
Male,29,67.3593,122.2451,정상
Female,23,70.33984,131.6924,정상
Female,18,67.34878,118.4924,저체중
Female,23,66.86827,114.3971,저체중
Male,32,69.52901,127.1832,저체중
Male,22,68.90152,147.9446,정상
Male,26,70.01268,142.4176,정상
Male,26,70.59863,145.8138,정상
Female,28,68.57766,141.3239,정상
Male,28,64.83389,98.21334,저체중
Female,35,65.52077,120.3068,정상
Male,23,64.95625,119.2154,정상
Male,26,66.30334,124.0317,정상
Male,32,69.48549,106.2442,저체중
Male,18,69.49559,132.4523,정상
Male,35,68.81243,125.2854,정상
Male,35,69.2587,136.2841,정상
Female,21,67.39374,134.3775,정상
Female,32,70.86215,127.6207,저체중
Female,18,65.80325,130.9248,정상
Female,34,64.61694,130.3277,정상
Female,32,70.18644,141.1758,정상
Female,35,65.12985,145.219,정상
Male,23,66.26916,122.1385,정상
Male,31,67.64688,135.0033,정상
Male,18,70.90986,129.1092,저체중
Male,35,68.94223,140.3829,정상
Female,33,69.88886,113.3361,저체중
Female,27,67.5314,138.2173,정상
Female,23,65.13228,118.1327,정상
Female,20,68.75247,126.3602,정상
Male,21,66.64471,114.0659,저체중
Male,29,65.97446,120.8874,정상
Male,23,68.73431,130.3753,정상
Male,24,65.67938,131.3553,정상
Female,26,65.55778,115.0373,정상
Female,20,67.69354,127.2255,정상
Female,20,66.82119,114.3377,저체중
Female,18,68.46759,131.2031,정상
Male,26,68.89698,134.2954,정상
Female,26,65.08409,115.3981,정상
Male,19,71.76925,117.198,저체중
Female,28,69.8877,124.6225,저체중
Male,32,64.86973,126.3919,정상
Female,24,70.09753,141.5936,정상
Male,20,67.35945,130.7049,정상
Male,23,68.02039,144.4665,정상
Female,31,66.73404,128.6324,정상
Male,30,65.62875,127.3425,정상
Male,27,65.79502,116.3517,정상
Male,34,70.61392,129.3511,저체중
Female,27,71.74355,123.4305,저체중
Female,35,67.49866,131.0747,정상
Male,23,66.33294,120.6984,정상
Female,31,67.92479,134.5304,정상
Male,29,68.63009,131.2724,정상
Male,34,67.10296,113.8506,저체중
Female,33,64.19394,104.6135,저체중
Male,21,70.73008,125.7546,저체중
Male,28,63.13516,118.8045,정상
Male,28,69.24981,129.8799,정상
Female,35,64.52242,119.4434,정상
Female,23,66.36544,126.2793,정상
Female,25,67.62992,125.1355,정상
Female,23,67.45805,123.2317,정상
Female,34,68.97952,122.3737,저체중
Female,34,66.40492,126.2988,정상
Female,24,68.53298,131.8284,정상
Male,20,65.28708,111.5392,저체중
Male,19,68.17779,149.5809,정상
Female,34,68.97437,120.1771,저체중
Female,27,70.55554,129.7295,저체중
Male,27,68.91172,121.2899,저체중
Male,22,68.38275,127.8957,정상
Male,19,70.31738,114.6335,저체중
Male,34,67.88363,140.9839,정상
Male,33,67.42592,98.99675,저체중
Male,26,70.05856,129.2721,정상
Female,28,70.19548,145.6526,정상
Female,31,66.16502,104.1451,저체중
Male,25,66.37637,128.7241,정상
Male,33,69.99829,130.8869,정상
Female,25,68.99134,146.4337,정상
Female,30,68.94388,139.6823,정상
Male,18,64.99491,123.3346,정상
Male,23,69.11084,125.0166,저체중
Male,24,67.93461,116.0817,저체중
Male,26,67.01411,134.6481,정상
Male,32,65.32575,141.6096,정상
Male,28,71.45383,134.6091,정상
Male,19,68.01152,124.4252,정상
Male,31,64.87885,112.5545,정상
Female,25,68.14952,119.4716,저체중
Female,30,66.66531,116.4358,저체중
Male,27,68.66471,123.5617,저체중
Male,35,67.38528,123.4536,정상
Male,24,68.49113,120.9934,저체중
Male,30,66.78587,110.6601,저체중
Female,25,69.2274,115.8926,저체중
Male,29,65.96948,127.8767,정상
Female,20,66.35522,121.45,정상
Female,35,68.54128,131.7424,정상
Male,25,66.11305,102.6734,저체중
Female,34,68.28863,112.3732,저체중
Male,23,67.43632,121.4337,정상
Female,28,66.10499,109.3116,저체중
Male,34,68.51568,127.1865,정상
Male,20,67.35712,122.5386,정상
Male,18,65.67569,132.4576,정상
Male,21,66.88722,133.6719,정상
Female,23,65.12152,121.4696,정상
Male,25,68.6178,126.8987,정상
Male,22,66.13103,113.5217,저체중
Male,23,70.83591,137.3996,정상
Male,18,68.90076,145.7439,정상
Male,18,66.21815,129.6257,정상
Female,33,68.06749,133.4515,정상
Male,28,68.34053,126.9106,정상
Male,24,68.80582,137.9986,정상
Male,21,67.06065,116.3153,저체중
Male,35,66.06083,111.4023,저체중
Female,24,62.72779,117.2561,정상
Male,28,71.20406,125.0336,저체중
Male,30,67.21888,124.9911,정상
Female,19,65.65855,111.0068,저체중
Male,26,68.06644,125.4116,정상
Male,32,70.10401,139.2201,정상
Male,23,66.70493,120.9451,정상
Female,20,67.71756,131.8942,정상
Female,30,62.67446,110.0678,정상
Female,32,65.29473,106.2219,저체중
Male,34,67.20517,119.7847,정상
Female,19,67.29519,144.4307,정상
Female,25,68.44048,133.3402,정상
Female,32,70.78181,146.3325,정상
Female,32,66.39307,128.1566,정상
Female,20,67.24037,112.4023,저체중
Female,20,69.33963,140.6288,정상
Female,25,65.37485,118.4317,정상
Female,35,71.49449,124.4993,저체중
Male,21,70.83151,133.3373,정상
Male,31,66.24703,113.0378,저체중
Male,19,65.2573,113.6279,정상
Male,25,65.20991,125.9694,정상
Female,32,69.1082,126.4711,정상
Male,27,71.14384,125.8373,저체중
Female,21,66.79003,128.9918,정상
Female,25,69.31011,153.4923,정상
Female,26,64.90285,132.3529,정상
Male,23,65.45378,114.0868,정상
Female,23,69.28697,119.7079,저체중
Male,35,65.5537,112.4582,저체중
Female,22,69.72966,137.5734,정상
Male,23,67.05884,115.0583,저체중
Female,27,70.02535,133.1753,정상
Male,33,71.40333,143.8659,정상
Female,21,65.19703,126.4798,정상
Male,24,66.57693,122.7911,정상
Female,24,69.39658,134.2674,정상
Female,28,68.44566,124.6497,정상
Female,34,72.74185,122.6723,저체중
Female,28,67.46665,134.8106,정상
Male,24,72.08529,148.5511,정상
Male,31,66.51478,134.3474,정상
Female,33,68.49908,137.7086,정상
Female,20,69.51313,140.3623,정상
Female,31,72.67841,160.6777,정상
Female,30,64.87969,117.6116,정상
Female,19,66.81518,131.5526,정상
Female,30,64.11176,128.3093,정상
Male,34,70.18729,127.4651,저체중
Female,33,64.37983,111.3805,정상
Female,21,67.80292,128.6796,정상
Female,34,69.3405,129.3896,정상
Female,34,65.40457,132.2629,정상
Female,21,69.5795,139.6768,정상
Female,31,66.21928,113.7115,저체중
Female,27,65.52875,102.465,저체중
Female,33,66.81484,136.6555,정상
Male,23,67.08464,126.9116,정상
Female,22,66.42219,133.5132,정상
Male,31,64.69989,107.3891,저체중
Female,22,67.27032,124.3337,정상
Female,35,66.53975,113.5752,저체중
Male,29,68.78295,132.6993,정상
Male,25,68.09623,129.5183,정상
Male,25,65.65343,108.2289,저체중
Male,33,67.29559,129.9961,정상
Male,22,70.47152,141.2098,정상
Female,34,68.77322,139.9161,정상
Male,34,67.3118,134.2859,정상
Male,27,71.43053,132.9983,저체중
Male,30,69.27809,137.9838,정상
Female,35,68.6156,122.2664,저체중
Male,25,70.38529,144.5917,정상
Male,21,68.90408,113.6984,저체중
Male,27,69.956,137.618,정상
Female,24,69.08083,126.6975,정상
Female,24,68.58346,127.6423,정상
Female,26,69.55913,135.0345,정상
Male,27,67.87572,131.5021,정상
Male,30,68.04456,125.3529,정상
Female,28,69.61629,130.6801,정상
Female,18,67.38283,126.7602,정상
Female,32,70.06792,133.7293,정상
Male,35,65.72838,126.3271,정상
Female,34,68.66827,120.6609,저체중
Male,34,69.23921,144.166,정상
Male,18,67.60529,127.6045,정상
Female,26,67.02823,130.9427,정상
Male,22,68.52986,130.1434,정상
Male,21,68.06148,132.0809,정상
Male,26,69.89291,121.0481,저체중
Male,23,69.95674,127.3249,저체중
Female,23,71.36783,126.4851,저체중
Male,18,71.02923,132.704,저체중
Male,22,67.45478,124.9489,정상
Male,27,65.64995,111.3464,저체중
Male,25,70.54974,118.2128,저체중
Male,26,64.73194,127.1272,정상
Female,33,68.39661,126.2186,정상
Male,28,66.75958,141.6033,정상
Male,27,70.36383,143.4256,정상
Female,22,68.07707,121.5943,저체중
Male,34,70.95278,154.5036,정상
Male,25,65.56764,123.9059,정상
Female,24,69.43223,106.3676,저체중
Female,27,67.31171,126.8754,정상
Male,29,70.92227,133.0625,정상
Male,21,68.71388,121.1249,저체중
Female,24,66.50874,132.745,정상
Male,33,70.26147,130.0088,정상
Female,18,67.16654,111.1425,저체중
Male,32,70.24561,120.9162,저체중
Male,23,69.63362,131.7987,정상
Female,24,66.23707,119.442,정상
Female,19,69.83489,125.9842,저체중
Female,21,68.70037,130.8307,정상
Male,24,69.63254,139.143,정상
Male,22,70.99486,134.7143,정상
Male,30,70.68998,149.3115,정상
Male,32,69.36635,123.4528,저체중
Male,26,68.13314,116.9677,저체중
Male,33,70.79422,120.9634,저체중
Male,29,66.18385,97.99029,저체중
Female,22,69.42133,141.0527,정상
Male,25,69.01491,117.6252,저체중
Male,27,67.27059,124.4138,정상
Female,25,68.88229,143.9361,정상
Male,23,67.33816,125.2068,정상
Female,18,68.66516,142.6448,정상
Male,18,66.22914,129.1967,정상
Male,21,68.76597,122.474,저체중
Male,19,69.53247,115.2221,저체중
Male,35,71.49026,142.5817,정상
Female,25,66.50972,133.654,정상
Female,33,67.81402,123.1049,정상
Female,32,65.24439,121.9487,정상
Male,29,66.01804,100.4529,저체중
Male,21,65.48158,116.1882,정상
Male,34,68.16192,125.732,정상
Male,33,65.02381,134.4425,정상
Male,29,66.88569,130.0115,정상
Female,23,67.39995,96.39088,저체중
Female,21,65.66171,109.2462,저체중
Male,31,67.95512,127.9877,정상
Male,18,63.62623,110.8507,정상
Male,19,69.18472,108.1881,저체중
Male,18,66.551,105.7101,저체중
Female,21,69.236,110.3032,저체중
Male,31,69.26426,117.98,저체중
Female,18,65.99389,122.8317,정상
Male,31,71.73307,125.3396,저체중
Male,26,66.45155,115.4263,저체중
Male,28,66.39266,136.1279,정상
Male,22,66.81631,127.1059,정상
Female,23,67.89039,124.9759,정상
Female,27,67.84615,121.3787,정상
Male,33,69.36484,134.7724,정상
Female,19,64.37297,123.659,정상
Female,29,72.89808,138.8161,저체중
Female,28,66.99569,116.2376,저체중
Female,26,71.71415,134.3653,저체중
Female,24,70.09297,135.7937,정상
Female,35,68.57037,144.2014,정상
Female,29,69.00022,135.0503,정상
Male,31,69.20893,120.8345,저체중
Male,18,69.46547,133.6304,정상
Female,34,70.79127,130.4978,저체중
Female,22,68.78851,118.4584,저체중
Female,18,67.9302,135.4705,정상
Male,18,66.4848,126.2168,정상
Male,32,65.27146,101.3705,저체중
Male,30,65.50771,98.70684,저체중
Male,35,67.43981,115.5729,저체중
Male,20,69.16119,151.2058,정상
Female,25,67.83732,115.3943,저체중
Female,20,66.49751,131.5375,정상
Female,22,68.69063,116.851,저체중
Male,28,67.40924,142.2469,정상
Female,19,68.69726,128.5186,정상
Female,20,67.12827,119.2494,정상
Female,23,69.57438,125.2213,저체중
Female,27,70.35553,127.9276,저체중
Male,23,71.02956,136.2053,정상
Male,23,67.01715,119.3356,정상
Female,20,71.66632,140.0392,정상
Male,35,68.14304,104.2278,저체중
Male,29,69.90342,145.7605,정상
Female,30,68.65728,118.4992,저체중
Male,31,67.86381,110.3406,저체중
Female,34,67.60299,124.9038,정상
Female,30,68.42162,143.2337,정상
Male,30,64.29405,111.3888,정상
Male,21,70.25668,130.9311,정상
Female,35,66.92782,117.0246,저체중
Female,23,68.13117,112.2702,저체중
Male,30,68.47671,125.9732,정상
Female,26,70.70443,130.0618,저체중
Female,19,72.47871,139.4575,정상
Female,30,66.60089,121.3741,정상
Male,35,69.52894,128.6671,정상
Male,27,69.51429,138.8626,정상
Female,31,69.13138,146.1917,정상
Male,31,66.80915,128.2992,정상
Female,22,66.95452,127.1524,정상
Female,21,65.57553,132.8521,정상
Male,22,66.99722,122.4956,정상
Male,24,68.06291,141.5624,정상
Male,28,67.13541,149.8053,정상
Male,24,68.78744,140.3871,정상
Male,25,70.39841,127.7709,저체중
Female,28,67.16952,112.1317,저체중
Male,22,67.6426,125.1871,정상
Female,25,68.62432,131.5505,정상
Female,20,66.98255,129.8261,정상
Male,19,71.15912,143.7729,정상
Male,35,67.55843,130.0446,정상
Male,28,68.20677,131.9831,정상
Female,25,66.78195,129.1513,정상
Female,33,64.70211,117.9549,정상
Male,23,66.24742,118.3215,정상
Male,30,67.50724,111.2721,저체중
Female,19,70.38629,132.532,정상
Male,25,66.2864,138.8554,정상
Female,32,66.4173,110.4561,저체중
Female,18,67.91435,120.5977,저체중
Female,33,66.42833,130.4869,정상
Male,21,70.51451,144.908,정상
Female,26,69.22832,117.2825,저체중
Male,32,67.99826,122.5487,정상
Female,25,69.65771,140.1853,정상
Male,25,72.16883,136.178,저체중
Male,33,69.49369,118.7416,저체중
Female,23,64.38605,113.8126,정상
Male,24,64.55094,114.6945,정상
Male,25,68.23747,112.8025,저체중
Male,29,68.02698,117.2349,저체중
Male,32,66.43047,95.71513,저체중
Female,32,69.86725,148.5763,정상
Female,25,66.96093,111.8249,저체중
Male,35,68.82789,125.2561,정상
Female,25,66.90197,129.6533,정상
Female,24,67.30931,126.2076,정상
Female,21,67.52133,123.9019,정상
Male,27,66.81174,137.8045,정상
Male,30,65.82295,120.199,정상
Male,33,71.38764,144.7086,정상
Male,35,65.35643,115.5945,정상
Male,24,63.25179,105.0179,저체중
Male,18,65.59107,122.5182,정상
Female,30,67.78908,137.9392,정상
Male,20,68.61336,118.2248,저체중
Female,33,66.90249,117.65,저체중
Male,32,70.02504,139.5716,정상
Male,28,66.22555,127.3096,정상
Female,29,67.74102,142.398,정상
Male,26,68.8943,131.6782,정상
Female,24,69.12125,133.2563,정상
Female,30,67.44687,123.1274,정상
Male,28,67.65991,120.3186,저체중
Male,21,70.9585,131.0829,저체중
Male,29,71.92717,154.1861,정상
Female,25,67.29513,132.4132,정상
Female,18,63.95244,124.3648,정상
Female,34,69.83187,136.9095,정상
Female,18,68.37524,114.5381,저체중
Male,32,67.95803,144.8281,정상
Male,35,66.57707,123.9629,정상
Male,35,67.72062,141.1541,정상
Male,19,63.92725,106.6814,저체중
Male,27,69.46167,129.6969,정상
Male,24,68.83466,131.4672,정상
Male,33,65.94714,127.9311,정상
Male,22,65.75023,127.4329,정상
Male,33,70.47518,139.0174,정상
Female,24,64.98932,115.5069,정상
Male,27,67.41353,127.8081,정상
Male,34,68.38407,122.2271,저체중
Female,35,70.05637,143.8614,정상
Male,29,67.06958,100.1749,저체중
Male,22,69.09877,125.7953,정상
Female,28,65.96505,110.9834,저체중
Male,20,66.57586,114.8681,저체중
Male,26,67.29729,125.7866,정상
Male,28,71.21423,139.5315,정상
Female,24,68.14138,125.3772,정상
Male,29,68.34001,132.0128,정상
Female,34,65.93383,132.1972,정상
Female,28,66.30774,108.1026,저체중
Male,23,67.08573,110.2558,저체중
Male,27,67.53056,117.9915,저체중
Male,30,68.0261,115.7176,저체중
Male,21,68.80557,108.2525,저체중
Male,23,67.85261,124.1566,정상
Female,30,69.57975,134.4556,정상
Female,33,65.34904,102.2823,저체중
Female,27,66.65974,100.292,저체중
Male,25,70.67149,141.6346,정상
Female,35,70.13532,136.6807,정상
Male,24,67.42062,114.6369,저체중
Female,24,69.4708,114.7699,저체중
Male,33,67.6276,135.9559,정상
Female,32,67.18211,131.4971,정상
Male,33,64.45811,125.6963,정상
Male,31,68.95735,122.046,저체중
Female,30,67.64248,129.1718,정상
Male,26,64.83179,112.8573,정상
Female,30,69.27039,129.563,정상
Male,18,66.83193,117.5062,저체중
Male,27,72.23485,151.5014,정상
Female,24,65.01063,95.82746,저체중
Male,25,68.34214,126.7129,정상
Male,32,66.62156,130.1081,정상
Female,25,67.08814,133.7359,정상
Male,26,69.05202,128.0624,정상
Male,23,68.23454,133.8401,정상
Female,30,68.37516,135.1791,정상
Male,34,67.03833,138.5621,정상
Female,23,70.80541,132.8961,정상
Male,35,66.73256,141.7823,정상
Female,19,65.72028,108.2124,저체중
Male,19,66.41974,111.5486,저체중
Male,29,67.57764,134.0803,정상
Female,30,69.56328,129.1637,정상
Male,27,67.62709,121.1408,정상
Male,18,65.16098,122.078,정상
Male,34,67.20458,130.3198,정상
Male,28,69.59194,127.5957,정상
Female,26,64.89401,112.6321,정상
Female,31,68.35388,126.5067,정상
Female,18,65.82881,124.3733,정상
Female,26,66.1868,126.2654,정상
Female,26,70.32643,129.9479,저체중
Male,34,64.06977,116.5794,정상
Female,31,67.1713,112.1838,저체중
Female,21,64.92458,130.1598,정상
Female,27,67.43431,133.5765,정상
Female,26,68.82895,118.8026,저체중
Male,19,69.06337,119.7953,저체중
Male,26,69.7271,129.4766,정상
Male,21,66.43212,124.0251,정상
Female,34,67.83192,129.6701,정상
Female,29,65.52728,119.5522,정상
Male,35,69.47555,149.9544,정상
Male,32,65.88912,120.1125,정상
Male,25,70.92408,140.4445,정상
Male,24,63.47126,100.7746,저체중
Female,18,65.04097,136.9673,정상
Female,27,67.16204,130.3048,정상
Female,21,69.37409,106.5867,저체중
Female,29,69.74416,130.6283,정상
Female,29,68.68581,135.8803,정상
Male,27,67.24642,117.1742,저체중
Female,29,65.07326,105.7219,저체중
Male,35,67.29306,124.5546,정상
Male,30,69.81604,127.0576,저체중
Female,21,70.51899,121.0529,저체중
Female,30,66.6253,131.1694,정상
Male,19,66.89401,121.1997,정상
Female,34,67.80165,105.2037,저체중
Female,19,67.97818,130.5677,정상
Male,19,67.01481,118.6079,정상
Male,34,64.61004,120.3031,정상
Female,23,66.19053,108.752,저체중
Male,19,68.07234,123.3461,정상
Male,32,67.97208,111.8923,저체중
Female,25,64.15535,128.6441,정상
Male,29,69.75831,120.5173,저체중
Male,24,64.32257,104.5157,저체중
Male,30,69.32868,128.1567,정상
Male,27,71.4743,152.8868,정상
Female,24,64.42866,107.8894,저체중
Male,19,68.0485,139.8643,정상
Female,31,68.41135,124.3541,정상
Female,26,69.90011,133.7566,정상
Male,25,68.02798,134.4956,정상
Male,35,71.979,152.6473,정상
Male,24,67.06678,114.378,저체중
Male,35,67.47195,143.9362,정상
Male,32,65.75596,123.9509,정상
Female,27,69.11893,117.6573,저체중
Female,26,69.61776,128.4215,정상
Female,28,64.42529,93.4895,저체중
Male,28,68.86031,124.3513,저체중
Male,26,71.35262,149.7034,정상
Male,29,65.26951,109.6937,저체중
Female,29,67.07489,116.9079,저체중
Male,19,67.17127,131.3436,정상
Male,21,65.73213,94.24776,저체중
Male,18,68.68319,133.4584,정상
Female,26,69.1054,105.3497,저체중
Male,31,68.04565,120.0355,저체중
Male,29,69.40605,128.4936,정상
Female,33,71.15081,154.0204,정상
Male,32,67.57653,124.0439,정상
Male,21,66.19606,113.86,저체중
Female,30,67.87278,147.5407,정상
Female,26,65.36336,139.1989,정상
Male,31,69.80543,155.6269,정상
Female,31,66.64909,119.51,정상
Male,32,68.84986,128.6154,정상
Male,23,69.83458,135.5907,정상
Male,18,65.32506,119.5717,정상
Male,22,64.73504,130.5975,정상
Male,30,63.47841,100.2383,저체중
Female,22,69.27949,144.9208,정상
Male,23,68.85303,130.5177,정상
Female,31,66.69499,106.0517,저체중
Female,33,64.29055,124.4514,정상
Female,25,66.35597,128.4833,정상
Female,19,69.72637,122.6604,저체중
Female,21,66.76502,121.0101,정상
Male,30,68.47077,136.9773,정상
Female,28,71.66733,157.2045,정상
Female,30,70.31301,134.2708,정상
Male,34,67.27406,125.2117,정상
Female,20,69.53611,153.2106,정상
Male,26,72.7748,152.2564,정상
Male,26,69.75516,131.9829,정상
Female,35,69.31731,113.889,저체중
Female,33,67.59655,113.7564,저체중
Female,34,68.80522,126.4774,정상
Male,35,66.10887,105.4664,저체중
Female,18,66.65045,116.9397,정상
Male,26,69.55086,155.5237,정상
Female,20,70.22757,145.7376,정상
Male,18,68.77158,129.6204,정상
Female,35,69.14943,141.3192,정상
Female,18,65.67652,115.6393,정상
Female,27,68.16672,107.975,저체중
Female,30,67.61212,123.8621,정상
Female,32,70.24321,125.2896,저체중
Male,32,69.19034,141.7787,정상
Male,33,68.81631,131.713,정상
Male,18,66.33019,114.6571,저체중
Male,25,67.42121,139.7828,정상
Male,29,67.57223,122.4153,정상
Female,22,64.35103,132.7265,정상
Male,27,68.57516,134.564,정상
Female,26,67.05546,117.4663,저체중
Male,27,68.09799,124.307,정상
Male,18,71.57853,117.4121,저체중
Male,18,70.06625,149.8354,정상
Female,22,65.68016,124.5133,정상
Female,19,66.07335,112.1744,저체중
Female,35,67.57426,104.5494,저체중
Male,23,67.15108,122.4038,정상
Male,28,69.04551,132.6149,정상
Male,25,69.20252,145.5692,정상
Female,21,69.71079,128.8631,정상
Male,23,65.29563,113.4145,정상
Male,20,63.64036,120.7483,정상
Male,26,67.44444,121.6074,정상
Female,22,67.26357,155.4769,정상
Male,19,69.67211,150.7134,정상
Female,22,69.49824,128.3236,정상
Male,18,69.39577,132.9491,정상
Male,24,69.61772,128.1457,정상
Female,21,66.95073,125.8741,정상
Male,19,65.10061,101.0707,저체중
Female,21,70.60484,133.2398,정상
Female,35,69.8036,132.7216,정상
Female,35,64.08148,119.2167,정상
Female,34,71.7491,132.2534,저체중
Male,19,69.86149,138.9225,정상
Female,24,70.57948,121.235,저체중
Female,35,69.3868,107.0816,저체중
Female,22,73.40755,129.8191,저체중
Female,19,67.11939,121.4565,정상
Male,34,66.20766,120.7871,정상
Female,31,68.55431,121.6152,저체중
Male,20,66.19609,112.1678,저체중
Female,23,69.9654,142.061,정상
Male,25,69.29187,129.3865,정상
Male,22,67.8538,114.4474,저체중
Male,35,67.96589,141.6129,정상
Female,25,68.55128,123.8771,정상
Female,21,68.75419,123.9171,저체중
Female,31,66.55678,134.4236,정상
Male,26,70.59726,130.2703,저체중
Female,31,67.02605,119.901,정상
Female,35,67.41396,116.1679,저체중
Male,33,69.19909,117.1203,저체중
Male,35,70.80766,144.2022,정상
Female,23,67.60947,110.2511,저체중
Male,32,69.04609,124.0725,저체중
Male,21,66.42537,134.0266,정상
Male,34,67.11748,107.6576,저체중
Male,29,66.28992,104.2723,저체중
Female,30,70.27361,139.0315,정상
Male,31,67.69712,129.6555,정상
Male,19,66.85592,143.7988,정상
Male,29,67.61554,140.8081,정상
Female,19,70.14128,137.2464,정상
Female,18,71.05634,116.9411,저체중
Male,19,63.38973,128.9919,정상
Male,20,71.79649,132.8951,저체중
Male,28,64.87538,108.4584,저체중
Female,25,66.64629,124.3705,정상
Male,31,66.66731,122.7419,정상
Male,35,67.36005,132.1815,정상
Male,21,67.78648,141.9301,정상
Male,28,67.65562,122.0912,정상
Male,28,67.99457,120.7194,저체중
Male,23,67.20666,131.022,정상
Male,31,67.66445,111.1134,저체중
Male,21,70.7897,124.2387,저체중
Male,35,65.60275,113.6259,정상
Male,29,68.78444,141.7825,정상
Male,18,69.97289,154.4117,정상
Male,34,72.88631,139.0747,저체중
Male,23,68.47303,134.9762,정상
Female,26,66.79608,136.3316,정상
Male,19,67.30746,136.4466,정상
Male,32,69.2924,137.9162,정상
Male,33,68.29249,140.8264,정상
Male,24,69.01065,125.7044,정상
Male,19,67.85167,123.1633,정상
Male,20,66.52291,119.8779,정상
Female,21,70.28503,135.5849,정상
Female,31,67.77965,138.1189,정상
Male,33,67.25897,117.2646,저체중
Male,26,67.54277,121.0405,정상
Male,30,70.06108,149.2393,정상
Male,26,69.45781,134.1714,정상
Male,23,67.635,116.5934,저체중
Male,35,68.97276,118.5913,저체중
Male,25,66.28357,129.9358,정상
Male,22,69.75152,104.6822,저체중
Male,35,69.41999,127.9808,정상
Male,25,71.06858,152.1248,정상
Female,27,68.33582,139.4499,정상
Female,21,67.11634,132.4605,정상
Male,21,67.48548,107.1629,저체중
Male,29,65.88513,120.3014,정상
Female,20,65.8286,102.3607,저체중
Female,22,69.15262,129.2947,정상
Female,32,67.73971,132.0791,정상
Female,24,68.31863,133.1632,정상
Female,20,65.14074,117.8809,정상
Male,20,66.25327,120.4461,정상
Female,28,67.28113,113.3187,저체중
Female,27,71.26882,129.5776,저체중
Female,23,67.2513,122.3783,정상
Male,32,66.43889,121.4343,정상
Female,31,66.84667,107.9407,저체중
Female,33,69.75759,140.9194,정상
Male,31,69.0673,133.6173,정상
Male,20,69.65999,130.2559,정상
Female,20,68.93677,125.3045,정상
Male,32,67.15994,108.8491,저체중
Male,20,69.39921,130.7668,정상
Male,33,68.34672,135.8604,정상
Female,35,70.51145,135.0087,정상
Male,33,69.48508,123.7083,저체중
Male,24,66.907,100.1432,저체중
Male,27,68.13199,121.5932,저체중
Female,31,71.29192,138.1298,정상
Female,23,70.21849,118.867,저체중
Male,25,68.53744,148.6424,정상
Male,31,68.98262,118.1685,저체중
Female,21,67.2414,133.1376,정상
Male,29,68.87922,123.4291,저체중
Male,25,70.11356,135.6634,정상
Male,19,69.76284,132.2633,정상
Female,23,69.32483,117.5478,저체중
Female,19,68.85358,112.7226,저체중
Male,33,67.51316,123.8273,정상
Male,27,67.67759,132.8392,정상
Female,28,68.30186,140.4737,정상
Male,21,67.81994,126.1359,정상
Male,23,65.17462,110.8658,저체중
Female,33,67.21931,131.6292,정상
Female,31,65.70946,127.0618,정상
Male,22,66.62218,135.2702,정상
Male,29,70.03963,148.768,정상
Female,21,69.57779,139.1555,정상
Female,29,69.06121,138.5468,정상
Female,18,67.49563,106.2282,저체중
Female,29,64.4891,95.6685,저체중
Female,23,67.33308,128.5636,정상
Male,35,65.73318,141.9346,정상
Male,33,66.24559,139.3832,정상
Male,24,69.54639,136.7369,정상
Male,33,70.91309,139.336,정상
Male,18,67.45435,123.3438,정상
Male,28,66.8128,131.442,정상
Female,18,66.07655,128.2468,정상
Female,24,65.48464,122.1126,정상
Female,27,67.9735,115.8705,저체중
Male,28,68.17934,128.1162,정상
Male,25,68.75379,128.5221,정상
Male,30,70.42998,138.6082,정상
Male,28,67.84405,122.6771,정상
Female,27,69.84154,128.9522,정상
Female,24,68.19966,125.8263,정상
Male,25,68.52427,126.4684,정상
Male,30,64.93004,123.5438,정상
Female,31,66.92609,133.6922,정상
Male,27,69.75065,126.1361,저체중
Female,34,69.8655,124.4893,저체중
Female,24,66.24436,131.6072,정상
Female,35,66.32189,135.3703,정상
Male,20,72.84287,142.1741,정상
Male,23,67.39726,131.4489,정상
Male,30,65.01832,115.0837,정상
Female,29,70.59535,143.0093,정상
Male,29,70.17018,146.3284,정상
Female,27,67.4578,136.3524,정상
Female,20,67.26702,123.5548,정상
Male,21,69.817,132.1167,정상
Female,20,66.24797,130.474,정상
Male,23,69.63203,150.5264,정상
Male,21,67.56315,138.5557,정상
Female,22,69.21375,131.5255,정상
Male,34,70.23974,133.6155,정상
Male,21,68.74692,140.926,정상
Male,21,70.20609,126.7617,저체중
Female,30,68.20052,131.4243,정상
Male,23,69.01907,143.3999,정상
Female,18,67.66947,128.9828,정상
Male,18,64.07139,138.8326,정상
Male,29,66.59571,125.3051,정상
Female,35,64.2154,109.5273,정상
Female,20,67.32259,111.9082,저체중
Female,20,68.2653,124.3467,정상
Female,30,69.10479,142.1923,정상
Female,32,67.26557,109.9298,저체중
Male,20,67.56282,117.22,저체중
Male,32,67.70635,119.8849,저체중
Female,27,68.91809,119.6725,저체중
Female,22,66.75571,111.1221,저체중
Female,22,63.60255,113.6185,정상
Female,32,67.9549,132.0406,정상
Male,28,70.12267,136.86,정상
Female,31,68.52279,122.0874,저체중
Female,21,68.27301,126.9347,정상
Female,29,68.0335,132.211,정상
Male,23,63.71782,112.9014,정상
Female,33,63.27713,123.3834,정상
Female,23,67.44392,144.5663,정상
Female,28,70.93268,124.134,저체중
Female,32,64.95846,124.1922,정상
Male,34,67.82998,134.4499,정상
Male,24,65.67986,117.3818,정상
Male,33,67.85729,106.2393,저체중
Female,28,68.64131,126.2599,정상
Female,30,67.15147,144.6755,정상
Male,35,68.15486,128.6466,정상
Male,21,66.76022,120.5667,정상
Female,33,66.15116,124.4818,정상
Male,35,70.03411,135.579,정상
Female,26,63.62972,123.3694,정상
Male,30,67.99637,127.8984,정상
Male,18,63.86584,101.1195,저체중
Female,31,69.94454,133.8068,정상
Female,25,68.33791,134.2027,정상
Female,34,67.69831,127.598,정상
Male,34,67.13141,115.7628,저체중
Female,22,68.76137,114.535,저체중
Male,34,65.59809,123.1285,정상
Male,35,66.31687,100.5823,저체중
Male,18,69.44079,141.2083,정상
Male,21,69.37313,132.8006,정상
Male,27,68.42964,128.6768,정상
Female,25,64.69932,125.6053,정상
Male,22,69.72645,98.13857,저체중
Male,24,68.41304,133.712,정상
Female,23,65.35887,116.9776,정상
Male,33,67.12896,130.9687,정상
Female,35,66.92088,127.3274,정상
Male,21,69.29888,138.2458,정상
Female,21,69.09147,131.6457,정상
Male,18,67.94608,128.8156,정상
Female,25,69.76571,147.9617,정상
Female,31,68.06441,124.6722,정상
Female,23,67.49538,148.7456,정상
Female,35,67.11697,113.3744,저체중
Female,25,65.08173,111.555,정상
Female,21,67.85374,131.636,정상
Female,25,66.25532,112.1725,저체중
Female,25,70.04843,139.3738,정상
Female,31,71.20862,134.4401,정상
Male,31,69.74874,137.7951,정상
Female,26,71.44554,136.6001,정상
Male,31,69.94668,141.4994,정상
Female,28,66.87131,119.1642,정상
Female,31,69.21473,128.4229,정상
Female,35,66.74018,127.9894,정상
Male,19,69.6161,138.6399,정상
Male,23,70.88611,107.6722,저체중
Male,31,65.62141,132.3347,정상
Male,18,65.47498,108.9138,저체중
Male,20,66.58238,121.9442,정상
Male,35,67.40184,120.102,정상
Male,20,66.54299,100.2631,저체중
Male,31,68.20307,132.0264,정상
Female,26,68.3355,129.1787,정상
Male,21,66.84503,110.5189,저체중
Male,19,67.14814,105.918,저체중
Male,32,68.95693,130.3178,정상
Female,32,67.45968,135.2663,정상
Female,32,69.73828,139.1718,정상
Male,32,69.82326,128.9242,정상
Male,19,69.66234,118.628,저체중
Male,31,74.01942,124.2312,저체중
Female,19,64.87799,127.1184,정상
Male,28,68.45052,125.3085,정상
Female,35,69.20931,138.436,정상
Male,18,68.7274,128.841,정상
Female,27,67.51895,110.6973,저체중
Male,28,69.2305,146.7603,정상
Male,24,69.58018,122.7056,저체중
Female,26,67.13026,123.9607,정상
Male,18,68.74446,138.4759,정상
Male,35,65.03535,103.0616,저체중
Male,18,67.11675,135.7574,정상
Male,34,67.28088,105.8265,저체중
Male,32,65.52005,114.0189,정상
Female,18,68.46225,126.0038,정상
Female,30,68.29754,125.6328,정상
Male,21,67.42591,118.7455,저체중
Male,18,67.66937,142.4494,정상
Female,19,71.81863,146.9166,정상
Female,32,68.71802,128.9584,정상
Female,32,66.58401,122.4293,정상
Female,22,69.3764,120.9916,저체중
Female,30,68.44002,135.6954,정상
Male,29,64.71921,122.5415,정상
Male,18,68.52755,125.3404,정상
Female,21,69.35345,134.088,정상
Female,30,69.20229,117.4489,저체중
Male,19,67.00578,120.8698,정상
Female,28,66.89812,112.9835,저체중
Male,22,68.35288,135.8208,정상
Female,29,67.33573,118.4924,저체중
Male,24,69.82623,138.6881,정상
Male,20,67.099,128.0533,정상
Female,28,68.54065,129.6286,정상
Male,35,71.22829,128.8353,저체중
Male,26,68.5347,130.156,정상
Female,28,69.8437,134.747,정상
Male,20,69.37798,153.3498,정상
Female,34,70.73471,138.6245,정상
Male,18,68.82335,133.9317,정상
Female,35,70.17434,126.2272,저체중
Female,28,67.29725,143.426,정상
Male,25,70.27076,133.5081,정상
Male,34,67.913,133.8764,정상
Male,21,69.54137,134.96,정상
Female,20,68.06886,124.1629,정상
Male,34,70.52222,123.9367,저체중
Male,21,70.17403,135.6413,정상
Female,32,68.48377,132.7352,정상
Female,18,66.5262,100.3805,저체중
Male,25,70.2248,141.5952,정상
Female,21,64.80255,110.9322,정상
Male,28,65.99408,114.0842,저체중
Male,21,70.21852,135.3689,정상
Male,32,64.63526,127.2722,정상
Female,26,69.50261,143.5405,정상
Female,26,67.94257,137.276,정상
Male,28,68.60763,128.7483,정상
Female,25,69.74468,130.9538,정상
Female,20,70.29051,135.602,정상
Male,22,70.17636,150.8629,정상
Female,33,68.32799,127.8796,정상
Female,27,67.90664,123.3323,정상
Male,31,66.83077,123.6567,정상
Female,18,70.27036,133.2441,정상
Female,18,67.19055,127.5741,정상
Female,24,67.9287,111.3912,저체중
Female,20,69.57531,130.2659,정상
Male,33,64.91246,141.2716,정상
Male,29,67.24179,107.9326,저체중
Female,28,66.73326,128.6043,정상
Male,31,66.10658,124.0844,정상
Male,29,66.89731,124.2085,정상
Female,29,69.97557,116.4106,저체중
Male,29,70.44049,139.3889,정상
Female,23,70.11371,150.7673,정상
Female,25,65.99872,134.8482,정상
Female,24,69.95658,144.1677,정상
Male,29,69.63275,130.0907,정상
Male,18,65.33549,121.2849,정상
Male,25,64.6652,121.7053,정상
Female,31,67.6065,133.8331,정상
Female,34,65.23757,127.3737,정상
Male,30,68.93639,127.6957,정상
Female,33,66.24616,130.9438,정상
Female,34,67.52515,118.5495,저체중
Female,32,68.98651,114.9093,저체중
Male,35,68.84443,115.5114,저체중
Male,32,66.88991,109.6227,저체중
Male,32,67.11375,128.4311,정상
Male,32,71.00279,133.4631,정상
Male,23,69.99538,132.4863,정상
Male,21,67.6521,132.338,정상
Male,21,66.61694,121.7505,정상
Male,33,66.12389,115.82,정상
Female,22,68.05366,142.0749,정상
Male,22,67.73026,142.6115,정상
Male,34,66.93791,120.2927,정상
Female,25,70.17167,130.967,정상
Male,34,66.34749,138.2904,정상
Male,25,67.05596,121.2986,정상
Male,35,71.31904,138.9588,정상
Female,29,67.6327,121.2978,정상
Male,23,72.3593,119.509,저체중
Female,18,67.54356,142.1348,정상
Male,26,70.48939,129.9018,저체중
Male,27,68.43258,128.8285,정상
Female,33,64.68129,108.7665,저체중
Female,21,68.47919,134.2212,정상
Male,23,66.57968,124.5066,정상
Male,23,67.2967,129.1762,정상
Male,34,67.20175,121.1701,정상
Male,22,67.02215,131.1607,정상
Female,24,66.46511,119.6751,정상
Male,27,71.67442,139.3237,정상
Male,33,68.5519,143.9093,정상
Female,23,68.65639,120.3063,저체중
Male,25,66.83653,103.4506,저체중
Female,22,70.04256,132.8487,정상
Female,28,65.59915,134.7797,정상
Male,23,67.10442,135.3821,정상
Male,30,67.77316,111.1036,저체중
Female,29,68.32667,115.483,저체중
Male,24,68.48645,123.7207,정상
Female,24,67.03686,116.3024,저체중
Male,32,66.9232,147.3265,정상
Male,29,67.87561,116.4401,저체중
Male,28,67.28113,130.6107,정상
Male,22,66.50314,130.9561,정상
Male,27,68.32476,133.2194,정상
Male,30,70.36394,144.2233,정상
Female,35,65.14779,131.3557,정상
Male,29,68.01902,133.8224,정상
Female,32,68.59083,122.4374,저체중
Male,21,69.04421,130.8801,정상
Male,32,66.88065,124.1543,정상
Female,34,67.38799,139.7979,정상
Female,30,68.35328,123.317,정상
Male,20,68.15364,119.5603,저체중
Male,34,69.75849,142.1927,정상
Male,22,65.42662,119.948,정상
Male,31,67.87629,125.7474,정상
Male,21,69.75726,129.0609,정상
Male,22,65.78923,116.9633,정상
Female,19,67.91269,120.1518,저체중
Male,30,71.07096,143.0026,정상
Male,23,66.99756,122.3414,정상
Male,27,67.22561,120.1531,정상
Male,25,70.72869,157.3854,정상
Female,25,64.74015,108.5634,저체중
Male,19,69.5375,135.2244,정상
Female,27,69.09657,120.9011,저체중
Male,24,67.70209,132.6755,정상
Male,28,68.81677,124.6396,정상
Female,30,68.74628,125.283,정상
Female,26,66.57536,121.695,정상
Male,18,67.1991,127.4141,정상
Male,34,67.24854,123.2395,정상
Female,26,67.80506,124.4279,정상
Male,25,71.97488,138.2571,정상
Female,34,69.89842,143.7624,정상
Female,33,64.42791,112.2905,정상
Female,24,67.95844,137.1145,정상
Male,26,65.51837,133.997,정상
Male,20,65.50773,98.01516,저체중
Female,34,64.52474,113.2789,정상
Female,29,69.0834,130.9646,정상
Male,33,72.04364,141.8397,정상
Male,22,65.09556,108.8232,저체중
Male,26,66.52195,126.2461,정상
Female,23,65.7149,125.2941,정상
Female,30,67.7545,133.7375,정상
Male,35,65.18518,110.504,저체중
Male,22,67.74465,132.5059,정상
Female,21,69.32145,124.9234,저체중
Female,30,70.2348,134.8146,정상
Male,21,67.37761,118.2797,저체중
Female,30,69.67373,119.3944,저체중
Female,29,65.88791,107.4635,저체중
Male,26,67.85004,133.4487,정상
Female,34,66.95893,120.3034,정상
Male,32,68.83336,124.4998,저체중
Female,19,68.49758,132.5462,정상
Female,33,68.7395,122.3993,저체중
Female,18,65.22748,127.1413,정상
Male,24,71.98146,144.7643,정상
Male,34,68.68094,134.0401,정상
Male,30,67.12628,118.6035,정상
Female,26,67.01346,105.0695,저체중
Female,26,66.4542,133.0311,정상
Male,28,67.28432,134.1482,정상
Female,21,70.71591,120.961,저체중
Female,33,67.63227,114.1463,저체중
Male,35,61.827,100.9391,정상
Female,28,66.81603,123.1338,정상
Female,30,66.55006,115.1238,저체중
Female,28,69.87374,132.9684,정상
Male,26,68.88997,133.4733,정상
Male,21,63.86542,88.16618,저체중
Male,22,67.473,134.805,정상
Female,23,69.36134,136.2666,정상
Male,27,67.66722,124.3972,정상
Male,22,64.09691,112.0101,정상
Female,28,70.1153,140.897,정상
Male,22,68.21237,120.1281,저체중
Female,25,68.31802,140.4507,정상
Female,30,66.31876,138.4193,정상
Female,32,65.14711,117.866,정상
Female,34,68.93837,152.8404,정상
Male,32,68.30602,128.9768,정상
Male,31,67.90522,127.8382,정상
Male,18,68.72415,131.8936,정상
Male,31,66.15404,122.0434,정상
Male,27,69.20458,145.5385,정상
Female,19,68.96299,119.937,저체중
Female,22,67.96634,121.1045,저체중
Male,32,68.39281,123.3811,정상
Male,30,67.87168,112.354,저체중
Female,23,66.60248,105.694,저체중
Male,29,66.40671,136.6209,정상
Female,27,71.24337,119.4742,저체중
Female,24,69.85952,130.22,정상
Male,23,66.3421,120.0586,정상
Female,27,68.03653,117.8885,저체중
Female,20,68.44799,125.149,정상
Male,33,,100.7205,
Male,18,65.35281,125.1497,정상
Male,19,68.07168,112.3675,저체중
Female,34,69.37941,117.3375,저체중
Male,18,65.60905,127.3115,정상
Male,32,65.33719,113.8739,정상
Female,35,67.08696,113.6991,저체중
Female,33,68.91007,124.7451,저체중
Male,24,67.21084,130.7168,정상
Male,33,70.46212,127.2606,저체중
Male,24,68.49577,122.6996,저체중
Male,21,69.3828,124.0819,저체중
Female,29,66.9424,99.05577,저체중
Male,28,65.05132,108.3157,저체중
Male,29,64.57878,107.7267,저체중
Female,21,70.02453,106.5897,저체중
Female,19,68.64292,135.4839,정상
Male,33,69.3952,123.3528,저체중
Male,29,64.498,103.1257,저체중
Female,21,68.75748,129.8778,정상
Female,30,70.5535,126.2709,저체중
Female,32,67.55247,107.1793,저체중
Female,23,72.1117,137.8252,정상
Female,25,68.24515,126.9731,정상
Male,25,68.39009,150.2682,정상
Female,24,66.47685,125.4514,정상
Female,29,71.38525,134.2473,정상
Male,29,66.35336,129.886,정상
Male,28,66.6283,131.9099,정상
Male,22,68.15306,131.1771,정상
Female,31,69.33029,133.502,정상
Male,28,68.60209,126.7976,정상
Female,25,69.86885,139.479,정상
Female,34,67.12737,119.6263,정상
Male,18,69.69019,122.2988,저체중
Male,20,67.82449,130.1764,정상
Male,24,66.96219,122.223,정상
Female,29,69.13713,137.5221,정상
Female,19,66.27125,125.5452,정상
Male,27,71.64224,131.3708,저체중
Male,23,66.31753,135.1288,정상
Male,19,71.56528,154.7509,정상
Male,21,68.35767,129.9305,정상
Male,24,64.12801,110.2428,정상
Male,20,70.91483,147.3623,정상
Female,29,70.31161,134.3731,정상
Female,18,67.4626,130.7984,정상
Female,25,70.69375,153.4537,정상
Male,35,69.64298,121.5795,저체중
Female,24,66.12271,121.6818,정상
Male,35,68.91139,134.8144,정상
Female,22,65.59233,139.8298,정상
Male,20,68.39697,131.1997,정상
Female,25,71.08749,127.9353,저체중
Female,30,66.69531,136.8321,정상
Female,27,65.6135,118.7268,정상
Female,20,67.24761,114.7405,저체중
Male,22,63.98366,122.5457,정상
Female,34,67.44473,143.2907,정상
Female,34,69.45442,142.9678,정상
Male,32,66.65284,140.9184,정상
Female,31,66.90633,112.5183,저체중
Male,26,67.36174,132.7616,정상
Male,24,68.85531,113.9658,저체중
Male,23,67.14749,110.8704,저체중
Female,20,68.43251,127.4271,정상
Female,27,66.76784,114.9009,저체중
Male,20,65.88806,106.0497,저체중
Male,19,70.28666,139.7015,정상
Male,20,65.73875,132.1646,정상
Male,20,66.85533,130.9737,정상
Female,25,67.81668,119.0647,저체중
Female,28,66.13711,118.1549,정상
Female,35,67.44496,134.7946,정상
Male,27,70.31339,135.4947,정상
Female,18,69.67229,138.3051,정상
Male,23,68.20788,130.6784,정상
Male,30,69.07866,135.7628,정상
Female,21,69.2147,145.863,정상
Female,35,69.03707,134.3548,정상
Female,28,67.4867,130.712,정상
Male,31,68.65038,130.0623,정상
Female,27,68.47651,117.658,저체중
Male,25,66.81897,125.9835,정상
Female,24,68.62807,128.3296,정상
Male,35,66.49421,100.1453,저체중
Female,29,69.32902,117.3836,저체중
Male,26,66.80477,109.5414,저체중
Female,27,67.45323,117.2084,저체중
Male,32,66.82436,118.9075,정상
Female,34,68.44044,132.5773,정상
Male,28,68.17205,135.7029,정상
Male,25,65.54081,120.4393,정상
Female,35,69.87822,134.6517,정상
Female,22,70.74234,154.9873,정상
Female,23,69.72666,142.6482,정상
Female,24,69.32118,130.9678,정상
Female,26,67.35447,106.6254,저체중
Male,32,71.54135,121.2208,저체중
Female,31,65.76665,122.1748,정상
Male,33,70.40562,142.0761,정상
Male,32,66.07982,104.0078,저체중
Male,20,66.23757,122.995,정상
Female,34,71.08337,141.4795,정상
Male,20,70.71918,137.857,정상
Female,33,66.42899,126.2921,정상
Female,27,69.82743,119.7982,저체중
Female,31,67.2883,132.4893,정상
Female,27,67.54366,134.223,정상
Female,35,68.67346,124.9942,정상
Male,35,69.49291,136.7762,정상
Female,33,65.18689,131.8571,정상
Male,21,68.63243,140.3363,정상
Female,33,65.87434,123.9921,정상
Female,32,69.72791,134.6838,정상
Male,23,68.86516,146.82,정상
Female,31,70.78499,125.1415,저체중
Male,23,71.49315,139.9804,정상
Male,22,68.72414,133.7544,정상
Male,22,68.80062,115.5805,저체중
Male,29,70.09019,125.3692,저체중
Female,29,70.95429,142.1598,정상
Female,23,68.65434,127.7207,정상
Male,29,65.07993,103.2811,저체중
Female,31,67.8804,122.2327,정상
Male,18,68.69267,128.8388,정상
Male,34,66.39305,109.666,저체중
Male,24,68.97105,121.7352,저체중
Male,30,67.51326,122.2808,정상
Male,35,67.77261,124.7638,정상
Male,33,70.49746,131.8233,정상
Male,26,67.34338,131.4508,정상
Male,30,67.12994,128.448,정상
Female,33,67.28063,101.792,저체중
Female,32,67.83278,121.5138,정상
Female,29,66.94744,111.0788,저체중
Male,34,68.83627,125.1171,정상
Female,27,67.17864,126.6733,정상
Male,19,67.94058,129.4379,정상
Female,22,70.92914,135.2796,정상
Female,25,67.86923,111.0826,저체중
Female,35,68.22707,137.6088,정상
Male,22,66.86146,119.7778,정상
Male,35,67.65723,119.8673,저체중
Female,24,68.07379,98.47485,저체중
Female,18,73.59392,145.5716,정상
Male,25,65.40895,128.1772,정상
Female,33,67.07607,142.2548,정상
Female,24,66.89452,117.4998,저체중
Female,30,66.42382,139.1155,정상
Female,26,71.97374,130.8526,저체중
Female,29,67.96789,119.0567,저체중
Male,34,67.25519,116.9952,저체중
Female,29,65.5737,103.2335,저체중
Female,21,69.84429,127.3391,저체중
Male,21,69.55115,125.4512,저체중
Female,27,66.43305,126.9671,정상
Male,35,68.85178,117.5224,저체중
Female,33,66.7244,124.9279,정상
Female,35,68.64607,126.7906,정상
Female,23,63.70431,112.5109,정상
Female,30,68.19205,114.4343,저체중
Female,24,67.64495,120.6396,정상
Male,26,67.69633,129.9412,정상
Female,23,65.56974,97.43419,저체중
Male,32,70.21936,137.3578,정상
Female,20,67.42904,125.3863,정상
Female,30,69.43355,148.2019,정상
Female,22,67.29278,129.8179,정상
Female,32,69.10066,151.9111,정상
Female,20,66.92661,127.0226,정상
Male,18,66.82918,117.5375,정상
Male,32,70.36044,119.1202,저체중
Male,32,64.68454,107.658,저체중
Male,24,68.78039,117.1408,저체중
Male,20,66.3356,132.6665,정상
Female,27,71.05723,148.1894,정상
Male,22,65.98309,107.8979,저체중
Male,28,66.96438,142.4074,정상
Female,19,62.66094,102.5225,저체중
Male,34,66.7604,135.5098,정상
Female,35,69.31698,133.9394,정상
Male,22,66.1443,137.1406,정상
Male,19,65.13872,141.9462,정상
Female,32,68.44832,152.6479,정상
Male,28,69.10624,132.7292,정상
Female,21,68.52832,132.1379,정상
Male,24,68.08132,123.9994,정상
Male,22,68.86629,136.1652,정상
Male,33,66.3787,127.2431,정상
Male,23,67.76213,150.8899,정상
Female,27,65.99674,147.9077,정상
Female,19,65.81136,126.1608,정상
Female,21,67.40505,131.4322,정상
Female,26,66.83229,123.1594,정상
Male,22,68.63507,124.9311,정상
Female,35,62.97683,96.29756,저체중
Male,24,71.24168,132.8696,저체중
Male,19,67.47631,130.3214,정상
Female,23,68.62495,130.4401,정상
Male,27,68.42664,122.2238,저체중
Female,33,65.46691,120.4029,정상
Female,24,68.25073,125.9581,정상
Male,18,67.4445,119.4108,저체중
Male,27,67.1342,126.346,정상
Male,34,68.13306,134.1461,정상
Female,25,65.54906,141.2074,정상
Male,27,71.2458,147.3819,정상
Female,27,69.55894,150.7427,정상
Female,28,67.5101,121.0396,정상
Male,24,67.63941,122.4085,정상
Female,21,64.82273,112.1695,정상
Male,27,69.22052,132.0336,정상
Male,32,69.92432,144.2027,정상
Male,34,66.98924,150.2762,정상
Male,19,68.56214,132.0495,정상
Male,29,66.77559,127.3659,정상
Male,25,68.73691,129.7617,정상
Female,33,66.91012,122.4668,정상
Male,34,67.17807,126.9057,정상
Male,33,69.93152,142.0998,정상
Female,24,69.08901,139.7904,정상
Female,35,70.19955,130.4641,정상
Male,32,68.66485,120.245,저체중
Male,20,67.02561,131.4908,정상
Male,27,64.99279,125.5052,정상
Female,26,69.62365,146.1419,정상
Female,22,68.24774,136.1765,정상
Male,33,66.21311,113.8111,저체중
Female,24,65.83904,132.5109,정상
Female,31,63.6379,123.548,정상
Male,20,70.60624,131.5629,정상
Female,30,68.13407,146.0477,정상
Female,19,69.39546,136.2664,정상
Male,28,68.94134,118.7888,저체중
Female,35,67.38692,130.1127,정상
Female,33,64.89061,111.4397,정상
Male,26,69.9709,145.0628,정상
Female,34,68.5498,143.3518,정상
Male,31,69.27563,137.7491,정상
Male,27,70.71056,161.4436,정상
Female,19,66.4149,112.9923,저체중
Male,32,62.50167,91.57279,저체중
Female,20,68.42081,128.0469,정상
Male,18,71.7836,127.215,저체중
Male,18,66.29355,121.9691,정상
Female,29,66.41854,126.7928,정상
Male,32,67.77764,145.8554,정상
Female,23,67.57821,100.8997,저체중
Male,22,67.89491,114.1335,저체중
Female,35,68.64534,116.5296,저체중
Female,31,69.35841,134.6133,정상
Male,28,68.6794,140.9111,정상
Male,32,69.63578,107.6423,저체중
Male,29,69.1889,141.0582,정상
Male,20,68.96742,145.8354,정상
Female,35,68.61172,139.6006,정상
Female,34,67.52548,120.6988,정상
Male,32,66.15107,105.9052,저체중
Female,34,68.68094,135.0912,정상
Male,33,66.80899,103.3739,저체중
Female,23,68.9321,127.5417,정상
Male,28,67.76799,139.2827,정상
Male,21,66.53111,125.715,정상
Female,27,68.00506,134.7767,정상
Female,31,67.04487,116.2412,저체중
Male,22,70.32864,115.7384,저체중
Female,28,70.16821,137.7695,정상
Female,33,68.70678,132.4533,정상
Female,21,65.97472,118.204,정상
Male,25,69.80446,106.9538,저체중
Female,26,66.69743,126.3104,정상
Male,29,67.64179,116.9737,저체중
Male,24,66.80381,131.6848,정상
Female,31,72.77441,143.1369,정상
Male,25,69.28426,140.4357,정상
Male,21,66.80098,114.5898,저체중
Female,22,69.41988,144.3342,정상
Male,29,66.9729,131.5274,정상
Female,18,68.03946,143.2374,정상
Male,25,69.00818,123.1109,저체중
Male,18,69.2158,148.4322,정상
Female,21,69.63119,130.0823,정상
Male,20,70.09088,145.9827,정상
Male,18,66.70823,124.4015,정상
Female,30,66.09049,121.7826,정상
Female,21,67.75741,126.407,정상
Female,24,65.67362,133.5732,정상
Male,20,67.23266,132.217,정상
Female,31,69.99684,144.2222,정상
Female,28,67.57739,132.6973,정상
Female,34,65.54885,120.8402,정상
Female,30,69.4322,121.8002,저체중
Female,28,66.99743,133.9659,정상
Female,21,67.06971,130.6626,정상
Male,18,64.51039,109.5663,정상
Male,32,71.90727,129.9342,저체중
Male,29,66.98211,119.479,정상
Male,19,68.8868,136.5011,정상
Male,20,67.69444,130.4561,정상
Female,34,70.7424,140.6748,정상
Male,30,69.54554,145.2172,정상
Male,31,69.14821,135.2195,정상
Male,24,66.50703,108.6434,저체중
Male,23,70.29309,127.0521,저체중
Male,30,67.9355,133.4828,정상
Male,24,68.21364,133.9939,정상
Female,31,68.5144,128.0894,정상
Male,33,65.42839,111.4876,저체중
Male,34,67.86424,128.8723,정상
Male,22,63.71868,96.00666,저체중
Male,35,70.61081,123.8097,저체중
Male,25,68.90318,123.7874,저체중
Male,34,70.13475,128.6143,저체중
Female,19,71.46053,152.5282,정상
Male,26,70.03539,120.0435,저체중
Male,19,68.1379,137.3988,정상
Male,18,63.85703,125.0479,정상
Female,32,67.30965,124.9212,정상
Male,30,68.90615,139.2283,정상
Male,18,71.64804,125.3181,저체중
Male,35,68.88111,134.4917,정상
Female,19,69.51423,134.5854,정상
Female,25,68.18086,121.5733,저체중
Male,33,65.69997,110.1231,저체중
Male,34,68.40463,126.7027,정상
Female,24,71.07505,140.2282,정상
Female,32,69.27603,126.8514,정상
Female,32,68.23265,121.7072,저체중
Male,31,68.58259,117.5669,저체중
Female,19,67.36844,127.4011,정상
Female,21,68.28441,122.825,정상
Male,34,69.07799,130.0466,정상
Female,31,67.21276,126.4072,정상
Male,27,64.98716,104.79,저체중
Female,32,66.9179,127.2505,정상
Female,32,67.12818,130.2357,정상
Male,31,66.10688,107.0003,저체중
Male,23,68.57638,125.1795,정상
Male,23,63.93057,112.976,정상
Female,23,69.76564,139.6668,정상
Female,23,68.41106,151.9062,정상
Male,28,66.36876,122.2946,정상
Female,34,70.47793,129.8903,저체중
Male,20,65.4282,121.4682,정상
Male,22,66.03012,135.4752,정상
Male,24,68.0989,130.5315,정상
Male,20,68.65857,146.6697,정상
Male,32,72.01458,129.7612,저체중
Male,31,68.50725,123.4456,저체중
Male,18,69.22753,125.3293,저체중
Male,28,70.19938,140.7101,정상
Male,30,67.04063,124.0582,정상
Female,19,66.98144,121.0401,정상
Male,23,68.71907,120.0657,저체중
Male,20,69.72849,144.2993,정상
Male,18,69.09655,123.9771,저체중
Female,31,69.7738,114.8563,저체중
Male,33,67.75308,130.351,정상
Female,30,67.08285,122.5291,정상
Male,28,71.31542,136.2466,정상
Male,30,70.79423,139.6064,정상
Male,31,68.65088,120.791,저체중
Male,32,70.36812,127.8744,저체중
Male,25,68.9855,117.1791,저체중
Female,19,67.35987,120.6422,정상
Male,35,70.4786,146.8413,정상
Male,19,69.13282,134.3117,정상
Male,31,69.53122,125.177,저체중
Male,29,67.98617,118.3697,저체중
Male,29,67.61576,135.516,정상
Male,27,69.78926,147.2761,정상
Male,22,66.81312,130.7799,정상
Female,23,68.68595,134.9254,정상
Female,33,68.05575,116.4879,저체중
Male,27,67.0537,115.5655,저체중
Male,22,63.55754,127.6591,정상
Male,29,68.02524,131.1121,정상
Female,33,71.55392,137.254,정상
Female,26,67.92525,109.364,저체중
Female,33,68.30782,137.5401,정상
Male,35,69.51542,152.0741,정상
Male,32,67.29902,120.4122,정상
Male,26,68.95044,125.9445,정상
Male,35,66.93895,113.2025,저체중
Female,35,68.33849,111.7251,저체중
Female,30,66.99193,117.526,저체중
Female,34,64.8404,122.1497,정상
Female,33,67.83682,109.6392,저체중
Female,18,69.02802,119.1542,저체중
Male,28,69.41642,112.3215,저체중
Male,23,72.88867,144.9415,정상
Male,29,66.61994,120.0592,정상
Female,27,68.41957,132.3673,정상
Male,21,67.05694,129.4949,정상
Female,25,64.48443,128.3386,정상
Male,35,70.56403,128.5002,저체중
Male,20,67.67847,127.6393,정상
Male,33,68.38258,132.7334,정상
Male,24,68.18807,128.7375,정상
Male,34,67.85684,142.625,정상
Male,34,71.13318,131.6605,저체중
Male,21,65.43111,121.7387,정상
Female,30,69.13164,113.8551,저체중
Female,31,68.69,137.9111,정상
Male,19,70.5797,131.3443,정상
Female,22,68.82262,116.2803,저체중
Female,19,68.39201,111.0592,저체중
Female,20,68.73134,136.7499,정상
Female,34,63.96774,105.3882,저체중
Male,19,67.70227,137.468,정상
Female,22,65.38377,110.8341,저체중
Male,26,66.86451,132.972,정상
Female,29,67.14211,119.5467,정상
Male,25,64.23474,137.3847,정상
Female,30,66.66678,106.7181,저체중
Female,18,68.51504,119.8735,저체중
Male,34,65.93028,115.4797,정상
Male,22,67.37382,118.0422,저체중
Female,25,70.25357,125.9146,저체중
Female,18,70.0309,136.5168,정상
Female,32,66.34973,123.1756,정상
Female,21,69.95254,126.0075,저체중
Male,33,67.47996,129.589,정상
Male,19,68.7086,121.1474,저체중
Female,32,67.00906,134.2455,정상
Male,19,67.72585,106.4953,저체중
Male,35,71.29286,141.0486,정상
Male,33,68.51699,122.1062,저체중
Female,30,66.62695,126.9819,정상
Female,33,67.94829,126.8774,정상
Male,18,66.89987,102.8782,저체중
Female,27,67.42931,133.088,정상
Female,27,68.2914,129.8764,정상
Female,22,65.99699,100.402,저체중
Female,27,70.19978,129.7827,정상
Male,34,67.57201,131.9072,정상
Male,32,63.39936,106.8881,정상
Male,21,69.54182,136.1776,정상
Female,33,66.19251,128.8525,정상
Male,21,65.75415,111.5965,저체중
Male,18,67.57701,130.5393,정상
Male,31,65.91428,121.6722,정상
Male,23,67.43806,132.718,정상
Female,25,65.96746,127.1559,정상
Female,24,67.37888,114.5618,저체중
Male,26,67.09216,107.9098,저체중
Male,30,68.09938,128.7844,정상
Male,29,68.59888,116.9653,저체중
Female,31,64.6891,100.6123,저체중
Female,28,67.80635,119.7824,저체중
Male,29,68.11201,145.058,정상
Male,28,69.98685,114.9373,저체중
Male,25,66.68902,114.2804,저체중
Male,26,69.52482,135.5855,정상
Female,30,65.66648,129.1953,정상
Female,19,69.21321,122.4687,저체중
Female,20,70.13351,140.4419,정상
Female,24,62.90053,128.8516,정상
Female,30,69.52934,106.595,저체중
Male,26,69.16515,156.2241,정상
Female,30,64.9069,109.8341,저체중
Male,35,65.51072,115.8503,정상
Male,31,67.2087,132.4732,정상
Male,19,68.02634,130.6405,정상
Female,33,68.8114,134.7657,정상
Male,32,71.76238,141.3491,정상
Female,28,69.32284,126.9131,정상
Female,19,68.35675,129.7181,정상
Female,24,67.63756,142.1868,정상
Female,18,66.06231,129.2107,정상
Male,33,70.56364,133.1328,정상
Female,21,67.95176,129.1952,정상
Male,21,68.27422,122.074,저체중
Male,18,68.18009,132.0099,정상
Female,31,71.27518,138.9276,정상
Male,28,65.61842,106.7735,저체중
Female,27,69.22954,123.4618,저체중
Female,31,66.69893,121.0699,정상
Female,24,66.66889,111.8507,저체중
Female,31,70.84943,138.1842,정상
Female,23,70.96035,142.1775,정상
Female,30,68.33222,115.3974,저체중
Male,18,70.48522,145.0675,정상
Male,33,66.60999,111.5677,저체중
Male,22,69.34036,139.2212,정상
Male,18,69.4538,118.4412,저체중
Female,20,68.68119,115.3372,저체중
Male,31,66.77448,116.9586,저체중
Female,31,67.07195,117.4971,저체중
Female,34,68.99913,125.8425,정상
Female,24,66.34261,137.5813,정상
Male,33,70.08887,133.1303,정상
Male,24,69.33453,122.7998,저체중
Female,29,65.27707,113.6954,정상
Female,22,70.02681,143.2139,정상
Female,25,68.94689,132.8988,정상
Female,26,66.65913,122.1781,정상
Male,20,66.79488,109.0563,저체중
Female,20,67.90679,111.664,저체중
Male,19,67.10869,122.2714,정상
Male,25,70.27947,136.6405,정상
Female,20,64.55087,124.048,정상
Female,34,71.15681,141.6004,정상
Male,24,68.5655,123.6268,저체중
Female,22,65.48782,127.7492,정상
Male,25,67.74423,125.1475,정상
Female,21,66.83599,136.7083,정상
Female,19,67.95903,115.2646,저체중
Female,35,66.72479,110.7445,저체중
Female,21,70.98626,143.4517,정상
Female,20,66.92733,126.7084,정상
Male,35,67.5508,129.1005,정상
Male,31,65.12646,113.8691,정상
Male,30,69.52241,112.2243,저체중
Female,32,67.01183,119.4125,정상
Male,27,68.04173,118.3399,저체중
Male,34,68.01268,132.8762,정상
Female,31,62.53035,118.2221,정상
Female,31,70.50733,125.0036,저체중
Female,22,62.05222,120.4365,정상
Female,33,65.71906,133.3052,정상
Male,35,67.78391,127.5209,정상
Female,31,67.33371,125.0801,정상
Female,34,67.91253,132.1946,정상
Male,27,67.30735,132.4663,정상
Female,26,69.08878,123.8895,저체중
Male,25,65.76843,114.4506,정상
Female,35,71.64487,135.5309,정상
Female,34,66.25808,113.4446,저체중
Female,28,64.36476,116.8191,정상
Female,22,68.6548,142.4832,정상
Female,32,68.95971,144.5926,정상
Male,23,70.20612,138.5105,정상
Male,21,70.57061,147.3327,정상
Male,35,69.44979,123.2579,저체중
Female,23,70.52781,133.765,정상
Male,25,66.10873,117.6254,정상
Male,31,69.08755,133.9543,정상
Female,26,66.78469,134.3005,정상
Female,29,71.75464,156.2319,정상
Male,26,69.13771,134.5773,정상
Male,26,66.37631,135.2777,정상
Male,24,69.74647,122.6657,저체중
Female,22,68.98829,130.2543,정상
Male,28,68.13136,149.3854,정상
Male,33,66.75278,137.7469,정상
Female,23,69.8914,129.1302,정상
Male,18,67.96866,138.8191,정상
Female,35,67.21946,131.7829,정상
Female,19,68.80103,130.3331,정상
Female,22,68.8093,124.482,저체중
Female,26,68.65306,127.3968,정상
Male,34,67.87452,130.8625,정상
Male,19,68.70597,122.373,저체중
Male,21,67.1432,123.2538,정상
Male,25,69.18709,126.7873,정상
Female,32,70.99521,133.4597,정상
Female,18,67.95264,132.5607,정상
Female,25,68.91363,119.3353,저체중
Female,27,69.8465,140.0139,정상
Male,24,66.93742,135.168,정상
Female,28,70.11408,124.4536,저체중
Male,23,67.60622,114.6471,저체중
Female,27,66.39876,122.4132,정상
Male,34,69.57104,133.4373,정상
Female,24,70.09709,123.9662,저체중
Female,35,67.25205,129.9541,정상
Male,31,71.43798,155.874,정상
Male,29,69.21724,123.3436,저체중
Male,33,67.56125,127.1117,정상
Female,27,67.90888,128.6947,정상
Male,31,69.3568,121.2005,저체중
Female,32,67.50241,135.2608,정상
Female,35,68.60586,132.9409,정상
Male,26,68.2366,129.2684,정상
Male,31,68.56842,122.7771,저체중
Male,32,69.21836,125.1624,저체중
Female,34,67.53883,126.2731,정상
Male,22,70.67327,147.01,정상
Female,23,64.2879,112.1385,정상
Male,18,68.46678,124.5944,정상
Female,24,66.73882,131.1966,정상
Female,20,70.55971,129.4913,저체중
Male,33,67.84481,137.5206,정상
Female,34,67.01079,114.7508,저체중
Male,32,65.99934,133.4685,정상
Male,32,68.58547,146.8673,정상
Male,34,68.81542,125.8746,정상
Female,35,67.93911,120.2009,저체중
Female,26,68.93217,118.3246,저체중
Female,27,69.23922,143.7294,정상
Female,35,67.79848,115.8199,저체중
Male,29,68.65821,125.5767,정상
Male,25,71.49199,161.906,정상
Female,32,65.53287,111.1526,저체중
Male,26,71.32373,137.6824,정상
Female,35,69.91417,140.2723,정상
Female,18,66.6972,121.9527,정상
Male,31,70.85386,154.6366,정상
Female,20,70.49105,124.3354,저체중
Male,19,66.27006,138.3716,정상
Male,30,68.42409,116.2243,저체중
Female,35,68.50301,111.7963,저체중
Female,35,68.49217,124.5766,정상
Male,32,68.09457,134.955,정상
Female,27,66.31346,136.7885,정상
Female,24,68.98854,129.8207,정상
Male,33,67.05772,126.8982,정상
Male,33,73.192,135.5029,저체중
Male,24,67.57593,114.2885,저체중
Male,19,66.45283,116.0452,저체중
Female,18,66.91061,140.4039,정상
Female,23,69.70103,156.9321,정상
Male,34,68.56368,122.4036,저체중
Male,34,68.88525,121.0687,저체중
Female,32,71.81982,113.7783,저체중
Female,31,68.90203,140.996,정상
Male,35,67.3832,121.1426,정상
Female,21,66.76526,113.7805,저체중
Male,28,67.09286,109.4495,저체중
Male,21,66.22802,120.2049,정상
Male,20,68.25939,123.1291,정상
Female,26,69.60131,135.8837,정상
Female,28,64.74935,89.95606,저체중
Male,24,69.34369,126.1819,저체중
Male,24,69.9412,139.8169,정상
Male,19,68.28392,115.4109,저체중
Male,27,69.34393,140.1904,정상
Male,18,66.55206,125.5455,정상
Female,27,66.75602,118.3912,정상
Female,34,66.35767,111.1497,저체중
Female,19,66.73085,119.8054,정상
Female,23,65.89961,122.6803,정상
Male,18,67.4191,143.7547,정상
Female,32,68.24369,131.5036,정상
Male,20,66.7219,103.6644,저체중
Male,32,70.74214,130.2358,저체중
Male,18,67.20501,126.207,정상
Female,25,70.21431,132.2408,정상
Female,30,64.26213,119.1471,정상
Male,31,67.14367,97.69037,저체중
Male,27,68.72736,124.143,저체중
Female,32,68.55679,102.8629,저체중
Male,21,66.29825,126.6865,정상
Male,31,68.72175,133.4487,정상
Female,28,69.87889,139.1403,정상
Male,22,65.49782,133.31,정상
Female,24,68.17108,110.079,저체중
Female,20,66.70977,119.4087,정상
Male,26,65.56874,125.6166,정상
Female,25,69.49271,132.6257,정상
Male,32,69.51683,141.4084,정상
Male,24,66.7906,143.8571,정상
Male,24,70.21997,121.1117,저체중
Female,30,70.24793,129.4589,저체중
Male,35,67.80678,141.4006,정상
Female,32,70.97413,128.1364,저체중
Male,27,69.75903,155.8943,정상
Male,32,69.15573,139.2332,정상
Male,24,68.27188,140.4572,정상
Female,32,67.52736,120.8998,정상
Male,24,68.11677,131.2058,정상
Male,35,65.96669,134.5409,정상
Male,28,68.82825,125.8735,정상
Male,30,67.64802,128.2415,정상
Male,29,,129.7301,
Male,35,67.92216,108.3181,저체중
Female,34,70.16196,114.9037,저체중
Female,34,66.40088,126.6422,정상
Female,27,67.98154,135.6363,정상
Female,24,64.99081,116.9649,정상
Male,32,,142.0447,
Female,20,63.2937,119.9139,정상
Female,27,67.63379,150.7738,정상
Male,19,68.18959,140.7606,정상
Male,25,68.28412,124.5525,정상
Female,31,66.9256,136.9907,정상
Female,21,68.68962,116.8921,저체중
Female,34,69.26219,124.0692,저체중
Male,20,69.7399,137.5653,정상
Female,18,69.78169,124.2681,저체중
Male,30,68.89306,118.0353,저체중
Male,25,65.92005,129.992,정상
Female,32,69.67499,114.8889,저체중
Male,35,70.18064,120.8334,저체중
Female,18,68.31191,128.3317,정상
Male,18,69.27083,118.5856,저체중
Male,18,69.94767,125.403,저체중
Female,32,63.84479,111.7573,정상
Female,20,69.72054,125.5533,저체중
Female,20,69.6911,117.1674,저체중
Male,33,68.25765,132.8261,정상
Female,24,66.49187,125.1728,정상
Male,23,66.2833,121.768,정상
Female,27,69.49919,123.5578,저체중
Male,33,66.78395,153.494,정상
Female,32,69.53808,152.2727,정상
Female,22,68.26418,137.6226,정상
Female,35,70.75474,138.2314,정상
Male,25,66.34255,135.4049,정상
Male,20,70.56467,121.9766,저체중
Female,20,67.88689,142.8679,정상
Female,19,67.40779,110.0451,저체중
Male,23,70.88991,141.9247,정상
Female,25,68.45421,122.053,저체중
Male,28,72.14473,138.8158,정상
Female,25,67.65045,125.5035,정상
Female,20,68.39678,132.4804,정상
Male,23,72.84591,136.0289,저체중
Male,29,67.78233,125.8292,정상
Male,21,66.10641,109.5937,저체중
Male,27,70.18598,127.0676,저체중
Female,22,65.30154,132.5025,정상
Male,20,67.26947,124.3345,정상
Male,27,70.78309,151.569,정상
Female,21,65.97508,132.6737,정상
Male,19,70.00396,110.0049,저체중
Male,35,67.10731,97.30055,저체중
Male,19,67.53817,121.8995,정상
Female,32,68.50307,128.1864,정상
Male,26,65.67232,122.9823,정상
Female,35,66.09352,127.0341,정상
Female,28,68.5779,138.1229,정상
Female,26,68.91832,125.8024,정상
Female,18,66.54757,118.9779,정상
Female,35,66.30367,106.1037,저체중
Female,21,67.09517,139.1474,정상
Female,22,67.48033,133.0521,정상
Female,28,68.6264,126.1881,정상
Male,31,67.43831,121.3548,정상
Female,29,66.67599,122.0323,정상
Male,24,64.52116,121.3941,정상
Female,26,69.79005,143.503,정상
Male,23,67.22173,122.6996,정상
Male,18,66.4933,115.2943,저체중
Male,22,65.26414,120.4538,정상
Female,28,66.56788,127.3631,정상
Male,19,65.89813,121.6184,정상
Male,34,69.70797,127.6245,저체중
Male,24,67.9721,113.4425,저체중
Female,32,65.86077,98.2528,저체중
Female,22,65.02716,125.143,정상
Female,34,68.48686,143.42,정상
Female,32,67.99138,125.5912,정상
Male,31,70.2878,140.5505,정상
Male,19,67.29468,123.9692,정상
Female,25,68.26174,113.2655,저체중
Female,33,72.25625,136.0435,저체중
Male,19,65.0702,119.358,정상
Female,27,71.08894,135.0485,정상
Female,32,68.25279,133.0544,정상
Male,19,66.785,128.2321,정상
Male,25,67.62555,116.0675,저체중
Female,18,63.94658,121.0392,정상
Female,24,68.94779,124.4974,저체중
Female,20,67.64244,135.1131,정상
Female,25,68.50966,138.6605,정상
Female,34,68.9745,118.8841,저체중
Female,23,65.93037,139.6622,정상
Male,32,68.82556,139.9606,정상
Female,22,67.93484,121.858,정상
Male,29,66.37528,118.5364,정상
Female,30,67.22561,137.6765,정상
Female,29,68.95225,127.904,정상
Male,24,65.27908,117.0884,정상
Male,32,67.65755,123.9277,정상
Male,25,66.69201,116.5055,저체중
Male,21,65.78102,104.7543,저체중
Male,19,68.07045,129.6798,정상
Male,27,69,135.3616,정상
Female,32,69.10487,126.5316,정상
Male,27,72.13193,161.0239,정상
Male,23,70.90373,145.6269,정상
Male,31,67.86807,122.0075,정상
Male,29,67.43892,131.4767,정상
Female,24,69.43118,133.454,정상
Male,33,67.10359,119.217,정상
Female,22,70.18149,147.2307,정상
Male,18,67.38918,139.7066,정상
Female,35,70.45714,139.7301,정상
Male,19,68.63421,115.9739,저체중
Female,29,65.62218,136.3392,정상
Male,19,67.06349,123.1228,정상
Male,22,67.30641,98.95785,저체중
Female,21,65.46606,106.7027,저체중
Female,25,66.53001,121.2127,정상
Male,20,67.3778,114.9383,저체중
Female,33,69.32271,115.2415,저체중
Female,22,66.7957,128.4932,정상
Female,25,65.32407,114.5338,정상
Male,27,66.55935,121.121,정상
Female,20,66.00505,126.9795,정상
Male,28,69.59739,152.8693,정상
Male,22,66.09583,120.371,정상
Female,21,69.36726,118.9293,저체중
Female,25,72.00809,144.9995,정상
Female,32,66.88928,110.721,저체중
Male,27,66.40722,123.5727,정상
Male,25,65.5385,119.9828,정상
Male,19,69.55926,138.0278,정상
Female,18,69.81405,122.6454,저체중
Male,33,69.91993,144.7208,정상
Male,31,70.0879,122.9645,저체중
Female,28,66.23051,99.104,저체중
Female,26,67.61818,141.2592,정상
Female,18,68.58143,125.3615,정상
Female,33,68.15695,126.2308,정상
Female,28,67.512,126.9866,정상
Male,20,70.76552,142.9296,정상
Female,22,69.26234,143.2527,정상
Male,25,68.32817,132.7759,정상
Female,28,69.51257,113.2856,저체중
Male,25,70.02706,129.0559,정상
Male,34,,115.5469,
Male,21,69.03162,142.6512,정상
Female,29,67.60125,125.5298,정상
Female,27,69.25415,127.9935,정상
Male,21,68.10161,115.5621,저체중
Male,33,67.65047,123.7327,정상
Male,28,,136.3127,
Male,35,68.41146,131.7994,정상
Male,18,67.37012,109.7773,저체중
Male,22,66.75139,123.746,정상
Male,34,67.13334,121.373,정상
Male,25,67.77926,110.8057,저체중
Female,23,66.97201,112.4094,저체중
Female,27,69.62951,130.6875,정상
Male,34,67.00845,122.5204,정상
Male,32,65.84782,110.4676,저체중
Male,20,68.74982,137.4344,정상
Male,24,63.46219,131.6278,정상
Male,30,68.28298,121.9196,저체중
Female,18,69.08611,128.7246,정상
Female,30,67.51138,126.3069,정상
Male,32,67.91991,122.2827,정상
Female,30,70.05535,142.0311,
Female,35,67.11741,111.0611,저체중
Male,27,68.90664,,
Male,23,67.97481,124.2253,정상
Male,31,69.82979,149.1322,정상
Female,33,68.87782,132.1464,정상
Male,21,68.62969,131.2994,정상
Female,32,,148.0963,
Male,30,67.85369,120.7737,저체중
Male,26,67.06235,133.1606,정상
Male,25,70.25943,134.5582,정상
Male,34,69.18391,131.2755,정상
Female,23,69.92206,129.2742,정상
Female,32,70.78492,146.6769,정상
Female,31,70.76045,134.0286,정상
Female,29,70.82053,141.0171,정상
Male,24,67.72934,124.2418,정상
Female,23,67.43639,129.3814,정상
Female,25,64.30312,99.33579,저체중
Female,29,64.88648,113.0468,정상
Female,28,63.01244,101.7311,저체중
Male,26,67.53395,144.4339,정상
Female,34,64.22026,127.7241,정상
Male,25,68.28249,116.6627,저체중
Male,23,70.01457,121.0093,저체중
Female,35,65.91743,138.7636,정상
Male,33,67.71394,125.1313,정상
Female,26,66.88127,124.8587,정상
Male,20,69.52967,131.1727,정상
Female,31,67.75601,135.348,정상
Male,23,69.49112,154.7671,정상
Female,26,70.22138,141.0964,정상
Male,31,67.96935,127.4981,정상
Male,26,68.11017,128.5156,정상
Male,33,67.92721,127.1976,정상
Male,24,66.16473,127.8607,정상
Female,19,69.99519,143.375,정상
Male,30,71.32358,121.5075,저체중
Male,31,66.49822,113.8888,저체중
Male,27,70.42992,146.1728,정상
Female,23,68.25325,136.8917,정상
Male,24,69.59837,135.2368,정상
Male,32,67.38237,106.1247,저체중
Male,35,69.63917,135.771,정상
Female,27,67.21378,112.4521,저체중
Female,30,65.34452,111.6073,저체중
Female,18,68.45655,148.5671,정상
Female,19,68.20121,137.8471,정상
Female,18,68.83192,132.2195,정상
Male,25,67.9535,149.5604,정상
Male,27,67.56446,148.7404,정상
Female,30,71.56432,139.6887,정상
Female,34,68.20903,117.3667,저체중
Female,18,67.06256,135.0763,정상
Female,24,68.82025,126.8315,정상
Female,31,71.58552,134.0719,저체중
Male,35,70.89583,103.5093,저체중
Male,20,69.64793,131.3787,정상
Male,25,66.45609,123.3787,정상
Male,33,69.56363,141.0351,정상
Female,27,69.23708,133.7008,정상
Male,33,65.9631,121.1477,정상
Female,20,68.3926,118.928,저체중
Male,22,70.81159,143.5666,정상
Male,33,70.25802,126.5308,저체중
Female,28,68.9312,144.6893,정상
Female,29,66.2989,110.7134,저체중
Female,30,72.15283,146.939,정상
Male,24,68.20211,109.0779,저체중
Male,25,69.1044,140.5917,정상
Male,29,67.85693,134.4135,정상
Female,22,67.39485,118.5645,저체중
Female,24,69.13842,118.8077,저체중
Female,18,66.3523,150.3613,정상
Male,28,71.42226,121.618,저체중
Female,32,72.04165,150.4715,정상
Female,30,71.05928,134.4648,정상
Female,31,68.92866,140.0844,정상
Female,26,66.87497,131.2338,정상
Female,27,66.36569,112.5793,저체중
Female,32,68.14086,119.4189,저체중
Male,27,66.96983,123.9473,정상
Male,34,67.54357,116.4046,저체중
Male,27,70.77658,136.8102,정상
Female,33,68.23718,118.8886,저체중
Male,26,65.53862,113.2725,정상
Male,28,70.74761,129.527,저체중
Female,18,67.55223,124.4289,정상
Male,34,70.84812,150.4496,정상
Male,25,64.4822,134.1656,정상
Male,21,67.42974,122.2538,정상
Male,28,68.7509,119.9506,저체중
Female,33,67.83374,134.5717,정상
Male,21,63.90073,116.8635,정상
Male,25,70.12934,134.9922,정상
Male,22,66.37869,100.5167,저체중
Male,22,68.9421,118.0776,저체중
Male,26,70.85312,134.9686,정상
Male,33,64.83967,117.0881,정상
Male,22,67.11542,128.8033,정상
Female,19,68.74812,134.275,정상
Female,18,67.68923,123.2354,정상
Male,34,66.62519,110.3765,저체중
Female,27,69.52379,122.3171,저체중
Female,26,72.60803,150.6268,정상
Male,25,66.8619,129.2457,정상
Female,26,67.23587,135.0301,정상
Female,20,66.98288,118.3685,정상
Female,30,68.17128,116.8477,저체중
Male,21,67.3241,128.0642,정상
Male,33,71.1372,144.0187,정상
Male,23,71.27594,,
Male,18,68.39965,117.7892,저체중
Male,22,68.89269,144.723,정상
Male,35,66.61543,119.0238,정상
Male,21,67.87792,127.064,정상
Male,23,68.88772,131.1342,정상
Female,30,65.0809,118.9592,
Male,22,65.78164,,
Female,18,69.07443,130.0005,정상
Female,31,67.69871,127.2036,정상
Male,33,68.07915,151.4387,정상
Male,30,71.94398,122.1514,저체중
Male,27,70.07901,134.6456,정상
Male,20,65.88124,128.5412,
Female,21,67.77076,134.9165,정상
Male,31,72.69153,141.1027,정상
Female,30,69.03806,126.5811,정상
Female,30,65.71193,136.4266,정상
Male,31,66.44909,127.9841,정상
Female,29,68.37502,145.2352,정상
Male,30,68.09913,108.097,저체중
Male,21,67.05164,116.4216,저체중
Female,25,69.4034,136.0425,정상
Female,28,,102.6161,
Male,24,69.2529,134.5586,정상
Female,28,68.32439,134.5378,정상
Female,24,72.56715,134.0677,저체중
Female,18,67.16006,114.3012,저체중
Male,25,69.91344,139.9068,정상
Female,18,69.25259,,
Female,31,62.57176,116.0712,정상
Male,27,68.71931,130.8788,정상
Female,35,67.1141,,
Female,29,67.42686,130.3149,정상
Female,21,,109.2928,
Female,28,65.97118,127.5532,정상
Female,18,68.29677,125.902,정상
Female,18,67.4216,137.4702,정상
Female,26,68.18813,119.2532,저체중
Male,29,66.22803,117.0998,정상
Male,32,67.71768,135.8263,정상
Male,20,69.80841,122.2657,저체중
Female,35,67.72574,110.1562,저체중
Female,29,69.0302,122.5569,저체중
Male,31,66.72956,96.99228,저체중
Male,32,66.46165,97.49168,저체중
Male,33,64.83455,114.8982,정상
Female,26,65.70127,112.5822,저체중
Female,32,68.87993,122.4194,저체중
Male,30,69.96137,131.7487,정상
Male,24,65.23797,114.4665,정상
Male,33,67.01631,114.5892,저체중
Female,19,70.19731,135.6892,정상
Female,30,66.3049,114.8127,저체중
Male,19,64.12913,105.3937,저체중
Female,29,68.18283,133.3447,정상
Female,20,67.67028,135.6944,정상
Male,32,68.87122,136.7085,정상
Female,25,65.48468,114.5325,정상
Male,29,67.5644,116.5703,저체중
Male,32,70.59715,135.872,정상
Female,32,65.17748,115.0443,정상
Female,34,71.057,126.792,저체중
Female,24,67.06806,129.769,정상
Male,30,68.01857,122.0285,정상
Male,18,67.53436,103.3526,저체중
Male,32,68.2649,140.749,정상
Male,29,68.76502,116.1648,저체중
Female,32,69.56514,144.1114,정상
Female,18,68.47043,120.0682,저체중
Female,33,66.97456,139.6484,정상
Female,20,67.78233,142.2416,정상
Male,19,71.97165,146.9815,정상
Female,31,67.87652,134.4355,정상
Female,20,67.37003,129.7164,정상
Male,26,65.51123,124.857,정상
Male,25,66.43394,121.4185,정상
Female,25,68.50863,118.6061,저체중
Female,21,65.99469,123.818,정상
Female,23,67.65941,125.8492,정상
Male,21,68.16997,120.6193,저체중
Female,35,68.01948,117.5951,저체중
Female,18,67.1946,136.9306,정상
Male,32,70.9964,136.1914,정상
Female,33,71.25473,125.2789,저체중
Female,33,68.45711,126.4985,정상
Male,20,66.9254,111.3531,저체중
Male,28,66.96343,129.305,정상
Female,30,68.34578,141.5014,정상
Female,30,68.59318,137.2555,정상
Female,28,65.71377,129.8145,정상
Male,26,70.41312,124.1318,저체중
Female,26,70.03799,133.8807,정상
Male,26,67.56852,109.6435,저체중
Male,22,71.64191,134.8014,저체중
Male,31,65.92905,116.835,정상
Male,27,67.36226,129.5522,정상
Female,30,68.135,132.4818,정상
Female,19,65.26581,114.4764,정상
Male,20,68.22857,97.6209,저체중
Male,33,70.04585,129.0328,저체중
Female,21,68.69432,127.4449,정상
Female,29,70.301,122.6477,저체중
Female,24,67.26421,130.2722,정상
Female,23,69.85285,118.5515,저체중
Male,19,71.63372,154.6085,정상
Male,29,67.21655,131.0217,정상
Female,25,70.02939,120.2406,저체중
Female,33,65.5687,124.9128,정상
Male,32,65.25174,112.4398,정상
Male,32,65.929,114.4281,정상
Female,30,67.14311,115.7168,저체중
Female,25,66.49901,125.9384,정상
Male,18,70.93967,125.3897,저체중
Male,33,66.52816,136.1073,정상
Female,28,69.84944,138.9535,정상
Male,29,65.96939,139.4453,정상
Female,35,68.40828,117.9883,저체중
Female,35,67.60775,124.6082,정상
Female,25,70.31889,126.6473,저체중
Female,30,67.2128,132.4211,정상
Male,26,66.21903,140.6382,정상
Female,30,70.83652,142.9636,정상
Female,34,64.87568,112.136,정상
Male,26,68.41633,123.2201,정상
Female,25,67.53817,118.8005,저체중
Male,21,68.45528,143.2071,정상
Male,29,69.47681,126.8002,저체중
Female,29,68.64769,137.4465,정상
Female,19,68.03199,127.1805,정상
Male,29,67.08338,116.2853,저체중
Male,24,72.59665,165.69,정상
Female,20,68.18865,127.3957,정상
Male,34,66.73669,130.1419,정상
Male,27,68.34888,134.0523,정상
Male,35,65.38285,109.3722,저체중
Male,27,70.40366,123.1378,저체중
Female,35,68.0996,134.1465,정상
Female,22,68.73681,139.88,정상
Female,31,66.70503,108.05,저체중
Female,35,66.91609,127.735,정상
Male,27,67.71304,142.4622,정상
Female,21,67.09454,118.5795,정상
Male,23,70.10587,140.6171,정상
Female,33,67.63564,116.2521,저체중
Female,24,69.59775,114.9682,저체중
Male,29,63.31969,116.6964,정상
Female,20,67.50844,125.711,정상
Male,34,64.22298,124.6074,정상
Female,27,68.1793,126.4246,정상
Female,30,68.55696,127.6106,정상
Female,33,70.15891,137.2941,정상
Male,29,68.97198,129.8513,정상
Female,30,69.88406,138.7922,정상
Male,27,67.74655,126.6633,정상
Female,34,68.93411,142.0475,정상
Female,31,67.07117,127.948,정상
Female,31,66.84105,121.3274,정상
Male,24,67.96232,110.604,저체중
Female,28,66.81235,134.9879,정상
Male,20,67.54297,137.6693,정상
Male,18,67.11473,140.6498,정상
Male,33,67.44452,130.1931,정상
Male,31,67.47722,121.0267,정상
Female,20,69.4803,132.4652,정상
Female,26,64.54045,112.5734,정상
Female,33,67.05092,156.3107,정상
Female,34,67.46141,117.9935,저체중
Male,30,71.26722,131.7057,저체중
Female,35,68.42653,124.6422,정상
Female,25,66.41842,111.3519,저체중
Male,33,65.59731,128.8394,정상
Female,30,70.03197,137.246,정상
Male,22,67.08672,135.7636,정상
Male,29,70.89503,130.5971,저체중
Male,27,68.59771,144.4514,정상
Female,33,71.63118,153.4787,정상
Male,30,64.39522,93.13802,저체중
Female,28,71.59533,138.6555,정상
Male,27,70.78851,147.8683,정상
Male,30,66.42758,133.9707,정상
Male,29,66.85979,122.2792,정상
Male,26,67.44995,110.9694,저체중
Male,18,71.7881,144.1019,정상
Female,20,65.40377,123.0822,정상
Male,32,68.96921,135.9892,정상
Male,19,66.02056,111.7557,저체중
Female,30,67.01558,122.3018,정상
Female,28,65.98015,132.4379,정상
Female,20,69.99987,131.8418,정상
Female,31,72.77006,145.7023,정상
Male,32,69.19937,128.6703,정상
Male,22,68.33541,130.0217,정상
Female,18,65.90805,110.325,저체중
Female,26,70.4214,118.5469,저체중
Female,23,64.65961,126.5912,정상
Male,21,68.52782,145.3248,정상
Male,23,65.43216,132.3232,정상
Male,30,68.28139,120.4382,저체중
Male,33,67.97639,122.7008,정상
Female,21,67.1216,123.1906,정상
Female,30,68.9888,130.4923,정상
Female,24,72.31685,130.7836,저체중
Female,29,71.48421,116.0402,저체중
Female,20,68.65529,131.0603,정상
Male,29,67.11382,128.0532,정상
Female,24,68.62405,137.5614,정상
Female,21,67.85068,138.8061,정상
Female,26,69.48292,129.8207,정상
Female,31,70.50328,143.8129,정상
Male,21,64.33619,113.6534,정상
Male,23,68.29958,134.9162,정상
Male,31,67.4218,122.3882,정상
Male,34,67.9999,118.3824,저체중
Female,27,65.63699,92.23364,저체중
Female,30,67.0808,107.6561,저체중
Female,20,68.91211,118.4631,저체중
Female,35,63.59144,128.4961,정상
Female,29,68.81852,150.2385,정상
Male,35,65.96684,139.8666,정상
Male,20,68.01035,122.6358,정상
Female,18,67.85106,131.9627,정상
Female,28,71.04479,120.0601,저체중
Male,29,67.7153,127.9327,정상
Female,30,67.84737,124.7808,정상
Female,21,67.83905,112.9329,저체중
Male,25,69.74146,147.4557,정상
Female,28,67.97724,117.8599,저체중
Female,25,,128.2833,
Female,33,66.84059,127.2334,정상
Female,26,68.48567,132.5849,정상
Female,29,68.14535,126.5979,정상
Male,18,65.41341,114.3991,정상
Male,23,70.53582,139.0164,정상
Male,20,69.15586,115.9193,
Female,25,66.44247,117.9539,정상
Male,27,66.25178,120.6345,정상
Female,22,69.06165,131.7664,정상
Female,19,67.22249,125.729,정상
Female,20,66.43324,129.5693,정상
Female,22,,130.8579,
Female,21,68.44759,124.3484,정상
Female,26,70.12447,138.252,정상
Female,23,69.8081,119.0553,저체중
Male,27,66.66426,111.126,저체중
Female,34,69.07965,124.0522,저체중
Female,35,65.75374,127.0394,정상
Female,19,67.98129,133.4278,정상
Male,35,67.91274,136.145,정상
Female,25,70.14506,127.6122,저체중
Female,25,71.66221,143.7339,정상
Female,21,67.31462,126.7645,정상
Female,21,66.85489,125.1375,정상
Male,22,66.2073,127.1956,정상
Male,31,67.88187,127.862,정상
Female,33,69.45561,122.6111,저체중
Female,19,69.68169,129.665,정상
Female,34,66.81274,120.6235,정상
Male,30,67.39812,120.5257,정상
Female,24,68.31286,127.2671,정상
Female,18,68.85197,127.0149,정상
Female,24,70.87098,136.8526,정상
Male,20,69.29233,138.6572,정상
Female,27,68.53017,120.753,저체중
Female,19,66.20327,126.655,정상
Male,27,69.44148,139.7399,정상
Male,23,65.62755,111.5919,저체중
Female,26,70.36911,144.6446,정상
Male,19,68.25511,126.5607,정상
Female,35,70.74579,137.4108,정상
Female,27,69.32344,129.5371,정상
Male,34,72.37667,135.5361,저체중
Male,28,66.5913,126.8375,정상
Male,18,68.1977,108.343,저체중
Male,23,67.73534,132.0269,정상
Male,35,65.65796,135.0314,정상
Male,31,68.33944,126.1502,정상
Male,29,67.98774,126.5783,정상
Male,27,68.54596,132.9952,정상
Male,22,68.38063,122.207,저체중
Female,29,70.22056,140.0847,정상
Female,27,70.02586,143.8558,정상
Female,33,67.93956,129.5068,정상
Male,32,66.14777,133.4099,정상
Female,30,70.69657,133.1874,정상
Female,34,68.46672,116.0821,저체중
Male,23,66.11868,107.6714,저체중
Female,18,68.98878,119.9309,저체중
Male,18,65.43912,110.8787,저체중
Female,23,69.24822,122.2722,저체중
Male,27,66.94932,119.4308,정상
Male,32,69.8028,155.9683,정상
Female,19,70.60933,134.2835,정상
Female,28,64.78426,96.84397,저체중
Female,30,66.84264,111.5454,저체중
Female,19,68.86833,132.5776,정상
Female,20,66.94365,122.2372,정상
Female,21,68.80139,114.8579,저체중
Female,18,68.53662,138.1599,정상
Male,29,67.54398,115.7562,저체중
Male,31,65.80968,107.5309,저체중
Male,19,69.44019,146.7688,정상
Female,26,72.46054,139.538,정상
Male,26,67.09188,119.9537,정상
Female,29,71.46543,129.3841,저체중
Female,23,66.06765,112.5487,저체중
Male,20,70.96886,145.5672,정상
Male,21,68.75285,140.7801,정상
Female,20,65.12147,132.9884,정상
Female,25,69.29005,137.3932,정상
Male,31,69.67431,128.0475,정상
Male,35,67.58498,125.6642,정상
Male,22,63.26666,109.048,정상
Male,33,66.60384,138.8578,정상
Male,30,66.83134,146.1347,정상
Female,25,65.56701,106.8728,저체중
Female,22,69.4336,141.0332,정상
Male,32,69.83412,137.6869,정상
Male,32,66.49534,128.6661,정상
Female,29,69.30191,136.9649,정상
Female,29,70.37349,131.559,정상
Male,24,68.28454,107.5659,저체중
Male,29,67.51385,122.6429,정상
Male,26,67.58383,117.5512,저체중
Male,34,68.68046,132.6414,정상
Female,21,68.31025,107.7211,저체중
Female,30,66.68274,117.1056,정상
Male,34,69.13988,109.5238,저체중
Female,28,66.6069,107.7197,저체중
Female,21,67.71554,117.3417,저체중
Female,32,72.5178,142.1602,정상
Female,33,70.39659,133.5727,정상
Male,32,65.92367,110.1202,저체중
Male,31,68.63932,141.4085,정상
Male,18,66.27944,102.8787,저체중
Male,35,68.09404,107.0729,저체중
Male,25,62.77861,110.8067,정상
Female,29,66.02558,123.5278,정상
Female,25,69.11022,122.7845,저체중
Male,33,67.14077,126.2096,정상
Female,31,69.85347,107.1566,저체중
Female,24,63.72249,101.0392,저체중
Female,24,64.66334,123.9993,정상
Male,29,69.61292,122.092,저체중
Female,20,69.72279,128.8986,정상
Male,21,67.76397,134.59,정상
Male,20,66.74961,140.8048,정상
Male,33,66.67181,114.3215,저체중
Male,27,67.69057,123.4607,정상
Female,26,68.39115,124.7738,정상
Male,20,67.31796,136.8823,정상
Male,28,68.69023,125.262,정상
Male,23,70.04462,136.1957,정상
Female,21,70.19356,148.1844,정상
Female,30,69.12451,133.6843,정상
Male,27,67.56314,124.4263,정상
Female,31,67.66596,122.3849,정상
Male,22,65.98485,136.0888,정상
Female,33,68.9407,133.1295,정상
Male,20,72.42506,136.0244,저체중
Female,20,66.60508,104.5026,저체중
Male,19,67.37321,124.8638,정상
Female,18,64.89494,119.6409,정상
Female,35,64.73669,111.0633,정상
Female,19,69.93102,124.5422,저체중
Male,21,70.69335,152.3325,정상
Male,33,64.91169,112.489,정상
Female,32,69.69729,122.2093,저체중
Male,20,63.56648,112.8596,정상
Male,34,67.29212,142.3005,정상
Male,28,68.3562,117.0085,저체중
Female,28,68.12976,123.0924,정상
Female,20,68.62582,115.3394,저체중
Male,20,66.8343,105.8407,저체중
Female,29,69.98616,122.6015,저체중
Male,29,67.44953,130.5904,정상
Male,25,69.67914,123.558,저체중
Female,20,67.13387,106.9958,저체중
Female,31,71.13815,140.6296,정상
Male,20,69.22959,142.3174,정상
Female,33,67.48473,122.8173,정상
Female,29,66.87485,118.1003,정상
Female,22,70.4596,130.9488,정상
Female,19,72.97347,148.319,정상
Male,31,67.16616,108.2369,저체중
Male,34,67.36668,123.3563,정상
Female,21,68.30287,117.9635,저체중
Male,23,68.08229,131.5261,정상
Female,34,68.94862,141.0023,정상
Male,28,68.47186,145.789,정상
Female,22,66.63803,120.2544,정상
Male,19,66.27658,119.9535,정상
Male,32,65.02396,117.4626,정상
Female,33,71.99598,129.1844,저체중
Female,22,68.04691,121.2735,저체중
Male,28,66.34711,114.8943,저체중
Male,24,63.8229,115.2754,정상
Female,23,65.95638,118.4989,정상
Female,32,68.23334,121.6989,저체중
Male,29,69.46635,123.2046,저체중
Male,18,68.44607,142.2776,정상
Male,31,69.20365,129.7053,정상
Female,19,65.63555,100.3371,저체중
Male,20,69.41412,127.8275,정상
Female,29,67.57457,126.7177,정상
Female,26,69.32559,147.9203,정상
Female,25,67.15965,129.7563,정상
Male,19,70.27834,139.5538,정상
Male,27,69.39938,121.1538,저체중
Male,35,69.78475,126.5296,저체중
Male,33,68.70946,134.4551,정상
Male,21,67.3998,121.8096,정상
Male,28,66.39262,117.1371,정상
Female,20,65.54597,126.8852,정상
Male,25,70.60879,147.0102,정상
Female,23,69.12623,136.913,정상
Female,21,66.72257,122.5503,정상
Male,23,67.40649,117.2019,저체중
Female,18,66.18815,121.8368,정상
Male,20,68.62091,121.9134,저체중
Female,31,70.1055,153.0944,정상
Male,33,65.48309,132.6901,정상
Male,33,68.80217,128.7584,정상
Male,22,67.71394,121.7097,정상
Male,31,66.57756,128.9506,정상
Male,27,67.61238,130.8714,정상
Female,22,67.23082,128.4602,정상
Male,35,67.08114,117.4463,저체중
Female,28,66.53761,122.2484,정상
Male,22,67.41405,126.4525,정상
Male,33,67.06676,131.406,정상
Male,25,60.8062,113.9145,정상
Female,24,68.97175,140.1085,정상
Male,20,72.75763,135.1411,저체중
Female,29,66.02447,110.7159,저체중
Male,26,68.71706,126.0198,정상
Female,23,69.58585,142.5501,정상
Male,21,68.96375,144.368,정상
Male,25,68.26381,140.3248,정상
Female,22,68.53173,133.5063,정상
Male,35,63.69299,127.3114,정상
Male,18,67.32224,144.3122,정상
Male,26,69.87332,136.2286,정상
Male,24,65.77657,121.8449,정상
Female,31,67.84042,129.3201,정상
Female,26,68.02586,127.7367,정상
Female,25,67.22709,124.1286,정상
Male,26,70.33705,113.399,저체중
Male,33,64.42061,119.5736,정상
Male,18,68.62922,134.0348,정상
Male,21,67.24371,139.2993,정상
Male,20,67.47488,128.9315,정상
Male,25,67.65179,143.8519,정상
Female,31,68.73059,133.2077,정상
Female,33,69.53168,141.696,정상
Female,27,67.76596,142.9992,정상
Male,18,68.6692,145.841,정상
Female,30,65.39292,101.1876,저체중
Female,33,67.21484,126.5562,정상
Female,31,67.39797,126.3908,정상
Male,21,68.43286,136.4691,정상
Female,35,66.50645,117.1767,정상
Female,18,65.10771,114.3875,정상
Male,22,70.25153,134.4531,정상
Male,19,64.65223,129.7684,정상
Female,20,68.39572,137.1362,정상
Female,30,65.58641,112.8512,저체중
Male,26,67.07497,134.1362,정상
Male,19,70.10614,127.5408,저체중
Male,25,66.44143,129.3753,정상
Male,20,69.08524,141.5455,정상
Female,27,66.99606,134.7843,정상
Male,20,64.84392,122.3505,정상
Male,19,68.7585,115.2365,저체중
Male,28,67.03556,143.0013,정상
Female,20,69.10705,125.3759,저체중
Male,27,68.21709,136.4534,정상
Male,18,67.54954,99.21333,저체중
Male,35,70.05957,138.7376,
Female,26,69.88409,131.7587,정상
Male,18,69.08434,130.7379,정상
Male,23,68.81191,138.1377,
Female,18,70.22844,133.4575,정상
Male,20,63.67519,114.2171,정상
Male,30,69.40968,,
Male,23,67.36179,129.458,정상
Female,29,69.9419,131.7153,정상
Female,34,68.44902,122.7104,저체중
Male,18,67.76199,127.8066,정상
Male,26,,131.6387,
Female,21,67.97947,133.6018,정상
Female,33,69.83727,126.7482,저체중
Male,34,66.62896,124.7778,정상
Male,27,69.77866,128.9596,정상
Female,24,69.32719,120.7591,저체중
Male,28,68.81059,110.0003,저체중
Female,31,68.33355,123.5156,정상
Female,22,65.4258,116.0243,정상
Female,33,68.90712,136.1172,정상
Male,19,65.90871,100.8179,저체중
Female,24,69.61291,143.8929,정상
Male,28,65.97906,131.2483,정상
Male,25,64.15687,121.6986,정상
Male,33,68.2467,129.0825,정상
Male,31,67.07394,113.9007,저체중
Male,28,66.08619,123.5496,정상
Female,19,68.43739,107.3327,저체중
Female,31,69.43772,117.4397,저체중
Female,23,68.81411,140.5039,정상
Male,31,66.23749,130.4565,정상
Female,23,67.36339,135.7808,정상
Female,33,68.93254,121.3642,저체중
Female,24,67.86058,111.123,저체중
Female,18,68.66247,134.825,정상
Female,32,68.4129,130.3184,정상
Female,23,63.90356,101.9503,저체중
Female,19,69.56018,118.6513,저체중
Male,19,69.81143,117.3253,저체중
Female,26,68.55186,142.7701,정상
Female,19,66.14069,111.9785,저체중
Male,34,68.79393,127.0587,정상
Female,21,62.67467,108.2196,정상
Male,28,68.24157,126.3228,정상
Male,30,70.13299,125.7628,저체중
Male,28,68.83759,128.3162,정상
Male,30,69.20668,126.8811,정상
Female,30,63.01224,123.2124,정상
Male,27,68.7409,140.5609,정상
Male,20,66.94988,121.3932,정상
Female,23,70.13604,132.7095,정상
Female,19,68.11161,121.1428,저체중
Male,23,66.58893,118.2131,정상
Female,24,69.98813,128.2565,저체중
Female,34,66.52501,120.0478,정상
Male,23,65.2536,142.5526,정상
Male,29,68.66702,140.5596,정상
Female,18,71.383,149.9544,정상
Female,23,66.58224,123.0901,정상
Male,32,66.50775,122.9845,정상
Male,23,67.13954,113.5739,저체중
Male,27,68.33274,137.9826,정상
Female,25,66.69458,110.1558,저체중
Male,28,68.21523,113.6369,저체중
Female,31,66.0808,131.0879,정상
Male,33,69.46013,116.5407,저체중
Male,33,68.46971,128.2455,정상
Female,25,68.51333,101.2957,저체중
Male,25,69.10467,126.8762,정상
Male,32,67.91609,125.1615,정상
Male,24,67.02882,143.6948,정상
Female,29,66.08997,111.3684,저체중
Female,35,65.02401,130.3431,정상
Male,34,68.27428,121.8474,저체중
Male,27,67.35413,129.3491,정상
Female,20,66.36083,120.4201,정상
Male,18,68.43123,121.1875,저체중
Female,25,67.40001,121.7106,정상
Male,32,69.1343,143.8484,정상
Female,19,67.3171,139.03,정상
Female,26,73.1971,157.1585,정상
Female,31,68.39262,110.6509,저체중
Female,24,66.29361,129.1393,정상
Female,19,69.09153,123.9906,저체중
Male,20,68.08869,121.8243,저체중
Male,23,69.84933,128.1401,저체중
Female,25,67.6024,133.6571,정상
Male,18,69.71303,149.4977,정상
Male,25,66.84285,117.0056,저체중
Female,35,66.65337,112.7847,저체중
Male,19,68.88409,124.0698,저체중
Female,25,70.70338,119.2585,저체중
Female,34,66.20185,112.3781,저체중
Male,30,66.31546,119.0874,정상
Female,26,67.41672,113.6532,저체중
Male,29,69.90956,140.9595,정상
Female,25,67.68745,109.4462,저체중
Male,24,66.35603,124.8582,정상
Female,30,64.29036,129.8863,정상
Male,27,69.06878,146.3358,정상
Female,25,66.89343,136.7567,정상
Female,32,66.4584,98.04174,저체중
Male,35,68.8269,130.6512,정상
Male,33,66.65183,134.0198,정상
Male,31,63.84789,128.9473,정상
Male,34,65.79543,119.418,정상
Female,31,66.25942,94.20537,저체중
Female,32,68.35371,133.6204,정상
Female,18,70.8435,120.1922,저체중
Female,30,66.63549,116.47,저체중
Male,20,69.36633,142.61,정상
Male,28,67.36309,112.8032,저체중
Male,25,69.12732,120.6275,저체중
Female,31,65.03504,115.4154,정상
Male,28,69.06645,119.3467,저체중
Male,18,67.35099,126.3068,정상
Male,22,66.63538,125.8876,정상
Female,26,66.49659,127.904,정상
Male,29,69.098,124.0368,저체중
Male,33,68.42363,149.2454,정상
Male,34,68.12064,139.9387,정상
Female,26,69.58767,125.8239,저체중
Female,25,66.34056,125.5225,정상
Female,32,68.89947,153.7886,정상
Male,28,67.47147,142.1622,정상
Male,24,68.33028,135.5338,정상
Male,35,65.90128,135.2264,정상
Male,21,68.73695,127.4165,정상
Female,20,67.98409,122.7703,정상
Male,32,65.63064,109.6107,저체중
Male,30,68.03278,148.5683,정상
Male,29,68.65828,124.3302,정상
Female,20,68.63764,128.7478,정상
Male,23,67.32521,105.1839,저체중
Female,18,64.78784,126.1355,정상
Male,19,67.67246,130.4082,정상
Male,29,68.72131,139.5527,정상
Male,29,67.35886,107.6427,저체중
Male,31,68.01738,123.0304,정상
Female,30,67.93165,128.936,정상
Male,18,66.67783,123.5636,정상
Female,20,68.67803,136.5982,정상
Female,22,70.36756,134.6182,정상
Male,32,67.51615,132.9171,정상
Male,34,66.75303,132.5747,정상
Female,31,69.96302,127.5174,저체중
Male,22,66.93841,115.9348,저체중
Female,22,68.11271,130.5024,정상
Female,24,63.94913,114.6628,정상
Female,21,68.91814,147.3669,정상
Female,27,67.2232,,
Male,35,69.55046,133.7412,정상
Male,29,68.68863,129.8662,정상
Female,22,70.7747,138.641,정상
Female,19,69.07808,148.7933,정상
Male,34,68.33838,141.2387,정상
Male,32,65.5871,126.7083,정상
Male,23,69.2935,139.4127,정상
Female,25,68.89933,125.6523,
Male,27,65.81485,99.77933,저체중
Male,28,67.20659,125.993,정상
Male,25,66.51348,127.1042,정상
Male,26,67.55072,134.551,정상
Female,27,68.23821,118.6372,저체중
Male,19,66.4512,110.1362,저체중
Male,24,68.54449,141.4482,정상
Male,20,68.6177,122.9561,저체중
Female,18,64.08191,102.7885,저체중
Female,35,65.56492,123.1351,정상
Female,29,67.21104,115.6723,저체중
Male,21,66.10932,126.3925,정상
Male,26,68.9513,143.6607,정상
Female,29,67.49786,131.6653,정상
Female,20,67.93624,139.3751,정상
Male,34,65.95214,130.4147,정상
Female,19,68.68249,151.5916,정상
Male,27,69.18583,124.8504,저체중
Male,31,70.94061,142.0348,정상
Male,22,69.47461,138.1862,정상
Male,19,67.12497,113.1001,저체중
Male,27,68.57401,125.5023,정상
Female,30,65.39763,132.4789,정상
Female,19,68.35258,137.1238,정상
Male,27,67.56785,136.4769,정상
Female,31,69.52703,123.4405,저체중
Male,35,67.54305,105.1903,저체중
Female,30,63.49236,114.9085,정상
Female,25,68.98626,126.71,정상
Male,33,67.55391,121.5587,정상
Female,30,64.6396,115.1491,정상
Female,33,69.82904,136.2695,정상
Female,22,67.85076,113.2082,저체중
Male,20,67.23771,125.3433,정상
Female,26,69.38105,139.5524,정상
Female,33,65.41584,121.8604,정상
Male,24,66.96076,119.1984,정상
Male,25,65.26585,117.7246,정상
Female,29,69.31322,119.5252,저체중
Female,31,67.70408,122.2612,정상
Male,29,68.08721,129.7701,정상
Female,34,68.26197,125.9953,정상
Male,35,67.36362,121.8119,정상
Male,22,68.73217,131.316,정상
Male,30,69.14267,111.1968,저체중
Male,18,68.56673,136.4706,정상
Male,33,68.1929,120.5822,저체중
Male,18,69.5696,121.1881,저체중
Male,31,70.8464,137.1416,정상
Male,32,67.82872,127.2809,정상
Female,19,67.03478,108.5558,저체중
Female,26,67.81671,129.7571,정상
Male,35,70.03848,138.9428,정상
Female,27,66.9821,127.2445,정상
Female,21,65.79107,129.8116,정상
Female,31,70.02914,142.6562,정상
Male,19,69.58224,132.0934,정상
Female,22,66.87147,115.1241,저체중
Male,19,66.91792,127.8387,정상
Male,19,67.645,121.3585,정상
Female,35,68.65355,119.0566,저체중
Female,29,66.91671,130.2133,정상
Female,23,70.15303,141.003,정상
Male,33,73.57982,148.162,정상
Female,32,67.98141,124.7923,정상
Female,27,,145.3407,
Female,32,69.85855,131.7066,정상
Male,28,68.11629,109.1855,저체중
Male,33,70.19549,136.493,정상
Male,32,68.90094,103.5978,저체중
Female,28,70.63071,129.0681,저체중
Male,31,67.51818,,
Male,27,66.18712,136.2942,정상
Male,24,69.09528,134.2318,정상
Female,29,65.42299,105.5537,저체중
Female,28,65.48038,115.372,정상
Male,31,66.9465,113.8431,저체중
Female,18,68.70316,125.9352,정상
Female,34,66.07277,123.7771,정상
Male,20,69.44961,110.8748,저체중
Female,24,68.81836,104.8678,저체중
Male,33,69.50743,105.3865,저체중
Female,23,67.82486,118.2755,저체중
Male,21,67.69081,143.7724,정상
Female,30,68.29836,129.3948,정상
Female,25,68.67553,120.7367,저체중
Male,34,65.8428,122.3581,정상
Male,27,68.03516,124.0374,정상
Female,33,65.75933,145.1502,정상
Female,23,70.38122,133.3322,정상
Male,25,67.40825,132.4084,정상
Male,22,69.96042,126.2582,저체중
Female,26,68.28036,130.5773,정상
Female,29,68.78403,111.5448,저체중
Female,18,67.91698,128.8497,정상
Male,23,69.37666,137.7729,정상
Male,23,66.74216,117.4347,정상
Male,20,68.1985,135.4972,정상
Female,34,63.58869,125.2844,정상
Male,28,73.25534,129.3863,저체중
Male,29,67.70295,110.3234,저체중
Female,31,65.97536,105.0947,저체중
Female,18,69.81239,134.9831,정상
Female,22,68.86872,123.426,저체중
Male,25,72.74547,148.5568,정상
Male,24,68.30771,129.105,정상
Female,33,66.76693,124.0618,정상
Male,30,67.44946,123.4784,정상
Male,26,69.7046,141.6202,정상
Female,20,68.97441,103.9181,저체중
Male,35,67.75058,135.2187,정상
Male,23,66.8731,124.1057,정상
Female,30,70.45912,121.7787,저체중
Female,20,70.71713,138.8325,정상
Female,24,65.65535,118.4649,정상
Female,18,71.45237,136.8498,정상
Female,28,69.00661,131.4449,정상
Female,27,64.07452,139.9216,정상
Female,33,69.47642,135.5616,정상
Male,35,69.52284,129.724,정상
Female,18,64.89822,131.9576,정상
Male,32,70.70905,134.3203,정상
Female,23,70.19814,125.1643,저체중
Male,28,67.76234,130.1309,정상
Female,20,67.21866,135.3954,정상
Female,24,67.54948,111.8586,저체중
Male,33,68.13277,139.2003,정상
Male,21,68.84252,126.0857,정상
Male,35,68.97585,137.8195,정상
Male,23,67.17762,99.13368,저체중
Male,28,67.76576,131.2841,정상
Male,32,69.05508,132.9015,정상
Male,22,68.30757,135.9473,정상
Female,28,67.32683,123.4861,정상
Male,27,67.29407,117.8979,저체중
Male,27,66.63257,126.1084,정상
Female,21,66.94794,107.183,저체중
Male,24,68.13987,133.2584,정상
Female,19,65.21117,101.1071,저체중
Male,27,68.03769,119.4935,저체중
Female,18,67.26932,128.9103,정상
Female,19,69.77352,141.6894,정상
Female,18,69.23863,125.2157,저체중
Male,28,68.7891,114.34,저체중
Male,27,67.26289,117.1026,저체중
Male,19,69.29545,132.6378,정상
Female,35,67.5793,112.7331,저체중
Male,27,67.21365,108.0763,저체중
Female,22,69.62993,140.0795,정상
Female,33,67.00026,125.4628,정상
Female,30,67.93443,122.1726,정상
Male,28,73.47464,134.996,저체중
Male,25,71.5009,148.2703,정상
Male,19,67.5436,124.5961,정상
Female,21,71.49304,128.6835,저체중
Male,34,68.1677,130.5834,정상
Male,23,68.65009,127.7241,정상
Female,33,66.04619,112.1905,저체중
Female,19,67.31327,122.8993,정상
Male,35,67.86012,116.6222,저체중
Male,21,69.42007,128.9863,정상
Male,25,68.38556,133.6644,정상
Female,24,69.91327,118.2455,저체중
Male,32,68.8823,138.4001,정상
Male,27,64.05944,115.5782,정상
Female,33,69.73048,126.5238,저체중
Female,31,68.632,135.6997,정상
Female,32,69.40445,137.5303,정상
Male,21,66.00545,132.9691,정상
Male,20,67.12871,128.9781,정상
Female,19,67.54768,115.0198,저체중
Male,27,69.18741,122.9827,저체중
Male,24,65.72702,115.7926,정상
Male,32,67.85686,110.7137,저체중
Male,18,67.32954,113.4872,저체중
Male,25,67.30146,143.8451,정상
Male,29,66.33349,107.1243,저체중
Female,27,68.22832,133.2817,정상
Male,35,64.45511,117.3622,정상
Male,28,67.87195,149.4365,정상
Male,22,69.92163,125.4082,저체중
Male,28,62.8062,107.3401,정상
Female,22,69.3377,151.2393,정상
Male,20,66.60043,130.1472,정상
Male,18,70.53369,140.2407,정상
Female,29,68.84104,122.8631,저체중
Female,29,67.22118,124.7784,정상
Male,23,69.1338,131.5248,정상
Female,33,70.23848,138.5036,정상
Female,31,69.10331,125.7452,정상
Male,31,70.4064,138.0741,정상
Male,32,66.66478,139.0241,정상
Male,24,70.33089,164.4539,정상
Female,32,70.78331,141.8412,정상
Male,32,66.83722,121.0509,정상
Female,19,65.8839,112.9256,저체중
Male,35,67.51176,137.9948,정상
Male,21,71.21095,156.0802,정상
Male,26,67.16471,135.2937,정상
Male,23,67.49059,132.7359,정상
Female,27,69.13583,118.2087,저체중
Female,34,66.44838,121.7145,정상
Male,35,67.03679,143.9542,정상
Male,25,66.66855,116.5589,저체중
Male,19,69.36123,127.5953,정상
Male,22,68.92478,137.2977,정상
Male,29,69.70613,144.1729,정상
Female,25,66.70216,120.8874,정상
Female,28,69.3032,132.8515,정상
Female,29,68.68207,121.2207,저체중
Female,24,67.12449,126.3432,정상
Male,19,66.92738,116.3508,저체중
Female,20,71.36236,142.3522,정상
Female,24,66.8559,106.8363,저체중
Female,30,69.46283,118.5577,저체중
Female,28,66.4827,114.5936,저체중
Female,32,72.45414,135.0235,저체중
Male,21,68.10614,120.628,저체중
Male,25,65.75378,124.3824,정상
Female,27,67.16782,130.0399,정상
Male,33,68.57483,129.4804,정상
Male,26,67.275,122.2215,정상
Male,26,66.23984,97.1995,저체중
Male,20,72.39041,155.1414,정상
Male,21,68.82192,129.0373,정상
Male,21,67.67589,126.7606,정상
Male,34,66.09883,118.7709,정상
Male,34,67.79875,130.1887,정상
Female,20,68.76062,115.7905,저체중
Male,22,68.86156,136.3079,정상
Female,18,71.20733,155.2221,정상
Female,19,65.24249,114.9215,정상
Male,32,67.33131,112.8186,저체중
Female,35,67.52803,113.459,저체중
Male,27,67.1708,120.6546,정상
Female,28,66.8838,138.4066,정상
Male,27,67.26462,117.0708,저체중
Female,32,70.94467,130.2774,저체중
Male,19,71.15199,133.2351,정상
Male,22,69.35701,156.0959,정상
Female,34,66.91104,125.0535,정상
Female,20,68.07832,122.8732,정상
Male,24,65.74579,110.9296,저체중
Male,21,70.64116,140.3183,정상
Male,34,66.02941,112.9351,저체중
Male,31,68.24326,128.8593,정상
Female,31,66.30423,126.4124,정상
Male,22,68.49473,134.9166,정상
Male,25,67.3683,121.4269,정상
Female,30,70.00791,135.6339,정상
Female,24,70.18312,125.7853,저체중
Female,25,66.40708,117.1961,정상
Female,27,67.79402,122.4405,정상
Male,31,68.33103,142.9592,정상
Female,33,67.91136,134.3773,정상
Male,26,68.75045,116.0658,저체중
Female,26,68.82444,113.8497,저체중
Female,27,70.64267,152.2908,정상
Female,34,65.18174,111.8634,정상
Female,20,68.51919,129.3323,정상
Female,18,67.53344,124.0318,정상
Male,34,68.04198,125.4507,정상
Female,19,65.82182,113.6,저체중
Female,33,70.27834,131.2909,정상
Female,27,65.8653,128.4877,정상
Male,35,66.70285,125.9423,정상
Male,21,65.88836,122.3566,정상
Female,20,72.53781,142.2356,정상
Male,26,67.31225,117.6954,저체중
Female,18,68.85556,119.367,저체중
Female,22,65.30914,125.201,정상
Female,33,67.56741,117.1659,저체중
Male,30,72.28651,124.0883,저체중
Male,18,69.366,126.9316,정상
Male,20,71.66938,158.0299,정상
Female,35,66.91979,114.0239,저체중
Female,28,67.89303,145.9459,정상
Female,31,66.50206,138.815,정상
Female,32,67.5214,115.5644,저체중
Male,20,69.21652,128.049,정상
Male,22,71.08246,135.7997,정상
Male,35,65.7973,113.1585,저체중
Male,28,68.3417,106.9982,저체중
Male,28,64.74233,113.5996,정상
Female,28,68.41921,112.8349,저체중
Female,28,68.91514,124.1732,저체중
Male,22,65.84174,85.98927,저체중
Female,24,68.87032,131.6613,정상
Male,22,64.44608,103.521,저체중
Female,22,67.63533,116.7036,저체중
Female,18,70.20804,141.9526,정상
Male,33,70.98603,139.8524,정상
Male,22,68.13106,128.396,정상
Female,32,66.16887,127.3745,정상
Female,35,67.05542,124.551,정상
Male,19,70.75677,131.1854,저체중
Male,29,70.7158,133.8729,정상
Female,22,67.69017,117.9684,저체중
Female,22,71.53849,140.8829,정상
Female,19,68.54535,126.4914,정상
Male,31,65.67176,120.1838,정상
Male,30,65.99226,124.6178,정상
Female,19,68.65845,138.4224,정상
Female,30,66.32469,105.8594,저체중
Male,18,68.44591,119.3537,저체중
Male,27,69.95113,141.9147,정상
Male,35,65.77165,111.8653,저체중
Female,29,67.068,120.3728,정상
Male,19,64.69653,131.7434,정상
Female,26,69.04278,126.7,정상
Male,30,67.48211,130.1113,정상
Female,31,66.90722,115.2313,저체중
Female,33,68.75846,119.4879,저체중
Female,31,67.30096,114.3547,저체중
Female,33,69.55268,,
Female,34,71.05661,149.0296,정상
Male,33,69.2149,138.0464,정상
Male,33,67.82442,122.1716,정상
Male,29,68.71809,129.9713,정상
Male,20,67.78082,124.843,정상
Male,27,64.25649,96.69205,저체중
Male,31,68.77435,145.0052,정상
Male,19,66.37859,131.3486,정상
Male,30,69.17309,126.2065,
Female,31,70.34987,133.2638,정상
Male,21,66.73457,124.768,정상
Male,21,67.61739,127.7756,
Male,33,67.42499,136.4474,정상
Male,32,68.36893,125.469,정상
Female,22,70.41579,140.6165,정상
Male,34,68.06868,120.743,저체중
Male,31,67.28263,116.5436,저체중
Female,19,67.09562,129.5261,정상
Male,26,67.12164,116.9111,저체중
Male,34,66.69727,139.9522,정상
Male,31,67.49634,117.8126,저체중
Female,18,70.01384,135.0441,정상
Male,35,65.78477,129.2745,정상
Male,20,69.47803,159.105,정상
Male,22,66.13543,122.234,정상
Female,31,68.43099,146.9206,정상
Male,19,67.75061,125.6399,정상
Female,18,66.95323,105.2662,저체중
Female,32,69.32421,129.7352,정상
Female,32,68.63523,117.0937,저체중
Female,21,67.52914,122.7438,정상
Female,25,68.96422,126.6954,정상
Female,32,66.61586,115.7427,저체중
Female,25,68.37756,129.5414,정상
Male,22,71.01311,127.9603,저체중
Female,19,68.8398,123.6722,저체중
Female,35,68.2039,142.9882,정상
Female,19,68.87387,122.7388,저체중
Female,29,68.56397,120.7988,저체중
Female,22,69.64694,127.4074,저체중
Female,32,68.82478,141.8906,정상
Male,33,64.48848,129.7648,정상
Female,29,69.09307,133.503,정상
Female,22,68.432,115.0608,저체중
Female,31,67.72728,130.8804,정상
Male,26,68.58961,133.8262,정상
Male,33,67.23444,128.1166,정상
Female,24,69.16746,132.765,정상
Male,23,67.57615,126.0391,정상
Male,21,65.096,119.3788,정상
Male,26,65.51027,107.6904,저체중
Male,29,71.15893,123.3434,저체중
Female,30,70.48329,138.2703,정상
Male,22,68.18618,140.2804,정상
Female,27,66.94975,135.623,정상
Female,25,67.48547,114.2417,저체중
Female,25,65.02626,105.0766,저체중
Male,18,68.66772,128.1246,정상
Female,27,68.76668,120.2954,저체중
Male,34,70.72339,144.1367,정상
Male,27,68.16494,142.4759,정상
Male,28,65.74529,129.1718,정상
Male,19,67.60346,135.049,정상
Female,18,69.27402,132.8954,정상
Female,31,68.96879,122.0169,저체중
Male,29,68.43776,150.6044,정상
Male,32,67.71247,128.9561,정상
Male,25,71.63304,138.1379,정상
Male,23,64.46515,102.4585,저체중
Female,21,66.91695,117.4932,저체중
Female,28,65.28324,124.6847,정상
Male,32,69.80506,139.8376,정상
Female,27,67.50948,130.1897,정상
Male,31,68.54457,133.0212,정상
Female,31,67.50779,113.7693,저체중
Female,31,69.02801,125.2331,저체중
Female,30,67.19638,128.2747,정상
Male,24,69.38252,136.381,정상
Male,20,67.07315,137.2259,정상
Female,32,65.53914,120.1128,정상
Female,26,69.12113,136.8986,정상
Male,24,68.12859,123.5782,정상
Female,28,66.18245,118.4861,정상
Female,35,68.75005,125.2406,정상
Female,22,69.66247,133.9579,정상
Male,31,67.87585,119.188,저체중
Male,22,69.51193,138.2564,정상
Male,35,68.10429,117.4216,저체중
Male,19,68.41818,140.0468,정상
Male,22,65.02588,95.09752,저체중
Female,31,68.73364,119.9769,저체중
Female,28,68.46417,127.8286,정상
Female,33,68.95687,122.36,저체중
Male,19,67.64606,129.6722,정상
Male,23,67.98046,111.7482,저체중
Female,33,67.52579,127.943,정상
Female,27,68.10182,116.2066,저체중
Male,27,65.37706,127.1152,정상
Female,30,66.7445,120.9335,정상
Female,26,66.27875,111.7677,저체중
Male,27,69.7328,131.9363,정상
Male,26,67.30255,119.1448,저체중
Female,29,69.02553,129.4502,정상
Female,21,70.08744,138.438,정상
Female,34,67.5875,123.9873,정상
Male,18,68.44123,135.9688,정상
Male,21,67.97198,123.3787,정상
Female,18,66.10388,122.6718,정상
Male,34,66.0128,116.2522,정상
Male,31,67.45078,139.0873,정상
Female,31,69.63918,137.3555,정상
Female,19,70.26322,128.9824,저체중
Male,30,71.18245,134.1429,정상
Female,28,67.48152,113.786,저체중
Male,26,67.30461,121.5465,정상
Male,32,68.27851,128.6151,정상
Male,31,67.93965,129.5938,정상
Female,29,66.34597,117.4876,정상
Female,20,66.17643,134.2907,정상
Male,31,64.65454,116.1862,정상
Male,26,67.54127,125.4026,정상
Male,20,68.59123,122.8707,저체중
Female,18,63.19682,109.5683,정상
Male,31,67.87138,121.2874,정상
Male,29,69.10296,143.9699,정상
Male,24,69.35396,136.2498,정상
Female,24,66.69452,117.4852,정상
Male,32,68.01196,111.6817,저체중
Male,29,65.03661,104.7919,저체중
Male,24,67.43888,124.3636,정상
Male,20,,128.7613,
Male,27,70.20849,144.0743,정상
Male,25,67.13509,125.9127,정상
Male,33,64.94556,129.3952,정상
Male,30,68.59608,118.1328,저체중
Female,23,66.23435,136.462,정상
Female,18,69.86976,124.5872,저체중
Female,31,67.15711,121.2002,정상
Female,33,66.2651,124.1129,정상
Female,32,68.35631,129.7324,정상
Male,27,71.29633,135.8907,정상
Female,31,70.11197,,
Female,26,66.10542,133.4835,정상
Male,27,69.08371,133.6883,정상
Male,26,67.40367,128.5047,정상
Male,32,66.85289,131.739,정상
Female,24,69.20063,132.4558,정상
Male,19,70.60672,124.7653,저체중
Female,34,68.53661,121.9863,저체중
Male,33,68.93974,131.5648,정상
Female,25,67.96975,127.7058,정상
Female,21,65.23482,104.5786,저체중
Female,19,71.6941,137.807,정상
Female,27,69.24201,113.2636,저체중
Female,23,67.94013,140.4541,정상
Male,21,69.61292,132.7728,정상
Male,27,67.27993,122.6409,정상
Female,24,66.33297,135.2301,정상
Male,25,66.12205,109.5588,저체중
Male,18,72.21224,144.4488,정상
Female,24,68.64486,134.8144,정상
Male,30,66.69156,126.1919,정상
Female,18,65.73194,116.6978,정상
Male,26,68.38632,138.149,정상
Male,31,71.57464,153.8989,정상
Female,35,71.70436,130.4351,저체중
Female,25,71.22448,130.8944,저체중
Female,31,69.04649,116.1818,저체중
Male,18,69.24498,131.2336,정상
Female,27,69.31455,149.1439,정상
Male,29,67.37766,116.1292,저체중
Female,32,65.85673,120.8833,정상
Female,29,68.3071,111.1158,저체중
Female,29,62.66611,102.4978,저체중
Female,29,66.11815,124.0832,정상
Female,24,66.10233,119.1205,정상
Female,18,70.76474,134.5527,정상
Female,27,67.3541,126.4415,정상
Female,21,67.29001,115.4747,저체중
Male,33,68.9878,136.8897,정상
Male,27,67.50241,129.6194,정상
Female,34,67.80553,131.8187,정상
Male,32,70.86344,143.7688,정상
Female,32,66.88387,134.1093,정상
Male,20,69.60302,114.8928,저체중
Female,30,65.8415,109.0991,저체중
Female,24,68.05408,140.0282,정상
Male,29,67.79184,130.6684,정상
Male,32,66.63211,130.5872,정상
Female,18,68.05862,130.8255,정상
Male,32,66.37615,122.9051,정상
Male,33,66.6771,106.3209,저체중
Male,26,63.97165,125.9937,정상
Female,23,69.12251,146.0978,정상
Female,23,68.28209,134.7229,정상
Female,31,68.12163,149.2238,정상
Male,21,66.18678,118.8765,정상
Female,26,67.49155,121.369,정상
Male,25,70.23978,127.3437,저체중
Female,31,69.18802,119.5174,저체중
Male,28,66.98707,115.3673,저체중
Female,31,71.11033,145.6761,정상
Female,19,68.61714,128.542,정상
Female,29,66.8577,127.9222,정상
Male,35,67.07586,138.2211,정상
Female,22,63.93118,111.9108,정상
Male,23,65.85939,113.125,저체중
Female,31,69.44418,139.1515,정상
Male,18,67.8368,129.6571,정상
Female,19,64.76778,123.182,정상
Male,19,66.2066,113.314,저체중
Female,24,67.79536,131.6799,정상
Male,18,72.01784,124.9024,저체중
Female,30,65.20628,115.5842,정상
Male,22,67.38543,,
Male,21,66.56993,115.3937,저체중
Female,34,66.03326,108.599,저체중
Male,25,68.54084,122.4814,저체중
Female,35,66.75178,123.5222,정상
Female,32,71.83647,140.7706,정상
Male,34,63.58595,131.2403,
Female,22,67.86356,125.8127,정상
Male,27,69.18172,135.9835,정상
Male,25,70.22442,129.4703,저체중
Male,34,70.26193,126.4545,저체중
Male,18,68.25391,131.4638,정상
Female,28,67.64774,133.374,정상
Female,20,67.60438,113.665,저체중
Male,28,64.18161,92.72194,저체중
Female,33,69.07121,133.7058,정상
Female,18,67.16346,119.9669,정상
Male,25,65.77951,122.1882,정상
Male,19,66.50073,124.7978,정상
Female,21,63.97477,113.8485,정상
Female,35,67.69537,103.4807,저체중
Male,28,70.51405,154.9609,정상
Female,20,69.76942,133.3499,정상
Male,29,70.56116,142.826,정상
Male,19,68.60348,115.6884,저체중
Female,22,64.8078,126.7873,정상
Male,31,70.90317,130.958,저체중
Female,23,66.45704,120.7458,정상
Female,19,69.81243,134.6215,정상
Female,28,67.93456,113.5044,저체중
Female,32,68.21735,122.932,정상
Male,32,70.49535,141.461,정상
Male,28,67.39105,106.465,저체중
Male,21,71.6752,139.7622,정상
Female,33,68.59578,147.415,정상
Male,30,67.0862,115.6875,저체중
Female,20,68.16122,136.504,정상
Female,24,67.98705,105.9146,저체중
Female,28,64.80826,114.3374,정상
Female,24,68.38232,142.4635,정상
Male,25,69.73223,130.6929,정상
Female,20,65.31482,110.0279,저체중
Female,19,67.93911,117.1572,저체중
Male,25,66.28781,128.8133,정상
Male,28,65.31992,157.9292,과체중
Female,28,67.56335,120.957,정상
Female,20,69.33362,127.7738,정상
Female,21,68.05282,119.9513,저체중
Female,20,68.7317,130.5724,정상
Female,35,66.24459,131.6161,정상
Male,31,67.13869,130.7992,정상
Female,32,64.8849,115.8741,정상
Female,26,67.27717,128.8991,정상
Female,32,66.586,116.0707,저체중
Male,33,67.12561,113.2244,저체중
Male,35,65.22732,115.8697,정상
Male,30,67.58676,132.6108,정상
Male,25,69.53328,124.1201,저체중
Male,30,68.83049,141.3701,정상
Male,29,,116.924,
Female,18,68.74387,124.9707,정상
Male,23,64.0985,103.2453,저체중
Female,30,70.8389,150.1694,정상
Male,31,68.9783,130.9676,정상
Female,35,67.48817,124.8039,
Male,25,69.27081,124.6497,저체중
Male,19,67.12082,119.5077,정상
Female,29,70.77956,125.8114,저체중
Female,34,67.97148,111.5771,
Male,29,72.82909,149.1342,정상
Female,25,66.00035,115.6001,정상
Male,25,66.37328,127.1567,
Female,28,67.24395,128.6992,정상
Female,18,69.45193,122.1409,저체중
Female,33,70.32167,133.6321,정상
Female,28,64.85287,124.4417,정상
Female,31,66.82049,124.4221,정상
Male,29,67.88258,124.2948,정상
Female,34,68.26595,121.0339,저체중
Female,33,66.40595,108.3041,저체중
Male,18,69.54769,148.9234,정상
Female,21,68.91851,117.4566,저체중
Female,28,67.1916,123.127,정상
Male,29,67.33889,120.5712,정상
Male,30,67.05347,120.1048,정상
Female,25,66.71262,124.3153,정상
Male,33,69.98886,141.4564,정상
Female,23,71.51013,139.8831,정상
Male,35,73.19268,150.9736,정상
Male,29,67.79156,132.7662,정상
Male,31,68.64126,132.4578,정상
Female,27,66.17287,133.4576,정상
Male,23,67.35348,134.5655,정상
Female,34,67.26831,123.5621,정상
Female,35,66.43498,113.6441,저체중
Male,24,69.66258,122.2091,저체중
Male,26,67.46824,107.2974,저체중
Female,21,71.53982,140.1055,정상
Female,24,70.50755,130.405,저체중
Female,29,67.39344,140.9644,정상
Female,26,68.28771,142.5192,정상
Male,31,70.85948,143.5364,정상
Female,20,68.2026,128.7043,정상
Male,31,71.52565,142.5129,정상
Female,27,67.68578,122.5681,정상
Male,33,68.77033,145.575,정상
Female,27,69.69672,124.4363,저체중
Female,22,69.86332,132.8198,정상
Male,35,68.11448,130.3112,정상
Female,21,67.44093,132.8781,정상
Female,19,64.59419,103.0731,저체중
Male,27,66.89966,119.9647,정상
Female,34,66.46718,113.4911,저체중
Male,29,68.19723,124.665,정상
Male,26,69.78449,137.4408,정상
Female,19,66.84378,117.16,저체중
Female,34,67.60705,117.721,저체중
Male,31,69.81536,130.9669,정상
Male,22,68.71877,128.5218,정상
Male,22,69.44319,119.0987,저체중
Male,27,66.78997,124.5261,정상
Female,18,70.36901,141.0114,정상
Female,33,68.40678,128.6087,정상
Female,31,66.17464,115.9334,정상
Male,19,64.05399,133.0834,정상
Male,31,66.90763,128.5777,정상
Male,33,66.08072,103.0628,저체중
Male,21,68.68999,121.2085,저체중
Female,21,66.15716,121.0179,정상
Male,23,68.64629,122.4392,저체중
Male,28,64.94119,116.4141,정상
Male,22,68.07015,137.3806,정상
Female,22,64.00869,118.3034,정상
Male,18,65.53683,107.9785,저체중
Male,18,67.41471,121.7855,정상
Male,30,65.74584,121.5395,정상
Female,34,,140.962,
Female,18,63.73028,114.8628,정상
Female,28,67.5378,107.9156,저체중
Female,21,68.83259,123.8887,저체중
Female,21,68.60078,114.8935,저체중
Female,19,70.33758,135.3466,정상
Female,35,68.06319,122.375,정상
Male,22,67.31084,134.7184,정상
Male,20,67.93548,111.8576,저체중
Female,35,70.21616,124.6681,저체중
Female,23,70.22715,126.5091,저체중
Female,31,67.41853,123.4532,정상
Male,25,69.66876,126.5893,저체중
Male,29,66.51862,131.9422,정상
Female,26,66.56167,123.7117,정상
Female,31,65.37204,125.3946,정상
Female,21,71.0227,140.9263,정상
Female,22,69.76803,125.9309,저체중
Male,24,69.13129,124.6745,저체중
Male,34,70.11223,142.237,정상
Female,28,66.65293,122.3701,정상
Male,33,71.50512,126.6515,저체중
Female,21,67.35973,133.4416,정상
Female,19,67.0525,125.5655,정상
Female,35,70.82773,148.3559,정상
Male,26,68.41937,125.6235,정상
Female,24,68.65019,123.9353,저체중
Female,22,67.9628,132.746,정상
Male,28,70.56903,126.337,저체중
Female,31,69.24189,135.4178,정상
Male,22,67.38822,140.2362,정상
Female,26,63.09263,104.4273,저체중
Female,18,68.73587,111.0236,저체중
Male,30,67.79277,142.0958,정상
Female,27,68.54986,136.4451,정상
Female,22,70.1535,120.8283,저체중
Male,21,70.09971,126.219,저체중
Male,24,67.95659,134.1742,정상
Male,30,69.44167,121.8278,저체중
Female,27,67.44686,126.7548,정상
Male,27,69.5806,131.3823,정상
Male,28,69.63943,138.8988,정상
Male,21,69.95134,143.1008,정상
Female,33,66.54229,129.1494,정상
Female,24,65.47078,129.3234,정상
Male,33,65.98373,137.8792,정상
Male,32,67.1234,123.9595,정상
Female,29,65.06387,105.1229,저체중
Female,19,69.55975,139.0725,정상
Male,24,68.47409,124.6217,정상
Male,35,69.93312,139.2227,정상
Male,29,67.5759,144.2837,정상
Female,33,66.79037,126.0623,정상
Male,30,69.56945,134.6805,정상
Male,19,73.00543,144.8899,정상
Male,27,68.94047,124.2216,저체중
Male,23,66.71029,114.4104,저체중
Female,26,70.56037,126.6797,저체중
Female,19,66.06623,121.9,정상
Female,26,72.09895,144.037,정상
Male,28,67.44827,119.4643,저체중
Female,19,68.97642,135.795,정상
Female,20,69.04275,113.957,저체중
Male,31,68.66189,137.4046,정상
Female,19,71.18002,136.655,정상
Female,27,66.66057,126.3655,정상
Male,18,63.36463,110.6809,정상
Male,21,69.34799,125.2128,저체중
Female,33,69.77767,135.8281,정상
Female,20,69.07072,130.9719,정상
Male,23,68.32296,118.1762,저체중
Female,22,66.55968,118.5975,정상
Male,34,68.37761,112.1167,저체중
Female,34,65.98221,115.1319,정상
Female,20,63.25998,110.1988,정상
Female,34,71.62632,153.9411,정상
Female,35,66.09519,98.68208,저체중
Male,29,67.48908,116.7462,저체중
Female,19,70.30231,124.28,저체중
Male,25,64.70216,119.9535,정상
Female,29,64.77568,101.9952,저체중
Female,22,66.64032,119.5377,정상
Male,29,70.55327,126.3116,저체중
Male,19,67.87381,126.972,정상
Male,18,65.91455,113.3049,저체중
Male,19,69.77502,125.1068,저체중
Female,21,66.139,107.6645,저체중
Female,35,65.92413,125.8118,정상
Male,35,69.6475,131.9709,정상
Male,22,68.14729,124.0205,정상
Female,30,67.74068,113.6562,저체중
Male,35,68.11275,106.676,저체중
Male,32,68.20793,113.7575,저체중
Female,33,68.37827,123.0314,정상
Female,30,67.82451,130.8329,정상
Female,19,67.48875,111.5242,저체중
Male,26,69.68654,142.2781,정상
Male,27,69.65756,142.6607,정상
Female,18,70.94824,134.3418,정상
Male,26,68.7831,121.5774,저체중
Female,26,69.0255,135.5666,정상
Female,28,68.53275,151.8248,정상
Female,35,65.24397,139.6435,정상
Female,31,68.75415,122.4198,저체중
Female,29,66.91508,118.2568,정상
Female,20,68.90378,143.5003,정상
Male,32,64.45659,137.1951,정상
Male,20,69.37774,133.934,정상
Male,26,69.76118,106.7714,저체중
Male,23,67.73498,132.2829,정상
Male,31,65.93122,136.2363,정상
Male,30,72.06156,145.1228,정상
Female,24,69.92008,139.7968,정상
Male,27,68.01618,121.4656,저체중
Female,32,70.62601,146.913,정상
Male,19,65.42178,112.1659,저체중
Male,24,68.50672,139.005,정상
Male,31,69.48629,128.6752,정상
Male,23,65.57785,136.1471,정상
Female,33,67.95425,122.3756,정상
Male,28,68.9238,137.9993,정상
Male,22,64.5782,113.4876,정상
Female,35,69.22296,137.6336,정상
Female,23,65.8112,122.3264,정상
Female,33,68.38674,122.2001,저체중
Male,32,68.064,123.0604,정상
Female,33,71.89949,144.9726,정상
Female,30,66.75955,113.9546,저체중
Female,29,66.26364,111.5726,저체중
Male,19,69.12286,121.6069,저체중
Male,23,71.05851,132.4697,저체중
Female,27,,,
Male,25,66.1189,130.9344,정상
Female,19,67.76657,123.0486,정상
Male,29,66.34736,129.4624,정상
Male,22,69.88206,132.1693,정상
Male,33,68.8186,116.2218,저체중
Female,28,69.22245,130.6511,정상
Male,23,69.56448,149.2076,정상
Male,25,65.74056,129.3787,정상
Female,21,66.94081,129.4569,정상
Male,19,66.44573,128.19,정상
Male,25,68.4432,137.5434,정상
Male,18,67.98349,130.0934,정상
Female,35,68.25542,128.3862,정상
Female,24,67.17137,115.7127,저체중
Male,27,66.57049,137.5753,정상
Female,23,65.00255,127.5117,정상
Female,22,68.08759,132.0304,정상
Male,21,68.04764,140.0717,정상
Female,29,69.45338,147.4061,정상
Male,21,67.9968,110.0948,저체중
Male,24,63.71092,103.5775,저체중
Female,18,67.26281,132.7455,정상
Male,24,66.4024,117.3694,정상
Female,22,63.39192,109.587,정상
Female,23,67.72768,118.9536,저체중
Male,22,66.803,119.5927,정상
Male,33,67.10602,104.2534,저체중
Male,19,67.28255,128.7274,정상
Male,20,66.92397,111.4987,저체중
Female,30,69.27156,142.0013,정상
Female,19,69.82977,150.7596,정상
Male,33,67.13762,115.8561,저체중
Female,35,68.9154,122.9638,저체중
Male,21,68.58518,118.3007,저체중
Female,18,67.44759,110.2889,저체중
Male,30,68.28475,135.5616,정상
Female,23,66.59309,133.2853,정상
Male,18,69.66864,125.674,저체중
Female,26,66.48926,,
Male,20,66.0901,124.6678,정상
Female,29,68.39518,128.0957,정상
Female,23,70.80442,130.4059,
Male,23,70.79288,124.7995,저체중
Male,32,66.19153,144.743,정상
Male,33,69.06036,115.5577,저체중
Female,24,68.21507,129.3545,정상
Male,28,65.55386,118.7886,정상
Male,23,68.80277,116.4346,저체중
Female,33,69.1402,119.6141,저체중
Female,21,68.15536,129.5781,정상
Female,24,68.42978,134.0208,정상
Male,30,71.79676,147.6642,정상
Male,31,68.11027,145.6245,정상
Female,32,64.77343,138.189,정상
Male,25,68.49853,114.9544,저체중
Male,32,68.55531,146.7026,정상
Male,19,67.41253,130.7003,정상
Male,30,71.11461,153.6546,정상
Male,33,66.74425,129.3251,정상
Male,21,68.39703,131.2146,정상
Male,20,69.25426,,
Male,35,67.91866,136.0479,정상
Female,27,66.60066,131.2614,정상
Female,32,67.43294,126.1017,정상
Female,25,69.11285,147.8694,정상
Male,34,69.6757,134.3107,정상
Male,26,68.41421,146.046,정상
Female,27,65.50774,100.9124,저체중
Male,22,69.76777,137.657,정상
Female,27,70.67766,141.3048,정상
Female,26,66.20366,129.6357,
Male,22,65.94018,100.974,저체중
Female,33,71.3988,129.6586,저체중
Male,23,71.26908,149.5428,정상
Male,31,65.25052,135.2581,정상
Female,34,70.22019,129.3704,저체중
Female,21,67.46231,121.088,정상
Male,21,65.38827,125.245,정상
Male,18,71.06891,151.2576,정상
Male,19,70.64691,149.0675,정상
Male,29,65.94902,125.9638,정상
Female,25,69.02074,128.0814,정상
Female,21,70.46626,151.3353,정상
Female,32,68.28099,121.4549,저체중
Male,29,67.90092,146.1333,정상
Female,29,66.4104,125.4014,정상
Female,21,68.78832,128.2448,정상
Male,31,64.64202,117.7037,정상
Male,18,64.62019,126.3926,정상
Male,27,68.67167,106.6081,저체중
Female,27,68.10937,128.4228,정상
Male,23,66.32562,128.0712,정상
Male,26,68.69826,126.9703,정상
Female,20,62.48237,100.3418,저체중
Male,28,68.46424,133.7977,정상
Female,33,65.35569,125.5137,정상
Female,25,65.85849,129.4713,정상
Female,27,66.3082,126.7998,정상
Female,30,65.70911,113.7976,정상
Male,32,65.6121,131.8419,정상
Female,33,67.63331,135.7273,정상
Female,27,66.74792,123.7179,정상
Male,35,70.65296,157.9704,정상
Female,27,68.17586,116.5777,저체중
Male,33,69.85767,136.0274,정상
Male,23,66.60797,119.7939,정상
Female,21,69.08158,145.2811,정상
Male,34,67.16475,120.9003,정상
Male,33,66.35066,114.9647,저체중
Male,22,66.59299,129.3826,정상
Male,35,65.04067,101.3936,저체중
Male,35,68.30625,124.8439,정상
Female,34,67.6115,129.8552,정상
Female,28,69.20628,146.9622,정상
Female,26,70.44549,146.535,정상
Male,23,70.91437,136.5757,정상
Female,32,65.42417,133.412,정상
Female,29,67.54349,139.8108,정상
Male,23,67.24006,129.7754,정상
Male,23,68.186,139.256,정상
Female,20,66.55056,104.7859,저체중
Female,35,68.61863,141.8655,정상
Female,35,68.3969,138.2968,정상
Male,23,69.25466,123.9714,저체중
Female,22,66.51789,122.2101,정상
Female,35,69.53102,130.8152,정상
Female,28,67.84335,134.6077,정상
Female,27,67.73899,123.6453,정상
Male,28,69.10056,133.7242,정상
Female,26,67.22282,136.6474,정상
Female,19,70.14077,117.6351,저체중
Male,24,66.63163,127.9701,정상
Male,20,69.45646,136.697,정상
Male,34,69.02288,157.9236,정상
Male,19,69.04845,144.0225,정상
Female,25,65.98766,115.1328,정상
Female,25,68.32236,137.4591,정상
Male,19,69.06911,130.3359,정상
Male,29,67.6674,128.978,정상
Male,33,67.94975,129.5573,정상
Female,30,68.79124,110.5886,저체중
Male,25,68.35343,138.2477,정상
Male,35,68.31792,137.2072,정상
Male,25,69.47505,131.5983,정상
Female,24,67.39877,108.4221,저체중
Male,21,67.90904,129.8693,정상
Male,26,69.51989,142.6941,정상
Male,18,67.83781,148.7128,정상
Female,31,65.60406,115.2958,정상
Male,24,68.8712,135.0711,정상
Male,27,67.41876,114.7234,저체중
Female,31,66.89864,112.6633,저체중
Male,29,67.05157,111.2213,저체중
Male,31,68.65952,126.4751,정상
Male,29,68.82781,124.8432,정상
Male,19,68.27979,132.045,정상
Female,23,67.24388,126.8469,정상
Female,29,65.70125,118.0533,정상
Female,19,68.53534,142.5502,정상
Male,32,68.97033,135.912,정상
Female,32,69.42265,123.1637,저체중
Male,19,65.89796,116.9465,정상
Female,26,67.48926,121.2539,정상
Female,21,68.24839,126.698,정상
Female,23,69.9615,142.6772,정상
Female,34,69.1349,133.9896,정상
Female,24,65.7668,114.8528,정상
Male,19,69.31519,132.0639,정상
Male,32,67.68043,112.7006,저체중
Female,25,65.7642,105.172,저체중
Female,31,68.65969,107.7614,저체중
Female,35,72.48764,132.3992,저체중
Male,19,64.78256,110.153,저체중
Male,23,70.4841,159.2503,정상
Female,27,69.67148,143.2815,정상
Male,30,65.12354,134.8383,정상
Male,32,68.17589,135.8612,정상
Male,29,68.75037,129.4885,정상
Male,27,67.50063,144.4117,정상
Male,33,66.18238,115.3209,정상
Female,24,66.93648,142.2417,정상
Male,27,67.71915,134.6098,정상
Female,30,66.15708,124.7595,정상
Male,28,68.60607,121.8448,저체중
Female,29,64.407,116.1544,정상
Male,28,65.95004,110.1839,저체중
Female,22,69.6538,107.6804,저체중
Female,34,67.30606,131.0374,정상
Male,31,69.65916,124.3081,저체중
Female,33,68.25471,144.5448,정상
Male,28,67.50858,135.5885,정상
Female,28,68.8211,142.21,정상
Male,25,67.96832,132.0779,정상
Female,27,66.09807,113.2875,저체중
Female,31,68.6238,134.5527,정상
Male,28,66.2588,131.9464,정상
Male,27,65.78144,121.6553,정상
Female,29,63.68103,113.8491,정상
Female,33,68.96781,117.3037,저체중
Male,18,69.61369,120.1962,저체중
Male,22,67.9393,131.376,정상
Female,32,72.12761,141.5293,정상
Male,29,66.17765,108.006,저체중
Male,24,64.44865,113.84,정상
Male,32,66.9381,124.7886,정상
Male,19,69.72663,138.5469,정상
Male,21,66.50238,144.8476,정상
Female,32,67.66821,122.3427,정상
Female,27,68.21966,127.736,정상
Female,18,66.23247,107.7751,저체중
Male,28,68.48757,111.7849,저체중
Male,22,66.72098,123.6466,정상
Female,27,67.26512,110.1107,저체중
Male,24,67.97088,127.9019,정상
Male,23,71.33619,141.8512,정상
Female,30,67.42918,123.1017,정상
Male,34,69.16961,120.2536,저체중
Female,30,69.73638,127.9477,저체중
Male,25,66.88932,118.3424,정상
Male,32,67.92182,102.3229,저체중
Female,32,68.65846,123.3907,저체중
Male,18,68.9523,124.4188,저체중
Female,35,63.26116,131.8104,정상
Male,24,68.1796,139.1423,정상
Female,21,69.04181,137.5828,정상
Male,35,66.5111,116.7547,정상
Female,27,69.76603,127.3629,저체중
Female,23,68.24223,124.3347,정상
Male,28,68.84887,136.3807,정상
Male,32,67.04484,127.0678,정상
Female,24,70.93046,126.9017,저체중
Female,18,68.51393,136.1465,정상
Female,21,71.06022,111.4244,저체중
Female,29,65.47707,106.8859,저체중
Male,18,68.63389,114.5655,저체중
Male,34,68.18722,118.3686,저체중
Female,23,67.06874,123.2887,정상
Female,29,67.62436,129.2202,정상
Female,20,68.97729,130.823,정상
Female,25,67.66502,117.9736,저체중
Female,22,69.96163,120.0183,저체중
Male,29,64.63866,108.6377,저체중
Female,34,66.42798,116.0001,저체중
Female,34,67.91525,103.1791,저체중
Male,33,66.84693,116.1444,저체중
Female,28,66.66734,129.0009,정상
Male,19,68.74944,150.8735,정상
Female,23,66.35019,124.4368,정상
Male,22,68.74957,131.2495,정상
Male,29,67.15931,110.9528,저체중
Male,23,68.07741,122.6487,정상
Male,34,73.25176,148.2284,정상
Female,34,67.62804,122.5984,정상
Female,35,70.98337,122.6745,저체중
Female,21,68.14991,122.0117,저체중
Female,31,68.73907,126.2233,정상
Female,22,65.52461,113.7172,정상
Female,23,65.35162,110.6449,저체중
Male,19,64.35555,113.8107,정상
Male,35,68.55885,127.5331,정상
Male,26,69.0529,133.1832,정상
Female,25,72.60485,143.9177,정상
Male,22,69.48058,115.4622,저체중
Female,33,66.25333,113.0559,저체중
Female,19,65.40529,109.6595,저체중
Female,20,70.28061,119.1562,저체중
Male,25,70.37019,116.2454,저체중
Male,32,65.48775,125.4251,정상
Male,29,66.53455,123.3583,정상
Female,18,67.5823,121.7252,정상
Male,29,65.69418,125.5996,정상
Male,27,68.03737,134.0532,정상
Female,19,68.47451,123.5137,정상
Male,19,65.23306,116.1786,정상
Female,25,67.86301,125.1315,정상
Male,22,65.79717,123.5802,정상
Female,25,71.44975,133.3758,저체중
Male,23,70.84018,136.3143,정상
Female,27,71.18982,141.107,정상
Male,25,66.03097,126.5347,정상
Male,27,71.37742,125.9633,저체중
Female,27,70.57756,137.1181,정상
Female,25,68.2458,128.0182,정상
Female,29,68.22017,141.7363,정상
Male,24,65.06244,106.6877,저체중
Male,26,66.90634,108.0455,저체중
Male,23,63.03862,115.8658,정상
Female,32,67.06774,152.2417,정상
Male,33,65.30894,106.7987,저체중
Female,20,65.06679,107.6525,저체중
Male,18,67.39673,124.6423,정상
Female,26,69.06112,122.2679,저체중
Female,29,69.12434,132.9822,정상
Female,28,68.47088,130.1302,정상
Female,34,70.21144,143.2455,정상
Male,24,70.97244,143.2283,정상
Male,27,67.11423,122.2441,정상
Female,22,70.05116,132.2902,정상
Female,18,68.72983,131.9808,정상
Female,34,65.39469,129.8896,정상
Female,18,71.11058,132.006,저체중
Female,21,63.52038,122.4025,정상
Female,23,68.03493,121.5552,저체중
Male,35,64.8839,130.9255,정상
Female,31,68.16535,123.2502,정상
Female,35,69.34209,124.7472,저체중
Female,23,69.55427,112.586,저체중
Male,32,69.37897,123.8323,저체중
Female,27,67.90715,124.8204,정상
Female,25,69.78616,119.2747,저체중
Female,22,70.06486,123.9407,저체중
Male,27,67.26241,133.3415,정상
Female,28,63.73139,121.2644,정상
Male,30,68.32099,129.2511,정상
Male,33,66.39081,142.8419,정상
Female,33,70.03989,137.0893,정상
Male,27,66.24433,135.7157,정상
Female,19,68.25743,117.7142,저체중
Female,23,70.79829,130.2646,저체중
Female,29,67.11709,116.0134,저체중
Female,35,65.93811,124.2235,정상
Female,25,67.55474,97.14789,저체중
Male,23,64.78244,124.6147,정상
Female,26,68.45511,118.3446,저체중
Female,18,68.60516,130.4597,정상
Male,34,68.18953,135.0554,정상
Female,35,64.24981,113.7089,정상
Male,28,67.42016,121.1719,정상
Male,27,69.64799,129.1334,정상
Male,19,68.76641,137.5208,정상
Female,19,67.47039,116.7224,저체중
Female,34,66.34719,102.2607,저체중
Male,32,65.27345,94.26051,저체중
Female,31,68.49649,130.6183,정상
Male,30,66.77663,128.4905,정상
Female,33,68.62434,136.1352,정상
Male,28,66.97798,134.398,정상
Male,23,74.42744,141.7416,저체중
Female,25,68.16821,110.4841,저체중
Female,25,69.58597,134.9162,정상
Male,32,64.67803,128.0545,정상
Male,22,69.98681,130.8804,정상
Male,26,68.74272,136.6016,정상
Male,29,67.56099,137.7014,정상
Female,21,63.59232,107.4139,정상
Male,30,69.05534,151.567,정상
Female,24,66.83137,135.1775,정상
Female,23,69.25699,132.5855,정상
Female,21,70.10878,128.1379,저체중
Female,28,65.74458,118.6861,정상
Male,30,68.92381,132.023,정상
Male,22,63.45696,101.8629,저체중
Male,31,66.46407,114.2272,저체중
Female,24,65.32677,112.1856,저체중
Male,18,70.28537,127.3897,저체중
Male,20,73.62336,145.5589,정상
Male,32,72.06438,133.0115,저체중
Female,18,63.99289,118.1347,정상
Female,28,69.13512,125.715,저체중
Female,18,69.11398,115.0134,저체중
Male,32,68.8397,119.2542,저체중
Male,27,68.42829,125.7109,정상
Female,23,69.11164,126.3794,정상
Female,22,67.75382,133.1108,정상
Male,33,68.28205,130.0354,정상
Male,20,69.79824,140.2748,정상
Female,18,67.80131,125.3779,정상
Female,19,66.92047,117.4567,저체중
Male,31,65.41043,110.3167,저체중
Female,26,67.2104,118.1644,저체중
Male,22,69.23036,104.0257,저체중
Female,29,69.02497,127.7908,정상
Female,24,65.27684,145.1158,정상
Male,25,69.48104,139.7665,정상
Female,21,70.35139,148.13,정상
Male,33,66.72914,110.6124,저체중
Male,22,69.18346,124.9384,저체중
Female,23,69.39009,117.0886,저체중
Female,32,65.10415,122.9297,정상
Male,23,70.42201,132.063,정상
Male,18,64.20998,124.7386,정상
Male,26,66.39326,110.6721,저체중
Female,29,67.99051,130.6448,정상
Male,30,66.54414,127.2514,정상
Female,24,67.85205,120.743,저체중
Female,26,68.3302,147.7192,정상
Female,26,67.70322,116.5958,저체중
Female,27,67.08778,126.0409,정상
Male,27,67.45991,131.0766,정상
Male,30,64.53855,103.166,저체중
Female,31,68.77395,120.2698,저체중
Male,23,65.27979,120.4821,정상
Male,22,69.89596,114.4375,저체중
Male,26,66.11113,121.7524,정상
Female,23,69.19728,138.7705,정상
Male,30,68.62235,127.2493,정상
Female,19,70.33159,152.9261,정상
Male,23,69.44904,126.7259,저체중
Male,32,70.18822,153.6557,정상
Male,24,68.18276,135.8523,정상
Female,28,64.73962,108.7094,저체중
Male,35,69.52012,132.428,정상
Female,30,68.40112,115.1738,저체중
Male,21,68.4364,121.9109,저체중
Female,18,69.7165,113.6107,저체중
Male,20,65.8825,117.5802,정상
Female,31,67.92953,105.9806,저체중
Female,24,67.02377,130.0163,정상
Female,27,68.48076,122.6201,저체중
Female,30,70.66957,126.6477,저체중
Male,23,67.61492,134.6768,정상
Male,34,73.58866,153.0783,정상
Male,26,66.98903,119.4068,정상
Male,26,70.73654,151.4389,정상
Male,31,70.82435,140.2097,정상
Male,22,67.78555,110.19,저체중
Female,31,67.01787,127.3742,정상
Female,25,67.07288,137.5581,정상
Male,28,69.53889,129.2925,정상
Female,34,64.16684,128.8207,정상
Male,30,66.59597,117.7506,정상
Male,29,66.02727,121.3984,정상
Female,25,69.90695,127.6222,저체중
Male,25,66.31378,128.1986,정상
Female,28,71.0924,157.3921,정상
Female,35,69.1847,130.0327,정상
Male,22,69.53601,139.6967,정상
Male,34,69.43737,126.2871,저체중
Female,28,66.46531,118.2134,정상
Male,29,69.60722,130.2072,정상
Male,21,68.40154,126.3804,정상
Female,28,66.58472,124.3242,정상
Male,20,67.65364,132.7654,정상
Female,18,65.62466,132.5228,정상
Male,28,67.55476,138.0942,정상
Male,29,67.67129,129.3039,정상
Female,35,71.35689,135.5968,정상
Female,18,67.23927,145.4296,정상
Male,22,66.4871,119.4681,정상
Female,34,69.16735,124.7664,저체중
Female,21,69.7819,117.0658,저체중
Male,33,66.7397,123.7996,정상
Male,20,70.68935,140.8345,정상
Female,35,67.5828,124.7307,정상
Male,33,66.10625,128.8248,정상
Male,25,70.29985,153.2173,정상
Male,22,69.77906,141.0626,정상
Female,25,67.07765,126.0482,정상
Female,24,65.67584,121.7947,정상
Male,33,65.93844,126.4153,정상
Male,34,71.89509,127.5677,저체중
Female,34,67.92099,109.7213,저체중
Male,21,70.56492,143.6368,정상
Male,23,64.88248,107.027,저체중
Female,27,71.8284,131.3314,저체중
Female,35,68.76645,127.0974,정상
Female,35,66.38695,107.555,저체중
Male,21,66.21688,118.3435,정상
Male,30,70.84942,138.4765,정상
Female,33,68.79234,125.5644,정상
Male,18,69.99779,131.4314,정상
Male,28,64.83696,142.2888,정상
Male,32,66.68908,130.1091,정상
Female,25,64.81045,115.7425,정상
Male,35,71.13578,141.1345,정상
Male,33,68.08155,124.9248,정상
Female,21,66.47646,121.6753,정상
Female,32,70.8782,153.3804,정상
Female,20,67.83647,116.1852,저체중
Male,29,68.67074,136.5908,정상
Female,29,69.34659,131.303,정상
Male,35,67.01988,112.523,저체중
Female,23,63.74803,103.3567,저체중
Female,27,68.12093,113.5474,저체중
Female,21,71.9073,153.8792,정상
Male,33,68.39398,130.7981,정상
Male,30,69.89219,143.0116,정상
Male,29,67.92004,132.341,정상
Male,24,69.5779,145.1589,정상
Male,25,67.4598,122.5588,정상
Male,18,67.62244,123.0214,정상
Female,35,67.1134,126.3654,정상
Male,28,68.88195,116.6333,저체중
Female,23,66.77155,136.6336,정상
Male,33,66.44019,130.1774,정상
Male,24,68.75179,130.6616,정상
Male,29,70.97369,129.0189,저체중
Female,34,67.69709,124.2238,정상
Female,21,67.55783,117.3321,저체중
Female,32,69.39296,132.2173,정상
Male,35,66.57,126.0029,정상
Female,34,68.4234,114.5145,저체중
Female,35,66.2871,131.8304,정상
Female,31,67.95212,128.0529,정상
Male,26,67.00587,124.613,정상
Female,22,66.13305,123.0369,정상
Female,35,67.94284,130.1582,정상
Male,25,66.8761,135.8472,정상
Female,21,67.88451,131.2437,정상
Male,19,64.79759,116.9411,정상
Male,29,67.83546,134.9498,정상
Male,30,68.28544,117.8027,저체중
Male,34,66.99732,136.9152,정상
Male,31,66.70636,133.6125,정상
Male,18,67.99473,111.8341,저체중
Male,31,68.56614,133.2531,정상
Male,31,63.70894,125.1008,정상
Male,34,67.39951,134.5424,정상
Male,21,67.68099,140.1474,정상
Male,34,64.98122,108.9518,저체중
Female,34,69.4232,123.6302,저체중
Male,18,70.00146,149.3087,정상
Female,27,71.36114,144.8643,정상
Female,23,66.60996,121.845,정상
Female,22,67.09436,115.8078,저체중
Male,32,70.12298,145.3622,정상
Male,34,66.03876,135.1259,정상
Female,29,66.27712,129.0541,정상
Female,21,67.62592,131.2538,정상
Female,35,65.95321,109.7856,저체중
Female,22,68.48038,130.1038,정상
Female,24,65.65352,118.0966,정상
Male,34,72.12181,147.585,정상
Female,23,67.40851,146.4429,정상
Male,19,69.88715,134.4733,정상
Male,35,69.27105,154.4557,정상
Male,24,71.93958,152.5295,정상
Male,27,66.98862,115.2594,저체중
Male,23,69.88329,127.6165,저체중
Male,22,69.06831,142.8685,정상
Female,25,68.37576,146.4785,정상
Female,32,72.36275,141.3837,정상
Female,30,65.32142,96.822,저체중
Female,30,67.06859,133.4834,정상
Female,31,68.08786,124.3863,정상
Male,19,71.55388,136.8521,정상
Male,22,69.55143,119.9292,저체중
Male,29,68.24976,132.8025,정상
Female,28,69.17304,120.0536,저체중
Male,25,70.54788,136.8571,정상
Female,32,67.5523,115.2183,저체중
Male,23,66.68536,135.8133,정상
Male,20,66.47161,121.4223,정상
Female,23,68.24878,143.2844,정상
Female,24,70.94761,133.8643,정상
Female,23,67.82211,121.5944,정상
Male,34,66.99944,123.4547,정상
Male,29,69.05494,128.4013,정상
Female,35,67.15164,119.0471,정상
Male,22,69.05272,147.0719,정상
Female,19,67.94938,113.3519,저체중
Female,28,70.70493,150.7817,정상
Female,33,65.96851,115.2572,정상
Male,18,65.66304,104.3101,저체중
Male,21,67.91282,121.6957,정상
Female,27,68.97438,122.827,저체중
Female,30,69.66398,133.2072,정상
Female,24,66.46308,147.6569,정상
Male,28,64.40454,119.04,정상
Male,32,67.10339,127.6042,정상
Male,22,68.39658,110.7311,저체중
Male,19,65.04915,123.1842,정상
Male,21,65.33805,133.3083,정상
Female,29,69.8495,128.4304,정상
Female,30,70.79219,116.7218,저체중
Male,29,69.86252,142.5929,정상
Male,21,64.08728,114.6547,정상
Male,21,67.75657,127.4783,정상
Male,23,66.57296,125.5804,정상
Male,34,65.95543,119.1968,정상
Female,24,67.27865,124.621,정상
Female,25,63.76783,119.2237,정상
Male,18,65.67411,133.6584,정상
Male,34,68.27234,139.0601,정상
Female,27,66.29509,122.8579,정상
Male,35,66.30592,118.0936,정상
Female,20,65.17403,125.2493,정상
Male,29,65.36657,118.4034,정상
Female,28,70.09668,134.7715,정상
Female,26,67.49154,135.2386,정상
Male,31,71.89162,135.7549,저체중
Male,35,70.80254,139.8002,정상
Female,24,68.10091,95.27771,저체중
Female,30,65.66029,132.4741,정상
Male,32,65.09694,123.0223,정상
Female,22,66.33209,110.2627,저체중
Male,32,68.60514,139.9802,정상
Male,26,66.0317,101.1566,저체중
Female,28,69.62638,141.8247,정상
Male,25,67.93519,138.7177,정상
Male,34,66.51344,117.3527,정상
Female,26,68.79437,129.367,정상
Male,30,69.85071,133.4628,정상
Female,20,68.56043,126.5705,정상
Female,24,65.15652,110.9314,저체중
Female,34,67.67203,121.017,정상
Female,27,71.47108,133.0386,저체중
Male,18,67.893,125.5458,정상
Female,25,65.36284,122.8713,정상
Male,34,68.20304,126.67,정상
Female,31,64.78973,113.3012,정상
Female,20,66.79185,133.5896,정상
Male,26,68.86132,124.0532,저체중
Male,33,66.84413,132.7674,정상
Male,18,67.68374,122.9456,정상
Female,24,69.02992,116.8819,저체중
Female,33,68.4131,145.2036,정상
Male,28,68.72312,127.6754,정상
Female,34,69.07539,119.1678,저체중
Female,26,64.79406,119.185,정상
Female,25,68.20087,125.924,정상
Female,19,70.01234,131.9024,정상
Female,24,68.42995,132.477,정상
Male,32,66.58476,110.4114,저체중
Female,19,68.27708,109.3802,저체중
Female,23,68.22959,153.4104,정상
Female,21,64.99611,124.0648,정상
Male,25,69.04964,137.6179,정상
Female,18,66.26221,124.3251,정상
Male,25,69.57317,148.4155,정상
Female,20,71.58799,128.2996,저체중
Female,23,64.67557,122.1539,정상
Female,26,64.75449,126.3476,정상
Male,19,68.73197,133.4295,정상
Female,30,67.67754,141.1335,정상
Male,31,67.92076,125.3999,정상
Male,34,66.36387,115.1711,저체중
Male,19,64.70157,123.7421,정상
Female,21,66.85773,131.6002,정상
Female,20,67.53255,129.7075,정상
Male,19,66.06081,125.8923,정상
Male,22,68.08335,131.1495,정상
Female,24,70.50547,131.9548,정상
Female,24,65.92983,122.5229,정상
Male,29,69.70668,125.4368,저체중
Male,27,70.89685,150.7064,정상
Male,32,67.66278,115.7167,저체중
Female,28,70.95408,136.2602,정상
Female,35,71.28145,140.2041,정상
Female,29,68.15606,147.0766,정상
Male,24,67.59876,113.8641,저체중
Female,27,67.48336,136.762,정상
Female,34,68.24318,118.4243,저체중
Male,23,66.80036,135.7861,정상
Female,33,67.16489,121.1942,정상
Male,26,69.37906,129.4147,정상
Female,31,68.19199,127.1902,정상
Male,20,67.68815,133.5415,정상
Female,29,70.95609,134.0273,정상
Male,23,70.27042,133.8297,정상
Male,19,66.56488,135.5664,정상
Male,25,70.52776,140.0465,정상
Male,30,69.02233,131.4256,정상
Female,25,72.34913,140.7812,정상
Male,29,67.03635,124.2948,정상
Male,32,69.90606,143.0028,정상
Male,22,71.44901,130.5197,저체중
Male,24,68.37323,121.8766,저체중
Male,29,66.7327,107.9074,저체중
Male,26,64.94584,104.0162,저체중
Male,20,66.81655,107.7306,저체중
Male,29,69.28764,122.0171,저체중
Male,34,69.39732,116.0082,저체중
Male,19,65.91704,116.9297,정상
Female,23,64.86837,115.2735,정상
Male,23,63.55164,119.2598,정상
Female,29,70.44002,149.2576,정상
Female,31,68.09522,117.641,저체중
Female,27,68.10961,126.8252,정상
Female,30,67.27297,146.7294,정상
Male,32,64.1425,91.37972,저체중
Male,33,64.02389,92.55327,저체중
Male,21,66.53104,139.6883,정상
Female,30,66.97558,125.6853,정상
Male,35,70.25009,142.8251,정상
Male,27,68.34103,121.3014,저체중
Male,31,67.49306,124.8288,정상
Female,19,68.9249,136.115,정상
Male,35,68.2984,139.7633,정상
Female,29,67.57662,122.0482,정상
Female,27,68.30339,113.878,저체중
Male,24,64.49314,136.2782,정상
Male,28,70.97046,138.3778,정상
Female,18,66.36863,134.281,정상
Male,29,63.76287,112.4485,정상
Female,29,67.57329,119.1817,저체중
Female,29,67.92684,141.4374,정상
Female,29,66.16697,113.6853,저체중
Male,34,66.34329,135.2088,정상
Male,33,69.95923,139.5936,정상
Male,24,68.90018,124.9902,정상
Female,31,68.56348,136.245,정상
Female,28,68.30793,141.0644,정상
Male,23,69.43004,133.9346,정상
Female,31,67.64037,122.9113,정상
Male,19,71.4182,132.1873,저체중
Female,35,69.04964,142.7013,정상
Female,18,67.39319,121.8913,정상
Female,24,69.45379,129.8532,정상
Female,34,63.44375,109.1048,정상
Female,20,68.43154,135.2451,정상
Female,33,65.74265,118.765,정상
Female,28,69.89797,139.0575,정상
Female,29,69.04994,126.7366,정상
Male,33,70.71294,118.9324,저체중
Female,34,66.53418,113.3842,저체중
Male,35,66.23135,111.8218,저체중
Female,31,68.21149,121.5553,저체중
Male,25,65.49434,117.2374,정상
Female,21,66.9114,137.1524,정상
Female,19,64.09729,112.0671,정상
Male,19,68.66012,129.1182,정상
Female,32,70.23702,130.4602,정상
Female,29,64.64689,116.0481,정상
Male,20,66.20455,119.7629,정상
Female,30,68.73289,118.1634,저체중
Female,24,67.14691,143.8829,정상
Male,19,65.14466,128.5075,정상
Female,34,64.89881,118.0226,정상
Male,19,68.72325,126.7209,정상
Female,34,68.02931,127.2642,정상
Male,20,65.49921,138.8997,정상
Female,26,70.07897,124.0463,저체중
Female,19,65.80961,122.0785,정상
Male,20,68.17208,126.3151,정상
Female,20,68.34963,116.8118,저체중
Male,27,70.21958,133.1982,정상
Female,33,68.84447,135.5874,정상
Male,29,67.94979,121.2596,저체중
Male,26,65.27381,105.3339,저체중
Female,18,66.23461,126.2458,정상
Female,31,67.1436,111.9571,저체중
Male,30,65.90468,126.1104,정상
Male,18,69.99086,147.0435,정상
Male,33,65.17115,122.095,정상
Male,27,69.63168,149.5493,정상
Male,22,66.90136,127.7358,정상
Female,27,64.91721,127.0199,정상
Female,24,71.97009,144.7114,정상
Male,21,65.46509,114.3207,정상
Female,31,69.56498,142.8489,정상
Female,29,68.3429,136.2659,정상
Female,26,63.43363,130.6775,정상
Male,35,65.46842,122.375,정상
Female,34,67.08889,111.5552,저체중
Female,22,69.81623,133.9541,정상
Female,21,67.95191,124.754,정상
Female,21,69.45766,123.6822,저체중
Male,29,66.40296,126.6477,정상
Female,20,68.39926,122.2508,저체중
Female,18,68.96552,122.0338,저체중
Male,33,70.89678,159.438,정상
Female,27,67.65672,145.5204,정상
Male,18,67.53701,120.4889,정상
Male,26,66.81162,118.2279,정상
Male,33,69.88334,133.8676,정상
Female,21,68.6168,134.1446,정상
Male,19,67.45962,122.1682,정상
Female,29,70.80403,144.2832,정상
Female,18,67.18316,135.5907,정상
Female,26,68.50765,134.9876,정상
Male,25,68.76787,128.1724,정상
Female,27,68.43434,126.9071,정상
Male,24,66.47823,111.5383,저체중
Female,32,67.34436,121.6583,정상
Male,18,65.02414,129.485,정상
Female,30,67.19022,111.6239,저체중
Male,27,68.52752,114.7147,저체중
Female,32,68.88508,139.316,정상
Male,20,66.13478,114.642,저체중
Male,24,67.98273,132.5035,정상
Female,32,69.229,123.9145,저체중
Male,35,69.38501,119.8229,저체중
Male,33,68.09481,122.3788,정상
Male,30,68.35242,138.5489,정상
Male,31,68.641,125.5334,정상
Female,24,70.81774,123.9536,저체중
Female,29,67.41551,146.1271,정상
Female,22,70.62572,144.159,정상
Male,29,66.74351,118.2665,정상
Female,27,70.06192,124.4469,저체중
Male,31,67.44022,140.4945,정상
Female,25,67.20582,112.23,저체중
Female,31,68.96137,121.5742,저체중
Female,27,67.16343,118.3616,저체중
Female,21,69.11617,127.4023,정상
Female,27,67.19284,119.2573,정상
Male,21,70.04124,127.3701,저체중
Female,31,65.39474,118.9921,정상
Female,34,69.78766,136.6437,정상
Female,28,65.78283,106.2273,저체중
Male,32,70.85273,136.7051,정상
Female,18,67.26176,114.9494,저체중
Female,34,65.82405,117.3282,정상
Male,30,67.87583,118.4041,저체중
Male,26,68.89097,131.2082,정상
Female,22,68.26679,146.8878,정상
Female,24,69.18241,106.3253,저체중
Male,33,70.00856,126.6624,저체중
Female,26,67.79094,130.9155,정상
Male,25,71.07725,142.6734,정상
Male,28,68.53121,125.742,정상
Male,26,70.69622,130.7612,저체중
Female,23,68.34285,122.5753,저체중
Male,25,67.88412,131.1011,정상
Female,34,69.09173,119.5692,저체중
Male,24,64.19111,131.5028,정상
Female,22,65.58191,114.5981,정상
Male,24,67.00245,135.268,정상
Male,23,72.50619,141.3209,정상
Male,19,67.29625,123.9061,정상
Female,35,64.37806,122.5322,정상
Male,26,66.53719,106.8997,저체중
Female,34,66.73451,120.6642,정상
Female,18,67.1243,126.1548,정상
Male,26,68.93399,141.4405,정상
Male,23,68.1547,121.1812,저체중
Male,20,64.69305,105.483,저체중
Female,33,70.17224,135.2665,정상
Male,31,65.44791,119.2957,정상
Female,34,66.75949,133.259,정상
Male,35,72.58158,159.1321,정상
Male,31,66.85111,120.6395,정상
Female,22,67.85314,132.4666,정상
Female,19,66.56029,115.992,저체중
Male,22,66.60117,105.015,저체중
Male,19,68.16608,137.8016,정상
Male,29,68.02612,131.4764,정상
Female,26,70.43453,134.9766,정상
Female,28,70.448,122.5178,저체중
Female,23,66.79366,121.7954,정상
Male,21,67.93008,104.9369,저체중
Female,35,67.53134,120.2005,정상
Female,25,64.0635,110.7893,정상
Male,21,67.46311,122.3789,정상
Female,25,65.64829,106.5113,저체중
Male,34,65.50176,127.0283,정상
Female,32,65.19088,137.0147,정상
Male,21,73.55973,143.8236,정상
Female,28,67.48872,128.3561,정상
Male,20,71.66711,136.453,정상
Male,35,66.5003,134.2579,정상
Female,18,70.47009,134.5955,정상
Female,29,68.77001,104.3631,저체중
Male,21,66.6715,133.7417,정상
Male,34,66.8153,119.2792,정상
Female,33,67.02357,146.3363,정상
Female,21,67.20076,133.7343,정상
Male,32,70.29408,122.478,저체중
Male,20,67.91383,130.3713,정상
Female,18,65.94586,106.4359,저체중
Male,27,67.94159,127.6529,정상
Female,18,68.59362,121.6743,저체중
Male,33,67.31884,102.4131,저체중
Female,18,69.48282,132.2356,정상
Male,22,67.43331,102.8806,저체중
Female,25,68.54895,127.8072,정상
Female,20,67.08363,123.5613,정상
Male,25,68.71345,123.6214,저체중
Male,19,74.51784,146.9867,정상
Female,23,71.11623,126.5249,저체중
Female,31,66.6034,132.068,정상
Male,23,65.16296,131.9835,정상
Male,29,67.40019,119.562,정상
Female,25,70.16146,129.2907,저체중
Female,20,65.61241,125.0266,정상
Male,25,69.34532,142.6343,정상
Male,28,70.28985,120.4244,저체중
Male,31,63.28424,102.8488,저체중
Male,33,67.56905,138.245,정상
Female,33,64.16839,117.9972,정상
Female,21,68.38401,113.6476,저체중
Male,24,63.44102,105.99,정상
Female,22,70.16228,152.0325,정상
Male,20,67.14157,119.621,정상
Male,34,67.3811,134.1843,정상
Male,30,71.23103,135.0203,정상
Male,19,71.63547,135.9923,정상
Male,30,69.82003,141.106,정상
Male,28,63.77542,117.014,정상
Female,22,68.54253,133.6109,정상
Female,19,64.10125,112.2048,정상
Male,21,67.39109,142.0633,정상
Female,35,69.56071,117.9541,저체중
Male,23,67.46663,132.0557,정상
Female,35,66.90103,114.3497,저체중
Male,28,66.12243,122.077,정상
Male,28,65.6892,118.8169,정상
Female,32,65.1204,118.9654,정상
Male,35,67.16597,126.5318,정상
Female,28,67.33179,132.7412,정상
Female,26,65.43456,132.9256,정상
Male,25,71.01314,144.9404,정상
Male,23,67.13382,139.0221,정상
Female,34,70.73742,139.8123,정상
Male,23,61.5772,96.8142,저체중
Female,33,65.29383,126.8247,정상
Male,30,68.56296,129.1019,정상
Male,21,67.5144,122.6961,정상
Male,32,72.21583,141.0306,정상
Male,22,70.28404,128.3399,저체중
Female,31,71.11178,143.1083,정상
Female,22,65.76568,130.449,정상
Male,33,68.03973,128.1704,정상
Female,31,68.16794,130.1159,정상
Male,22,66.20705,121.4541,정상
Female,26,67.45865,135.8331,정상
Female,34,68.06964,107.1248,저체중
Female,23,68.40912,142.847,정상
Male,27,68.36422,129.5642,정상
Male,33,68.2454,147.5186,정상
Male,29,68.48681,138.3336,정상
Female,18,67.05044,128.3177,정상
Female,23,70.19008,130.5503,정상
Male,32,69.81118,129.5179,정상
Female,31,70.02186,147.9327,정상
Female,23,65.66764,126.892,정상
Male,27,68.29689,128.3698,정상
Female,23,68.96595,113.4953,저체중
Male,30,64.81674,125.2063,정상
Male,27,67.12839,125.9876,정상
Male,24,68.09125,106.3661,저체중
Female,26,68.70922,133.285,정상
Male,28,68.68883,102.1817,저체중
Female,22,66.17566,105.552,저체중
Female,31,66.59899,112.7548,저체중
Male,28,66.343,108.918,저체중
Female,21,69.56934,147.6161,정상
Male,29,70.46931,121.3031,저체중
Male,22,69.28264,134.4014,정상
Female,31,65.39677,118.5694,정상
Male,34,65.71084,117.2162,정상
Female,25,68.83017,137.2144,정상
Male,31,66.59626,119.4922,정상
Male,18,64.3308,120.3128,정상
Male,33,68.47765,137.3295,정상
Female,18,65.57002,122.3498,정상
Male,35,70.5056,139.8634,정상
Female,34,64.50765,117.6468,정상
Female,35,65.13344,115.206,정상
Male,24,64.89306,118.7128,정상
Male,19,68.39202,120.7594,저체중
Female,26,67.7322,135.0784,정상
Male,18,68.13899,132.4274,정상
Male,32,65.15771,127.3552,정상
Male,21,67.62358,116.1185,저체중
Female,22,66.69655,129.1073,정상
Male,27,68.34154,120.2991,저체중
Male,20,70.32266,137.2463,정상
Female,25,72.36994,161.072,정상
Female,28,71.00524,135.5327,정상
Male,26,67.51452,117.0815,저체중
Female,32,68.86769,134.6847,정상
Male,27,71.92456,140.8061,정상
Male,27,69.60134,137.1303,정상
Female,25,71.14383,145.1859,정상
Male,23,69.61626,119.6241,저체중
Female,32,68.93692,131.6676,정상
Female,24,69.42922,132.3479,정상
Female,27,67.17672,140.0865,정상
Male,26,69.72196,128.3285,정상
Male,34,70.60744,132.7756,정상
Female,32,67.34019,127.3799,정상
Female,34,66.31079,126.9478,정상
Male,32,67.23639,129.5258,정상
Male,23,66.2918,121.0966,정상
Female,19,69.50398,136.2028,정상
Male,21,66.49436,113.3199,저체중
Female,21,70.58993,133.791,정상
Female,32,68.92044,139.3391,정상
Female,26,71.77031,132.9198,저체중
Male,25,68.50443,119.7086,저체중
Female,35,69.39218,115.8239,저체중
Female,34,68.6537,126.212,정상
Female,32,66.18463,133.7102,정상
Male,19,68.33578,125.5068,정상
Male,22,66.10103,120.5161,정상
Male,26,67.31834,134.4938,정상
Male,28,68.14329,140.9484,정상
Male,23,67.54457,113.9351,저체중
Female,25,68.89329,132.902,정상
Female,18,67.78014,114.3622,저체중
Female,26,72.29726,130.9845,저체중
Male,26,69.89756,138.4082,정상
Female,19,68.68682,129.1788,정상
Female,24,68.22197,129.9893,정상
Male,29,68.06326,122.2425,정상
Female,33,70.50201,121.5432,저체중
Male,33,66.80934,127.5672,정상
Male,21,65.84644,114.6007,정상
Female,20,65.26085,108.4305,저체중
Male,23,67.03193,124.5872,정상
Male,20,69.69241,134.7945,정상
Male,24,67.68945,126.7584,정상
Male,32,64.90842,115.6715,정상
Female,21,69.7312,145.1096,정상
Female,27,70.9839,149.7127,정상
Female,25,65.35669,113.8631,정상
Male,23,70.94864,141.6714,정상
Male,30,66.61118,127.3027,정상
Female,24,67.8403,126.3388,정상
Female,24,70.30731,113.6596,저체중
Male,28,67.19256,118.4278,저체중
Male,27,72.6701,153.4343,정상
Male,29,69.11157,146.5177,정상
Male,34,65.42909,96.09124,저체중
Female,22,66.69501,115.1204,저체중
Female,25,67.2699,119.5571,정상
Female,21,66.82154,106.1513,저체중
Female,32,66.56659,120.8269,정상
Female,34,68.05305,121.1583,저체중
Male,28,69.85664,127.7646,저체중
Female,23,69.45607,112.218,저체중
Female,20,65.00963,133.8473,정상
Male,34,70.59848,142.1744,정상
Female,22,70.32798,145.7059,정상
Female,22,71.92476,137.7201,정상
Female,27,72.18595,134.2977,저체중
Male,32,68.29702,125.3716,정상
Female,21,72.45555,135.889,저체중
Male,26,67.70906,116.7369,저체중
Male,34,65.63799,127.0389,정상
Male,34,68.38226,140.6609,정상
Female,33,65.644,134.9545,정상
Male,20,69.68159,129.241,정상
Female,30,69.47913,151.5039,정상
Female,25,72.95987,156.0008,정상
Male,33,69.56484,129.0326,정상
Female,26,70.69665,130.411,저체중
Male,21,66.5653,130.9523,정상
Female,19,66.0725,113.1841,저체중
Female,21,68.68202,131.7641,정상
Male,34,64.4832,117.5189,정상
Female,23,66.84969,112.0469,저체중
Female,29,66.68227,105.1667,저체중
Male,22,68.65461,122.6123,저체중
Female,26,69.72195,118.0798,저체중
Female,21,69.39789,117.1566,저체중
Male,19,70.61082,125.1074,저체중
Female,32,66.22358,110.4053,저체중
Male,20,70.31099,126.7549,저체중
Female,34,68.85282,134.3575,정상
Male,29,69.84827,129.8123,정상
Female,22,69.80382,120.1583,저체중
Male,22,66.79719,113.3404,저체중
Female,23,68.78234,136.1364,정상
Female,29,68.63042,142.019,정상
Male,31,67.06382,138.7234,정상
Female,20,66.47369,111.6471,저체중
Male,18,67.0678,121.6606,정상
Male,20,70.53877,153.2208,정상
Female,21,69.15369,123.9976,저체중
Female,20,66.29498,125.3838,정상
Female,27,66.87256,133.81,정상
Male,23,67.12544,134.5897,정상
Female,19,69.56909,131.9905,정상
Female,29,67.03174,136.702,정상
Female,34,66.4968,127.9662,정상
Female,18,67.5556,109.1244,저체중
Female,29,67.93723,149.1814,정상
Female,18,66.27955,131.2398,정상
Male,30,70.08345,127.6921,저체중
Male,29,67.35558,112.0268,저체중
Male,29,64.76129,135.324,정상
Male,33,69.37296,119.6408,저체중
Female,25,68.95501,122.0693,저체중
Female,23,67.90465,120.3374,저체중
Male,25,66.71124,117.9071,정상
Male,27,65.76897,119.6472,정상
Female,27,69.74997,139.8994,정상
Female,20,68.41754,144.6354,정상
Female,24,70.48365,141.2387,정상
Female,24,68.69947,126.1275,정상
Female,33,67.91544,139.3144,정상
Female,29,64.26003,138.8967,정상
Male,23,69.46549,139.5814,정상
Male,28,72.00386,126.9035,저체중
Female,32,68.50887,137.5104,정상
Female,24,68.6786,148.859,정상
Female,32,69.89895,128.7758,정상
Male,21,68.57138,138.3081,정상
Male,25,68.97025,144.2462,정상
Female,34,68.34718,115.801,저체중
Male,30,72.38993,135.652,저체중
Female,27,70.20578,142.9711,정상
Male,25,69.75085,129.6653,정상
Male,27,64.09194,119.3224,정상
Female,30,71.43266,131.4454,저체중
Male,35,67.37224,135.8829,정상
Female,31,66.33348,126.2756,정상
Female,32,65.95623,109.4862,저체중
Female,33,69.41866,129.0734,정상
Female,28,66.28843,108.9547,저체중
Female,19,71.46665,149.7074,정상
Female,22,71.51152,132.7706,저체중
Female,28,69.24771,121.9716,저체중
Female,27,69.53177,144.4003,정상
Male,30,67.22302,103.2602,저체중
Male,34,67.93135,129.3014,정상
Female,31,66.47411,124.7407,정상
Male,26,68.31675,139.713,정상
Female,18,73.35404,150.7569,정상
Female,23,67.46996,125.8104,정상
Female,35,68.76208,145.3668,정상
Male,21,66.09377,139.3107,정상
Male,33,67.45004,123.2179,정상
Male,23,67.8148,123.4598,정상
Male,35,67.34877,126.6511,정상
Male,19,71.09293,136.7007,정상
Female,19,66.02176,142.9777,정상
Female,28,66.60069,127.9869,정상
Female,29,69.93282,138.0167,정상
Male,20,68.7928,138.5455,정상
Female,35,65.98657,111.6272,저체중
Female,27,66.96658,125.4782,정상
Female,33,68.02571,120.8518,저체중
Female,21,67.76658,132.3844,정상
Male,30,71.68362,121.7687,저체중
Female,23,68.13284,137.313,정상
Female,34,66.94959,124.8775,정상
Male,26,68.59926,130.122,정상
Female,27,68.17404,138.4723,정상
Female,18,65.94969,128.6623,정상
Male,35,67.78038,145.0523,정상
Female,18,69.16229,133.4977,정상
Male,29,68.84495,135.0473,정상
Male,24,62.87593,87.80417,저체중
Female,25,65.38831,114.5963,정상
Female,34,69.61852,138.186,정상
Female,19,68.48205,117.8466,저체중
Male,30,64.11049,120.9648,정상
Male,24,69.87984,144.6479,정상
Male,35,67.76735,124.5242,정상
Female,21,67.35451,131.093,정상
Male,31,70.00347,141.6283,정상
Male,18,67.782,128.6523,정상
Male,20,70.91393,133.8196,정상
Female,19,65.724,116.8975,정상
Male,26,69.41139,111.6991,저체중
Male,28,67.93682,132.6835,정상
Female,26,68.58455,127.992,정상
Female,28,69.50539,133.2801,정상
Female,30,68.94904,128.2592,정상
Male,29,66.66785,137.9687,정상
Male,34,66.40117,126.7388,정상
Male,20,64.44764,114.5613,정상
Male,33,70.69015,129.7884,저체중
Male,20,68.25112,128.0135,정상
Female,34,67.4473,139.9757,정상
Female,26,65.36833,136.6826,정상
Female,31,67.34133,133.5039,정상
Male,28,66.46421,123.7168,정상
Male,28,69.82447,127.4811,저체중
Male,26,64.73067,112.8504,정상
Male,32,68.26578,123.2698,정상
Male,18,68.95561,109.0392,저체중
Male,24,64.58086,119.146,정상
Male,28,74.19842,141.6148,저체중
Male,32,66.6644,121.794,정상
Female,21,68.02958,132.4556,정상
Female,29,69.7998,152.4869,정상
Female,20,68.71084,119.4949,저체중
Female,27,68.62699,133.9088,정상
Female,25,66.32223,134.6167,정상
Male,35,68.55855,132.8311,정상
Female,27,68.53141,135.5661,정상
Male,31,62.48689,111.8165,정상
Male,29,68.00704,110.0622,저체중
Female,30,66.30784,137.3814,정상
Male,26,67.82081,120.6221,저체중
Female,20,67.83951,133.1991,정상
Male,25,69.5902,111.5373,저체중
Male,34,67.87211,141.0278,정상
Male,23,67.74583,102.3371,저체중
Female,34,64.71388,101.4857,저체중
Male,31,71.13759,146.4352,정상
Female,29,68.46782,143.5551,정상
Female,21,67.8517,124.7309,정상
Female,33,67.49456,121.203,정상
Male,35,68.90683,126.8225,정상
Male,25,66.26091,108.851,저체중
Male,24,68.79987,141.3204,정상
Female,35,68.59418,114.3444,저체중
Female,19,65.34823,114.1506,정상
Male,33,69.42848,141.8919,정상
Female,22,71.12497,141.1445,정상
Male,24,67.55908,122.9483,정상
Female,20,66.396,119.9881,정상
Male,19,68.62226,119.503,저체중
Male,25,67.72435,136.7854,정상
Male,25,68.47464,123.3189,저체중
Male,18,68.21036,117.8225,저체중
Female,22,72.93173,137.7735,저체중
Female,19,66.67029,123.5324,정상
Female,24,69.46618,133.0678,정상
Male,31,69.70422,116.2886,저체중
Female,26,64.06811,127.9847,정상
Male,33,68.24092,122.1935,저체중
Male,21,65.17573,124.5714,정상
Female,26,65.69849,123.4044,정상
Male,30,66.12188,121.0018,정상
Male,30,66.75351,113.6246,저체중
Female,25,67.124,130.327,정상
Male,27,68.13272,126.5551,정상
Male,20,67.68052,133.1014,정상
Female,23,67.62642,101.6002,저체중
Male,28,68.10599,119.3721,저체중
Female,26,67.87029,128.1651,정상
Male,26,65.92455,122.2294,정상
Male,18,68.17315,141.5252,정상
Male,19,69.90983,142.9065,정상
Male,24,70.66076,137.2266,정상
Male,35,66.01225,124.1513,정상
Female,18,68.1509,132.5444,정상
Male,34,64.74223,116.3991,정상
Male,18,67.10415,140.3787,정상
Male,30,71.26494,126.1828,저체중
Male,28,64.91946,130.5654,정상
Female,34,65.50098,125.5682,정상
Male,20,68.43887,120.3856,저체중
Male,18,64.33844,111.7705,정상
Female,22,67.68823,129.9065,정상
Female,32,66.06957,123.5877,정상
Female,30,68.48965,124.2906,정상
Male,19,67.35924,129.934,정상
Male,30,67.16705,118.2155,저체중
Female,21,66.10219,125.8852,정상
Female,31,69.4862,124.0363,저체중
Male,24,70.51144,140.7336,정상
Female,29,68.89049,125.4419,정상
Male,35,67.11289,115.4696,저체중
Female,28,69.51603,139.5932,정상
Male,31,68.86244,131.8509,정상
Male,35,67.76488,133.5444,정상
Male,24,65.95197,126.4559,정상
Female,19,65.55731,110.9407,저체중
Female,22,72.43314,128.1583,저체중
Male,23,68.05046,126.5532,정상
Female,20,63.42692,114.5877,정상
Female,29,70.12328,133.688,정상
Female,18,65.79126,110.9996,저체중
Male,35,68.70108,135.9715,정상
Female,25,73.28207,137.8167,저체중
Male,29,68.99273,147.8318,정상
Female,23,67.82843,135.2744,정상
Female,26,62.94505,122.372,정상
Male,27,69.51628,126.2618,저체중
Male,29,67.94096,116.288,저체중
Male,25,68.50625,132.962,정상
Female,23,67.95033,114.1483,저체중
Male,28,68.24256,128.3786,정상
Male,32,66.74548,120.3706,정상
Female,29,68.97078,134.1704,정상
Male,34,67.89432,119.747,저체중
Female,18,67.79059,128.8443,정상
Female,32,69.35969,151.1659,정상
Male,23,67.25605,119.6419,정상
Female,33,69.23614,143.8642,정상
Male,30,66.1292,119.0279,정상
Female,34,67.91232,136.3911,정상
Male,18,69.75562,108.6263,저체중
Male,20,64.53749,114.2815,정상
Male,32,67.63726,119.2335,저체중
Male,25,64.64337,103.3826,저체중
Male,19,68.76465,135.6549,정상
Male,18,68.35968,125.3602,정상
Male,35,67.15012,110.7928,저체중
Female,26,67.86118,110.2807,저체중
Female,35,65.15809,111.8642,정상
Female,27,68.62459,147.1759,정상
Male,26,69.70212,107.5978,저체중
Male,18,65.83099,119.0626,정상
Female,24,66.5626,108.4966,저체중
Male,24,68.09845,118.1344,저체중
Male,21,71.05128,146.987,정상
Female,26,67.73185,113.9887,저체중
Male,21,70.68351,137.5274,정상
Female,28,66.52891,121.9112,정상
Male,24,69.66816,132.621,정상
Male,33,69.14886,118.2569,저체중
Male,26,68.16218,125.9458,정상
Female,30,66.39514,129.8475,정상
Female,25,69.00165,122.8649,저체중
Male,21,67.50031,118.3179,저체중
Female,23,69.70684,143.0038,정상
Male,19,66.12548,130.5276,정상
Male,31,69.3575,143.6705,정상
Female,30,71.21111,123.7803,저체중
Female,31,70.30626,127.5549,저체중
Female,31,68.79866,113.9144,저체중
Female,20,67.98332,129.6498,정상
Male,18,67.04034,136.5138,정상
Female,18,65.51177,125.8274,정상
Female,21,67.5647,121.5267,정상
Male,34,65.31898,112.9453,정상
Male,34,68.67641,133.8246,정상
Female,33,69.69018,108.3043,저체중
Female,22,67.58645,128.7129,정상
Female,24,69.02146,131.7672,정상
Female,29,71.22346,134.1668,정상
Female,30,66.68869,121.3149,정상
Male,24,68.89188,116.5565,저체중
Female,25,70.25429,132.284,정상
Male,25,66.69163,113.6064,저체중
Female,24,71.23552,149.4307,정상
Male,22,72.23127,136.0526,저체중
Female,29,69.14796,127.1588,정상
Male,24,68.3997,137.7419,정상
Male,31,69.1157,137.5853,정상
Male,19,67.44534,123.8531,정상
Female,31,67.22197,120.25,정상
Male,19,68.34089,123.5174,정상
Female,18,68.42363,130.5575,정상
Female,19,70.02078,101.0972,저체중
Male,18,70.21496,126.4946,저체중
Female,31,66.38077,133.6296,정상
Male,28,66.71388,115.4801,저체중
Male,18,64.1655,117.12,정상
Male,30,71.24956,137.0562,정상
Male,24,69.89254,147.3662,정상
Female,18,68.98321,135.968,정상
Male,28,64.57034,129.1319,정상
Male,27,67.41889,116.1147,저체중
Female,26,69.98766,137.7019,정상
Female,18,70.43488,133.2956,정상
Male,26,65.75904,116.6186,정상
Male,24,64.11045,115.4852,정상
Female,24,66.59156,134.6647,정상
Male,21,67.27675,137.0794,정상
Female,29,69.17155,136.9795,정상
Male,31,69.6518,130.5147,정상
Male,18,66.32536,128.4373,정상
Female,21,64.03352,114.4831,정상
Male,32,61.92639,78.01476,저체중
Female,33,67.7671,117.9652,저체중
Male,18,66.40118,109.6265,저체중
Female,26,66.88433,124.1093,정상
Female,24,68.2887,122.8747,정상
Female,30,66.1441,116.6754,정상
Female,31,70.22583,140.134,정상
Female,33,68.68353,137.0244,정상
Male,32,71.08882,137.2922,정상
Male,33,64.53211,112.4629,정상
Male,22,66.54164,115.2955,저체중
Female,19,67.46281,130.815,정상
Female,30,68.0421,121.023,저체중
Female,18,65.46687,124.5001,정상
Male,25,68.52141,113.6681,저체중
Male,33,67.96073,126.2877,정상
Male,22,66.57412,121.4992,정상
Female,24,67.40978,137.7122,정상
Male,31,67.55044,146.7738,정상
Male,28,64.99509,110.056,저체중
Male,29,68.29555,135.3666,정상
Female,19,65.96557,133.8862,정상
Female,31,68.96821,134.2673,정상
Female,21,69.15112,119.7562,저체중
Female,35,68.56283,128.7529,정상
Female,27,69.75078,136.582,정상
Male,34,67.47683,102.3792,저체중
Male,33,70.38587,126.0902,저체중
Male,31,68.33742,135.0531,정상
Female,26,68.81973,142.3251,정상
Male,19,68.62357,110.3801,저체중
Male,30,63.33985,102.0817,저체중
Male,22,69.12711,117.5758,저체중
Male,28,67.89769,121.003,저체중
Male,22,66.45348,137.254,정상
Female,18,65.60765,117.6409,정상
Female,23,69.61332,124.3246,저체중
Female,19,65.2444,100.6039,저체중
Male,31,70.00592,138.7949,정상
Male,26,68.27914,126.7719,정상
Male,20,68.01894,140.9059,정상
Male,32,66.99443,125.0889,정상
Male,19,66.27568,120.1084,정상
Male,26,67.53537,142.9972,정상
Male,23,66.97235,112.1711,저체중
Female,33,70.63806,145.3795,정상
Female,18,62.8996,122.5734,정상
Female,34,69.89458,138.0427,정상
Male,33,71.93148,145.0405,정상
Male,22,68.87022,125.7048,정상
Male,24,68.93,132.8748,정상
Male,19,64.69495,125.4599,정상
Female,24,68.70088,125.097,정상
Female,20,69.00687,141.8557,정상
Female,32,67.0541,127.0649,정상
Male,33,66.03227,105.2789,저체중
Female,19,65.47238,123.0281,정상
Female,34,68.47197,116.8453,저체중
Male,24,72.86624,155.6909,정상
Male,35,69.44922,122.5776,저체중
Female,25,67.63052,125.2892,정상
Male,23,68.2045,100.3754,저체중
Male,23,66.53317,124.1705,정상
Male,18,67.27027,129.1828,정상
Female,27,65.41871,117.4206,정상
Female,23,71.23007,141.3686,정상
Male,21,65.94361,116.2995,정상
Female,23,68.6177,135.2373,정상
Male,34,70.50911,124.1658,저체중
Male,23,69.85115,120.489,저체중
Female,25,71.86882,124.1575,저체중
Male,29,69.08754,132.1762,정상
Male,22,68.19593,127.1534,정상
Female,22,70.29545,123.0092,저체중
Female,20,66.37047,119.1916,정상
Male,35,69.81223,135.2679,정상
Male,22,67.11791,109.1436,저체중
Female,25,66.40278,119.7731,정상
Female,18,66.84852,138.8225,정상
Female,30,69.11523,131.8907,정상
Female,27,70.68754,133.2559,정상
Female,28,65.23047,125.7246,정상
Male,30,67.79963,131.9513,정상
Female,18,67.81254,129.5695,정상
Male,18,68.18637,114.497,저체중
Female,27,64.72897,113.9349,정상
Female,18,67.22249,131.9605,정상
Female,33,67.93339,115.2966,저체중
Male,24,66.48779,120.5557,정상
Male,31,66.56398,120.0062,정상
Female,32,66.75188,105.1257,저체중
Female,25,66.02021,126.5255,정상
Female,32,67.9585,127.2612,정상
Female,23,67.75219,110.8899,저체중
Male,22,73.95494,154.3987,정상
Male,30,68.63039,141.3375,정상
Male,25,62.37478,129.29,정상
Male,31,68.14198,140.1522,정상
Female,25,68.18139,117.3218,저체중
Female,28,69.02633,120.1428,저체중
Female,27,66.65396,107.1014,저체중
Female,35,70.08721,141.2284,정상
Female,30,67.67278,118.0272,저체중
Female,33,67.75081,117.2739,저체중
Male,22,69.23325,126.2547,정상
Male,34,66.37194,110.396,저체중
Male,25,70.10608,147.4051,정상
Female,29,69.31002,138.6833,정상
Male,21,68.90824,136.5244,정상
Female,29,68.92139,134.8939,정상
Female,33,67.23139,132.9597,정상
Female,35,65.72498,138.466,정상
Male,29,65.644,115.7868,정상
Female,18,67.33561,143.0319,정상
Male,23,69.78481,131.0816,정상
Male,29,70.59255,139.4271,정상
Female,30,68.63899,122.564,저체중
Female,25,65.88659,127.421,정상
Male,30,68.58695,138.1849,정상
Female,26,72.62181,131.941,저체중
Male,31,67.19948,126.541,정상
Male,29,63.83059,95.14852,저체중
Female,25,66.5739,121.3202,정상
Female,25,68.18941,124.102,정상
Male,21,67.36899,131.4176,정상
Female,25,67.99917,126.5831,정상
Female,32,64.31329,110.9314,정상
Female,22,69.79204,145.3659,정상
Female,27,68.63117,136.1348,정상
Male,22,66.5155,137.0524,정상
Female,26,66.38747,121.6402,정상
Female,19,69.64946,125.6207,저체중
Female,24,69.99201,160.4327,정상
Female,27,69.47095,127.7372,정상
Male,24,68.77016,134.2468,정상
Male,21,71.11019,140.7725,정상
Male,24,68.89861,118.0075,저체중
Male,24,69.31258,146.593,정상
Female,22,69.5515,139.4765,정상
Female,32,64.91223,119.4779,정상
Male,26,68.37362,118.1811,저체중
Male,24,69.53448,128.3192,정상
Female,28,71.24771,154.2702,정상
Female,21,68.83289,127.9049,정상
Male,31,70.97853,139.8943,정상
Female,27,68.7672,143.2316,정상
Female,30,70.09748,131.3648,정상
Male,27,66.41888,138.25,정상
Female,32,65.86975,130.1757,정상
Female,33,70.4954,159.7426,정상
Male,25,65.064,105.9605,저체중
Male,20,66.23465,146.7267,정상
Male,18,63.36047,101.3858,저체중
Female,24,65.49193,111.6041,저체중
Male,32,69.78248,123.3267,저체중
Male,23,67.16624,108.0636,저체중
Female,29,69.51547,125.7864,저체중
Male,29,68.25933,117.6366,저체중
Male,24,69.56163,123.3559,저체중
Male,19,68.51831,132.3693,정상
Female,33,68.80896,133.7864,정상
Female,30,68.56353,140.9816,정상
Female,24,67.83572,124.3327,정상
Female,27,69.41269,142.6121,정상
Female,21,69.68146,129.8956,정상
Female,25,67.64549,143.3283,정상
Female,34,66.05269,122.8764,정상
Male,32,66.27796,107.2234,저체중
Male,34,65.97701,122.1289,정상
Male,25,66.49181,104.5214,저체중
Female,27,69.4567,127.3538,정상
Male,25,65.33723,121.5969,정상
Female,24,66.57846,124.3407,정상
Female,31,68.01712,137.5218,정상
Male,23,71.9112,138.2502,정상
Female,22,69.96109,142.6425,정상
Female,25,66.49663,115.0091,저체중
Male,30,69.70181,127.0448,저체중
Female,26,68.75589,117.8107,저체중
Female,27,68.24339,124.7115,정상
Female,28,71.0885,134.7542,정상
Female,20,69.22398,128.7649,정상
Female,19,65.73834,132.8322,정상
Female,30,66.723,122.3498,정상
Female,33,66.46585,143.7961,정상
Male,30,70.17314,133.0561,정상
Male,27,62.87311,118.5005,정상
Female,29,71.03165,157.4647,정상
Male,29,65.93252,123.4121,정상
Male,23,68.38672,133.2561,정상
Male,19,68.48179,131.7267,정상
Male,24,66.76412,127.6081,정상
Female,30,70.28787,145.6777,정상
Male,21,67.95232,126.7402,정상
Male,26,66.4042,107.4818,저체중
Female,26,67.99874,125.0152,정상
Male,33,68.94294,132.508,정상
Male,33,66.99344,117.7892,저체중
Male,24,67.73609,127.2783,정상
Female,31,65.91236,138.3038,정상
Female,31,69.29849,141.5628,정상
Female,29,69.19949,127.7265,정상
Male,26,67.43514,143.9286,정상
Female,31,71.4622,132.334,저체중
Female,21,69.06087,139.6586,정상
Female,19,66.77321,128.0555,정상
Male,19,68.79889,126.6591,정상
Male,18,67.86558,143.0202,정상
Female,29,68.57647,120.5964,저체중
Female,26,65.96871,133.0051,정상
Female,24,66.58142,120.7591,정상
Female,25,68.05952,119.5858,저체중
Female,34,70.24508,128.3668,저체중
Female,27,64.83437,113.7229,정상
Female,20,68.73522,137.6596,정상
Female,28,68.7765,136.8831,정상
Female,32,68.33747,119.7698,저체중
Male,18,70.23944,142.1361,정상
Male,24,68.81975,140.2789,정상
Female,20,68.00236,149.5672,정상
Female,23,64.70248,119.8107,정상
Female,34,69.24303,140.6072,정상
Female,22,69.73554,112.9331,저체중
Male,18,69.90308,118.7222,저체중
Female,26,70.26048,142.8739,정상
Male,26,68.15806,118.4471,저체중
Female,35,68.16444,136.4492,정상
Male,27,66.89046,125.3586,정상
Female,34,65.22883,117.7991,정상
Female,28,68.87187,130.3033,정상
Male,26,68.18349,142.1478,정상
Male,22,64.41925,133.8882,정상
Female,33,66.7988,111.9541,저체중
Female,25,69.8922,131.1349,정상
Female,23,67.47421,127.7576,정상
Male,33,65.32392,100.9973,저체중
Female,33,67.69222,124.5089,정상
Female,28,70.27339,149.3882,정상
Male,22,69.54348,138.795,정상
Male,19,73.32067,131.1796,저체중
Female,27,66.05531,120.903,정상
Female,33,65.51404,123.1225,정상
Male,28,69.69787,148.9949,정상
Female,26,65.81341,127.2974,정상
Female,20,69.3073,133.1362,정상
Male,31,64.86268,108.1662,저체중
Male,21,69.16539,138.3731,정상
Female,26,70.52093,136.9358,정상
Male,25,68.1878,118.8524,저체중
Female,26,66.08498,113.2371,저체중
Female,20,65.10427,113.6349,정상
Male,24,68.62122,116.6541,저체중
Male,32,71.42976,127.3845,저체중
Male,32,65.69791,117.3124,정상
Female,34,69.80748,128.074,저체중
Male,35,69.92772,136.1304,정상
Male,26,69.41298,130.348,정상
Female,25,70.06942,126.2846,저체중
Female,27,66.39166,118.4999,정상
Female,30,66.07042,107.3307,저체중
Male,23,67.94108,131.225,정상
Male,18,66.88941,127.8534,정상
Male,20,68.96017,124.9296,저체중
Male,26,69.5704,156.8531,정상
Male,32,68.2825,128.9134,정상
Female,31,66.7166,130.1374,정상
Male,21,66.72626,108.1246,저체중
Female,26,66.57273,114.7724,저체중
Male,29,68.04107,126.3943,정상
Female,25,68.6295,139.1018,정상
Male,33,68.49436,113.7604,저체중
Female,31,66.39979,114.3961,저체중
Female,21,68.28212,132.8866,정상
Male,24,68.52069,139.9603,정상
Female,18,69.03432,120.0319,저체중
Male,26,64.99547,129.0647,정상
Female,18,67.91196,112.3713,저체중
Female,28,66.91361,116.2512,저체중
Female,23,70.70381,139.5198,정상
Male,21,67.40064,137.1524,정상
Male,19,69.05353,127.2322,정상
Male,35,65.85398,121.7386,정상
Female,20,66.79527,121.806,정상
Male,19,68.85892,145.3855,정상
Female,27,66.42832,103.8422,저체중
Male,34,66.91067,126.6949,정상
Male,23,70.43889,137.7195,정상
Female,21,67.94999,139.0592,정상
Male,32,69.95065,139.1737,정상
Male,33,72.71908,134.6013,저체중
Male,21,65.74199,136.7099,정상
Female,24,65.51557,125.163,정상
Male,29,70.21226,119.1812,저체중
Male,19,69.16742,128.4386,정상
Male,32,68.82771,105.6454,저체중
Female,22,68.60122,132.7843,정상
Female,20,65.56691,127.4552,정상
Female,23,69.79458,120.7382,저체중
Male,19,68.50628,131.7647,정상
Male,21,66.57019,116.6893,정상
Female,32,70.03926,134.5167,정상
Male,22,67.9869,141.6655,정상
Male,18,71.22405,151.3256,정상
Female,19,68.74939,126.1276,정상
Male,33,67.24515,139.1668,정상
Male,20,67.73462,114.4462,저체중
Female,21,67.46116,127.3858,정상
Female,33,69.2147,140.1225,정상
Male,30,67.51576,126.9627,정상
Male,35,66.10796,114.8271,저체중
Male,22,68.5057,117.2246,저체중
Male,21,66.73397,122.3952,정상
Male,18,69.36366,125.575,저체중
Male,32,71.87173,146.8516,정상
Female,24,65.49077,118.2955,정상
Female,22,66.34021,108.1274,저체중
Female,26,66.91425,112.1228,저체중
Male,23,69.28626,134.7612,정상
Male,31,67.79093,124.6467,정상
Female,30,69.07817,143.6054,정상
Male,25,67.44134,146.0127,정상
Female,34,68.73085,134.9284,정상
Female,19,69.47641,129.3397,정상
Female,29,68.70536,144.436,정상
Female,18,64.93749,106.7489,저체중
Female,19,67.24113,111.1544,저체중
Female,20,66.56344,131.8655,정상
Male,24,65.53499,94.12903,저체중
Male,20,63.90174,118.1282,정상
Male,33,69.67198,133.5641,정상
Female,20,64.43413,124.1712,정상
Male,28,64.51197,115.5299,정상
Female,32,67.70097,133.1008,정상
Female,21,64.90215,123.7036,정상
Male,33,67.99061,129.6754,정상
Male,30,67.82413,120.6313,저체중
Male,25,68.52722,126.7222,정상
Female,27,69.2092,121.3021,저체중
Female,22,66.20442,115.7721,정상
Male,32,71.109,132.442,저체중
Male,24,68.57075,114.2557,저체중
Female,30,68.00623,137.8888,정상
Female,27,64.09668,113.0901,정상
Male,23,68.75021,138.3973,정상
Male,33,65.47736,116.194,정상
Male,20,68.75545,135.4326,정상
Female,35,67.45601,117.7914,저체중
Female,26,65.98877,120.6623,정상
Male,34,69.37016,127.3013,정상
Female,28,67.6734,123.4882,정상
Female,19,69.89525,119.6832,저체중
Female,26,69.61509,128.0375,정상
Female,25,69.3937,137.0006,정상
Male,25,67.97247,102.2394,저체중
Male,27,69.22724,127.8642,정상
Female,32,67.9542,120.0739,저체중
Male,23,67.95068,115.6076,저체중
Female,30,68.40984,145.4263,정상
Female,23,68.77759,131.7281,정상
Female,26,65.13204,122.8043,정상
Female,28,68.81528,126.5719,정상
Male,32,64.91737,118.1884,정상
Male,21,69.24,141.1041,정상
Male,19,64.37656,106.7087,저체중
Male,22,66.94537,128.9508,정상
Male,35,67.93057,122.6122,정상
Female,24,67.94897,110.6746,저체중
Male,34,67.85108,123.105,정상
Male,20,66.58719,114.1358,저체중
Male,30,69.6734,133.9095,정상
Male,34,69.99226,131.5353,정상
Male,33,66.01009,111.5487,저체중
Male,29,69.06337,140.4059,정상
Female,23,68.44652,122.5025,저체중
Female,32,67.77966,120.9614,정상
Male,23,68.28074,126.8558,정상
Male,22,67.85813,116.385,저체중
Female,23,66.32684,104.7552,저체중
Male,20,64.69309,116.3749,정상
Male,20,69.99022,153.7945,정상
Male,33,71.14046,139.3483,정상
Male,32,73.11374,141.5157,정상
Female,28,67.07803,128.1482,정상
Female,19,67.86878,111.8266,저체중
Male,26,66.00182,122.9777,정상
Male,22,66.90908,135.2963,정상
Female,21,66.6852,127.4327,정상
Female,19,67.09584,138.9995,정상
Female,19,69.32346,129.5811,정상
Male,32,71.51046,152.7026,정상
Male,20,67.95718,126.8874,정상
Female,18,71.95199,148.9864,정상
Male,19,64.63369,101.6115,저체중
Male,27,67.76332,102.2017,저체중
Male,19,67.47196,128.7711,정상
Male,20,68.9559,128.348,정상
Female,33,68.91935,130.601,정상
Male,18,69.72604,129.9311,정상
Female,33,69.36628,126.0097,저체중
Male,27,69.36979,160.0595,정상
Male,18,70.82097,125.9832,저체중
Male,28,67.88765,130.1885,정상
Male,26,66.24709,108.1229,저체중
Male,32,65.29888,126.1983,정상
Female,29,68.06429,115.6124,저체중
Male,22,68.31388,157.1449,정상
Male,26,66.80653,129.4758,정상
Male,25,70.76233,128.8173,저체중
Female,28,67.91801,131.1724,정상
Male,35,67.7657,137.7214,정상
Male,35,68.41708,129.1072,정상
Female,19,70.60391,134.6567,정상
Female,30,70.95676,152.5077,정상
Female,34,67.80891,119.3174,저체중
Male,34,68.05761,144.4357,정상
Female,22,71.64101,137.6723,정상
Male,32,69.56807,131.7272,정상
Male,25,68.37897,124.4672,정상
Female,29,69.52961,139.0711,정상
Female,27,67.91638,129.7194,정상
Male,35,65.90163,130.2564,정상
Female,35,66.40618,120.6583,정상
Female,29,66.75016,127.253,정상
Male,33,70.67254,128.2802,저체중
Male,21,66.19564,121.9578,정상
Female,25,63.86903,108.1252,정상
Male,23,67.31392,124.2722,정상
Female,23,68.76809,138.7117,정상
Male,20,65.20943,116.157,정상
Male,31,66.98591,115.0587,저체중
Female,21,67.42523,136.1542,정상
Female,25,66.50837,120.1535,정상
Male,26,67.6117,121.1889,정상
Male,23,66.61201,121.5732,정상
Female,29,70.86568,118.6469,저체중
Female,34,71.32734,128.9839,저체중
Female,33,65.4778,112.1488,저체중
Female,28,67.97456,143.301,정상
Female,32,64.43034,111.1606,정상
Male,22,64.28602,107.6355,저체중
Female,29,66.96798,126.725,정상
Male,28,70.1485,131.5029,정상
Male,22,69.33442,151.3078,정상
Female,34,64.16934,112.0675,정상
Female,35,68.13767,119.5635,저체중
Female,28,67.08413,112.2697,저체중
Male,33,67.41342,121.7801,정상
Female,20,66.12667,114.907,저체중
Female,19,69.20029,131.6151,정상
Male,30,68.12415,123.0866,정상
Male,20,68.46751,112.8145,저체중
Female,29,68.76315,142.2609,정상
Male,22,68.57141,125.4749,정상
Male,34,66.26613,130.1712,정상
Male,35,71.68987,134.2174,저체중
Male,24,69.02855,137.7087,정상
Male,35,68.18153,128.3747,정상
Female,27,68.09645,134.3938,정상
Female,33,67.62189,123.3117,정상
Male,24,67.09138,118.3389,저체중
Female,34,63.55618,102.794,저체중
Male,27,62.85508,114.4639,정상
Male,19,68.7842,131.0257,정상
Male,22,63.50044,120.7176,정상
Female,31,67.44217,134.7953,정상
Male,28,67.98901,129.3666,정상
Male,32,70.35684,147.6725,정상
Female,33,69.72082,128.5478,정상
Female,32,64.46472,100.3255,저체중
Male,30,67.97104,130.713,정상
Female,18,66.30166,125.9627,정상
Male,34,70.70031,134.4612,정상
Female,18,71.09133,140.8249,정상
Female,21,67.99134,145.7668,정상
Female,31,69.21008,134.423,정상
Male,30,66.88274,126.4537,정상
Female,24,68.36795,125.8251,정상
Female,34,68.49492,134.5742,정상
Male,23,68.58014,153.277,정상
Female,29,67.89223,128.9499,정상
Male,33,67.11189,96.36193,저체중
Male,27,63.31715,104.4658,저체중
Female,27,67.75509,136.1973,정상
Male,23,67.73474,121.4205,정상
Female,20,70.0064,133.8839,정상
Male,23,71.4794,141.4209,정상
Male,35,66.55546,111.2872,저체중
Male,21,68.93126,130.5566,정상
Male,31,68.92078,127.2883,정상
Male,18,69.87076,106.3125,저체중
Male,34,68.83485,119.3079,저체중
Male,31,65.01842,151.4337,과체중
Male,35,67.6557,118.4406,저체중
Male,21,67.04163,133.2765,정상
Female,28,69.71126,126.3546,저체중
Female,33,66.50183,131.5315,정상
Female,25,68.33511,144.3527,정상
Male,32,66.9407,110.8551,저체중
Female,20,67.40925,136.9725,정상
Male,29,69.31165,131.074,정상
Female,31,64.06236,115.105,정상
Female,35,65.56181,116.5971,정상
Female,23,64.77319,121.3992,정상
Female,29,68.96452,131.9731,정상
Female,26,66.63747,118.1281,정상
Male,30,69.56752,135.5865,정상
Male,33,65.1007,109.2654,저체중
Female,26,64.9936,110.6938,저체중
Male,20,70.66323,128.1262,저체중
Female,19,69.00077,112.673,저체중
Female,21,70.10951,114.8419,저체중
Male,35,67.34384,114.9568,저체중
Female,30,68.60818,134.9085,정상
Male,22,67.23956,107.1732,저체중
Male,24,72.29201,139.9045,정상
Female,33,67.08503,120.075,정상
Female,23,67.42026,134.753,정상
Female,25,69.11345,124.4949,저체중
Female,35,72.35402,138.0597,정상
Female,32,65.26185,121.3037,정상
Female,28,68.44809,119.1946,저체중
Male,22,63.33709,129.6209,정상
Male,19,69.63855,127.8437,정상
Female,32,70.94026,120.1561,저체중
Male,18,68.87976,129.9892,정상
Female,33,66.86712,117.3156,저체중
Female,23,71.04505,130.1568,저체중
Male,28,68.38827,119.0647,저체중
Male,34,67.52106,122.7459,정상
Male,34,69.87186,132.0456,정상
Female,27,71.55171,117.5422,저체중
Male,31,66.46162,127.9555,정상
Male,25,72.02569,124.1535,저체중
Female,28,67.57232,118.5305,저체중
Male,25,69.00459,120.4771,저체중
Female,29,65.95744,133.5889,정상
Male,24,69.42784,138.1965,정상
Female,31,66.84795,110.233,저체중
Female,34,68.35329,123.8493,정상
Male,35,65.86502,123.3062,정상
Female,28,69.835,140.2449,정상
Female,29,67.66145,126.0904,정상
Female,33,68.19426,144.2229,정상
Male,26,69.32705,129.9933,정상
Male,32,67.61906,116.2005,저체중
Female,31,73.40972,133.009,저체중
Male,25,66.96963,127.496,정상
Female,30,66.12847,105.4284,저체중
Female,24,67.31517,123.035,정상
Female,27,70.20341,139.4022,정상
Female,25,68.61279,136.1018,정상
Male,33,68.2315,128.3552,정상
Male,30,69.01795,120.3067,저체중
Male,33,69.11662,132.9447,정상
Male,35,67.01546,130.2632,정상
Female,24,69.66929,126.4905,저체중
Male,31,68.84648,115.084,저체중
Male,20,68.62712,120.257,저체중
Female,19,68.34286,124.6374,정상
Female,30,68.00429,110.7882,저체중
Male,27,68.53424,138.4216,정상
Male,21,68.86421,125.0711,정상
Male,25,68.66789,116.5181,저체중
Male,35,64.77087,106.5228,저체중
Male,29,66.59801,130.4351,정상
Female,19,68.51877,135.0892,정상
Male,32,67.72455,122.4271,정상
Male,19,68.65578,152.6253,정상
Male,24,66.55626,135.1086,정상
Male,35,65.6087,120.4908,정상
Male,21,65.99372,127.2212,정상
Female,33,69.59156,131.6555,정상
Male,28,66.83509,115.5445,저체중
Female,23,68.49693,122.8879,저체중
Male,21,68.18592,141.1364,정상
Male,33,65.89922,113.8338,저체중
Female,25,66.9475,105.6898,저체중
Female,33,69.06182,134.9376,정상
Female,20,68.33972,125.0717,정상
Male,31,66.07267,132.8536,정상
Male,35,69.31936,138.2366,정상
Male,32,65.84808,131.2502,정상
Female,21,67.36294,118.4514,저체중
Female,31,67.3593,117.1267,저체중
Female,28,64.4803,114.5619,정상
Male,22,69.90125,145.3534,정상
Male,35,66.98612,146.5458,정상
Male,32,69.10503,121.7325,저체중
Female,25,67.52838,111.8378,저체중
Male,18,69.42915,123.1078,저체중
Female,23,67.06781,118.8862,정상
Female,34,67.46411,126.3954,정상
Female,22,68.88653,120.841,저체중
Male,34,67.0299,111.8676,저체중
Male,30,64.80287,122.305,정상
Female,30,70.12057,128.2378,저체중
Male,26,66.70331,137.0292,정상
Male,23,65.61686,124.6061,정상
Female,30,66.94092,116.4586,저체중
Male,23,65.96306,94.7257,저체중
Female,19,65.67991,123.1875,정상
Male,25,69.71521,131.7122,정상
Male,32,72.27532,154.9474,정상
Female,20,68.9462,125.8252,정상
Male,24,65.77925,120.1731,정상
Female,27,67.74371,133.4557,정상
Female,26,67.50658,138.89,정상
Male,18,64.7387,129.9819,정상
Male,18,70.40075,138.2906,정상
Male,19,66.31113,118.736,정상
Male,32,69.07813,132.6275,정상
Male,35,65.591,118.3107,정상
Male,27,67.68762,120.8594,정상
Male,24,66.44951,120.1558,정상
Male,27,68.08673,126.8226,정상
Female,31,66.24786,127.0943,정상
Male,24,70.99353,123.479,저체중
Female,22,68.2099,127.1802,정상
Male,34,67.95421,125.725,정상
Male,28,68.83812,129.5121,정상
Male,28,65.96009,128.081,정상
Female,23,66.27192,118.0759,정상
Female,24,65.97624,115.5401,정상
Female,23,66.75536,121.1873,정상
Male,31,70.71061,142.0151,정상
Female,28,69.7805,121.0935,저체중
Female,35,68.54296,139.0712,정상
Female,20,68.1192,108.6708,저체중
Female,18,65.3068,129.9528,정상
Female,30,69.78927,139.6959,정상
Male,31,68.62776,126.7958,정상
Male,25,70.62247,130.7473,저체중
Male,19,68.90663,139.9702,정상
Female,25,69.10172,147.4603,정상
Male,33,65.38912,106.2248,저체중
Male,26,67.42929,118.2165,저체중
Female,24,68.36866,129.2801,정상
Male,22,68.36248,120.0642,저체중
Female,30,66.87574,122.173,정상
Female,33,69.29149,127.6393,정상
Male,19,65.28542,129.8255,정상
Female,27,66.6047,119.5932,정상
Male,29,66.85857,137.179,정상
Female,19,71.25571,140.6042,정상
Male,20,70.01811,125.5674,저체중
Male,30,68.14057,121.5594,저체중
Female,29,70.42527,136.4209,정상
Female,31,70.19124,116.1543,저체중
Male,19,70.03089,121.4123,저체중
Male,25,66.38573,126.3671,정상
Female,25,66.9214,125.7389,정상
Female,30,67.42805,135.3317,정상
Male,19,67.65681,110.0211,저체중
Male,32,67.35105,110.7792,저체중
Female,26,66.64091,119.5543,정상
Male,30,69.83869,146.7883,정상
Male,18,66.59553,124.4923,정상
Male,21,69.77893,122.8878,저체중
Female,26,66.08192,128.2059,정상
Male,30,70.75962,145.1159,정상
Female,21,68.33049,109.8427,저체중
Male,32,67.25612,139.0113,정상
Female,31,70.61119,143.3182,정상
Male,34,67.56781,112.6521,저체중
Male,21,70.97495,148.0819,정상
Female,29,70.12654,129.6234,정상
Male,34,68.78941,128.9925,정상
Male,25,67.18784,110.9939,저체중
Female,28,67.1599,121.0722,정상
Male,30,67.87817,132.0587,정상
Male,18,69.82444,124.1746,저체중
Male,32,68.68474,116.2746,저체중
Female,29,69.35291,130.007,정상
Male,21,68.57852,135.4695,정상
Female,33,67.33814,133.6925,정상
Female,25,68.19909,124.0152,정상
Male,30,63.92008,113.4979,정상
Male,33,68.02589,121.0372,저체중
Female,29,66.5546,127.0069,정상
Female,25,67.95995,112.8356,저체중
Male,28,67.45313,138.8983,정상
Female,20,69.72472,146.8345,정상
Female,21,65.79407,117.257,정상
Female,18,68.77865,148.2023,정상
Female,28,65.47726,110.3392,저체중
Male,35,68.95735,124.7896,저체중
Female,27,68.41169,137.9051,정상
Female,20,67.62647,134.5912,정상
Female,31,66.45056,136.37,정상
Female,23,68.41418,136.993,정상
Male,32,73.46216,140.968,저체중
Male,24,65.43572,118.0352,정상
Female,27,67.99082,135.9919,정상
Female,18,67.52665,122.5461,정상
Female,18,67.73934,115.2443,저체중
Female,26,65.96595,119.5018,정상
Male,35,68.87961,121.7995,저체중
Male,34,68.08036,127.2558,정상
Female,21,67.36171,120.6458,정상
Female,27,64.38354,119.3323,정상
Male,18,69.75639,126.066,저체중
Male,24,66.8137,106.6755,저체중
Male,20,67.46087,121.3847,정상
Male,29,68.99738,118.3578,저체중
Female,22,66.52827,123.3633,정상
Male,34,69.43908,136.248,정상
Male,33,67.88492,122.1517,정상
Female,35,70.61052,147.686,정상
Male,33,69.48816,130.5616,정상
Male,28,67.12804,122.7826,정상
Male,31,67.75649,117.9294,저체중
Male,20,70.94686,131.9377,저체중
Female,22,68.2358,125.9982,정상
Male,32,68.81174,135.5761,정상
Male,26,69.37167,130.0714,정상
Male,20,66.56234,123.6984,정상
Male,23,67.51121,115.6791,저체중
Male,19,67.92882,129.482,정상
Female,27,64.63454,109.9452,정상
Male,27,67.79166,118.3516,저체중
Male,21,67.04792,125.6464,정상
Female,32,68.56413,112.2504,저체중
Female,24,67.53116,124.9106,정상
Female,27,67.71164,130.67,정상
Female,19,71.49767,128.9497,저체중
Female,21,66.42399,121.8209,정상
Female,28,65.25687,115.1695,정상
Female,22,67.02666,121.5475,정상
Female,25,68.4504,122.1388,저체중
Male,23,73.55566,149.8402,정상
Male,31,69.17741,131.2888,정상
Male,28,67.4203,110.133,저체중
Male,32,67.42349,130.7954,정상
Female,29,70.42099,127.0184,저체중
Male,26,67.02709,116.7578,저체중
Female,21,66.33083,129.3366,정상
Male,30,69.55259,133.0437,정상
Male,28,69.55744,135.4041,정상
Female,35,67.25328,138.7002,정상
Female,31,66.1666,105.7041,저체중
Male,28,68.87957,98.57059,저체중
Male,21,69.62485,131.5031,정상
Male,27,68.47403,129.3925,정상
Female,20,65.07886,140.2449,정상
Male,22,67.07668,137.308,정상
Female,28,65.87754,121.0767,정상
Male,25,68.13293,123.9844,정상
Male,30,70.14968,121.9132,저체중
Male,22,65.34486,111.9794,저체중
Female,18,66.07233,123.6313,정상
Male,32,68.10652,129.6434,정상
Male,26,71.04529,139.779,정상
Male,24,64.75341,119.3351,정상
Female,21,67.33457,110.3688,저체중
Female,26,64.26607,127.348,정상
Female,20,66.25028,122.8633,정상
Female,18,69.80613,126.2564,저체중
Male,25,70.31933,132.2946,정상
Female,34,65.90373,122.0525,정상
Female,27,68.12881,111.4134,저체중
Male,26,69.43281,120.0944,저체중
Male,21,69.05555,140.1024,정상
Female,32,70.16747,139.4727,정상
Male,22,70.72975,152.7356,정상
Male,34,69.50996,137.1134,정상
Female,30,67.74268,136.3711,정상
Male,26,67.58253,128.0786,정상
Male,32,65.01312,125.7965,정상
Male,22,67.06595,129.959,정상
Female,30,68.32618,129.2915,정상
Female,20,67.4883,132.394,정상
Female,18,67.81802,121.1499,정상
Male,30,67.86423,122.2616,정상
Female,24,67.04793,144.7241,정상
Male,33,69.56793,124.4291,저체중
Female,21,64.52939,128.9372,정상
Female,22,68.42798,122.4175,저체중
Male,27,68.71113,112.1148,저체중
Male,22,66.14989,138.2484,정상
Male,20,72.84817,151.3727,정상
Female,25,71.75528,136.2952,정상
Female,30,66.20062,122.2395,정상
Male,23,71.30122,122.1991,저체중
Male,27,72.70475,106.6605,저체중
Female,22,66.4848,131.0492,정상
Male,23,65.73936,103.8932,저체중
Male,32,65.73932,116.6705,정상
Female,28,68.36851,126.187,정상
Male,29,66.78073,123.7823,정상
Female,25,65.25826,95.63814,저체중
Male,20,69.25203,125.6851,저체중
Female,31,68.19473,113.3283,저체중
Male,33,67.42308,127.9037,정상
Male,22,68.59131,121.6313,저체중
Female,27,69.93451,112.2096,저체중
Male,30,68.35495,137.9728,정상
Female,26,67.77473,133.3277,정상
Female,35,70.20824,136.6606,정상
Male,21,64.81088,111.9485,정상
Male,26,70.52361,135.5258,정상
Female,25,68.65188,115.0439,저체중
Female,27,67.0511,131.1182,정상
Male,22,69.31371,132.4638,정상
Female,26,67.36956,128.4464,정상
Female,31,70.15169,114.8211,저체중
Male,19,65.51921,113.3363,정상
Female,24,70.00466,104.466,저체중
Male,23,68.0189,129.3333,정상
Male,28,66.72787,103.2365,저체중
Male,26,69.81422,132.2248,정상
Male,29,67.4484,105.256,저체중
Female,18,64.50036,126.8106,정상
Male,31,67.42181,127.379,정상
Male,35,69.54484,135.6098,정상
Male,32,66.78251,94.51209,저체중
Male,27,68.02583,135.0232,정상
Female,24,69.59756,126.0523,저체중
Female,23,69.70111,147.8201,정상
Female,32,68.69898,131.2838,정상
Male,25,69.50665,139.9177,정상
Female,18,67.16676,125.2779,정상
Female,29,66.01105,130.5078,정상
Male,30,68.95166,129.3768,정상
Male,35,68.38876,119.2589,저체중
Female,32,67.47329,132.4444,정상
Male,31,66.73831,128.1593,정상
Female,18,64.92467,96.91718,저체중
Male,29,71.2568,130.6852,저체중
Male,30,68.64395,136.5972,정상
Female,25,67.67603,124.4685,정상
Male,29,65.50539,143.9237,정상
Male,19,64.31386,119.0699,정상
Male,30,69.72695,119.3308,저체중
Male,34,65.11523,125.7234,정상
Female,24,63.70715,111.0903,정상
Male,27,69.94478,128.5573,저체중
Male,23,67.20119,113.6719,저체중
Female,34,71.38651,141.1154,정상
Female,25,66.74038,133.1715,정상
Male,19,65.21928,125.0902,정상
Male,31,66.83913,129.4363,정상
Male,29,69.02398,130.9462,정상
Male,29,67.32826,112.6738,저체중
Male,30,66.59493,127.1637,정상
Male,31,71.73466,145.4267,정상
Female,32,66.33824,123.3295,정상
Male,35,67.0491,123.2213,정상
Male,31,70.64134,152.056,정상
Male,23,69.59606,118.9768,저체중
Male,25,66.78068,119.4823,정상
Male,21,69.39063,149.617,정상
Male,30,69.90303,133.9469,정상
Male,25,72.73727,144.2981,정상
Male,22,68.39263,132.5303,정상
Male,20,68.31048,129.9349,정상
Female,25,66.94796,113.807,저체중
Female,31,68.97424,131.1916,정상
Male,29,63.82304,120.9811,정상
Male,32,67.42872,134.8411,정상
Female,34,67.44922,122.6827,정상
Female,25,68.4922,143.6419,정상
Male,27,65.45648,99.10252,저체중
Female,34,67.46239,125.3729,정상
Female,27,68.06118,119.3436,저체중
Female,21,69.35205,127.3954,정상
Female,31,67.1694,120.7452,정상
Male,31,69.16451,138.1299,정상
Female,24,67.84407,117.4335,저체중
Female,30,69.74531,136.4161,정상
Female,29,69.50049,118.8787,저체중
Male,30,65.59756,109.2654,저체중
Male,34,65.7887,121.8958,정상
Male,31,67.73988,121.1281,정상
Male,26,67.45264,107.8988,저체중
Female,21,66.76519,118.5142,정상
Male,21,69.16573,122.5451,저체중
Male,27,67.64803,130.9586,정상
Female,32,68.99719,126.3192,정상
Female,33,66.95571,114.573,저체중
Male,25,68.21681,139.3253,정상
Male,23,70.59044,135.6509,정상
Female,20,67.01016,136.7692,정상
Male,34,67.16363,112.0325,저체중
Male,35,67.31394,114.5343,저체중
Male,23,68.61835,135.0315,정상
Female,22,67.52474,129.9562,정상
Female,32,68.7303,132.5218,정상
Female,31,68.51045,113.1181,저체중
Male,28,70.2755,124.5574,저체중
Female,23,69.58278,132.3214,정상
Female,25,68.17009,126.5205,정상
Female,26,68.29276,130.0106,정상
Male,35,69.6923,140.5433,정상
Male,30,70.30843,136.5605,정상
Male,34,65.24029,116.5097,정상
Male,35,71.56487,132.1166,저체중
Female,21,67.86942,130.7553,정상
Female,27,67.8101,144.9624,정상
Female,21,66.69452,119.4778,정상
Male,32,68.80517,129.8844,정상
Male,30,67.00182,134.3311,정상
Male,26,68.36228,144.5173,정상
Male,25,70.3389,131.5169,정상
Male,31,68.009,126.9959,정상
Male,20,65.48455,136.5241,정상
Female,23,69.68966,125.4997,저체중
Male,25,68.552,129.4829,정상
Male,29,68.2096,138.6158,정상
Male,25,66.93118,121.261,정상
Male,33,67.46192,119.6095,저체중
Male,24,69.29621,107.5141,저체중
Female,29,68.12627,130.5966,정상
Female,19,66.35397,124.3943,정상
Male,21,68.31918,120.5494,저체중
Male,34,67.79233,119.2799,저체중
Male,32,66.99949,124.8734,정상
Female,25,69.77773,131.3978,정상
Female,22,69.52365,147.8093,정상
Male,27,66.95733,129.7038,정상
Male,26,68.37534,117.5037,저체중
Female,29,67.07925,137.0927,정상
Female,25,64.60565,98.9372,저체중
Female,20,66.65496,139.758,정상
Female,26,69.01472,121.4022,저체중
Female,32,66.8597,122.6126,정상
Male,18,69.87952,144.0689,정상
Female,25,64.61346,103.4199,저체중
Male,30,67.75415,134.9398,정상
Male,20,73.02684,139.7916,저체중
Female,23,68.15447,128.9553,정상
Female,30,72.59702,136.8067,저체중
Male,31,68.01914,112.0903,저체중
Female,24,65.82187,112.6344,저체중
Female,30,68.81957,130.1162,정상
Male,24,71.317,144.7312,정상
Female,19,70.00255,137.785,정상
Female,31,66.38261,122.7683,정상
Female,22,68.21355,140.6809,정상
Male,28,67.74003,108.2607,저체중
Female,18,70.18718,122.1478,저체중
Male,34,71.83265,130.342,저체중
Female,29,67.36621,116.9097,저체중
Female,21,68.57086,135.0217,정상
Female,23,71.04741,151.1236,정상
Female,21,66.59795,123.6365,정상
Male,22,68.81107,118.8078,저체중
Female,22,65.33076,116.2683,정상
Female,22,68.52512,129.2716,정상
Female,32,68.01263,133.3037,정상
Female,25,68.81095,129.318,정상
Male,29,71.415,142.9992,정상
Male,19,73.38057,154.3189,정상
Male,31,69.0571,127.9148,정상
Male,29,66.30593,125.7792,정상
Male,31,67.19635,120.2431,정상
Male,20,66.82731,118.848,정상
Male,34,70.80376,131.1233,저체중
Male,32,69.21079,126.0975,정상
Female,31,68.97666,140.9174,정상
Male,30,70.93475,141,정상
Female,22,69.29018,137.2974,정상
Male,29,67.88454,132.3025,정상
Male,30,68.839,139.0026,정상
Male,28,68.75738,128.0374,정상
Male,31,66.63057,118.8852,정상
Female,35,68.70439,122.1627,저체중
Female,18,70.42439,142.969,정상
Male,32,68.09534,120.9784,저체중
Female,22,68.73448,155.5583,정상
Female,22,66.32387,126.5144,정상
Female,18,68.38525,133.0024,정상
Female,19,71.26558,129.0136,저체중
Female,19,70.30804,139.5592,정상
Male,20,72.37914,125.4124,저체중
Female,35,70.68229,145.6807,정상
Female,19,69.25524,116.9842,저체중
Female,28,68.61717,118.0604,저체중
Female,21,69.95234,154.2652,정상
Female,35,67.21192,122.616,정상
Male,28,68.95803,140.1877,정상
Male,20,70.21225,115.701,저체중
Male,25,66.06475,117.0679,정상
Male,32,69.89075,153.5111,정상
Female,24,65.70868,118.8838,정상
Female,32,67.40897,131.353,정상
Male,31,67.80336,128.5892,정상
Female,22,66.77537,126.0811,정상
Male,27,69.39472,124.5088,저체중
Female,19,68.03254,152.3259,정상
Male,25,70.68853,142.0573,정상
Female,35,64.90623,125.4661,정상
Male,18,66.7301,124.653,정상
Male,32,66.05134,125.7801,정상
Male,34,65.12063,107.4916,저체중
Female,26,70.73337,136.9526,정상
Female,21,70.21345,129.7068,저체중
Male,22,67.41542,144.5605,정상
Female,34,69.81576,121.2493,저체중
Female,25,69.08556,124.4855,저체중
Female,28,68.79164,125.9361,정상
Female,26,64.48761,124.4471,정상
Female,28,65.63039,122.1341,정상
Female,19,63.8873,101.9472,저체중
Female,27,64.23075,110.6193,정상
Male,19,68.96118,138.7769,정상
Male,19,67.28415,117.8188,저체중
Female,22,67.95165,129.1463,정상
Male,21,66.13126,121.0599,정상
Male,31,69.68175,125.9135,저체중
Male,31,68.97307,132.694,정상
Male,21,68.54922,140.4031,정상
Female,18,72.05551,144.0404,정상
Male,34,69.71957,127.4787,저체중
Male,19,66.86686,144.6107,정상
Male,25,68.5857,132.7412,정상
Male,18,67.71756,150.1169,정상
Female,32,69.84981,115.8517,저체중
Female,31,70.80466,148.1321,정상
Female,32,69.82289,136.5182,정상
Male,31,68.44916,118.8654,저체중
Male,23,64.51651,124.292,정상
Male,32,66.39716,102.9907,저체중
Female,26,70.74389,119.446,저체중
Male,26,68.03206,126.3614,정상
Female,18,70.51117,146.8083,정상
Female,20,68.10873,141.6847,정상
Male,28,67.23845,115.9517,저체중
Female,26,68.54145,146.4722,정상
Male,27,66.88341,120.6493,정상
Male,18,67.94309,127.9486,정상
Male,26,70.47829,140.5446,정상
Female,20,67.41672,103.9911,저체중
Female,25,71.68845,138.8903,정상
Female,25,68.42777,132.1107,정상
Male,21,69.80496,139.5662,정상
Male,23,69.95499,123.728,저체중
Female,20,66.12776,129.0935,정상
Female,27,66.77574,104.4298,저체중
Female,26,68.88634,146.4716,정상
Male,30,66.04019,122.0205,정상
Male,35,66.82725,105.2155,저체중
Male,35,71.84956,114.3322,저체중
Male,21,66.5493,120.0294,정상
Female,35,66.64194,122.2388,정상
Male,20,69.40514,125.8462,저체중
Female,23,68.9732,149.142,정상
Male,23,68.89927,118.6997,저체중
Female,30,66.49234,114.5492,저체중
Male,25,69.66246,123.1604,저체중
Male,20,71.37386,119.0819,저체중
Female,33,68.49401,128.6116,정상
Female,34,66.74375,116.3968,저체중
Male,20,68.17463,136.3225,정상
Female,29,66.44601,109.0425,저체중
Male,20,66.93173,127.6166,정상
Male,35,71.05722,129.2659,저체중
Male,28,70.44551,132.4324,정상
Male,35,66.78778,123.2117,정상
Male,30,66.99974,104.313,저체중
Male,30,66.93056,129.3818,정상
Male,19,68.64546,156.5212,정상
Male,29,68.33571,116.6739,저체중
Male,19,67.13465,131.0346,정상
Male,26,66.99755,137.65,정상
Male,32,66.55502,109.5773,저체중
Male,32,67.6653,118.1356,저체중
Male,22,68.29447,121.9493,저체중
Female,33,67.86169,136.1423,정상
Male,33,65.99617,123.9677,정상
Male,22,69.31348,126.5029,정상
Female,22,66.8696,128.1357,정상
Female,34,67.89663,111.9666,저체중
Male,27,68.59532,132.2773,정상
Male,24,65.47889,119.7798,정상
Female,21,65.17519,122.6844,정상
Female,21,69.09782,121.3777,저체중
Female,21,68.59388,135.8185,정상
Male,18,67.38888,107.0327,저체중
Male,24,67.39861,148.6724,정상
Male,33,67.55792,118.6378,저체중
Female,31,68.62413,135.944,정상
Male,25,68.57569,143.4643,정상
Male,21,69.64614,139.2707,정상
Female,29,70.87591,153.1772,정상
Male,24,66.54682,120.1556,정상
Female,26,66.75683,122.6771,정상
Male,18,69.0924,132.2348,정상
Male,26,66.26872,125.055,정상
Female,26,70.44345,129.744,저체중
Male,32,65.63798,100.8841,저체중
Female,25,66.14059,125.2816,정상
Male,22,69.02744,116.3008,저체중
Female,32,69.11634,135.7018,정상
Male,18,66.91189,124.487,정상
Female,26,67.47984,118.6579,저체중
Male,28,66.27411,142.8314,정상
Male,35,69.06754,133.5337,정상
Female,33,68.74367,113.0626,저체중
Female,24,67.78497,123.231,정상
Male,31,66.80328,121.5905,정상
Male,31,67.49976,125.0247,정상
Male,23,65.05186,123.9833,정상
Female,30,69.20162,105.2719,저체중
Male,28,69.61355,124.7545,저체중
Female,32,70.41472,130.2035,저체중
Male,29,62.91894,121.8655,정상
Female,23,69.06546,125.3295,저체중
Female,19,68.80458,123.1664,저체중
Female,28,67.55559,144.891,정상
Male,18,69.75067,136.7792,정상
Male,22,68.04394,129.1908,정상
Male,21,70.18295,107.8295,저체중
Male,27,68.99489,141.8741,정상
Female,35,67.51961,128.5576,정상
Female,29,64.56646,119.602,정상
Female,30,71.95831,135.2597,저체중
Male,21,69.0224,144.1056,정상
Male,31,66.51118,122.3771,정상
Female,33,67.9872,121.1185,저체중
Female,19,67.45834,111.0184,저체중
Female,27,67.4141,136.7198,정상
Female,19,65.22365,112.0242,정상
Female,21,69.31591,142.3476,정상
Female,24,69.34287,135.2131,정상
Female,26,68.50494,143.4556,정상
Female,33,70.94343,137.6151,정상
Female,23,69.26483,122.2489,저체중
Female,35,64.8763,111.4897,정상
Male,28,67.3401,121.8431,정상
Female,18,65.85647,117.6178,정상
Male,25,68.28513,129.4322,정상
Female,30,71.49848,135.5103,정상
Female,29,68.14922,125.2074,정상
Male,18,73.22107,136.736,저체중
Male,33,70.24483,136.0741,정상
Male,25,66.16476,119.8647,정상
Male,31,70.72408,150.4398,정상
Male,34,69.60885,126.7483,저체중
Male,25,68.64307,131.2725,정상
Male,30,70.82908,121.2912,저체중
Female,27,66.17383,112.7295,저체중
Male,28,68.54875,138.1077,정상
Male,34,67.97518,116.8066,저체중
Male,22,68.32635,125.2183,정상
Male,28,72.05565,127.6232,저체중
Male,32,67.94268,124.3097,정상
Male,34,67.72877,119.0444,저체중
Female,26,69.59699,126.4719,저체중
Female,21,70.84343,130.0128,저체중
Female,32,71.14967,139.4641,정상
Male,25,66.78035,112.8561,저체중
Female,33,67.51289,128.4778,정상
Female,27,69.2969,129.867,정상
Female,33,68.04596,113.2546,저체중
Male,19,66.49564,127.5542,정상
Female,21,71.87029,151.8397,정상
Female,24,68.3905,132.1402,정상
Male,32,65.00438,113.921,정상
Male,29,66.20503,120.4717,정상
Female,20,69.34408,126.0365,저체중
Female,35,67.73769,116.4037,저체중
Male,18,68.95293,120.5159,저체중
Male,30,67.79797,141.8728,정상
Male,28,66.26302,130.6336,정상
Female,28,69.71346,122.8188,저체중
Female,21,67.72305,96.06788,저체중
Male,19,66.72756,123.1148,정상
Male,31,66.75114,132.4506,정상
Female,20,66.96514,142.6672,정상
Female,18,67.59748,106.3744,저체중
Male,26,65.51196,135.7343,정상
Female,30,68.93433,118.4039,저체중
Female,20,70.04973,139.9917,정상
Male,24,68.57453,142.7562,정상
Male,27,69.95846,133.5556,정상
Female,18,69.67227,144.783,정상
Male,33,67.48895,121.146,정상
Female,19,68.41794,127.0591,정상
Female,34,70.64777,141.8289,정상
Male,27,68.74365,118.5769,저체중
Female,22,67.49912,134.2321,정상
Male,29,68.96778,118.3576,저체중
Male,20,64.27649,115.885,정상
Female,28,69.76465,126.8942,저체중
Male,22,68.8062,140.9144,정상
Female,18,69.53558,118.5909,저체중
Male,26,66.76818,117.2523,저체중
Female,35,70.02343,144.426,정상
Female,33,65.68234,114.9949,정상
Female,29,63.5547,103.4864,저체중
Female,25,64.35694,116.7422,정상
Female,28,67.86944,104.8291,저체중
Male,26,64.26485,116.6974,정상
Male,29,70.98567,136.3881,정상
Female,20,68.02723,129.2539,정상
Female,30,65.82659,125.2597,정상
Female,29,69.30638,124.229,저체중
Male,31,66.25985,138.3646,정상
Female,20,67.35007,121.1851,정상
Female,20,70.33575,156.0098,정상
Female,27,69.03953,128.1108,정상
Male,28,69.32626,140.6029,정상
Female,19,67.11686,121.2675,정상
Male,30,67.96735,143.4441,정상
Female,33,70.20798,128.3993,저체중
Female,19,69.09575,132.1344,정상
Male,34,67.32842,130.276,정상
Female,33,67.57214,126.6289,정상
Female,31,67.48418,121.5747,정상
Male,20,67.43897,142.602,정상
Female,27,70.60461,136.0619,정상
Male,25,69.67131,116.3116,저체중
Male,24,68.79333,134.0923,정상
Female,25,68.6349,140.4769,정상
Male,35,66.747,128.7257,정상
Female,23,67.88882,140.7871,정상
Female,30,67.2596,125.8938,정상
Female,19,66.72282,117.8449,정상
Female,31,63.72796,108.0979,정상
Male,21,67.57522,128.0214,정상
Male,32,69.42324,139.5001,정상
Female,24,67.42113,128.4317,정상
Male,26,69.55405,128.6576,정상
Male,29,68.10755,136.0476,정상
Female,24,70.91036,135.1862,정상
Male,18,67.535,117.3195,저체중
Female,26,68.98823,132.1382,정상
Male,27,65.828,135.4497,정상
Female,25,64.87945,124.8061,정상
Male,30,68.02627,133.2315,정상
Female,34,66.48368,129.5454,정상
Male,28,68.02029,114.874,저체중
Male,22,69.4901,125.2642,저체중
Male,23,69.58713,127.6308,정상
Female,28,70.01705,128.6734,저체중
Female,19,68.28885,134.9464,정상
Male,34,68.65246,128.2972,정상
Male,28,65.70769,129.3739,정상
Male,26,70.41426,133.9713,정상
Female,25,66.89627,114.3175,저체중
Female,34,69.1823,133.4793,정상
Female,30,68.80486,137.2361,정상
Male,18,69.21155,161.8504,정상
Female,23,64.35037,111.6101,정상
Male,23,70.26517,134.1679,정상
Female,25,69.56064,122.5547,저체중
Male,33,65.5203,120.5505,정상
Female,35,69.15769,123.7836,저체중
Male,27,69.66405,138.799,정상
Female,34,67.44392,131.769,정상
Male,34,67.8289,148.232,정상
Male,18,69.59938,131.8266,정상
Female,23,67.51364,115.2855,저체중
Female,25,73.03159,139.2101,저체중
Female,24,64.51111,118.8058,정상
Female,29,69.88715,147.5768,정상
Female,21,71.0594,128.6246,저체중
Male,28,66.13664,118.9781,정상
Female,24,68.92441,147.0122,정상
Male,25,69.72196,139.1363,정상
Female,28,68.76197,132.05,정상
Female,30,70.53243,127.2087,저체중
Female,27,66.13778,113.9093,저체중
Male,26,67.43917,125.6656,정상
Male,24,65.85657,133.1832,정상
Female,21,67.41715,126.6363,정상
Male,18,68.04343,114.9553,저체중
Female,32,67.46147,140.3633,정상
Female,25,71.45905,139.5134,정상
Male,19,70.03432,136.4678,정상
Male,35,66.67824,137.1923,정상
Female,20,69.72584,123.3291,저체중
Female,20,68.9367,119.3911,저체중
Female,22,69.55646,131.0409,정상
Female,31,68.60903,127.2278,정상
Male,35,66.65147,129.0941,정상
Male,23,69.74899,132.0704,정상
Female,31,66.28759,103.6524,저체중
Male,28,65.4048,121.4187,정상
Male,23,67.43504,125.4301,정상
Male,35,66.8601,111.9679,저체중
Female,32,67.42077,104.6335,저체중
Male,28,66.83403,98.53013,저체중
Male,25,67.45638,109.922,저체중
Male,32,68.39069,127.7844,정상
Male,22,68.10474,122.7165,정상
Male,23,67.35962,116.7826,저체중
Male,34,67.93121,117.5358,저체중
Female,18,69.00845,137.3313,정상
Male,18,66.98731,126.8991,정상
Male,31,69.13794,142.4036,정상
Male,27,69.79289,119.0381,저체중
Male,22,68.63362,128.3377,정상
Male,33,65.68681,133.8128,정상
Male,34,68.03586,139.3538,정상
Male,24,68.56161,115.2544,저체중
Male,29,65.31821,130.3495,정상
Female,24,67.54969,115.5331,저체중
Female,28,64.9513,110.3166,저체중
Female,31,62.26498,104.1348,정상
Male,22,67.05169,142.0848,정상
Male,35,69.42594,132.518,정상
Male,19,66.76908,121.5039,정상
Male,26,67.59811,134.4056,정상
Female,21,67.74663,126.3347,정상
Female,26,68.95289,137.2302,정상
Female,28,70.92726,140.5278,정상
Male,24,67.5076,131.3532,정상
Female,21,68.09779,133.6869,정상
Female,23,66.72497,130.3382,정상
Male,28,68.17851,130.9928,정상
Female,25,69.70107,148.6245,정상
Female,22,69.81542,140.4349,정상
Female,35,69.17806,114.3901,저체중
Male,19,67.5213,106.7127,저체중
Male,30,65.07932,126.1848,정상
Female,31,65.76272,118.194,정상
Female,26,67.38848,120.523,정상
Female,25,66.55762,128.3819,정상
Male,22,69.23117,139.317,정상
Female,24,67.97129,137.9738,정상
Male,24,68.50282,132.3038,정상
Male,34,66.11285,129.8084,정상
Male,31,68.29893,119.2646,저체중
Male,21,66.43765,114.2571,저체중
Female,18,69.81484,148.605,정상
Female,18,70.8647,148.6468,정상
Female,32,70.65,124.5929,저체중
Female,25,66.3832,117.1383,정상
Male,32,65.39059,138.0883,정상
Male,32,63.60936,119.2431,정상
Male,35,68.41909,139.949,정상
Female,34,67.5536,140.8926,정상
Female,23,67.57167,127.7977,정상
Female,35,69.75543,134.612,정상
Male,28,65.97912,115.7997,정상
Male,19,69.82973,127.4906,저체중
Female,32,68.25923,137.5393,정상
Female,27,68.52437,123.8685,정상
Male,28,67.44386,120.3718,정상
Female,33,68.81971,121.4659,저체중
Male,32,67.6395,106.6431,저체중
Male,29,67.13938,121.3981,정상
Male,24,67.68633,128.4577,정상
Male,34,67.06687,123.2179,정상
Female,35,65.7778,127.2213,정상
Female,22,65.89887,119.1833,정상
Female,23,67.07721,131.6767,정상
Female,26,71.12368,141.4488,정상
Male,28,69.35961,137.6262,정상
Female,34,69.07129,131.0639,정상
Female,28,68.52627,136.7567,정상
Male,28,67.1445,128.2922,정상
Male,21,67.88215,113.533,저체중
Male,22,64.0373,100.1102,저체중
Male,20,67.57486,136.41,정상
Male,32,69.77337,135.0577,정상
Female,33,68.60777,148.6195,정상
Male,21,64.55533,121.8647,정상
Male,30,66.06962,116.8535,정상
Male,19,67.95484,136.1466,정상
Female,19,67.37979,124.2873,정상
Female,34,67.90461,136.9687,정상
Female,21,69.82622,114.3628,저체중
Female,25,66.25075,123.4614,정상
Female,21,67.49232,125.4319,정상
Female,29,68.89903,138.7552,정상
Female,24,68.22911,148.3492,정상
Male,33,67.01689,121.5691,정상
Male,24,70.22735,135.4663,정상
Male,23,66.58757,133.0016,정상
Male,33,70.5615,148.0778,정상
Female,32,68.93279,117.798,저체중
Female,24,69.06889,150.3723,정상
Female,33,68.51969,125.8678,정상
Female,28,64.25367,126.0578,정상
Male,21,71.94301,139.7416,정상
Female,30,70.01068,129.4594,정상
Female,21,69.18761,129.8031,정상
Male,21,69.14814,132.6303,정상
Male,23,67.04657,127.9961,정상
Male,20,71.45121,147.6741,정상
Male,35,64.21518,119.9798,정상
Female,33,69.94629,135.4905,정상
Female,24,70.26145,132.4525,정상
Male,26,69.17309,132.7108,정상
Male,23,67.97198,130.1606,정상
Male,21,66.57066,131.3612,정상
Female,35,69.86779,115.1897,저체중
Female,26,66.85479,97.71783,저체중
Female,35,69.74719,126.6111,저체중
Male,22,65.94489,132.2651,정상
Male,32,65.87931,103.3388,저체중
Male,28,64.62128,101.6749,저체중
Male,21,68.54834,130.3597,정상
Male,29,67.92111,123.939,정상
Female,26,67.67285,112.4801,저체중
Female,30,69.00279,127.8311,정상
Female,26,70.04797,126.3484,저체중
Male,22,71.35258,142.3712,정상
Male,23,71.06775,136.8046,정상
Female,32,68.82243,124.1371,저체중
Female,26,67.96857,118.8369,저체중
Male,30,68.05889,124.9371,정상
Male,26,67.93692,130.9467,정상
Female,32,69.45398,127.8837,정상
Female,27,71.28182,145.4692,정상
Female,30,67.69446,134.3376,정상
Female,23,71.04547,140.9563,정상
Female,18,67.17175,130.1958,정상
Female,29,67.73543,135.5123,정상
Male,25,68.89435,149.0303,정상
Female,27,68.96831,135.7274,정상
Male,35,68.46784,123.8383,정상
Male,19,69.39747,136.1145,정상
Female,30,68.49673,133.4028,정상
Female,20,64.99401,109.1885,저체중
Male,24,67.55392,109.8925,저체중
Male,35,66.39846,135.3121,정상
Male,25,68.87766,124.4382,저체중
Female,35,68.08728,115.4819,저체중
Female,24,67.6748,113.0279,저체중
Female,35,68.36341,116.9069,저체중
Female,28,66.15639,112.2191,저체중
Male,24,69.94863,138.7619,정상
Male,21,68.68161,123.382,저체중
Male,25,65.57366,108.7335,저체중
Female,21,67.47088,124.634,정상
Male,18,65.41412,126.6553,정상
Male,34,66.94215,120.7258,정상
Female,21,67.65712,128.6122,정상
Male,22,64.65079,128.6303,정상
Female,19,69.62877,134.5557,정상
Male,30,68.3735,96.55141,저체중
Male,32,70.59634,122.2144,저체중
Male,32,65.95534,121.6048,정상
Female,21,66.77646,124.7321,정상
Female,35,68.33367,112.2217,저체중
Female,30,65.34891,114.194,정상
Female,19,70.0911,138.6245,정상
Male,26,66.96985,128.6963,정상
Male,20,69.5545,109.8168,저체중
Male,31,68.5107,136.2548,정상
Female,25,67.75916,114.7828,저체중
Male,30,67.28528,156.6534,정상
Female,27,69.10551,135.7604,정상
Female,22,70.04724,118.1827,저체중
Female,27,67.97214,130.4773,정상
Male,33,64.98386,100.1129,저체중
Male,27,67.57048,125.9502,정상
Male,31,65.91465,107.5697,저체중
Male,34,70.47111,140.7773,정상
Male,32,67.52349,126.2727,정상
Male,21,68.45395,134.877,정상
Female,25,67.41775,106.1401,저체중
Male,21,67.70655,136.4734,정상
Female,26,71.462,148.1379,정상
Female,21,66.73324,128.8244,정상
Male,24,64.50386,105.9096,저체중
Male,19,69.11294,127.3691,정상
Female,34,69.38115,129.7479,정상
Male,19,68.33484,127.2209,정상
Female,27,69.29735,126.0557,저체중
Male,30,68.37994,135.6956,정상
Male,28,68.96454,134.9102,정상
Male,22,70.49134,133.6584,정상
Female,30,70.57015,134.172,정상
Female,19,66.48853,115.3811,저체중
Female,32,69.71507,131.6692,정상
Male,33,69.58669,137.2034,정상
Male,21,68.9727,121.9887,저체중
Male,25,68.12075,121.0738,저체중
Female,23,69.27581,127.1409,정상
Male,26,66.76377,123.5561,정상
Female,26,67.67916,124.3837,정상
Male,18,66.03738,141.5574,정상
Male,18,67.83577,134.7204,정상
Female,18,68.4144,124.3957,정상
Female,32,67.89829,116.7193,저체중
Male,21,70.43392,140.3597,정상
Female,24,69.20164,133.9186,정상
Male,22,68.95842,134.4443,정상
Female,19,68.42838,125.6241,정상
Male,28,70.98873,151.5456,정상
Female,34,67.32737,144.3687,정상
Female,26,68.48893,108.1511,저체중
Male,35,68.6021,113.2208,저체중
Female,30,68.81368,123.9034,저체중
Female,28,70.77293,125.3918,저체중
Male,22,64.76018,123.5229,정상
Male,26,69.93755,131.4882,정상
Female,35,66.73936,136.6536,정상
Female,28,69.99554,140.237,정상
Male,19,69.93809,139.2643,정상
Female,33,68.76645,140.7663,정상
Female,35,65.93075,122.8422,정상
Male,29,65.71357,110.0107,저체중
Male,32,69.81803,135.7896,정상
Male,23,65.60202,122.6465,정상
Male,20,69.04719,110.6967,저체중
Male,27,71.79083,116.5191,저체중
Male,31,65.47357,130.9999,정상
Male,21,68.56939,121.2454,저체중
Male,22,67.3586,113.1476,저체중
Female,21,69.31713,118.5719,저체중
Female,31,68.04311,140.9153,정상
Female,27,70.58559,140.6903,정상
Female,21,65.81808,116.2507,정상
Female,28,69.49135,130.3794,정상
Female,21,67.24822,121.8022,정상
Male,33,67.92553,126.7836,정상
Male,19,70.37417,153.1035,정상
Male,33,67.27196,126.1286,정상
Male,18,71.48238,143.7516,정상
Female,24,68.10255,137.9851,정상
Male,19,67.81752,114.8164,저체중
Female,18,64.53079,100.9189,저체중
Male,19,66.93004,122.4382,정상
Male,24,67.74549,128.7442,정상
Female,25,69.06341,144.9266,정상
Female,22,68.05135,131.0403,정상
Male,31,65.22274,113.4175,정상
Female,19,70.59627,132.1285,정상
Female,20,66.67924,123.53,정상
Female,22,67.09362,112.9607,저체중
Male,24,67.34935,132.3745,정상
Female,34,68.25905,117.2967,저체중
Male,26,71.51413,141.4801,정상
Male,20,69.19176,136.2781,정상
Female,34,68.85149,119.5382,저체중
Male,20,62.68591,118.6002,정상
Male,30,68.93339,126.4631,정상
Female,34,66.81582,131.0701,정상
Male,24,68.82523,119.6506,저체중
Male,32,67.79889,111.5895,저체중
Male,23,70.56176,131.7029,정상
Male,20,63.76528,109.2093,정상
Male,29,68.69047,123.393,저체중
Male,22,68.5612,133.2161,정상
Male,22,65.9104,135.1969,정상
Male,33,69.50434,154.9778,정상
Female,23,67.01715,103.3397,저체중
Female,22,67.42555,112.6464,저체중
Female,27,69.80123,123.7655,저체중
Male,34,69.35558,142.1629,정상
Female,35,69.40991,134.6446,정상
Male,32,68.14932,124.156,정상
Female,22,67.49197,136.9491,정상
Male,18,67.83128,116.3515,저체중
Female,34,66.88311,136.024,정상
Female,34,66.16765,112.1413,저체중
Male,25,68.34192,148.7264,정상
Female,30,68.47918,115.6665,저체중
Male,32,64.1332,126.2502,정상
Female,33,69.76909,137.5824,정상
Male,24,67.87052,128.4015,정상
Female,19,65.65317,122.6266,정상
Female,33,69.10982,127.845,정상
Female,27,70.2136,146.6532,정상
Male,21,68.12511,116.4182,저체중
Male,24,69.1089,127.5322,정상
Male,32,68.13285,118.1504,저체중
Female,35,68.15041,125.8468,정상
Female,32,67.31379,125.7108,정상
Female,18,67.00484,120.302,정상
Male,28,67.77523,136.9514,정상
Female,23,67.94501,124.8842,정상
Male,27,69.49863,107.795,저체중
Female,27,69.69959,138.8638,정상
Male,22,69.73603,125.7504,저체중
Female,18,67.035,110.6978,저체중
Male,25,68.55387,106.0953,저체중
Male,25,67.66663,118.1357,저체중
Male,31,68.19234,130.5155,정상
Male,32,67.83603,125.6357,정상
Female,31,65.6042,121.2924,정상
Female,27,70.79237,135.705,정상
Male,28,65.90734,130.6877,정상
Male,27,67.40279,133.5585,정상
Female,35,69.0652,126.5715,정상
Female,31,67.07127,125.1982,정상
Female,20,67.34987,120.7703,정상
Female,23,69.87618,136.4152,정상
Male,22,68.61786,120.8313,저체중
Female,24,67.86452,123.3904,정상
Female,34,67.18841,118.1254,저체중
Male,32,67.91023,128.8423,정상
Female,25,67.88438,119.5715,저체중
Female,35,68.44835,110.7671,저체중
Female,27,68.91398,133.9166,정상
Female,20,66.93704,134.2708,정상
Female,28,67.98509,136.7816,정상
Male,29,68.2376,118.9982,저체중
Female,22,67.13801,110.5575,저체중
Male,20,69.36053,135.8541,정상
Female,19,70.23741,119.0039,저체중
Male,28,69.67473,128.7848,정상
Female,31,67.02658,119.5814,정상
Male,34,67.08012,109.6164,저체중
Male,34,66.45348,122.2987,정상
Female,19,67.14627,144.1873,정상
Male,25,68.5299,124.2064,정상
Male,20,68.18035,131.4399,정상
Female,26,69.18019,129.5663,정상
Male,21,68.15579,109.4756,저체중
Male,29,68.08451,125.4961,정상
Male,31,69.12967,117.7697,저체중
Female,20,65.66134,108.8434,저체중
Female,35,66.8266,137.9539,정상
Male,22,67.976,125.9379,정상
Male,19,68.6367,126.662,정상
Male,30,68.20125,119.4097,저체중
Female,35,66.30752,108.9388,저체중
Male,22,68.67523,135.9253,정상
Female,21,70.75177,133.3227,정상
Male,34,69.90591,116.5433,저체중
Female,25,67.49121,127.443,정상
Female,19,69.43309,126.7096,저체중
Male,21,66.64931,119.9884,정상
Female,25,67.25339,122.7744,정상
Female,18,70.0799,116.5472,저체중
Female,31,67.30768,124.8544,정상
Male,32,68.90363,139.9568,정상
Male,30,67.79094,134.4678,정상
Female,21,70.02139,141.1502,정상
Female,29,65.08493,113.6042,정상
Female,30,68.00621,143.7361,정상
Male,27,72.3989,144.9316,정상
Male,33,67.83748,132.585,정상
Female,26,65.7028,105.2162,저체중
Female,31,70.01957,140.611,정상
Female,26,67.87733,116.6834,저체중
Male,30,70.66031,122.3103,저체중
Female,26,69.84654,131.7426,정상
Male,34,67.08101,123.8231,정상
Male,29,68.19996,120.8464,저체중
Female,31,66.47189,117.481,정상
Female,24,67.35479,120.6077,정상
Female,20,68.02985,124.8289,정상
Female,30,64.52777,117.4798,정상
Female,28,64.72981,104.3111,저체중
Female,32,66.31479,118.3695,정상
Female,26,69.28443,129.8202,정상
Female,34,68.38512,139.6485,정상
Male,35,68.48504,121.7782,저체중
Male,25,69.8409,123.0627,저체중
Female,28,69.00164,114.0904,저체중
Male,33,67.46717,156.2682,정상
Male,24,68.50704,132.7862,정상
Female,20,67.54149,128.4227,정상
Male,35,69.81014,123.0582,저체중
Male,18,70.30911,139.2419,정상
Male,20,69.1204,140.173,정상
Female,25,71.55865,136.6,정상
Male,19,67.95604,117.8046,저체중
Female,28,67.67595,123.2158,정상
Female,29,67.08059,106.8189,저체중
Female,33,67.36378,126.5004,정상
Male,25,70.55218,126.8437,저체중
Female,21,68.21612,119.5574,저체중
Female,32,68.7151,125.9951,정상
Male,20,66.02245,124.6736,정상
Female,35,68.03719,132.4732,정상
Female,26,70.51604,118.7315,저체중
Male,23,70.10402,144.5009,정상
Female,28,66.56804,82.38298,저체중
Male,29,65.94065,108.8379,저체중
Male,23,66.38829,127.2815,정상
Female,29,67.30654,136.3496,정상
Male,35,66.90193,127.6108,정상
Female,24,67.13761,137.002,정상
Female,28,68.93483,143.9311,정상
Female,35,67.95125,118.8796,저체중
Male,22,72.47908,148.1097,정상
Female,30,65.52562,123.3728,정상
Female,28,69.32351,146.246,정상
Female,25,65.6099,100.6414,저체중
Male,18,68.6201,126.8121,정상
Female,19,71.50024,127.348,저체중
Female,27,66.67496,115.2416,저체중
Male,19,66.73827,129.1676,정상
Male,29,67.26376,128.3665,정상
Female,28,69.70493,139.7124,정상
Male,26,69.81408,111.8786,저체중
Male,32,69.24356,155.8277,정상
Male,20,63.65376,110.0774,정상
Female,24,67.32789,137.1865,정상
Male,28,68.6961,132.4999,정상
Male,35,66.62465,120.2693,정상
Female,35,69.65054,142.7088,정상
Female,28,69.0893,137.7905,정상
Female,23,66.75728,110.8487,저체중
Female,26,66.06512,106.9734,저체중
Female,22,66.00171,115.4981,정상
Female,32,68.70707,101.3046,저체중
Female,24,69.29616,136.4906,정상
Male,18,68.68899,138.3325,정상
Female,32,69.36066,141.9455,정상
Female,32,71.21016,133.633,정상
Female,19,70.61617,152.795,정상
Female,34,66.60166,131.846,정상
Female,33,63.46025,109.3417,정상
Female,34,66.80019,120.0755,정상
Female,22,69.89469,123.1536,저체중
Female,35,66.03755,134.4459,정상
Female,19,69.79279,131.8303,정상
Male,25,67.67011,119.6221,저체중
Female,27,68.61358,127.661,정상
Female,32,67.29594,119.9302,정상
Female,33,68.06416,126.1776,정상
Male,30,67.08852,133.3623,정상
Male,27,67.22083,133.1829,정상
Female,32,68.52246,121.9621,저체중
Male,34,69.21039,126.6402,정상
Female,21,68.11211,125.7575,정상
Female,22,69.80387,128.2476,정상
Male,25,64.30007,108.2215,저체중
Male,25,67.06097,135.8275,정상
Male,22,65.65425,108.0972,저체중
Female,18,71.03311,137.8075,정상
Male,23,67.66624,121.9512,정상
Female,27,65.33739,121.2757,정상
Male,27,69.54907,124.4711,저체중
Female,27,67.45198,109.1739,저체중
Female,32,67.84408,110.1037,저체중
Male,18,69.48408,122.6883,저체중
Male,21,66.19564,122.6215,정상
Female,34,68.96582,125.7875,정상
Female,28,68.91695,122.4138,저체중
Male,32,67.15888,115.731,저체중
Male,24,67.34512,126.434,정상
Male,33,68.00353,131.0691,정상
Female,23,68.05897,115.6045,저체중
Male,18,67.12385,130.4915,정상
Female,27,68.24874,123.1214,정상
Female,34,70.06522,132.9338,정상
Male,33,67.50053,119.1866,저체중
Male,31,69.12516,131.2341,정상
Female,34,69.0494,137.1193,정상
Male,31,67.66576,120.0164,저체중
Female,29,69.54628,124.9586,저체중
Male,23,68.28689,135.0333,정상
Male,23,69.39337,112.8113,저체중
Male,25,67.30725,120.8673,정상
Female,33,68.34316,139.0949,정상
Male,27,70.90294,143.8781,정상
Female,28,64.06894,99.60932,저체중
Female,27,67.2224,121.3802,정상
Male,33,68.69563,137.2314,정상
Female,34,66.13861,120.2833,정상
Female,18,69.54627,137.3543,정상
Male,28,66.14098,125.3429,정상
Female,20,70.63782,151.2378,정상
Female,32,70.03612,125.3728,저체중
Female,18,67.57137,122.2741,정상
Male,24,66.91088,107.3063,저체중
Female,27,66.91607,120.8614,정상
Female,32,68.68646,137.1089,정상
Female,24,66.02934,132.9201,정상
Female,34,67.42776,113.7439,저체중
Female,24,69.3031,134.3583,정상
Female,18,69.24989,121.6875,저체중
Female,30,68.89261,133.0703,정상
Female,32,68.86091,126.9811,정상
Female,26,71.90873,134.0201,저체중
Male,21,68.26643,129.7587,정상
Female,29,66.59322,113.153,저체중
Male,33,66.0497,118.9106,정상
Male,32,68.50987,127.3332,정상
Female,35,66.95287,137.0653,정상
Female,29,71.03063,146.9723,정상
Male,34,63.58121,115.9351,정상
Female,23,63.76497,105.0288,저체중
Male,28,69.72296,150.2475,정상
Female,25,65.84023,117.7307,정상
Male,28,70.61722,131.0053,저체중
Male,27,66.82089,128.8345,정상
Female,25,69.07869,145.6238,정상
Female,30,68.57406,137.2053,정상
Female,20,71.25702,145.0337,정상
Female,25,67.41157,119.5434,저체중
Male,23,68.96896,128.9336,정상
Male,24,70.51128,104.2914,저체중
Female,18,66.62109,126.2567,정상
Male,33,68.26107,135.6492,정상
Female,22,69.25005,133.5514,정상
Male,34,70.66498,138.3137,정상
Female,34,67.44799,131.5456,정상
Male,20,70.61052,142.5544,정상
Male,28,69.05707,136.4888,정상
Female,20,69.5556,127.1593,저체중
Male,26,65.79335,119.5829,정상
Male,32,68.90813,119.1438,저체중
Female,18,65.86615,129.2224,정상
Male,21,67.75381,136.0158,정상
Female,25,66.97192,133.622,정상
Female,29,67.12818,138.6191,정상
Female,18,68.03631,112.7006,저체중
Male,18,69.2586,132.689,정상
Male,23,64.37881,116.5423,정상
Male,21,69.10476,128.0676,정상
Male,22,70.68086,141.9627,정상
Female,24,69.89281,137.2342,정상
Female,30,63.33113,95.95417,저체중
Male,20,69.87096,149.8839,정상
Male,34,70.82192,159.6344,정상
Male,19,66.07971,122.306,정상
Female,21,71.10476,114.7871,저체중
Male,20,68.65665,117.2339,저체중
Male,34,65.5231,123.7407,정상
Male,34,69.2472,119.0934,저체중
Male,34,70.19913,124.0875,저체중
Female,31,68.23477,115.1977,저체중
Female,35,70.12196,127.7892,저체중
Male,20,66.798,131.6398,정상
Male,30,68.57737,136.7561,정상
Male,26,70.78151,150.7636,정상
Female,23,68.655,134.1977,정상
Female,30,70.04789,116.0917,저체중
Female,29,67.3824,131.8669,정상
Male,30,69.704,132.2823,정상
Male,31,65.43275,111.7034,저체중
Female,27,67.87092,135.3133,정상
Female,23,69.639,122.774,저체중
Female,25,69.50107,137.5292,정상
Male,21,70.5769,150.9049,정상
Female,20,67.32704,130.0925,정상
Female,24,69.03615,122.4746,저체중
Female,18,70.38448,150.0339,정상
Male,33,66.86316,135.1726,정상
Male,31,69.96058,124.1244,저체중
Male,35,66.77948,115.1505,저체중
Male,35,67.50335,99.40058,저체중
Female,35,68.56426,132.2101,정상
Male,33,70.76528,130.1221,저체중
Male,30,68.32253,140.2104,정상
Male,33,63.28029,116.0598,정상
Male,20,68.40535,127.717,정상
Male,26,70.47769,132.7392,정상
Female,35,70.92832,133.3631,정상
Male,22,68.42345,121.5013,저체중
Female,25,68.17552,113.1516,저체중
Female,21,71.41075,126.4088,저체중
Male,30,70.02405,138.9673,정상
Male,18,70.06857,132.7965,정상
Male,29,67.87559,131.4173,정상
Female,30,68.09801,132.7242,정상
Female,20,67.93416,125.6174,정상
Female,35,70.56894,127.3602,저체중
Male,23,64.3262,114.3648,정상
Male,30,67.77195,114.3845,저체중
Male,26,67.75367,113.554,저체중
Female,33,63.71439,122.1264,정상
Female,30,69.09925,120.2482,저체중
Female,32,69.85179,130.2025,정상
Male,31,69.44092,144.8549,정상
Female,33,74.53177,148.9104,정상
Female,29,66.33132,119.6675,정상
Male,24,68.81086,129.9323,정상
Male,24,69.2946,139.9604,정상
Female,35,71.14495,131.3502,저체중
Male,29,68.97051,147.5332,정상
Female,23,68.59823,120.6693,저체중
Female,21,69.32375,132.5228,정상
Female,27,67.18403,133.9888,정상
Female,35,63.95584,101.1775,저체중
Male,18,67.30139,140.5981,정상
Male,24,68.32525,120.9681,저체중
Female,27,66.36458,116.3494,정상
Female,24,67.05441,115.7106,저체중
Female,24,66.72856,125.3558,정상
Male,34,69.17136,127.4447,정상
Female,29,66.72634,129.8871,정상
Male,20,67.53447,126.6146,정상
Female,32,70.64693,125.0381,저체중
Female,29,68.94919,134.1113,정상
Female,34,67.44368,123.2024,정상
Female,34,68.36479,133.7593,정상
Female,24,66.0173,126.6746,정상
Female,19,66.34051,133.865,정상
Male,19,69.11356,140.5328,정상
Male,31,66.78433,146.9803,정상
Male,33,64.69758,116.5596,정상
Female,30,67.88323,132.9397,정상
Female,29,70.79391,140.861,정상
Female,29,67.33031,128.9386,정상
Male,31,67.47175,143.136,정상
Female,34,71.1465,131.7157,저체중
Male,21,71.09999,132.7978,저체중
Female,32,67.31941,117.9554,저체중
Male,24,65.17339,94.40946,저체중
Male,21,70.79803,141.7186,정상
Female,21,70.54927,150.3874,정상
Male,19,68.88799,114.2215,저체중
Female,21,65.19756,127.3357,정상
Female,27,67.13424,126.6348,정상
Female,24,70.79421,134.6936,정상
Female,29,66.08314,116.8418,정상
Female,30,67.55002,122.1483,정상
Female,33,67.74689,132.8739,정상
Female,20,70.05674,146.0524,정상
Male,21,69.39883,144.6262,정상
Male,34,69.51891,120.1586,저체중
Male,25,67.9384,125.9966,정상
Male,31,63.84585,135.1763,정상
Male,18,68.53891,134.0518,정상
Female,24,65.58522,127.3106,정상
Female,31,66.56404,97.80735,저체중
Male,20,67.21341,137.2553,정상
Male,28,67.11996,105.438,저체중
Female,27,69.32371,126.5148,정상
Male,26,67.61647,118.4966,저체중
Female,34,69.57478,128.6012,정상
Male,30,67.84663,123.7062,정상
Female,33,67.23558,122.2566,정상
Male,18,69.88379,130.9158,정상
Male,27,68.99994,121.1935,저체중
Male,32,68.60312,123.1076,저체중
Male,20,68.77791,125.3572,정상
Male,19,70.55859,131.2843,정상
Female,29,67.51836,117.6823,저체중
Female,27,67.56651,113.9729,저체중
Male,19,70.44326,127.4526,저체중
Female,26,63.23624,97.99816,저체중
Male,20,66.40576,128.5103,정상
Female,18,68.15859,124.2586,정상
Male,34,64.07289,123.1365,정상
Female,34,68.55598,122.4432,저체중
Male,25,68.43131,133.9318,정상
Male,18,65.87921,104.357,저체중
Female,22,66.68998,128.4557,정상
Female,23,65.95774,127.8589,정상
Male,21,70.30346,137.8967,정상
Male,20,69.37067,120.4668,저체중
Male,32,67.55136,133.2016,정상
Female,24,64.66626,117.3698,정상
Male,18,66.40245,132.6795,정상
Female,31,70.0332,134.9364,정상
Female,25,73.06241,141.5054,정상
Male,35,67.73969,107.6256,저체중
Female,34,69.27968,139.7764,정상
Female,31,64.56023,114.473,정상
Male,26,65.17345,108.0286,저체중
Male,26,64.743,106.8072,저체중
Male,19,71.01048,161.8532,정상
Female,25,69.12531,149.3248,정상
Female,24,68.90616,144.6759,정상
Female,35,69.68608,134.7518,정상
Female,30,70.89186,139.6818,정상
Female,34,66.75426,130.7951,정상
Female,18,66.84764,112.43,저체중
Male,30,66.61327,142.2755,정상
Male,26,66.99191,142.8088,정상
Female,35,66.95526,127.3362,정상
Female,33,66.7864,123.7754,정상
Male,31,65.2558,116.3788,정상
Male,24,69.03557,118.6868,저체중
Female,31,66.66842,116.0167,저체중
Male,19,68.05827,125.0539,정상
Male,26,69.48675,135.636,정상
Male,31,69.11476,132.8803,정상
Female,18,69.57141,126.5902,저체중
Male,33,68.45513,119.3317,저체중
Male,32,67.61,111.8791,저체중
Male,35,66.36029,115.9904,정상
Male,30,70.97938,126.1772,저체중
Female,33,66.14233,133.6664,정상
Female,29,66.30402,118.3665,정상
Female,19,68.26234,139.7222,정상
Female,27,67.85823,147.5064,정상
Male,32,65.5061,121.6958,정상
Female,35,68.70761,121.3583,저체중
Male,35,71.44954,134.5787,정상
Male,33,66.66413,118.4386,정상
Female,30,66.54027,130.0576,정상
Male,20,67.98947,116.3439,저체중
Female,32,72.54953,134.5143,저체중
Female,28,68.89705,134.2033,정상
Male,30,66.37489,123.3152,정상
Female,28,69.7564,128.2928,정상
Female,29,66.44678,129.8237,정상
Female,33,71.69485,154.4811,정상
Male,29,66.08091,118.3239,정상
Male,34,65.3417,119.2852,정상
Female,20,69.04974,130.828,정상
Male,31,65.11765,99.42378,저체중
Male,33,69.44092,141.7658,정상
Female,35,66.63354,123.5755,정상
Male,28,69.01315,136.6985,정상
Male,31,67.57383,135.223,정상
Female,30,67.40523,132.959,정상
Female,28,67.01858,122.8513,정상
Female,34,65.90423,115.7491,정상
Female,25,70.35191,118.6196,저체중
Male,27,72.35889,143.9547,정상
Female,20,68.90635,135.0866,정상
Male,32,68.40219,109.4203,저체중
Male,19,68.51074,139.2417,정상
Male,28,68.94331,128.0522,정상
Male,27,67.83501,125.6535,정상
Male,23,67.62827,122.4244,정상
Male,26,67.79448,121.2228,정상
Male,28,69.17056,154.7821,정상
Male,26,67.9537,126.585,정상
Male,28,64.22634,113.0611,정상
Male,26,68.9995,133.888,정상
Female,28,68.21355,131.1211,정상
Male,21,67.77936,122.7164,정상
Female,26,67.83418,138.3443,정상
Female,30,66.69014,119.1199,정상
Female,19,67.54476,104.238,저체중
Female,33,68.02864,117.1596,저체중
Female,34,69.83059,134.0241,정상
Female,21,66.76934,120.2857,정상
Female,20,70.14626,132.2209,정상
Female,19,68.92465,106.3021,저체중
Female,22,69.11543,133.8436,정상
Female,35,66.43732,133.2403,정상
Male,34,68.46555,124.7422,정상
Male,34,66.34781,128.061,정상
Male,30,66.7366,124.5938,정상
Male,30,66.08128,130.3096,정상
Male,29,66.55957,115.0486,저체중
Male,26,69.08296,127.4722,정상
Female,21,63.61791,115.7477,정상
Female,25,65.37753,126.6102,정상
Male,27,67.4972,122.9844,정상
Male,30,68.70055,123.2849,저체중
Female,25,71.32072,125.5928,저체중
Male,33,65.57216,123.7128,정상
Female,27,66.19147,123.2446,정상
Male,23,70.06322,115.418,저체중
Male,24,67.24989,108.7178,저체중
Female,23,69.624,141.5823,정상
Male,25,66.7896,120.8863,정상
Male,33,69.79922,154.4399,정상
Female,28,66.30104,107.3901,저체중
Female,29,68.36249,118.7207,저체중
Female,29,63.77967,111.4911,정상
Male,35,67.58699,127.7214,정상
Male,20,69.71587,133.9126,정상
Male,20,68.81291,120.8176,저체중
Female,19,68.86794,142.8494,정상
Female,31,66.10137,103.381,저체중
Female,24,70.11839,141.237,정상
Female,22,69.97767,125.3672,저체중
Female,25,71.91656,128.284,저체중
Male,27,70.96218,146.1936,정상
Female,27,66.19462,118.7974,정상
Female,21,67.21126,127.6603,정상
Male,35,69.50215,118.0312,저체중
Male,26,64.54826,120.1932,정상
Female,23,64.69855,118.2655,정상
Male,20,67.52918,132.2682,정상
Female,34,68.87761,124.8742,정상
